TimeQuest Timing Analyzer report for COPE
Wed Mar 18 17:39:56 2026
Quartus II Version 9.1 Build 350 03/24/2010 Service Pack 2 SJ Web Edition


---------------------
; Table of Contents ;
---------------------
  1. Legal Notice
  2. TimeQuest Timing Analyzer Summary
  3. Parallel Compilation
  4. Clocks
  5. Slow 1200mV 85C Model Fmax Summary
  6. Slow 1200mV 85C Model Setup Summary
  7. Slow 1200mV 85C Model Hold Summary
  8. Slow 1200mV 85C Model Recovery Summary
  9. Slow 1200mV 85C Model Removal Summary
 10. Slow 1200mV 85C Model Minimum Pulse Width Summary
 11. Propagation Delay
 12. Minimum Propagation Delay
 13. Slow 1200mV 85C Model Metastability Report
 14. Slow 1200mV 0C Model Fmax Summary
 15. Slow 1200mV 0C Model Setup Summary
 16. Slow 1200mV 0C Model Hold Summary
 17. Slow 1200mV 0C Model Recovery Summary
 18. Slow 1200mV 0C Model Removal Summary
 19. Slow 1200mV 0C Model Minimum Pulse Width Summary
 20. Propagation Delay
 21. Minimum Propagation Delay
 22. Slow 1200mV 0C Model Metastability Report
 23. Fast 1200mV 0C Model Setup Summary
 24. Fast 1200mV 0C Model Hold Summary
 25. Fast 1200mV 0C Model Recovery Summary
 26. Fast 1200mV 0C Model Removal Summary
 27. Fast 1200mV 0C Model Minimum Pulse Width Summary
 28. Propagation Delay
 29. Minimum Propagation Delay
 30. Fast 1200mV 0C Model Metastability Report
 31. Multicorner Timing Analysis Summary
 32. Progagation Delay
 33. Minimum Progagation Delay
 34. Board Trace Model Assignments
 35. Input Transition Times
 36. Slow Corner Signal Integrity Metrics
 37. Fast Corner Signal Integrity Metrics
 38. Clock Transfers
 39. Report TCCS
 40. Report RSKM
 41. Unconstrained Paths
 42. TimeQuest Timing Analyzer Messages



----------------
; Legal Notice ;
----------------
Copyright (C) 1991-2010 Altera Corporation
Your use of Altera Corporation's design tools, logic functions 
and other software and tools, and its AMPP partner logic 
functions, and any output files from any of the foregoing 
(including device programming or simulation files), and any 
associated documentation or information are expressly subject 
to the terms and conditions of the Altera Program License 
Subscription Agreement, Altera MegaCore Function License 
Agreement, or other applicable license agreement, including, 
without limitation, that your use is for the sole purpose of 
programming logic devices manufactured by Altera and sold by 
Altera or its authorized distributors.  Please refer to the 
applicable agreement for further details.



+-------------------------------------------------------------------------------------+
; TimeQuest Timing Analyzer Summary                                                   ;
+--------------------+----------------------------------------------------------------+
; Quartus II Version ; Version 9.1 Build 350 03/24/2010 Service Pack 2 SJ Web Edition ;
; Revision Name      ; COPE                                                           ;
; Device Family      ; Cyclone III                                                    ;
; Device Name        ; EP3C120F780C8                                                  ;
; Timing Models      ; Final                                                          ;
; Delay Model        ; Combined                                                       ;
; Rise/Fall Delays   ; Enabled                                                        ;
+--------------------+----------------------------------------------------------------+


Parallel compilation was disabled, but you have multiple processors available. Enable parallel compilation to reduce compilation time.
+-------------------------------------+
; Parallel Compilation                ;
+----------------------------+--------+
; Processors                 ; Number ;
+----------------------------+--------+
; Number detected on machine ; 14     ;
; Maximum allowed            ; 1      ;
+----------------------------+--------+


----------
; Clocks ;
----------
No clocks to report.


--------------------------------------
; Slow 1200mV 85C Model Fmax Summary ;
--------------------------------------
No paths to report.


---------------------------------------
; Slow 1200mV 85C Model Setup Summary ;
---------------------------------------
No paths to report.


--------------------------------------
; Slow 1200mV 85C Model Hold Summary ;
--------------------------------------
No paths to report.


------------------------------------------
; Slow 1200mV 85C Model Recovery Summary ;
------------------------------------------
No paths to report.


-----------------------------------------
; Slow 1200mV 85C Model Removal Summary ;
-----------------------------------------
No paths to report.


-----------------------------------------------------
; Slow 1200mV 85C Model Minimum Pulse Width Summary ;
-----------------------------------------------------
No paths to report.


+--------------------------------------------------------------+
; Propagation Delay                                            ;
+------------+-------------+--------+--------+--------+--------+
; Input Port ; Output Port ; RR     ; RF     ; FR     ; FF     ;
+------------+-------------+--------+--------+--------+--------+
; a[0]       ; output[0]   ; 18.543 ; 18.503 ; 18.937 ; 18.959 ;
; a[0]       ; output[1]   ; 18.217 ; 17.993 ; 18.623 ; 18.449 ;
; a[0]       ; output[2]   ; 15.282 ; 15.435 ; 15.498 ; 15.589 ;
; a[0]       ; output[3]   ; 20.730 ; 20.351 ; 21.186 ; 20.807 ;
; a[0]       ; output[4]   ; 16.164 ; 15.912 ; 16.318 ; 16.089 ;
; a[0]       ; output[5]   ; 18.465 ; 17.771 ; 18.921 ; 18.227 ;
; a[0]       ; output[6]   ; 17.252 ; 16.453 ; 17.406 ; 16.669 ;
; a[0]       ; output[7]   ; 14.423 ; 14.321 ; 14.874 ; 14.777 ;
; a[0]       ; output[8]   ; 18.790 ; 18.227 ; 18.944 ; 18.443 ;
; a[0]       ; output[9]   ; 16.536 ; 15.979 ; 16.845 ; 16.288 ;
; a[0]       ; output[10]  ; 17.385 ; 16.660 ; 17.539 ; 16.876 ;
; a[0]       ; output[11]  ; 18.424 ; 18.078 ; 18.593 ; 18.248 ;
; a[0]       ; output[12]  ; 17.235 ; 16.649 ; 17.389 ; 16.865 ;
; a[0]       ; output[13]  ; 17.870 ; 17.722 ; 17.961 ; 17.853 ;
; a[0]       ; output[14]  ; 15.190 ; 15.077 ; 15.344 ; 15.231 ;
; a[0]       ; output[15]  ; 18.471 ; 18.153 ; 18.927 ; 18.609 ;
; a[0]       ; output[16]  ; 18.688 ; 18.359 ; 18.842 ; 18.513 ;
; a[0]       ; output[17]  ; 16.841 ; 16.371 ; 17.297 ; 16.765 ;
; a[0]       ; output[18]  ; 18.566 ; 18.109 ; 18.720 ; 18.263 ;
; a[0]       ; output[19]  ; 19.004 ; 18.426 ; 19.460 ; 18.820 ;
; a[0]       ; output[20]  ; 19.642 ; 19.180 ; 19.858 ; 19.334 ;
; a[0]       ; output[21]  ; 19.939 ; 19.406 ; 20.395 ; 19.862 ;
; a[0]       ; output[22]  ; 17.148 ; 17.000 ; 17.364 ; 17.154 ;
; a[0]       ; output[23]  ; 19.514 ; 19.030 ; 19.970 ; 19.424 ;
; a[0]       ; output[24]  ; 16.900 ; 16.672 ; 17.054 ; 16.826 ;
; a[0]       ; output[25]  ; 19.022 ; 18.445 ; 19.478 ; 18.839 ;
; a[0]       ; output[26]  ; 18.531 ; 18.124 ; 18.685 ; 18.278 ;
; a[0]       ; output[27]  ; 19.836 ; 19.260 ; 20.292 ; 19.716 ;
; a[0]       ; output[28]  ; 21.668 ; 21.115 ; 21.822 ; 21.269 ;
; a[0]       ; output[29]  ; 18.258 ; 17.831 ; 18.714 ; 18.287 ;
; a[0]       ; output[30]  ; 19.309 ; 18.751 ; 19.463 ; 18.905 ;
; a[0]       ; output[31]  ; 17.953 ; 17.508 ; 18.409 ; 17.902 ;
; a[1]       ; output[0]   ; 17.483 ; 17.443 ; 17.686 ; 17.708 ;
; a[1]       ; output[1]   ; 17.131 ; 16.645 ; 17.443 ; 16.921 ;
; a[1]       ; output[2]   ; 14.339 ; 14.375 ; 14.247 ; 14.338 ;
; a[1]       ; output[3]   ; 19.670 ; 19.291 ; 19.935 ; 19.556 ;
; a[1]       ; output[4]   ; 17.396 ; 14.852 ; 15.067 ; 17.261 ;
; a[1]       ; output[5]   ; 18.159 ; 17.465 ; 18.169 ; 17.468 ;
; a[1]       ; output[6]   ; 17.203 ; 15.393 ; 16.155 ; 16.614 ;
; a[1]       ; output[7]   ; 14.866 ; 14.769 ; 15.081 ; 14.969 ;
; a[1]       ; output[8]   ; 19.097 ; 17.167 ; 17.693 ; 18.707 ;
; a[1]       ; output[9]   ; 17.100 ; 16.543 ; 17.109 ; 16.545 ;
; a[1]       ; output[10]  ; 18.061 ; 15.600 ; 16.288 ; 17.496 ;
; a[1]       ; output[11]  ; 18.966 ; 18.620 ; 19.039 ; 18.694 ;
; a[1]       ; output[12]  ; 18.729 ; 15.589 ; 16.138 ; 18.137 ;
; a[1]       ; output[13]  ; 18.434 ; 18.286 ; 18.387 ; 18.279 ;
; a[1]       ; output[14]  ; 15.641 ; 14.017 ; 14.093 ; 15.678 ;
; a[1]       ; output[15]  ; 18.384 ; 18.066 ; 18.692 ; 18.161 ;
; a[1]       ; output[16]  ; 20.610 ; 17.299 ; 17.591 ; 19.991 ;
; a[1]       ; output[17]  ; 15.781 ; 15.311 ; 16.046 ; 15.514 ;
; a[1]       ; output[18]  ; 17.506 ; 17.049 ; 17.469 ; 17.012 ;
; a[1]       ; output[19]  ; 17.944 ; 17.366 ; 18.209 ; 17.569 ;
; a[1]       ; output[20]  ; 18.926 ; 18.120 ; 18.607 ; 18.446 ;
; a[1]       ; output[21]  ; 18.879 ; 18.346 ; 19.144 ; 18.611 ;
; a[1]       ; output[22]  ; 16.088 ; 15.940 ; 16.113 ; 15.903 ;
; a[1]       ; output[23]  ; 18.454 ; 17.970 ; 18.719 ; 18.173 ;
; a[1]       ; output[24]  ; 16.732 ; 15.612 ; 15.803 ; 16.389 ;
; a[1]       ; output[25]  ; 17.962 ; 17.385 ; 18.227 ; 17.588 ;
; a[1]       ; output[26]  ; 18.276 ; 17.064 ; 17.434 ; 17.772 ;
; a[1]       ; output[27]  ; 18.776 ; 18.200 ; 19.041 ; 18.465 ;
; a[1]       ; output[28]  ; 21.735 ; 21.182 ; 21.738 ; 21.170 ;
; a[1]       ; output[29]  ; 18.429 ; 18.002 ; 18.326 ; 17.964 ;
; a[1]       ; output[30]  ; 19.900 ; 19.342 ; 19.884 ; 19.391 ;
; a[1]       ; output[31]  ; 17.951 ; 16.448 ; 17.158 ; 17.764 ;
; a[2]       ; output[0]   ; 17.984 ; 17.944 ; 18.447 ; 18.469 ;
; a[2]       ; output[1]   ; 17.390 ; 16.904 ; 17.680 ; 17.158 ;
; a[2]       ; output[2]   ; 16.957 ; 16.838 ; 16.960 ; 16.715 ;
; a[2]       ; output[3]   ; 20.171 ; 19.792 ; 20.696 ; 20.317 ;
; a[2]       ; output[4]   ; 17.611 ; 15.353 ; 15.828 ; 17.505 ;
; a[2]       ; output[5]   ; 20.156 ; 19.462 ; 20.039 ; 19.338 ;
; a[2]       ; output[6]   ; 17.418 ; 15.894 ; 16.916 ; 16.858 ;
; a[2]       ; output[7]   ; 14.875 ; 14.778 ; 15.083 ; 14.971 ;
; a[2]       ; output[8]   ; 19.312 ; 17.668 ; 18.454 ; 18.951 ;
; a[2]       ; output[9]   ; 21.357 ; 20.800 ; 21.043 ; 20.479 ;
; a[2]       ; output[10]  ; 18.276 ; 16.101 ; 17.049 ; 17.740 ;
; a[2]       ; output[11]  ; 18.975 ; 18.629 ; 19.041 ; 18.696 ;
; a[2]       ; output[12]  ; 18.944 ; 16.090 ; 16.899 ; 18.381 ;
; a[2]       ; output[13]  ; 20.414 ; 20.266 ; 20.232 ; 20.124 ;
; a[2]       ; output[14]  ; 15.856 ; 14.518 ; 14.854 ; 15.922 ;
; a[2]       ; output[15]  ; 18.393 ; 18.075 ; 18.694 ; 18.163 ;
; a[2]       ; output[16]  ; 20.825 ; 17.800 ; 18.352 ; 20.235 ;
; a[2]       ; output[17]  ; 20.281 ; 15.812 ; 16.807 ; 19.776 ;
; a[2]       ; output[18]  ; 18.007 ; 17.550 ; 18.230 ; 17.773 ;
; a[2]       ; output[19]  ; 18.445 ; 17.867 ; 18.970 ; 18.330 ;
; a[2]       ; output[20]  ; 19.141 ; 18.621 ; 19.368 ; 18.844 ;
; a[2]       ; output[21]  ; 20.326 ; 19.793 ; 20.356 ; 19.816 ;
; a[2]       ; output[22]  ; 16.589 ; 16.441 ; 16.874 ; 16.664 ;
; a[2]       ; output[23]  ; 18.955 ; 18.471 ; 19.480 ; 18.934 ;
; a[2]       ; output[24]  ; 16.947 ; 16.113 ; 16.564 ; 16.633 ;
; a[2]       ; output[25]  ; 21.113 ; 17.886 ; 18.988 ; 20.469 ;
; a[2]       ; output[26]  ; 18.491 ; 17.565 ; 18.195 ; 18.016 ;
; a[2]       ; output[27]  ; 19.277 ; 18.701 ; 19.802 ; 19.226 ;
; a[2]       ; output[28]  ; 21.950 ; 21.397 ; 21.982 ; 21.414 ;
; a[2]       ; output[29]  ; 20.409 ; 19.982 ; 20.171 ; 19.809 ;
; a[2]       ; output[30]  ; 20.115 ; 19.557 ; 20.128 ; 19.635 ;
; a[2]       ; output[31]  ; 17.960 ; 16.949 ; 17.919 ; 17.766 ;
; a[3]       ; output[0]   ; 17.982 ; 17.942 ; 18.219 ; 18.241 ;
; a[3]       ; output[1]   ; 18.015 ;        ;        ; 17.721 ;
; a[3]       ; output[2]   ; 16.829 ; 16.710 ; 16.776 ; 16.531 ;
; a[3]       ; output[3]   ; 19.736 ; 19.357 ; 19.962 ; 19.583 ;
; a[3]       ; output[4]   ; 17.942 ; 15.351 ; 15.600 ; 17.746 ;
; a[3]       ; output[5]   ; 19.873 ; 19.179 ; 19.797 ; 19.096 ;
; a[3]       ; output[6]   ; 17.883 ; 15.892 ; 16.688 ; 17.301 ;
; a[3]       ; output[7]   ; 14.592 ; 14.495 ; 14.841 ; 14.729 ;
; a[3]       ; output[8]   ; 19.643 ; 17.666 ; 18.226 ; 19.192 ;
; a[3]       ; output[9]   ; 21.074 ; 20.517 ; 20.801 ; 20.237 ;
; a[3]       ; output[10]  ; 19.573 ; 16.099 ; 16.821 ; 18.995 ;
; a[3]       ; output[11]  ; 18.692 ; 18.346 ; 18.799 ; 18.454 ;
; a[3]       ; output[12]  ; 19.275 ; 16.088 ; 16.671 ; 18.622 ;
; a[3]       ; output[13]  ; 20.131 ; 19.983 ; 19.990 ; 19.882 ;
; a[3]       ; output[14]  ; 16.299 ; 14.516 ; 14.626 ; 16.335 ;
; a[3]       ; output[15]  ; 18.110 ; 17.792 ; 18.452 ; 17.921 ;
; a[3]       ; output[16]  ; 21.156 ; 17.798 ; 18.124 ; 20.476 ;
; a[3]       ; output[17]  ; 19.998 ; 15.810 ; 16.579 ; 19.534 ;
; a[3]       ; output[18]  ; 19.309 ; 17.548 ; 18.002 ; 18.878 ;
; a[3]       ; output[19]  ; 18.443 ; 17.865 ; 18.742 ; 18.102 ;
; a[3]       ; output[20]  ; 19.472 ; 18.619 ; 19.140 ; 18.931 ;
; a[3]       ; output[21]  ; 20.043 ; 19.510 ; 20.114 ; 19.574 ;
; a[3]       ; output[22]  ; 16.587 ; 16.439 ; 16.646 ; 16.436 ;
; a[3]       ; output[23]  ; 18.953 ; 18.469 ; 19.252 ; 18.706 ;
; a[3]       ; output[24]  ; 17.278 ; 16.111 ; 16.336 ; 16.874 ;
; a[3]       ; output[25]  ; 20.830 ; 17.884 ; 18.760 ; 20.227 ;
; a[3]       ; output[26]  ; 19.788 ; 17.563 ; 17.967 ; 19.271 ;
; a[3]       ; output[27]  ; 19.275 ; 18.699 ; 19.574 ; 18.998 ;
; a[3]       ; output[28]  ; 22.281 ; 21.728 ; 22.223 ; 21.655 ;
; a[3]       ; output[29]  ; 20.126 ; 19.699 ; 19.929 ; 19.567 ;
; a[3]       ; output[30]  ; 20.558 ; 20.000 ; 20.541 ; 20.048 ;
; a[3]       ; output[31]  ; 17.677 ; 16.947 ; 17.691 ; 17.524 ;
; a[4]       ; output[0]   ; 17.447 ; 17.407 ; 17.924 ; 17.946 ;
; a[4]       ; output[1]   ; 17.764 ;        ;        ; 17.451 ;
; a[4]       ; output[2]   ; 15.242 ; 15.123 ; 15.357 ; 15.112 ;
; a[4]       ; output[3]   ; 18.592 ; 17.958 ; 18.733 ; 18.063 ;
; a[4]       ; output[4]   ; 17.812 ; 17.560 ; 17.747 ; 17.624 ;
; a[4]       ; output[5]   ; 18.063 ; 17.369 ; 18.059 ; 17.358 ;
; a[4]       ; output[6]   ; 17.698 ; 15.357 ; 16.393 ; 17.106 ;
; a[4]       ; output[7]   ; 14.156 ; 14.059 ; 14.317 ; 14.205 ;
; a[4]       ; output[8]   ; 19.458 ; 17.131 ; 17.931 ; 18.997 ;
; a[4]       ; output[9]   ; 19.264 ; 18.707 ; 19.063 ; 18.499 ;
; a[4]       ; output[10]  ; 19.388 ; 15.564 ; 16.526 ; 18.800 ;
; a[4]       ; output[11]  ; 19.004 ; 18.658 ; 19.053 ; 18.708 ;
; a[4]       ; output[12]  ; 19.090 ; 15.553 ; 16.376 ; 18.427 ;
; a[4]       ; output[13]  ; 18.321 ; 18.173 ; 18.252 ; 18.144 ;
; a[4]       ; output[14]  ; 16.114 ; 13.981 ; 14.331 ; 16.140 ;
; a[4]       ; output[15]  ; 17.615 ; 17.297 ; 17.914 ; 17.596 ;
; a[4]       ; output[16]  ; 20.971 ; 17.263 ; 17.829 ; 20.281 ;
; a[4]       ; output[17]  ; 18.188 ; 15.275 ; 16.284 ; 17.796 ;
; a[4]       ; output[18]  ; 19.124 ; 17.013 ; 17.707 ; 18.683 ;
; a[4]       ; output[19]  ; 17.908 ; 17.330 ; 18.447 ; 17.807 ;
; a[4]       ; output[20]  ; 19.287 ; 18.084 ; 18.845 ; 18.736 ;
; a[4]       ; output[21]  ; 18.843 ; 18.310 ; 19.382 ; 18.849 ;
; a[4]       ; output[22]  ; 16.138 ; 15.904 ; 16.351 ; 16.141 ;
; a[4]       ; output[23]  ; 18.418 ; 17.934 ; 18.957 ; 18.411 ;
; a[4]       ; output[24]  ; 17.093 ; 15.576 ; 16.041 ; 16.679 ;
; a[4]       ; output[25]  ; 19.020 ; 17.349 ; 18.465 ; 18.489 ;
; a[4]       ; output[26]  ; 19.603 ; 17.028 ; 17.672 ; 19.076 ;
; a[4]       ; output[27]  ; 18.740 ; 18.164 ; 19.279 ; 18.703 ;
; a[4]       ; output[28]  ; 22.096 ; 21.543 ; 22.028 ; 21.460 ;
; a[4]       ; output[29]  ; 18.316 ; 17.889 ; 18.191 ; 17.829 ;
; a[4]       ; output[30]  ; 20.373 ; 19.815 ; 20.346 ; 19.853 ;
; a[4]       ; output[31]  ; 17.182 ; 16.412 ; 17.396 ; 16.919 ;
; a[5]       ; output[0]   ; 17.864 ; 17.824 ; 17.935 ; 17.957 ;
; a[5]       ; output[1]   ; 18.800 ;        ;        ; 18.342 ;
; a[5]       ; output[2]   ; 15.630 ; 15.511 ; 15.718 ; 15.473 ;
; a[5]       ; output[3]   ; 17.132 ;        ;        ; 16.619 ;
; a[5]       ; output[4]   ; 18.200 ; 17.948 ; 18.108 ; 17.985 ;
; a[5]       ; output[5]   ; 18.475 ; 17.794 ; 18.420 ; 17.856 ;
; a[5]       ; output[6]   ; 16.779 ; 15.774 ; 16.404 ; 16.185 ;
; a[5]       ; output[7]   ; 14.568 ; 14.471 ; 14.659 ; 14.547 ;
; a[5]       ; output[8]   ; 19.382 ; 17.548 ; 17.942 ; 19.046 ;
; a[5]       ; output[9]   ; 19.676 ; 19.119 ; 19.405 ; 18.841 ;
; a[5]       ; output[10]  ; 18.469 ; 15.981 ; 16.537 ; 17.879 ;
; a[5]       ; output[11]  ; 19.416 ; 19.070 ; 19.395 ; 19.050 ;
; a[5]       ; output[12]  ; 19.161 ; 15.970 ; 16.387 ; 18.505 ;
; a[5]       ; output[13]  ; 18.733 ; 18.585 ; 18.594 ; 18.486 ;
; a[5]       ; output[14]  ; 15.195 ; 14.398 ; 14.342 ; 15.219 ;
; a[5]       ; output[15]  ; 18.027 ; 17.709 ; 18.189 ; 17.658 ;
; a[5]       ; output[16]  ; 20.895 ; 17.680 ; 17.840 ; 20.330 ;
; a[5]       ; output[17]  ; 18.600 ; 15.692 ; 16.295 ; 18.138 ;
; a[5]       ; output[18]  ; 18.205 ; 17.430 ; 17.718 ; 17.762 ;
; a[5]       ; output[19]  ; 18.325 ; 17.747 ; 18.458 ; 17.818 ;
; a[5]       ; output[20]  ; 18.963 ; 18.501 ; 18.856 ; 18.332 ;
; a[5]       ; output[21]  ; 19.260 ; 18.727 ; 19.393 ; 18.860 ;
; a[5]       ; output[22]  ; 16.469 ; 16.321 ; 16.362 ; 16.152 ;
; a[5]       ; output[23]  ; 18.835 ; 18.351 ; 18.968 ; 18.422 ;
; a[5]       ; output[24]  ; 17.017 ; 15.993 ; 16.052 ; 16.728 ;
; a[5]       ; output[25]  ; 19.432 ; 17.766 ; 18.476 ; 18.831 ;
; a[5]       ; output[26]  ; 18.684 ; 17.445 ; 17.683 ; 18.155 ;
; a[5]       ; output[27]  ; 19.157 ; 18.581 ; 19.290 ; 18.714 ;
; a[5]       ; output[28]  ; 22.167 ; 21.614 ; 22.106 ; 21.538 ;
; a[5]       ; output[29]  ; 18.728 ; 18.301 ; 18.533 ; 18.171 ;
; a[5]       ; output[30]  ; 19.454 ; 18.896 ; 19.425 ; 18.932 ;
; a[5]       ; output[31]  ; 17.594 ; 16.829 ; 17.407 ; 17.261 ;
; a[6]       ; output[0]   ; 18.009 ; 17.720 ; 18.262 ; 18.284 ;
; a[6]       ; output[1]   ; 19.003 ;        ;        ; 18.652 ;
; a[6]       ; output[2]   ; 14.493 ; 14.964 ; 15.270 ; 14.581 ;
; a[6]       ; output[3]   ; 17.335 ;        ;        ; 16.929 ;
; a[6]       ; output[4]   ; 19.262 ; 19.010 ; 19.198 ; 19.075 ;
; a[6]       ; output[5]   ; 18.605 ; 17.997 ; 18.730 ; 18.166 ;
; a[6]       ; output[6]   ; 17.045 ; 15.241 ; 16.277 ; 16.567 ;
; a[6]       ; output[7]   ; 15.099 ; 15.002 ; 15.356 ; 15.244 ;
; a[6]       ; output[8]   ; 19.648 ; 17.444 ; 18.269 ; 19.428 ;
; a[6]       ; output[9]   ; 19.538 ; 18.981 ; 19.517 ; 18.953 ;
; a[6]       ; output[10]  ; 18.735 ; 15.877 ; 16.864 ; 18.261 ;
; a[6]       ; output[11]  ; 19.947 ; 19.601 ; 20.092 ; 19.747 ;
; a[6]       ; output[12]  ; 19.427 ; 15.866 ; 16.714 ; 18.887 ;
; a[6]       ; output[13]  ; 18.844 ; 18.696 ; 18.970 ; 18.862 ;
; a[6]       ; output[14]  ; 15.461 ; 14.294 ; 14.669 ; 15.601 ;
; a[6]       ; output[15]  ; 18.558 ; 18.240 ; 18.886 ; 18.355 ;
; a[6]       ; output[16]  ; 21.161 ; 17.576 ; 18.167 ; 20.712 ;
; a[6]       ; output[17]  ; 18.462 ; 15.588 ; 16.622 ; 18.250 ;
; a[6]       ; output[18]  ; 18.471 ; 17.326 ; 18.045 ; 18.144 ;
; a[6]       ; output[19]  ; 18.366 ; 17.643 ; 18.785 ; 18.145 ;
; a[6]       ; output[20]  ; 19.071 ; 18.397 ; 19.183 ; 18.659 ;
; a[6]       ; output[21]  ; 19.248 ; 18.715 ; 19.720 ; 19.187 ;
; a[6]       ; output[22]  ; 16.365 ; 16.217 ; 16.689 ; 16.479 ;
; a[6]       ; output[23]  ; 18.731 ; 18.247 ; 19.295 ; 18.749 ;
; a[6]       ; output[24]  ; 17.283 ; 15.889 ; 16.379 ; 17.110 ;
; a[6]       ; output[25]  ; 19.294 ; 17.662 ; 18.803 ; 18.943 ;
; a[6]       ; output[26]  ; 18.950 ; 17.341 ; 18.010 ; 18.537 ;
; a[6]       ; output[27]  ; 19.053 ; 18.477 ; 19.617 ; 19.041 ;
; a[6]       ; output[28]  ; 22.433 ; 21.880 ; 22.488 ; 21.920 ;
; a[6]       ; output[29]  ; 18.839 ; 18.412 ; 18.909 ; 18.547 ;
; a[6]       ; output[30]  ; 19.720 ; 19.162 ; 19.807 ; 19.314 ;
; a[6]       ; output[31]  ; 18.125 ; 16.725 ; 17.734 ; 17.958 ;
; a[7]       ; output[0]   ; 17.884 ; 17.071 ; 17.448 ; 17.648 ;
; a[7]       ; output[1]   ; 18.383 ;        ;        ; 18.017 ;
; a[7]       ; output[2]   ; 14.368 ; 14.839 ; 15.161 ; 14.472 ;
; a[7]       ; output[3]   ; 19.205 ; 18.571 ; 19.438 ; 18.768 ;
; a[7]       ; output[4]   ; 19.137 ; 18.885 ; 19.089 ; 18.966 ;
; a[7]       ; output[5]   ; 17.985 ; 17.377 ; 18.095 ; 17.531 ;
; a[7]       ; output[6]   ; 15.516 ; 14.882 ; 15.712 ; 15.071 ;
; a[7]       ; output[7]   ; 15.503 ; 15.279 ; 15.730 ; 15.507 ;
; a[7]       ; output[8]   ; 19.198 ; 16.795 ; 17.455 ; 18.985 ;
; a[7]       ; output[9]   ; 19.478 ; 18.921 ; 19.478 ; 18.914 ;
; a[7]       ; output[10]  ; 18.128 ; 15.228 ; 16.050 ; 17.631 ;
; a[7]       ; output[11]  ; 19.887 ; 19.541 ; 20.053 ; 19.708 ;
; a[7]       ; output[12]  ; 18.977 ; 15.217 ; 15.900 ; 18.444 ;
; a[7]       ; output[13]  ; 18.784 ; 18.636 ; 18.931 ; 18.823 ;
; a[7]       ; output[14]  ; 14.712 ; 13.645 ; 13.855 ; 14.836 ;
; a[7]       ; output[15]  ; 18.498 ; 18.180 ; 18.847 ; 18.316 ;
; a[7]       ; output[16]  ; 20.711 ; 16.927 ; 17.353 ; 20.269 ;
; a[7]       ; output[17]  ; 18.402 ; 14.939 ; 15.808 ; 18.211 ;
; a[7]       ; output[18]  ; 17.864 ; 16.677 ; 17.231 ; 17.514 ;
; a[7]       ; output[19]  ; 18.306 ; 16.994 ; 17.971 ; 18.072 ;
; a[7]       ; output[20]  ; 18.621 ; 17.748 ; 18.369 ; 18.119 ;
; a[7]       ; output[21]  ; 19.188 ; 18.655 ; 19.530 ; 18.990 ;
; a[7]       ; output[22]  ; 15.716 ; 15.568 ; 15.875 ; 15.665 ;
; a[7]       ; output[23]  ; 18.589 ; 17.598 ; 18.481 ; 18.373 ;
; a[7]       ; output[24]  ; 16.833 ; 15.240 ; 15.565 ; 16.667 ;
; a[7]       ; output[25]  ; 19.234 ; 17.013 ; 17.989 ; 18.904 ;
; a[7]       ; output[26]  ; 18.343 ; 16.692 ; 17.196 ; 17.907 ;
; a[7]       ; output[27]  ; 18.793 ; 18.217 ; 19.008 ; 18.476 ;
; a[7]       ; output[28]  ; 21.983 ; 21.430 ; 22.045 ; 21.477 ;
; a[7]       ; output[29]  ; 18.779 ; 18.352 ; 18.870 ; 18.508 ;
; a[7]       ; output[30]  ; 18.971 ; 18.413 ; 19.042 ; 18.549 ;
; a[7]       ; output[31]  ; 18.065 ; 16.076 ; 16.920 ; 17.919 ;
; a[8]       ; output[0]   ; 17.317 ; 17.277 ; 17.844 ; 17.866 ;
; a[8]       ; output[1]   ; 18.171 ;        ;        ; 17.759 ;
; a[8]       ; output[2]   ; 14.345 ; 14.816 ; 15.180 ; 14.491 ;
; a[8]       ; output[3]   ; 18.993 ; 18.359 ; 19.180 ; 18.510 ;
; a[8]       ; output[4]   ; 17.015 ; 16.763 ; 16.978 ; 16.878 ;
; a[8]       ; output[5]   ; 17.773 ; 17.165 ; 17.837 ; 17.273 ;
; a[8]       ; output[6]   ; 15.493 ; 14.859 ; 15.731 ; 15.090 ;
; a[8]       ; output[7]   ; 15.291 ; 15.067 ; 15.472 ; 15.249 ;
; a[8]       ; output[8]   ; 19.321 ; 18.863 ; 19.354 ; 18.981 ;
; a[8]       ; output[9]   ; 18.932 ; 18.375 ; 18.837 ; 18.273 ;
; a[8]       ; output[10]  ; 17.917 ; 15.434 ; 16.446 ; 17.376 ;
; a[8]       ; output[11]  ; 19.820 ; 19.474 ; 19.829 ; 19.484 ;
; a[8]       ; output[12]  ; 18.766 ; 15.423 ; 16.296 ; 18.189 ;
; a[8]       ; output[13]  ; 18.238 ; 18.090 ; 18.290 ; 18.182 ;
; a[8]       ; output[14]  ; 14.501 ; 13.851 ; 14.251 ; 14.581 ;
; a[8]       ; output[15]  ; 18.822 ; 18.504 ; 19.072 ; 18.541 ;
; a[8]       ; output[16]  ; 20.500 ; 17.133 ; 17.749 ; 20.014 ;
; a[8]       ; output[17]  ; 17.856 ; 15.145 ; 16.204 ; 17.570 ;
; a[8]       ; output[18]  ; 17.653 ; 16.883 ; 17.627 ; 17.259 ;
; a[8]       ; output[19]  ; 18.239 ; 17.200 ; 18.367 ; 17.848 ;
; a[8]       ; output[20]  ; 18.416 ; 17.954 ; 18.765 ; 18.241 ;
; a[8]       ; output[21]  ; 18.713 ; 18.180 ; 19.302 ; 18.769 ;
; a[8]       ; output[22]  ; 15.922 ; 15.774 ; 16.271 ; 16.061 ;
; a[8]       ; output[23]  ; 18.872 ; 17.804 ; 18.877 ; 18.459 ;
; a[8]       ; output[24]  ; 16.622 ; 15.446 ; 15.961 ; 16.412 ;
; a[8]       ; output[25]  ; 18.688 ; 17.219 ; 18.385 ; 18.263 ;
; a[8]       ; output[26]  ; 18.132 ; 16.898 ; 17.592 ; 17.652 ;
; a[8]       ; output[27]  ; 18.726 ; 18.150 ; 19.199 ; 18.623 ;
; a[8]       ; output[28]  ; 21.772 ; 21.219 ; 21.790 ; 21.222 ;
; a[8]       ; output[29]  ; 18.233 ; 17.806 ; 18.229 ; 17.867 ;
; a[8]       ; output[30]  ; 18.760 ; 18.202 ; 18.787 ; 18.294 ;
; a[8]       ; output[31]  ; 18.389 ; 16.282 ; 17.316 ; 18.144 ;
; a[9]       ; output[0]   ; 17.082 ; 17.042 ; 17.302 ; 17.324 ;
; a[9]       ; output[1]   ; 19.098 ;        ;        ; 18.670 ;
; a[9]       ; output[2]   ; 14.453 ; 14.924 ; 15.301 ; 14.612 ;
; a[9]       ; output[3]   ; 18.567 ; 17.933 ; 18.703 ; 18.033 ;
; a[9]       ; output[4]   ; 17.123 ; 16.871 ; 17.099 ; 16.999 ;
; a[9]       ; output[5]   ; 17.918 ; 17.310 ; 17.966 ; 17.402 ;
; a[9]       ; output[6]   ; 15.601 ; 14.967 ; 15.852 ; 15.211 ;
; a[9]       ; output[7]   ; 14.865 ; 14.641 ; 14.995 ; 14.772 ;
; a[9]       ; output[8]   ; 19.429 ; 18.971 ; 19.475 ; 19.102 ;
; a[9]       ; output[9]   ; 19.063 ; 18.506 ; 18.936 ; 18.372 ;
; a[9]       ; output[10]  ; 17.738 ; 15.199 ; 15.904 ; 17.150 ;
; a[9]       ; output[11]  ; 19.951 ; 19.605 ; 19.928 ; 19.583 ;
; a[9]       ; output[12]  ; 19.758 ; 15.188 ; 15.754 ; 19.074 ;
; a[9]       ; output[13]  ; 18.369 ; 18.221 ; 18.389 ; 18.281 ;
; a[9]       ; output[14]  ; 14.322 ; 13.616 ; 13.709 ; 14.355 ;
; a[9]       ; output[15]  ; 18.953 ; 18.635 ; 19.171 ; 18.640 ;
; a[9]       ; output[16]  ; 21.116 ; 16.898 ; 17.207 ; 20.606 ;
; a[9]       ; output[17]  ; 17.987 ; 14.910 ; 15.662 ; 17.669 ;
; a[9]       ; output[18]  ; 17.474 ; 16.648 ; 17.085 ; 17.033 ;
; a[9]       ; output[19]  ; 18.370 ; 16.965 ; 17.825 ; 17.947 ;
; a[9]       ; output[20]  ; 19.402 ; 17.719 ; 18.223 ; 18.749 ;
; a[9]       ; output[21]  ; 18.773 ; 18.240 ; 18.988 ; 18.448 ;
; a[9]       ; output[22]  ; 15.687 ; 15.539 ; 15.729 ; 15.519 ;
; a[9]       ; output[23]  ; 19.003 ; 17.569 ; 18.335 ; 18.558 ;
; a[9]       ; output[24]  ; 17.270 ; 16.978 ; 17.413 ; 17.106 ;
; a[9]       ; output[25]  ; 18.819 ; 16.984 ; 17.843 ; 18.362 ;
; a[9]       ; output[26]  ; 17.953 ; 16.663 ; 17.050 ; 17.426 ;
; a[9]       ; output[27]  ; 18.857 ; 18.281 ; 18.883 ; 18.351 ;
; a[9]       ; output[28]  ; 22.764 ; 22.211 ; 22.675 ; 22.107 ;
; a[9]       ; output[29]  ; 18.364 ; 17.937 ; 18.328 ; 17.966 ;
; a[9]       ; output[30]  ; 18.581 ; 18.023 ; 18.561 ; 18.068 ;
; a[9]       ; output[31]  ; 18.520 ; 16.047 ; 16.774 ; 18.243 ;
; a[10]      ; output[0]   ; 17.101 ; 17.061 ; 17.631 ; 17.653 ;
; a[10]      ; output[1]   ; 19.874 ;        ;        ; 19.521 ;
; a[10]      ; output[2]   ; 17.558 ; 18.029 ; 18.212 ; 17.523 ;
; a[10]      ; output[3]   ; 19.343 ; 18.709 ; 19.554 ; 18.884 ;
; a[10]      ; output[4]   ; 17.267 ; 17.015 ; 17.294 ; 17.194 ;
; a[10]      ; output[5]   ; 18.694 ; 18.086 ; 18.817 ; 18.253 ;
; a[10]      ; output[6]   ; 17.057 ;        ;        ; 16.648 ;
; a[10]      ; output[7]   ; 15.641 ; 15.417 ; 15.846 ; 15.623 ;
; a[10]      ; output[8]   ; 19.573 ; 19.115 ; 19.670 ; 19.297 ;
; a[10]      ; output[9]   ; 18.713 ; 18.258 ; 18.766 ; 18.275 ;
; a[10]      ; output[10]  ; 18.583 ; 17.786 ; 18.559 ; 18.079 ;
; a[10]      ; output[11]  ; 19.817 ; 19.471 ; 19.900 ; 19.555 ;
; a[10]      ; output[12]  ; 20.603 ; 15.207 ; 16.083 ; 20.003 ;
; a[10]      ; output[13]  ; 19.954 ; 19.806 ; 19.995 ; 19.887 ;
; a[10]      ; output[14]  ; 15.167 ; 13.635 ; 14.038 ; 15.284 ;
; a[10]      ; output[15]  ; 18.819 ; 18.501 ; 19.143 ; 18.612 ;
; a[10]      ; output[16]  ; 21.961 ; 16.917 ; 17.536 ; 21.535 ;
; a[10]      ; output[17]  ; 17.963 ; 14.929 ; 15.991 ; 17.938 ;
; a[10]      ; output[18]  ; 18.319 ; 16.667 ; 17.414 ; 17.962 ;
; a[10]      ; output[19]  ; 18.236 ; 16.984 ; 18.154 ; 17.919 ;
; a[10]      ; output[20]  ; 20.247 ; 17.738 ; 18.552 ; 19.678 ;
; a[10]      ; output[21]  ; 20.358 ; 19.825 ; 20.594 ; 20.054 ;
; a[10]      ; output[22]  ; 16.078 ; 15.558 ; 16.058 ; 15.975 ;
; a[10]      ; output[23]  ; 18.869 ; 17.588 ; 18.664 ; 18.530 ;
; a[10]      ; output[24]  ; 18.115 ; 17.823 ; 18.342 ; 18.035 ;
; a[10]      ; output[25]  ; 18.514 ; 18.088 ; 18.619 ; 18.237 ;
; a[10]      ; output[26]  ; 18.798 ; 16.682 ; 17.379 ; 18.355 ;
; a[10]      ; output[27]  ; 18.723 ; 18.147 ; 18.986 ; 18.410 ;
; a[10]      ; output[28]  ; 23.609 ; 23.056 ; 23.604 ; 23.036 ;
; a[10]      ; output[29]  ; 19.949 ; 19.522 ; 19.934 ; 19.572 ;
; a[10]      ; output[30]  ; 19.426 ; 18.868 ; 19.490 ; 18.997 ;
; a[10]      ; output[31]  ; 18.386 ; 16.066 ; 17.103 ; 18.215 ;
; a[11]      ; output[0]   ; 17.714 ; 17.674 ; 17.764 ; 17.786 ;
; a[11]      ; output[1]   ; 18.697 ;        ;        ; 18.229 ;
; a[11]      ; output[2]   ; 16.776 ; 17.247 ; 17.349 ; 16.660 ;
; a[11]      ; output[3]   ; 18.713 ;        ;        ; 18.157 ;
; a[11]      ; output[4]   ; 16.485 ; 16.233 ; 16.431 ; 16.331 ;
; a[11]      ; output[5]   ; 17.517 ; 16.909 ; 17.525 ; 16.961 ;
; a[11]      ; output[6]   ; 16.275 ;        ;        ; 15.785 ;
; a[11]      ; output[7]   ; 14.812 ; 14.588 ; 14.919 ; 14.696 ;
; a[11]      ; output[8]   ; 18.791 ; 18.333 ; 18.807 ; 18.434 ;
; a[11]      ; output[9]   ; 17.536 ; 17.081 ; 17.474 ; 16.983 ;
; a[11]      ; output[10]  ; 17.591 ; 17.004 ; 17.696 ; 17.094 ;
; a[11]      ; output[11]  ; 19.105 ; 18.759 ; 19.116 ; 18.771 ;
; a[11]      ; output[12]  ; 19.121 ; 15.820 ; 16.216 ; 18.465 ;
; a[11]      ; output[13]  ; 19.242 ; 19.094 ; 19.211 ; 19.103 ;
; a[11]      ; output[14]  ; 14.881 ; 14.248 ; 14.171 ; 14.961 ;
; a[11]      ; output[15]  ; 18.107 ; 17.789 ; 18.359 ; 17.828 ;
; a[11]      ; output[16]  ; 20.479 ; 17.530 ; 17.669 ; 19.997 ;
; a[11]      ; output[17]  ; 17.251 ; 15.542 ; 16.124 ; 17.154 ;
; a[11]      ; output[18]  ; 17.737 ; 17.280 ; 17.547 ; 17.143 ;
; a[11]      ; output[19]  ; 18.175 ; 17.597 ; 18.287 ; 17.647 ;
; a[11]      ; output[20]  ; 18.813 ; 18.351 ; 18.685 ; 18.161 ;
; a[11]      ; output[21]  ; 19.646 ; 19.113 ; 19.810 ; 19.270 ;
; a[11]      ; output[22]  ; 16.319 ; 16.171 ; 16.191 ; 15.981 ;
; a[11]      ; output[23]  ; 18.685 ; 18.201 ; 18.797 ; 18.251 ;
; a[11]      ; output[24]  ; 16.633 ; 16.341 ; 16.804 ; 16.497 ;
; a[11]      ; output[25]  ; 18.193 ; 17.616 ; 18.305 ; 17.666 ;
; a[11]      ; output[26]  ; 17.814 ; 17.295 ; 17.875 ; 17.307 ;
; a[11]      ; output[27]  ; 19.007 ; 18.431 ; 19.119 ; 18.543 ;
; a[11]      ; output[28]  ; 22.127 ; 21.574 ; 22.066 ; 21.498 ;
; a[11]      ; output[29]  ; 19.237 ; 18.810 ; 19.150 ; 18.788 ;
; a[11]      ; output[30]  ; 19.140 ; 18.582 ; 19.167 ; 18.674 ;
; a[11]      ; output[31]  ; 17.674 ; 16.679 ; 17.236 ; 17.431 ;
; a[12]      ; output[0]   ; 17.004 ; 16.373 ; 16.925 ; 16.947 ;
; a[12]      ; output[1]   ; 19.120 ;        ;        ; 18.675 ;
; a[12]      ; output[2]   ; 17.467 ; 17.938 ; 18.069 ; 17.380 ;
; a[12]      ; output[3]   ; 19.136 ;        ;        ; 18.603 ;
; a[12]      ; output[4]   ; 19.761 ; 19.509 ; 19.811 ; 19.688 ;
; a[12]      ; output[5]   ; 17.940 ; 17.332 ; 17.971 ; 17.407 ;
; a[12]      ; output[6]   ; 16.966 ;        ;        ; 16.505 ;
; a[12]      ; output[7]   ; 15.235 ; 15.011 ; 15.365 ; 15.142 ;
; a[12]      ; output[8]   ; 20.212 ; 19.754 ; 20.317 ; 19.944 ;
; a[12]      ; output[9]   ; 17.959 ; 17.504 ; 17.920 ; 17.429 ;
; a[12]      ; output[10]  ; 18.282 ; 17.695 ; 18.416 ; 17.814 ;
; a[12]      ; output[11]  ; 18.822 ;        ;        ; 18.427 ;
; a[12]      ; output[12]  ; 19.693 ; 19.081 ; 19.864 ; 19.356 ;
; a[12]      ; output[13]  ; 19.477 ; 19.329 ; 19.420 ; 19.312 ;
; a[12]      ; output[14]  ; 15.326 ; 12.947 ; 13.332 ; 15.389 ;
; a[12]      ; output[15]  ; 18.803 ; 18.485 ; 19.086 ; 18.555 ;
; a[12]      ; output[16]  ; 20.924 ; 16.229 ; 16.830 ; 20.425 ;
; a[12]      ; output[17]  ; 17.486 ; 14.241 ; 15.285 ; 17.363 ;
; a[12]      ; output[18]  ; 18.000 ; 15.979 ; 16.708 ; 17.571 ;
; a[12]      ; output[19]  ; 18.581 ; 16.296 ; 17.448 ; 18.151 ;
; a[12]      ; output[20]  ; 19.210 ; 17.050 ; 17.846 ; 18.568 ;
; a[12]      ; output[21]  ; 19.881 ; 19.348 ; 20.019 ; 19.479 ;
; a[12]      ; output[22]  ; 16.237 ; 14.870 ; 15.352 ; 16.080 ;
; a[12]      ; output[23]  ; 18.853 ; 16.900 ; 17.958 ; 18.473 ;
; a[12]      ; output[24]  ; 17.078 ; 16.786 ; 17.232 ; 16.925 ;
; a[12]      ; output[25]  ; 18.037 ; 17.611 ; 18.044 ; 17.662 ;
; a[12]      ; output[26]  ; 18.259 ; 17.698 ; 18.303 ; 17.735 ;
; a[12]      ; output[27]  ; 18.702 ; 18.139 ; 18.847 ; 18.271 ;
; a[12]      ; output[28]  ; 22.572 ; 22.019 ; 22.494 ; 21.926 ;
; a[12]      ; output[29]  ; 19.472 ; 19.045 ; 19.359 ; 18.997 ;
; a[12]      ; output[30]  ; 19.585 ; 19.027 ; 19.595 ; 19.102 ;
; a[12]      ; output[31]  ; 18.370 ; 15.378 ; 16.397 ; 18.158 ;
; a[13]      ; output[0]   ; 17.193 ; 17.153 ; 17.402 ; 17.424 ;
; a[13]      ; output[1]   ; 18.827 ;        ;        ; 18.547 ;
; a[13]      ; output[2]   ; 16.895 ; 17.366 ; 17.531 ; 16.842 ;
; a[13]      ; output[3]   ; 18.524 ;        ;        ; 18.057 ;
; a[13]      ; output[4]   ; 19.189 ; 18.937 ; 19.273 ; 19.150 ;
; a[13]      ; output[5]   ; 17.694 ;        ;        ; 17.305 ;
; a[13]      ; output[6]   ; 16.394 ;        ;        ; 15.967 ;
; a[13]      ; output[7]   ; 14.623 ; 14.399 ; 14.819 ; 14.596 ;
; a[13]      ; output[8]   ; 19.640 ; 19.182 ; 19.779 ; 19.406 ;
; a[13]      ; output[9]   ; 17.666 ; 17.211 ; 17.792 ; 17.301 ;
; a[13]      ; output[10]  ; 17.710 ; 17.123 ; 17.878 ; 17.276 ;
; a[13]      ; output[11]  ; 18.210 ;        ;        ; 17.881 ;
; a[13]      ; output[12]  ; 19.121 ; 18.509 ; 19.326 ; 18.818 ;
; a[13]      ; output[13]  ; 18.969 ; 18.821 ; 18.958 ; 18.850 ;
; a[13]      ; output[14]  ; 15.111 ; 13.727 ; 13.809 ; 15.247 ;
; a[13]      ; output[15]  ; 18.295 ; 17.977 ; 18.624 ; 18.093 ;
; a[13]      ; output[16]  ; 21.347 ; 17.009 ; 17.307 ; 20.688 ;
; a[13]      ; output[17]  ; 16.978 ; 15.021 ; 15.762 ; 16.901 ;
; a[13]      ; output[18]  ; 17.785 ; 16.759 ; 17.185 ; 17.429 ;
; a[13]      ; output[19]  ; 18.073 ; 17.076 ; 17.925 ; 17.689 ;
; a[13]      ; output[20]  ; 18.514 ; 17.830 ; 18.323 ; 17.900 ;
; a[13]      ; output[21]  ; 19.373 ; 18.840 ; 19.557 ; 19.017 ;
; a[13]      ; output[22]  ; 16.022 ; 15.650 ; 15.829 ; 15.938 ;
; a[13]      ; output[23]  ; 18.345 ; 17.680 ; 18.435 ; 18.011 ;
; a[13]      ; output[24]  ; 17.501 ; 17.209 ; 17.495 ; 17.188 ;
; a[13]      ; output[25]  ; 17.672 ; 17.103 ; 17.943 ; 17.304 ;
; a[13]      ; output[26]  ; 18.044 ; 17.483 ; 18.161 ; 17.593 ;
; a[13]      ; output[27]  ; 18.486 ; 17.910 ; 18.757 ; 18.181 ;
; a[13]      ; output[28]  ; 20.784 ; 20.231 ; 20.672 ; 20.104 ;
; a[13]      ; output[29]  ; 18.964 ; 18.537 ; 18.897 ; 18.535 ;
; a[13]      ; output[30]  ; 19.370 ; 18.812 ; 19.453 ; 18.960 ;
; a[13]      ; output[31]  ; 17.862 ; 16.158 ; 16.874 ; 17.696 ;
; a[14]      ; output[0]   ; 16.847 ; 16.807 ; 17.257 ; 17.279 ;
; a[14]      ; output[1]   ; 18.392 ;        ;        ; 18.076 ;
; a[14]      ; output[2]   ; 15.724 ; 16.195 ; 16.315 ; 15.626 ;
; a[14]      ; output[3]   ; 18.089 ;        ;        ; 17.586 ;
; a[14]      ; output[4]   ; 18.450 ; 18.198 ; 18.453 ; 18.330 ;
; a[14]      ; output[5]   ; 17.259 ;        ;        ; 16.834 ;
; a[14]      ; output[6]   ; 17.461 ; 16.827 ; 17.387 ; 16.746 ;
; a[14]      ; output[7]   ; 14.188 ; 13.964 ; 14.348 ; 14.125 ;
; a[14]      ; output[8]   ; 18.901 ; 18.443 ; 18.959 ; 18.586 ;
; a[14]      ; output[9]   ; 17.231 ; 16.776 ; 17.321 ; 16.830 ;
; a[14]      ; output[10]  ; 16.539 ; 15.952 ; 16.662 ; 16.060 ;
; a[14]      ; output[11]  ; 17.775 ;        ;        ; 17.410 ;
; a[14]      ; output[12]  ; 18.382 ; 17.770 ; 18.506 ; 17.998 ;
; a[14]      ; output[13]  ; 15.512 ;        ;        ; 15.607 ;
; a[14]      ; output[14]  ; 16.129 ; 16.016 ; 16.127 ; 16.007 ;
; a[14]      ; output[15]  ; 18.198 ; 17.880 ; 18.546 ; 18.015 ;
; a[14]      ; output[16]  ; 20.980 ; 16.663 ; 17.162 ; 20.293 ;
; a[14]      ; output[17]  ; 16.803 ; 14.675 ; 15.617 ; 16.741 ;
; a[14]      ; output[18]  ; 17.418 ; 16.413 ; 17.040 ; 17.034 ;
; a[14]      ; output[19]  ; 17.976 ; 16.730 ; 17.780 ; 17.611 ;
; a[14]      ; output[20]  ; 18.147 ; 17.484 ; 18.178 ; 17.654 ;
; a[14]      ; output[21]  ; 19.814 ; 19.281 ; 19.953 ; 19.413 ;
; a[14]      ; output[22]  ; 15.655 ; 15.304 ; 15.684 ; 15.543 ;
; a[14]      ; output[23]  ; 18.248 ; 17.334 ; 18.290 ; 17.933 ;
; a[14]      ; output[24]  ; 17.134 ; 16.842 ; 17.100 ; 16.793 ;
; a[14]      ; output[25]  ; 17.354 ; 16.928 ; 17.798 ; 17.159 ;
; a[14]      ; output[26]  ; 17.677 ; 17.116 ; 17.766 ; 17.198 ;
; a[14]      ; output[27]  ; 18.140 ; 17.564 ; 18.612 ; 18.036 ;
; a[14]      ; output[28]  ; 20.417 ; 19.864 ; 20.277 ; 19.709 ;
; a[14]      ; output[29]  ; 18.229 ; 17.802 ; 18.150 ; 17.788 ;
; a[14]      ; output[30]  ; 19.003 ; 18.445 ; 19.058 ; 18.565 ;
; a[14]      ; output[31]  ; 17.765 ; 15.812 ; 16.729 ; 17.618 ;
; a[15]      ; output[0]   ; 17.231 ; 17.353 ; 17.246 ; 17.277 ;
; a[15]      ; output[1]   ; 20.583 ;        ;        ; 20.003 ;
; a[15]      ; output[2]   ; 16.047 ; 16.518 ; 16.717 ; 16.028 ;
; a[15]      ; output[3]   ; 20.215 ;        ;        ; 19.438 ;
; a[15]      ; output[4]   ; 18.773 ; 18.521 ; 18.855 ; 18.732 ;
; a[15]      ; output[5]   ; 19.450 ;        ;        ; 18.761 ;
; a[15]      ; output[6]   ; 17.784 ; 17.150 ; 17.789 ; 17.148 ;
; a[15]      ; output[7]   ; 16.645 ;        ;        ; 16.286 ;
; a[15]      ; output[8]   ; 19.224 ; 18.766 ; 19.361 ; 18.988 ;
; a[15]      ; output[9]   ; 19.422 ; 18.967 ; 19.248 ; 18.757 ;
; a[15]      ; output[10]  ; 16.862 ; 16.275 ; 17.064 ; 16.462 ;
; a[15]      ; output[11]  ; 19.901 ;        ;        ; 19.262 ;
; a[15]      ; output[12]  ; 18.705 ; 18.093 ; 18.908 ; 18.400 ;
; a[15]      ; output[13]  ; 17.703 ;        ;        ; 17.534 ;
; a[15]      ; output[14]  ; 16.452 ; 16.339 ; 16.529 ; 16.409 ;
; a[15]      ; output[15]  ; 19.627 ; 18.273 ; 19.026 ; 19.075 ;
; a[15]      ; output[16]  ; 21.901 ; 17.256 ; 17.509 ; 21.228 ;
; a[15]      ; output[17]  ; 17.196 ; 15.268 ; 15.964 ; 17.221 ;
; a[15]      ; output[18]  ; 18.192 ; 17.006 ; 17.387 ; 17.761 ;
; a[15]      ; output[19]  ; 18.369 ; 17.323 ; 18.127 ; 18.091 ;
; a[15]      ; output[20]  ; 19.068 ; 18.077 ; 18.525 ; 18.440 ;
; a[15]      ; output[21]  ; 20.207 ; 19.674 ; 20.433 ; 19.893 ;
; a[15]      ; output[22]  ; 16.631 ; 15.897 ; 16.031 ; 16.292 ;
; a[15]      ; output[23]  ; 18.641 ; 17.927 ; 18.637 ; 18.413 ;
; a[15]      ; output[24]  ; 18.055 ; 17.763 ; 18.035 ; 17.728 ;
; a[15]      ; output[25]  ; 17.919 ; 17.342 ; 18.145 ; 17.520 ;
; a[15]      ; output[26]  ; 18.451 ; 17.890 ; 18.493 ; 17.925 ;
; a[15]      ; output[27]  ; 18.733 ; 18.157 ; 18.959 ; 18.383 ;
; a[15]      ; output[28]  ; 21.338 ; 20.785 ; 21.212 ; 20.644 ;
; a[15]      ; output[29]  ; 18.622 ; 18.195 ; 18.630 ; 18.268 ;
; a[15]      ; output[30]  ; 19.915 ; 19.357 ; 19.746 ; 19.253 ;
; a[15]      ; output[31]  ; 18.158 ; 16.405 ; 17.076 ; 18.098 ;
; a[16]      ; output[0]   ; 16.711 ; 16.833 ; 17.027 ; 17.058 ;
; a[16]      ; output[1]   ; 20.177 ;        ;        ; 19.722 ;
; a[16]      ; output[2]   ; 15.629 ; 16.100 ; 16.369 ; 15.680 ;
; a[16]      ; output[3]   ; 19.809 ;        ;        ; 19.157 ;
; a[16]      ; output[4]   ; 18.306 ; 18.054 ; 18.477 ; 18.354 ;
; a[16]      ; output[5]   ; 19.044 ;        ;        ; 18.480 ;
; a[16]      ; output[6]   ; 17.366 ; 16.732 ; 17.441 ; 16.800 ;
; a[16]      ; output[7]   ; 16.239 ;        ;        ; 16.005 ;
; a[16]      ; output[8]   ; 18.045 ;        ;        ; 17.912 ;
; a[16]      ; output[9]   ; 19.016 ; 18.561 ; 18.967 ; 18.476 ;
; a[16]      ; output[10]  ; 16.444 ; 15.857 ; 16.716 ; 16.114 ;
; a[16]      ; output[11]  ; 19.495 ;        ;        ; 18.981 ;
; a[16]      ; output[12]  ; 18.238 ; 17.626 ; 18.530 ; 18.022 ;
; a[16]      ; output[13]  ; 17.297 ;        ;        ; 17.253 ;
; a[16]      ; output[14]  ; 16.034 ; 15.921 ; 16.181 ; 16.061 ;
; a[16]      ; output[15]  ; 19.221 ;        ;        ; 18.794 ;
; a[16]      ; output[16]  ; 21.916 ; 19.444 ; 19.840 ; 21.242 ;
; a[16]      ; output[17]  ; 17.892 ; 14.748 ; 15.745 ; 17.752 ;
; a[16]      ; output[18]  ; 18.207 ; 16.486 ; 17.168 ; 17.775 ;
; a[16]      ; output[19]  ; 18.085 ; 16.803 ; 17.908 ; 17.785 ;
; a[16]      ; output[20]  ; 19.083 ; 17.557 ; 18.306 ; 18.454 ;
; a[16]      ; output[21]  ; 20.903 ; 20.370 ; 20.964 ; 20.424 ;
; a[16]      ; output[22]  ; 16.646 ; 15.377 ; 15.812 ; 16.306 ;
; a[16]      ; output[23]  ; 18.926 ; 17.407 ; 18.418 ; 18.573 ;
; a[16]      ; output[24]  ; 18.070 ; 17.778 ; 18.049 ; 17.742 ;
; a[16]      ; output[25]  ; 18.443 ; 18.017 ; 18.433 ; 18.051 ;
; a[16]      ; output[26]  ; 18.466 ; 17.905 ; 18.507 ; 17.939 ;
; a[16]      ; output[27]  ; 18.213 ; 17.643 ; 18.740 ; 18.164 ;
; a[16]      ; output[28]  ; 21.353 ; 20.800 ; 21.226 ; 20.658 ;
; a[16]      ; output[29]  ; 19.318 ; 18.891 ; 19.161 ; 18.799 ;
; a[16]      ; output[30]  ; 19.930 ; 19.372 ; 19.760 ; 19.267 ;
; a[16]      ; output[31]  ; 18.369 ; 15.885 ; 16.857 ; 18.175 ;
; a[17]      ; output[0]   ; 16.869 ; 16.991 ; 16.881 ; 16.941 ;
; a[17]      ; output[1]   ; 19.198 ;        ;        ; 18.770 ;
; a[17]      ; output[2]   ; 16.207 ; 16.678 ; 16.961 ; 16.272 ;
; a[17]      ; output[3]   ; 19.222 ;        ;        ; 18.593 ;
; a[17]      ; output[4]   ; 18.884 ; 18.632 ; 19.069 ; 18.946 ;
; a[17]      ; output[5]   ; 18.522 ;        ;        ; 17.983 ;
; a[17]      ; output[6]   ; 17.944 ; 17.310 ; 18.033 ; 17.392 ;
; a[17]      ; output[7]   ; 15.652 ;        ;        ; 15.441 ;
; a[17]      ; output[8]   ; 18.623 ;        ;        ; 18.504 ;
; a[17]      ; output[9]   ; 18.500 ; 18.045 ; 18.472 ; 17.981 ;
; a[17]      ; output[10]  ; 17.022 ; 16.435 ; 17.308 ; 16.706 ;
; a[17]      ; output[11]  ; 18.908 ;        ;        ; 18.417 ;
; a[17]      ; output[12]  ; 18.816 ; 18.204 ; 19.122 ; 18.614 ;
; a[17]      ; output[13]  ; 16.775 ;        ;        ; 16.756 ;
; a[17]      ; output[14]  ; 16.612 ; 16.499 ; 16.773 ; 16.653 ;
; a[17]      ; output[15]  ; 18.634 ;        ;        ; 18.230 ;
; a[17]      ; output[16]  ; 20.351 ; 20.022 ; 20.432 ; 20.096 ;
; a[17]      ; output[17]  ; 18.494 ; 14.398 ; 15.122 ; 18.327 ;
; a[17]      ; output[18]  ; 19.108 ; 16.644 ; 17.051 ; 18.720 ;
; a[17]      ; output[19]  ; 18.687 ; 16.961 ; 17.791 ; 18.360 ;
; a[17]      ; output[20]  ; 18.177 ; 17.715 ; 18.189 ; 17.665 ;
; a[17]      ; output[21]  ; 21.505 ; 20.972 ; 21.539 ; 20.999 ;
; a[17]      ; output[22]  ; 17.547 ; 15.535 ; 15.695 ; 17.251 ;
; a[17]      ; output[23]  ; 19.528 ; 17.565 ; 18.301 ; 19.148 ;
; a[17]      ; output[24]  ; 15.800 ; 15.207 ; 15.385 ; 15.616 ;
; a[17]      ; output[25]  ; 19.045 ; 18.619 ; 19.008 ; 18.626 ;
; a[17]      ; output[26]  ; 19.367 ; 18.806 ; 19.452 ; 18.884 ;
; a[17]      ; output[27]  ; 18.808 ; 18.245 ; 19.056 ; 18.480 ;
; a[17]      ; output[28]  ; 20.363 ; 19.810 ; 20.424 ; 19.856 ;
; a[17]      ; output[29]  ; 19.920 ; 19.493 ; 19.736 ; 19.374 ;
; a[17]      ; output[30]  ; 20.831 ; 20.273 ; 20.705 ; 20.212 ;
; a[17]      ; output[31]  ; 18.971 ; 16.043 ; 16.740 ; 18.750 ;
; a[18]      ; output[0]   ; 18.262 ; 18.384 ; 18.445 ; 18.505 ;
; a[18]      ; output[1]   ; 19.383 ;        ;        ; 18.981 ;
; a[18]      ; output[2]   ; 16.049 ; 16.520 ; 16.686 ; 15.997 ;
; a[18]      ; output[3]   ; 19.407 ;        ;        ; 18.804 ;
; a[18]      ; output[4]   ; 18.908 ; 18.656 ; 19.104 ; 18.981 ;
; a[18]      ; output[5]   ; 18.707 ;        ;        ; 18.194 ;
; a[18]      ; output[6]   ; 17.863 ; 17.229 ; 17.914 ; 17.273 ;
; a[18]      ; output[7]   ; 15.837 ;        ;        ; 15.652 ;
; a[18]      ; output[8]   ; 18.647 ;        ;        ; 18.539 ;
; a[18]      ; output[9]   ; 18.685 ; 18.230 ; 18.683 ; 18.192 ;
; a[18]      ; output[10]  ; 16.516 ;        ;        ; 16.128 ;
; a[18]      ; output[11]  ; 19.093 ;        ;        ; 18.628 ;
; a[18]      ; output[12]  ; 18.840 ; 18.228 ; 19.157 ; 18.649 ;
; a[18]      ; output[13]  ; 16.960 ;        ;        ; 16.967 ;
; a[18]      ; output[14]  ; 16.531 ; 16.418 ; 16.654 ; 16.534 ;
; a[18]      ; output[15]  ; 18.819 ;        ;        ; 18.441 ;
; a[18]      ; output[16]  ; 20.375 ; 20.046 ; 20.467 ; 20.131 ;
; a[18]      ; output[17]  ; 18.234 ;        ;        ; 17.938 ;
; a[18]      ; output[18]  ; 19.311 ; 18.132 ; 18.649 ; 18.954 ;
; a[18]      ; output[19]  ; 18.932 ; 18.354 ; 19.355 ; 18.715 ;
; a[18]      ; output[20]  ; 19.570 ; 19.108 ; 19.753 ; 19.229 ;
; a[18]      ; output[21]  ; 21.208 ; 20.675 ; 21.263 ; 20.723 ;
; a[18]      ; output[22]  ; 17.750 ; 16.928 ; 17.259 ; 17.485 ;
; a[18]      ; output[23]  ; 19.541 ; 18.958 ; 19.865 ; 19.319 ;
; a[18]      ; output[24]  ; 16.828 ; 16.600 ; 16.949 ; 16.721 ;
; a[18]      ; output[25]  ; 18.950 ; 18.373 ; 19.373 ; 18.734 ;
; a[18]      ; output[26]  ; 19.570 ; 19.009 ; 19.686 ; 19.118 ;
; a[18]      ; output[27]  ; 19.764 ; 19.188 ; 20.187 ; 19.611 ;
; a[18]      ; output[28]  ; 21.596 ; 21.043 ; 21.717 ; 21.164 ;
; a[18]      ; output[29]  ; 19.623 ; 19.196 ; 19.460 ; 19.098 ;
; a[18]      ; output[30]  ; 21.034 ; 20.476 ; 20.939 ; 20.446 ;
; a[18]      ; output[31]  ; 18.984 ; 17.436 ; 18.304 ; 18.734 ;
; a[19]      ; output[0]   ; 16.194 ; 16.316 ; 16.148 ; 16.208 ;
; a[19]      ; output[1]   ; 19.024 ;        ;        ; 18.554 ;
; a[19]      ; output[2]   ; 15.426 ; 15.897 ; 15.980 ; 15.291 ;
; a[19]      ; output[3]   ; 19.572 ;        ;        ; 18.960 ;
; a[19]      ; output[4]   ; 18.285 ; 18.033 ; 18.398 ; 18.275 ;
; a[19]      ; output[5]   ; 18.348 ;        ;        ; 17.767 ;
; a[19]      ; output[6]   ; 17.240 ; 16.606 ; 17.208 ; 16.567 ;
; a[19]      ; output[7]   ; 15.745 ;        ;        ; 15.589 ;
; a[19]      ; output[8]   ; 18.024 ;        ;        ; 17.833 ;
; a[19]      ; output[9]   ; 18.326 ; 17.871 ; 18.256 ; 17.765 ;
; a[19]      ; output[10]  ; 15.893 ;        ;        ; 15.422 ;
; a[19]      ; output[11]  ; 18.495 ;        ;        ; 18.013 ;
; a[19]      ; output[12]  ; 18.217 ; 17.605 ; 18.451 ; 17.943 ;
; a[19]      ; output[13]  ; 16.601 ;        ;        ; 16.540 ;
; a[19]      ; output[14]  ; 15.908 ; 15.795 ; 15.948 ; 15.828 ;
; a[19]      ; output[15]  ; 18.727 ;        ;        ; 18.378 ;
; a[19]      ; output[16]  ; 19.752 ; 19.423 ; 19.761 ; 19.425 ;
; a[19]      ; output[17]  ; 17.875 ;        ;        ; 17.511 ;
; a[19]      ; output[18]  ; 17.966 ; 17.509 ; 17.943 ; 17.572 ;
; a[19]      ; output[19]  ; 19.086 ; 15.777 ; 16.562 ; 18.623 ;
; a[19]      ; output[20]  ; 18.157 ; 17.040 ; 17.456 ; 17.664 ;
; a[19]      ; output[21]  ; 20.019 ; 19.486 ; 20.042 ; 19.502 ;
; a[19]      ; output[22]  ; 15.824 ; 14.860 ; 14.962 ; 15.647 ;
; a[19]      ; output[23]  ; 18.352 ; 16.890 ; 17.568 ; 17.911 ;
; a[19]      ; output[24]  ; 15.864 ; 14.532 ; 14.652 ; 15.628 ;
; a[19]      ; output[25]  ; 16.882 ; 16.305 ; 17.076 ; 16.437 ;
; a[19]      ; output[26]  ; 16.391 ; 15.984 ; 16.283 ; 15.943 ;
; a[19]      ; output[27]  ; 17.696 ; 17.120 ; 17.890 ; 17.314 ;
; a[19]      ; output[28]  ; 20.427 ; 19.874 ; 20.436 ; 19.868 ;
; a[19]      ; output[29]  ; 18.434 ; 18.007 ; 18.239 ; 17.877 ;
; a[19]      ; output[30]  ; 19.108 ; 18.550 ; 19.101 ; 18.608 ;
; a[19]      ; output[31]  ; 17.795 ; 15.368 ; 16.007 ; 17.513 ;
; a[20]      ; output[0]   ; 16.411 ; 16.533 ; 16.728 ; 16.788 ;
; a[20]      ; output[1]   ; 20.128 ;        ;        ; 19.596 ;
; a[20]      ; output[2]   ; 15.502 ; 15.973 ; 16.053 ; 15.364 ;
; a[20]      ; output[3]   ; 20.676 ;        ;        ; 20.002 ;
; a[20]      ; output[4]   ; 18.231 ; 17.979 ; 18.270 ; 18.170 ;
; a[20]      ; output[5]   ; 19.452 ;        ;        ; 18.809 ;
; a[20]      ; output[6]   ; 17.316 ; 16.682 ; 17.281 ; 16.640 ;
; a[20]      ; output[7]   ; 16.849 ;        ;        ; 16.631 ;
; a[20]      ; output[8]   ; 18.285 ;        ;        ; 17.968 ;
; a[20]      ; output[9]   ; 19.430 ; 18.975 ; 19.298 ; 18.807 ;
; a[20]      ; output[10]  ; 15.969 ;        ;        ; 15.495 ;
; a[20]      ; output[11]  ; 19.599 ;        ;        ; 19.055 ;
; a[20]      ; output[12]  ; 18.481 ; 17.869 ; 18.573 ; 18.065 ;
; a[20]      ; output[13]  ; 17.705 ;        ;        ; 17.582 ;
; a[20]      ; output[14]  ; 15.984 ; 15.871 ; 16.021 ; 15.901 ;
; a[20]      ; output[15]  ; 19.831 ;        ;        ; 19.420 ;
; a[20]      ; output[16]  ; 20.013 ; 19.684 ; 19.896 ; 19.560 ;
; a[20]      ; output[17]  ; 18.979 ;        ;        ; 18.553 ;
; a[20]      ; output[18]  ; 18.042 ; 17.585 ; 18.016 ; 17.645 ;
; a[20]      ; output[19]  ; 20.190 ;        ;        ; 19.665 ;
; a[20]      ; output[20]  ; 20.529 ; 20.712 ; 21.147 ; 19.957 ;
; a[20]      ; output[21]  ; 20.777 ; 20.244 ; 20.868 ; 20.328 ;
; a[20]      ; output[22]  ; 17.056 ; 15.077 ; 15.542 ; 16.844 ;
; a[20]      ; output[23]  ; 18.849 ; 17.107 ; 18.148 ; 18.415 ;
; a[20]      ; output[24]  ; 17.096 ; 14.749 ; 15.232 ; 16.825 ;
; a[20]      ; output[25]  ; 17.099 ; 16.522 ; 17.656 ; 17.017 ;
; a[20]      ; output[26]  ; 17.402 ; 16.201 ; 16.863 ; 17.140 ;
; a[20]      ; output[27]  ; 17.913 ; 17.337 ; 18.470 ; 17.894 ;
; a[20]      ; output[28]  ; 21.659 ; 21.106 ; 21.633 ; 21.065 ;
; a[20]      ; output[29]  ; 19.192 ; 18.765 ; 19.065 ; 18.703 ;
; a[20]      ; output[30]  ; 20.340 ; 19.782 ; 20.298 ; 19.805 ;
; a[20]      ; output[31]  ; 18.292 ; 15.585 ; 16.587 ; 18.017 ;
; a[21]      ; output[0]   ; 16.062 ; 16.115 ; 16.009 ; 16.069 ;
; a[21]      ; output[1]   ; 18.869 ;        ;        ; 18.438 ;
; a[21]      ; output[2]   ; 15.711 ; 16.182 ; 16.220 ; 15.531 ;
; a[21]      ; output[3]   ; 19.267 ;        ;        ; 18.632 ;
; a[21]      ; output[4]   ; 18.440 ; 18.188 ; 18.437 ; 18.337 ;
; a[21]      ; output[5]   ; 18.873 ;        ;        ; 18.387 ;
; a[21]      ; output[6]   ; 17.525 ; 16.891 ; 17.448 ; 16.807 ;
; a[21]      ; output[7]   ; 15.440 ;        ;        ; 15.261 ;
; a[21]      ; output[8]   ; 18.494 ;        ;        ; 18.135 ;
; a[21]      ; output[9]   ; 18.171 ; 17.716 ; 18.140 ; 17.649 ;
; a[21]      ; output[10]  ; 16.178 ;        ;        ; 15.662 ;
; a[21]      ; output[11]  ; 18.190 ;        ;        ; 17.685 ;
; a[21]      ; output[12]  ; 18.690 ; 18.078 ; 18.740 ; 18.232 ;
; a[21]      ; output[13]  ; 16.045 ;        ;        ; 15.978 ;
; a[21]      ; output[14]  ; 16.193 ; 16.080 ; 16.188 ; 16.068 ;
; a[21]      ; output[15]  ; 18.422 ;        ;        ; 18.050 ;
; a[21]      ; output[16]  ; 20.222 ; 19.893 ; 20.063 ; 19.727 ;
; a[21]      ; output[17]  ; 17.720 ;        ;        ; 17.395 ;
; a[21]      ; output[18]  ; 18.251 ; 17.794 ; 18.183 ; 17.812 ;
; a[21]      ; output[19]  ; 18.781 ;        ;        ; 18.295 ;
; a[21]      ; output[20]  ; 20.738 ; 20.921 ; 21.314 ; 20.124 ;
; a[21]      ; output[21]  ; 21.021 ; 20.488 ; 21.104 ; 20.564 ;
; a[21]      ; output[22]  ; 16.160 ; 14.659 ; 14.823 ; 15.902 ;
; a[21]      ; output[23]  ; 19.093 ; 16.689 ; 17.429 ; 18.651 ;
; a[21]      ; output[24]  ; 15.726 ; 15.434 ; 15.939 ; 15.632 ;
; a[21]      ; output[25]  ; 16.769 ; 16.104 ; 16.937 ; 16.406 ;
; a[21]      ; output[26]  ; 16.506 ; 15.783 ; 16.144 ; 16.198 ;
; a[21]      ; output[27]  ; 17.495 ; 16.919 ; 17.751 ; 17.175 ;
; a[21]      ; output[28]  ; 20.052 ; 19.499 ; 20.228 ; 19.675 ;
; a[21]      ; output[29]  ; 19.436 ; 19.009 ; 19.301 ; 18.939 ;
; a[21]      ; output[30]  ; 19.444 ; 18.886 ; 19.356 ; 18.863 ;
; a[21]      ; output[31]  ; 18.536 ; 15.167 ; 15.868 ; 18.253 ;
; a[22]      ; output[0]   ; 16.251 ; 15.061 ; 15.515 ; 16.122 ;
; a[22]      ; output[1]   ; 18.740 ;        ;        ; 18.373 ;
; a[22]      ; output[2]   ; 15.331 ; 15.802 ; 16.004 ; 15.315 ;
; a[22]      ; output[3]   ; 19.138 ;        ;        ; 18.567 ;
; a[22]      ; output[4]   ; 18.629 ; 18.377 ; 18.682 ; 18.582 ;
; a[22]      ; output[5]   ; 18.744 ;        ;        ; 18.322 ;
; a[22]      ; output[6]   ; 17.254 ;        ;        ; 16.739 ;
; a[22]      ; output[7]   ; 15.311 ;        ;        ; 15.196 ;
; a[22]      ; output[8]   ; 18.683 ;        ;        ; 18.380 ;
; a[22]      ; output[9]   ; 18.042 ; 17.587 ; 18.075 ; 17.584 ;
; a[22]      ; output[10]  ; 15.798 ;        ;        ; 15.446 ;
; a[22]      ; output[11]  ; 18.061 ;        ;        ; 17.620 ;
; a[22]      ; output[12]  ; 18.879 ; 18.267 ; 18.985 ; 18.477 ;
; a[22]      ; output[13]  ; 15.916 ;        ;        ; 15.913 ;
; a[22]      ; output[14]  ; 15.791 ; 15.678 ; 15.894 ; 15.774 ;
; a[22]      ; output[15]  ; 18.293 ;        ;        ; 17.985 ;
; a[22]      ; output[16]  ; 20.411 ; 20.082 ; 20.308 ; 19.972 ;
; a[22]      ; output[17]  ; 17.591 ;        ;        ; 17.330 ;
; a[22]      ; output[18]  ; 17.871 ; 17.414 ; 17.967 ; 17.596 ;
; a[22]      ; output[19]  ; 18.652 ;        ;        ; 18.230 ;
; a[22]      ; output[20]  ; 20.927 ; 21.110 ; 21.559 ; 20.369 ;
; a[22]      ; output[21]  ; 18.958 ;        ;        ; 18.538 ;
; a[22]      ; output[22]  ; 17.221 ; 17.722 ; 17.916 ; 16.959 ;
; a[22]      ; output[23]  ; 19.094 ; 16.183 ; 17.239 ; 18.731 ;
; a[22]      ; output[24]  ; 15.614 ; 15.322 ; 15.854 ; 15.547 ;
; a[22]      ; output[25]  ; 17.037 ; 16.611 ; 17.032 ; 16.650 ;
; a[22]      ; output[26]  ; 16.394 ; 15.277 ; 15.954 ; 16.113 ;
; a[22]      ; output[27]  ; 16.989 ; 16.413 ; 17.561 ; 16.985 ;
; a[22]      ; output[28]  ; 19.940 ; 19.387 ; 20.143 ; 19.590 ;
; a[22]      ; output[29]  ; 18.681 ; 18.254 ; 18.737 ; 18.310 ;
; a[22]      ; output[30]  ; 19.332 ; 18.774 ; 19.271 ; 18.778 ;
; a[22]      ; output[31]  ; 18.537 ; 14.661 ; 15.678 ; 18.333 ;
; a[23]      ; output[0]   ; 16.587 ; 15.971 ; 16.094 ; 16.322 ;
; a[23]      ; output[1]   ; 19.020 ;        ;        ; 18.580 ;
; a[23]      ; output[2]   ; 15.667 ; 16.138 ; 16.204 ; 15.515 ;
; a[23]      ; output[3]   ; 19.666 ;        ;        ; 19.052 ;
; a[23]      ; output[4]   ; 18.965 ; 18.713 ; 18.882 ; 18.782 ;
; a[23]      ; output[5]   ; 19.024 ;        ;        ; 18.529 ;
; a[23]      ; output[6]   ; 17.590 ;        ;        ; 16.939 ;
; a[23]      ; output[7]   ; 15.630 ;        ;        ; 15.393 ;
; a[23]      ; output[8]   ; 19.019 ;        ;        ; 18.580 ;
; a[23]      ; output[9]   ; 18.322 ; 17.867 ; 18.282 ; 17.791 ;
; a[23]      ; output[10]  ; 16.134 ;        ;        ; 15.646 ;
; a[23]      ; output[11]  ; 18.589 ;        ;        ; 18.105 ;
; a[23]      ; output[12]  ; 19.215 ; 18.603 ; 19.185 ; 18.677 ;
; a[23]      ; output[13]  ; 16.196 ;        ;        ; 16.120 ;
; a[23]      ; output[14]  ; 16.127 ; 16.014 ; 16.094 ; 15.974 ;
; a[23]      ; output[15]  ; 18.173 ;        ;        ; 17.742 ;
; a[23]      ; output[16]  ; 20.747 ; 20.418 ; 20.508 ; 20.172 ;
; a[23]      ; output[17]  ; 17.871 ;        ;        ; 17.537 ;
; a[23]      ; output[18]  ; 18.207 ; 17.750 ; 18.167 ; 17.796 ;
; a[23]      ; output[19]  ; 19.180 ;        ;        ; 18.715 ;
; a[23]      ; output[20]  ; 21.263 ; 21.446 ; 21.759 ; 20.569 ;
; a[23]      ; output[21]  ; 19.238 ;        ;        ; 18.745 ;
; a[23]      ; output[22]  ; 17.557 ; 18.058 ; 18.116 ; 17.159 ;
; a[23]      ; output[23]  ; 19.731 ; 16.672 ; 17.322 ; 19.237 ;
; a[23]      ; output[24]  ; 16.245 ; 15.953 ; 16.432 ; 16.125 ;
; a[23]      ; output[25]  ; 17.386 ; 16.960 ; 17.326 ; 16.885 ;
; a[23]      ; output[26]  ; 18.939 ; 18.378 ; 18.755 ; 18.187 ;
; a[23]      ; output[27]  ; 17.987 ; 17.411 ; 18.140 ; 17.564 ;
; a[23]      ; output[28]  ; 20.571 ; 20.018 ; 20.721 ; 20.168 ;
; a[23]      ; output[29]  ; 19.030 ; 18.603 ; 18.972 ; 18.545 ;
; a[23]      ; output[30]  ; 21.436 ; 20.878 ; 21.134 ; 20.641 ;
; a[23]      ; output[31]  ; 18.886 ; 15.659 ; 16.257 ; 18.568 ;
; a[24]      ; output[0]   ; 16.289 ; 16.249 ; 16.606 ; 16.516 ;
; a[24]      ; output[1]   ; 18.648 ;        ;        ; 18.362 ;
; a[24]      ; output[2]   ; 15.520 ; 15.991 ; 16.212 ; 15.523 ;
; a[24]      ; output[3]   ; 19.294 ;        ;        ; 18.834 ;
; a[24]      ; output[4]   ; 18.280 ; 18.028 ; 18.320 ; 18.220 ;
; a[24]      ; output[5]   ; 18.652 ;        ;        ; 18.311 ;
; a[24]      ; output[6]   ; 17.443 ;        ;        ; 16.947 ;
; a[24]      ; output[7]   ; 15.258 ;        ;        ; 15.175 ;
; a[24]      ; output[8]   ; 19.073 ; 18.615 ; 19.212 ; 18.839 ;
; a[24]      ; output[9]   ; 17.950 ; 17.495 ; 18.064 ; 17.573 ;
; a[24]      ; output[10]  ; 15.987 ;        ;        ; 15.654 ;
; a[24]      ; output[11]  ; 18.217 ;        ;        ; 17.887 ;
; a[24]      ; output[12]  ; 18.530 ; 17.918 ; 18.623 ; 18.115 ;
; a[24]      ; output[13]  ; 15.824 ;        ;        ; 15.902 ;
; a[24]      ; output[14]  ; 15.980 ; 15.867 ; 16.102 ; 15.982 ;
; a[24]      ; output[15]  ; 17.801 ;        ;        ; 17.524 ;
; a[24]      ; output[16]  ; 20.049 ; 19.720 ; 19.962 ; 19.626 ;
; a[24]      ; output[17]  ; 17.499 ;        ;        ; 17.319 ;
; a[24]      ; output[18]  ; 18.060 ; 17.603 ; 18.175 ; 17.804 ;
; a[24]      ; output[19]  ; 18.808 ;        ;        ; 18.497 ;
; a[24]      ; output[20]  ; 20.578 ; 20.761 ; 21.197 ; 20.007 ;
; a[24]      ; output[21]  ; 18.866 ;        ;        ; 18.527 ;
; a[24]      ; output[22]  ; 17.410 ; 17.911 ; 18.124 ; 17.167 ;
; a[24]      ; output[23]  ; 19.359 ;        ;        ; 19.019 ;
; a[24]      ; output[24]  ; 16.439 ; 16.211 ; 16.549 ; 16.425 ;
; a[24]      ; output[25]  ; 17.451 ; 16.927 ; 17.838 ; 17.199 ;
; a[24]      ; output[26]  ; 18.585 ; 18.024 ; 18.519 ; 17.951 ;
; a[24]      ; output[27]  ; 18.504 ; 17.941 ; 18.652 ; 18.076 ;
; a[24]      ; output[28]  ; 20.217 ; 19.664 ; 20.485 ; 19.932 ;
; a[24]      ; output[29]  ; 18.997 ; 18.570 ; 19.101 ; 18.674 ;
; a[24]      ; output[30]  ; 21.082 ; 20.524 ; 20.898 ; 20.405 ;
; a[24]      ; output[31]  ; 18.530 ; 15.937 ; 16.769 ; 18.224 ;
; a[25]      ; output[0]   ; 16.021 ; 15.914 ; 16.192 ; 16.102 ;
; a[25]      ; output[1]   ; 19.128 ;        ;        ; 18.729 ;
; a[25]      ; output[2]   ; 15.652 ; 16.123 ; 16.328 ; 15.639 ;
; a[25]      ; output[3]   ; 19.553 ;        ;        ; 18.968 ;
; a[25]      ; output[4]   ; 18.412 ; 18.160 ; 18.436 ; 18.336 ;
; a[25]      ; output[5]   ; 18.781 ;        ;        ; 18.303 ;
; a[25]      ; output[6]   ; 17.575 ;        ;        ; 17.063 ;
; a[25]      ; output[7]   ; 15.517 ;        ;        ; 15.309 ;
; a[25]      ; output[8]   ; 19.205 ; 18.747 ; 19.328 ; 18.955 ;
; a[25]      ; output[9]   ; 17.502 ;        ;        ; 17.057 ;
; a[25]      ; output[10]  ; 16.119 ;        ;        ; 15.770 ;
; a[25]      ; output[11]  ; 18.476 ;        ;        ; 18.021 ;
; a[25]      ; output[12]  ; 18.662 ; 18.050 ; 18.739 ; 18.231 ;
; a[25]      ; output[13]  ; 15.953 ;        ;        ; 15.894 ;
; a[25]      ; output[14]  ; 16.112 ; 15.999 ; 16.218 ; 16.098 ;
; a[25]      ; output[15]  ; 18.060 ;        ;        ; 17.658 ;
; a[25]      ; output[16]  ; 20.181 ; 19.852 ; 20.078 ; 19.742 ;
; a[25]      ; output[17]  ; 17.979 ;        ;        ; 17.686 ;
; a[25]      ; output[18]  ; 18.192 ; 17.735 ; 18.291 ; 17.920 ;
; a[25]      ; output[19]  ; 19.067 ;        ;        ; 18.631 ;
; a[25]      ; output[20]  ; 20.710 ; 20.893 ; 21.313 ; 20.123 ;
; a[25]      ; output[21]  ; 18.995 ;        ;        ; 18.519 ;
; a[25]      ; output[22]  ; 17.542 ; 18.043 ; 18.240 ; 17.283 ;
; a[25]      ; output[23]  ; 19.618 ;        ;        ; 19.153 ;
; a[25]      ; output[24]  ; 16.571 ; 16.343 ; 16.665 ; 16.541 ;
; a[25]      ; output[25]  ; 18.754 ; 17.093 ; 17.574 ; 18.226 ;
; a[25]      ; output[26]  ; 18.882 ; 18.321 ; 18.818 ; 18.250 ;
; a[25]      ; output[27]  ; 18.670 ; 18.107 ; 18.816 ; 18.240 ;
; a[25]      ; output[28]  ; 19.762 ; 19.209 ; 19.768 ; 19.215 ;
; a[25]      ; output[29]  ; 19.163 ; 18.736 ; 19.279 ; 18.852 ;
; a[25]      ; output[30]  ; 21.379 ; 20.821 ; 21.197 ; 20.704 ;
; a[25]      ; output[31]  ; 18.696 ; 15.602 ; 16.355 ; 18.402 ;
; a[26]      ; output[0]   ; 16.857 ; 15.718 ; 16.207 ; 16.678 ;
; a[26]      ; output[1]   ; 19.330 ;        ;        ; 18.853 ;
; a[26]      ; output[2]   ; 16.314 ; 16.785 ; 16.820 ; 16.131 ;
; a[26]      ; output[3]   ; 19.755 ;        ;        ; 19.092 ;
; a[26]      ; output[4]   ; 19.248 ; 18.996 ; 19.222 ; 19.122 ;
; a[26]      ; output[5]   ; 18.983 ;        ;        ; 18.427 ;
; a[26]      ; output[6]   ; 18.305 ;        ;        ; 17.641 ;
; a[26]      ; output[7]   ; 15.719 ;        ;        ; 15.433 ;
; a[26]      ; output[8]   ; 20.041 ; 19.583 ; 20.114 ; 19.741 ;
; a[26]      ; output[9]   ; 17.704 ;        ;        ; 17.181 ;
; a[26]      ; output[10]  ; 17.383 ; 16.796 ; 17.506 ; 16.904 ;
; a[26]      ; output[11]  ; 18.678 ;        ;        ; 18.145 ;
; a[26]      ; output[12]  ; 19.498 ; 18.886 ; 19.525 ; 19.017 ;
; a[26]      ; output[13]  ; 16.155 ;        ;        ; 16.018 ;
; a[26]      ; output[14]  ; 16.842 ; 16.729 ; 16.796 ; 16.676 ;
; a[26]      ; output[15]  ; 18.262 ;        ;        ; 17.782 ;
; a[26]      ; output[16]  ; 21.017 ; 20.688 ; 20.864 ; 20.528 ;
; a[26]      ; output[17]  ; 18.181 ;        ;        ; 17.810 ;
; a[26]      ; output[18]  ; 18.854 ; 18.397 ; 18.783 ; 18.412 ;
; a[26]      ; output[19]  ; 19.269 ;        ;        ; 18.755 ;
; a[26]      ; output[20]  ; 21.546 ; 21.729 ; 22.099 ; 20.909 ;
; a[26]      ; output[21]  ; 19.197 ;        ;        ; 18.643 ;
; a[26]      ; output[22]  ; 18.272 ; 18.773 ; 18.818 ; 17.861 ;
; a[26]      ; output[23]  ; 19.820 ;        ;        ; 19.277 ;
; a[26]      ; output[24]  ; 17.407 ; 17.179 ; 17.451 ; 17.327 ;
; a[26]      ; output[25]  ; 18.956 ;        ;        ; 18.350 ;
; a[26]      ; output[26]  ; 20.218 ; 19.811 ; 19.986 ; 19.580 ;
; a[26]      ; output[27]  ; 18.574 ; 18.011 ; 18.647 ; 18.071 ;
; a[26]      ; output[28]  ; 19.566 ; 19.013 ; 19.783 ; 19.230 ;
; a[26]      ; output[29]  ; 17.083 ; 16.656 ; 17.098 ; 16.736 ;
; a[26]      ; output[30]  ; 21.621 ; 21.063 ; 21.390 ; 20.897 ;
; a[26]      ; output[31]  ; 18.600 ; 15.406 ; 16.370 ; 18.233 ;
; a[27]      ; output[0]   ; 15.826 ; 15.297 ; 15.579 ; 15.820 ;
; a[27]      ; output[1]   ; 19.736 ;        ;        ; 19.343 ;
; a[27]      ; output[2]   ; 15.283 ; 15.754 ; 15.962 ; 15.273 ;
; a[27]      ; output[3]   ; 20.291 ;        ;        ; 19.758 ;
; a[27]      ; output[4]   ; 18.217 ; 17.965 ; 18.364 ; 18.264 ;
; a[27]      ; output[5]   ; 19.389 ;        ;        ; 18.917 ;
; a[27]      ; output[6]   ; 17.274 ;        ;        ; 16.783 ;
; a[27]      ; output[7]   ; 16.248 ;        ;        ; 16.108 ;
; a[27]      ; output[8]   ; 19.010 ; 18.552 ; 19.256 ; 18.883 ;
; a[27]      ; output[9]   ; 18.110 ;        ;        ; 17.671 ;
; a[27]      ; output[10]  ; 16.352 ; 15.765 ; 16.648 ; 16.046 ;
; a[27]      ; output[11]  ; 18.370 ;        ;        ; 17.914 ;
; a[27]      ; output[12]  ; 18.467 ; 17.855 ; 18.667 ; 18.159 ;
; a[27]      ; output[13]  ; 16.561 ;        ;        ; 16.508 ;
; a[27]      ; output[14]  ; 15.811 ; 15.698 ; 15.938 ; 15.818 ;
; a[27]      ; output[15]  ; 18.791 ;        ;        ; 18.457 ;
; a[27]      ; output[16]  ; 19.986 ; 19.657 ; 20.006 ; 19.670 ;
; a[27]      ; output[17]  ; 18.587 ;        ;        ; 18.300 ;
; a[27]      ; output[18]  ; 17.823 ; 17.366 ; 17.925 ; 17.554 ;
; a[27]      ; output[19]  ; 19.805 ;        ;        ; 19.421 ;
; a[27]      ; output[20]  ; 20.515 ; 20.698 ; 21.241 ; 20.051 ;
; a[27]      ; output[21]  ; 19.603 ;        ;        ; 19.133 ;
; a[27]      ; output[22]  ; 17.241 ; 17.742 ; 17.960 ; 17.003 ;
; a[27]      ; output[23]  ; 20.349 ;        ;        ; 19.952 ;
; a[27]      ; output[24]  ; 16.376 ; 16.148 ; 16.593 ; 16.469 ;
; a[27]      ; output[25]  ; 19.362 ;        ;        ; 18.840 ;
; a[27]      ; output[26]  ; 19.187 ; 18.780 ; 19.128 ; 18.722 ;
; a[27]      ; output[27]  ; 18.824 ; 17.955 ; 18.623 ; 18.226 ;
; a[27]      ; output[28]  ; 19.145 ; 18.592 ; 19.163 ; 18.610 ;
; a[27]      ; output[29]  ; 17.027 ; 16.600 ; 17.074 ; 16.712 ;
; a[27]      ; output[30]  ; 18.682 ; 18.124 ; 18.917 ; 18.359 ;
; a[27]      ; output[31]  ; 18.544 ; 14.985 ; 15.742 ; 18.209 ;
; a[28]      ; output[0]   ; 16.811 ; 15.262 ; 15.815 ; 16.744 ;
; a[28]      ; output[1]   ; 20.012 ;        ;        ; 19.561 ;
; a[28]      ; output[2]   ; 15.570 ; 16.041 ; 16.225 ; 15.536 ;
; a[28]      ; output[3]   ; 20.567 ;        ;        ; 19.976 ;
; a[28]      ; output[4]   ; 18.514 ; 18.262 ; 18.586 ; 18.486 ;
; a[28]      ; output[5]   ; 19.665 ;        ;        ; 19.135 ;
; a[28]      ; output[6]   ; 17.561 ;        ;        ; 17.046 ;
; a[28]      ; output[7]   ; 16.524 ;        ;        ; 16.326 ;
; a[28]      ; output[8]   ; 19.995 ; 19.537 ; 20.180 ; 19.807 ;
; a[28]      ; output[9]   ; 18.386 ;        ;        ; 17.889 ;
; a[28]      ; output[10]  ; 16.639 ; 16.052 ; 16.911 ; 16.309 ;
; a[28]      ; output[11]  ; 18.646 ;        ;        ; 18.132 ;
; a[28]      ; output[12]  ; 18.016 ; 17.404 ; 18.097 ; 17.589 ;
; a[28]      ; output[13]  ; 16.837 ;        ;        ; 16.726 ;
; a[28]      ; output[14]  ; 16.098 ; 15.985 ; 16.201 ; 16.081 ;
; a[28]      ; output[15]  ; 19.067 ;        ;        ; 18.675 ;
; a[28]      ; output[16]  ; 20.971 ; 20.642 ; 20.930 ; 20.594 ;
; a[28]      ; output[17]  ; 18.863 ;        ;        ; 18.518 ;
; a[28]      ; output[18]  ; 18.110 ; 17.653 ; 18.188 ; 17.817 ;
; a[28]      ; output[19]  ; 20.081 ;        ;        ; 19.639 ;
; a[28]      ; output[20]  ; 20.812 ; 20.995 ; 21.463 ; 20.273 ;
; a[28]      ; output[21]  ; 19.879 ;        ;        ; 19.351 ;
; a[28]      ; output[22]  ; 17.528 ; 18.029 ; 18.223 ; 17.266 ;
; a[28]      ; output[23]  ; 20.625 ;        ;        ; 20.170 ;
; a[28]      ; output[24]  ; 17.361 ; 17.133 ; 17.517 ; 17.393 ;
; a[28]      ; output[25]  ; 19.638 ;        ;        ; 19.058 ;
; a[28]      ; output[26]  ; 19.474 ; 19.067 ; 19.391 ; 18.985 ;
; a[28]      ; output[27]  ; 19.100 ;        ;        ; 18.444 ;
; a[28]      ; output[28]  ; 19.269 ; 18.716 ; 19.417 ; 18.864 ;
; a[28]      ; output[29]  ; 18.086 ; 17.659 ; 18.104 ; 17.677 ;
; a[28]      ; output[30]  ; 18.978 ; 18.420 ; 19.171 ; 18.613 ;
; a[28]      ; output[31]  ; 17.881 ; 17.432 ; 18.153 ; 17.686 ;
; a[29]      ; output[0]   ; 16.711 ; 14.886 ; 15.110 ; 16.571 ;
; a[29]      ; output[1]   ; 17.979 ;        ;        ; 17.548 ;
; a[29]      ; output[2]   ; 15.470 ; 15.941 ; 16.052 ; 15.363 ;
; a[29]      ; output[3]   ; 18.862 ;        ;        ; 18.300 ;
; a[29]      ; output[4]   ; 18.414 ; 18.162 ; 18.413 ; 18.313 ;
; a[29]      ; output[5]   ; 16.883 ;        ;        ; 16.446 ;
; a[29]      ; output[6]   ; 17.461 ;        ;        ; 16.873 ;
; a[29]      ; output[7]   ; 14.819 ;        ;        ; 14.650 ;
; a[29]      ; output[8]   ; 19.895 ; 19.437 ; 20.007 ; 19.634 ;
; a[29]      ; output[9]   ; 16.353 ;        ;        ; 15.876 ;
; a[29]      ; output[10]  ; 16.539 ; 15.952 ; 16.738 ; 16.136 ;
; a[29]      ; output[11]  ; 16.941 ;        ;        ; 16.456 ;
; a[29]      ; output[12]  ; 17.916 ; 17.304 ; 17.924 ; 17.416 ;
; a[29]      ; output[13]  ; 13.991 ;        ;        ; 14.089 ;
; a[29]      ; output[14]  ; 15.998 ; 15.885 ; 16.028 ; 15.908 ;
; a[29]      ; output[15]  ; 17.362 ;        ;        ; 16.999 ;
; a[29]      ; output[16]  ; 20.871 ; 20.542 ; 20.757 ; 20.421 ;
; a[29]      ; output[17]  ; 16.830 ;        ;        ; 16.505 ;
; a[29]      ; output[18]  ; 18.010 ; 17.553 ; 18.015 ; 17.644 ;
; a[29]      ; output[19]  ; 18.376 ;        ;        ; 17.963 ;
; a[29]      ; output[20]  ; 20.712 ; 20.895 ; 21.290 ; 20.100 ;
; a[29]      ; output[21]  ; 17.097 ;        ;        ; 16.662 ;
; a[29]      ; output[22]  ; 17.428 ; 17.929 ; 18.050 ; 17.093 ;
; a[29]      ; output[23]  ; 18.920 ;        ;        ; 18.494 ;
; a[29]      ; output[24]  ; 17.261 ; 17.033 ; 17.344 ; 17.220 ;
; a[29]      ; output[25]  ; 17.605 ;        ;        ; 17.045 ;
; a[29]      ; output[26]  ; 19.374 ; 18.967 ; 19.218 ; 18.812 ;
; a[29]      ; output[27]  ; 17.395 ;        ;        ; 16.768 ;
; a[29]      ; output[28]  ; 18.393 ;        ;        ; 17.845 ;
; a[29]      ; output[29]  ; 17.561 ; 17.134 ; 17.548 ; 17.121 ;
; a[29]      ; output[30]  ; 17.256 ; 16.698 ; 17.289 ; 16.796 ;
; a[29]      ; output[31]  ; 17.356 ; 16.907 ; 17.597 ; 17.130 ;
; a[30]      ; output[0]   ; 16.359 ; 15.747 ; 16.194 ; 16.410 ;
; a[30]      ; output[1]   ; 18.436 ;        ;        ; 18.142 ;
; a[30]      ; output[2]   ; 14.507 ; 14.978 ; 15.281 ; 14.592 ;
; a[30]      ; output[3]   ; 19.319 ;        ;        ; 18.894 ;
; a[30]      ; output[4]   ; 18.062 ; 17.810 ; 18.252 ; 18.152 ;
; a[30]      ; output[5]   ; 17.340 ;        ;        ; 17.040 ;
; a[30]      ; output[6]   ; 15.945 ;        ;        ; 15.483 ;
; a[30]      ; output[7]   ; 15.276 ;        ;        ; 15.244 ;
; a[30]      ; output[8]   ; 19.543 ; 19.085 ; 19.846 ; 19.473 ;
; a[30]      ; output[9]   ; 16.810 ;        ;        ; 16.470 ;
; a[30]      ; output[10]  ; 15.576 ; 14.989 ; 15.967 ; 15.365 ;
; a[30]      ; output[11]  ; 17.398 ;        ;        ; 17.050 ;
; a[30]      ; output[12]  ; 17.564 ; 16.952 ; 17.763 ; 17.255 ;
; a[30]      ; output[13]  ; 14.448 ;        ;        ; 14.683 ;
; a[30]      ; output[14]  ; 13.943 ; 13.830 ; 14.133 ; 14.013 ;
; a[30]      ; output[15]  ; 17.819 ;        ;        ; 17.593 ;
; a[30]      ; output[16]  ; 20.519 ; 20.190 ; 20.596 ; 20.260 ;
; a[30]      ; output[17]  ; 17.287 ;        ;        ; 17.099 ;
; a[30]      ; output[18]  ; 17.047 ; 16.590 ; 17.244 ; 16.873 ;
; a[30]      ; output[19]  ; 18.833 ;        ;        ; 18.557 ;
; a[30]      ; output[20]  ; 20.360 ; 20.543 ; 21.129 ; 19.939 ;
; a[30]      ; output[21]  ; 17.554 ;        ;        ; 17.256 ;
; a[30]      ; output[22]  ; 15.912 ; 16.413 ; 16.660 ; 15.703 ;
; a[30]      ; output[23]  ; 19.377 ;        ;        ; 19.088 ;
; a[30]      ; output[24]  ; 16.909 ; 16.681 ; 17.183 ; 17.059 ;
; a[30]      ; output[25]  ; 18.062 ;        ;        ; 17.639 ;
; a[30]      ; output[26]  ; 18.411 ; 18.004 ; 18.447 ; 18.041 ;
; a[30]      ; output[27]  ; 17.852 ;        ;        ; 17.362 ;
; a[30]      ; output[28]  ; 18.041 ;        ;        ; 17.684 ;
; a[30]      ; output[29]  ; 14.653 ;        ;        ; 14.533 ;
; a[30]      ; output[30]  ; 18.466 ; 17.908 ; 18.784 ; 18.226 ;
; a[30]      ; output[31]  ; 16.618 ; 15.435 ; 16.357 ; 16.529 ;
; a[31]      ; output[0]   ; 13.672 ; 12.460 ; 12.393 ; 13.451 ;
; a[31]      ; output[1]   ; 14.858 ;        ;        ; 14.319 ;
; a[31]      ; output[2]   ; 11.880 ; 12.351 ; 12.401 ; 11.712 ;
; a[31]      ; output[3]   ; 14.698 ;        ;        ; 14.129 ;
; a[31]      ; output[4]   ; 15.375 ; 15.123 ; 15.293 ; 15.193 ;
; a[31]      ; output[5]   ; 14.024 ;        ;        ; 13.409 ;
; a[31]      ; output[6]   ; 12.823 ;        ;        ; 12.058 ;
; a[31]      ; output[7]   ; 10.108 ;        ;        ; 9.932  ;
; a[31]      ; output[8]   ; 16.856 ; 16.398 ; 16.887 ; 16.514 ;
; a[31]      ; output[9]   ; 13.232 ;        ;        ; 12.647 ;
; a[31]      ; output[10]  ; 12.949 ; 12.362 ; 13.087 ; 12.485 ;
; a[31]      ; output[11]  ; 12.512 ;        ;        ; 11.968 ;
; a[31]      ; output[12]  ; 14.877 ; 14.265 ; 14.804 ; 14.296 ;
; a[31]      ; output[13]  ; 11.072 ;        ;        ; 10.972 ;
; a[31]      ; output[14]  ; 11.182 ; 11.069 ; 11.131 ; 11.011 ;
; a[31]      ; output[15]  ; 11.130 ;        ;        ; 10.772 ;
; a[31]      ; output[16]  ; 17.832 ; 17.503 ; 17.637 ; 17.301 ;
; a[31]      ; output[17]  ; 13.709 ;        ;        ; 13.276 ;
; a[31]      ; output[18]  ; 14.420 ; 13.963 ; 14.364 ; 13.993 ;
; a[31]      ; output[19]  ; 14.212 ;        ;        ; 13.792 ;
; a[31]      ; output[20]  ; 17.673 ; 17.856 ; 18.170 ; 16.980 ;
; a[31]      ; output[21]  ; 14.238 ;        ;        ; 13.625 ;
; a[31]      ; output[22]  ; 12.790 ; 13.291 ; 13.235 ; 12.278 ;
; a[31]      ; output[23]  ; 13.570 ;        ;        ; 13.005 ;
; a[31]      ; output[24]  ; 14.222 ; 13.994 ; 14.224 ; 14.100 ;
; a[31]      ; output[25]  ; 14.484 ;        ;        ; 13.816 ;
; a[31]      ; output[26]  ; 15.784 ; 15.377 ; 15.567 ; 15.161 ;
; a[31]      ; output[27]  ; 12.970 ;        ;        ; 12.281 ;
; a[31]      ; output[28]  ; 15.354 ;        ;        ; 14.725 ;
; a[31]      ; output[29]  ; 10.585 ;        ;        ; 10.264 ;
; a[31]      ; output[30]  ; 11.629 ;        ;        ; 11.090 ;
; a[31]      ; output[31]  ; 14.810 ; 14.361 ; 14.876 ; 14.409 ;
; b[0]       ; output[0]   ; 19.395 ; 19.417 ; 19.706 ; 19.728 ;
; b[0]       ; output[1]   ; 20.516 ; 19.751 ; 20.839 ; 20.134 ;
; b[0]       ; output[2]   ; 17.390 ; 17.547 ; 17.742 ; 17.906 ;
; b[0]       ; output[3]   ; 21.644 ; 21.265 ; 21.955 ; 21.576 ;
; b[0]       ; output[4]   ; 19.370 ; 19.118 ; 19.729 ; 19.477 ;
; b[0]       ; output[5]   ; 20.007 ; 19.278 ; 20.420 ; 19.547 ;
; b[0]       ; output[6]   ; 18.009 ; 17.375 ; 18.374 ; 17.740 ;
; b[0]       ; output[7]   ; 16.866 ; 16.469 ; 17.279 ; 16.738 ;
; b[0]       ; output[8]   ; 20.416 ; 19.958 ; 20.744 ; 20.286 ;
; b[0]       ; output[9]   ; 21.101 ; 20.544 ; 21.431 ; 20.874 ;
; b[0]       ; output[10]  ; 19.326 ; 18.453 ; 19.682 ; 18.802 ;
; b[0]       ; output[11]  ; 20.589 ; 20.243 ; 21.042 ; 20.696 ;
; b[0]       ; output[12]  ; 20.309 ; 19.311 ; 20.684 ; 19.679 ;
; b[0]       ; output[13]  ; 20.158 ; 20.010 ; 20.488 ; 20.340 ;
; b[0]       ; output[14]  ; 16.677 ; 16.564 ; 17.042 ; 16.929 ;
; b[0]       ; output[15]  ; 19.624 ; 19.273 ; 20.044 ; 19.726 ;
; b[0]       ; output[16]  ; 22.450 ; 21.549 ; 22.873 ; 21.815 ;
; b[0]       ; output[17]  ; 20.025 ; 19.251 ; 20.355 ; 19.574 ;
; b[0]       ; output[18]  ; 19.232 ; 18.775 ; 19.591 ; 19.134 ;
; b[0]       ; output[19]  ; 20.423 ; 19.782 ; 20.836 ; 20.051 ;
; b[0]       ; output[20]  ; 21.693 ; 21.571 ; 22.081 ; 21.916 ;
; b[0]       ; output[21]  ; 21.483 ; 20.950 ; 21.878 ; 21.345 ;
; b[0]       ; output[22]  ; 18.326 ; 18.450 ; 18.688 ; 18.778 ;
; b[0]       ; output[23]  ; 20.967 ; 20.313 ; 21.380 ; 20.582 ;
; b[0]       ; output[24]  ; 18.604 ; 18.312 ; 19.027 ; 18.735 ;
; b[0]       ; output[25]  ; 20.857 ; 19.944 ; 21.187 ; 20.267 ;
; b[0]       ; output[26]  ; 19.895 ; 19.488 ; 20.223 ; 19.816 ;
; b[0]       ; output[27]  ; 20.750 ; 20.174 ; 21.061 ; 20.485 ;
; b[0]       ; output[28]  ; 23.315 ; 22.762 ; 23.690 ; 23.137 ;
; b[0]       ; output[29]  ; 20.153 ; 19.726 ; 20.483 ; 20.056 ;
; b[0]       ; output[30]  ; 21.730 ; 21.172 ; 22.158 ; 21.600 ;
; b[0]       ; output[31]  ; 19.158 ; 18.696 ; 19.611 ; 18.939 ;
; b[1]       ; output[0]   ; 19.373 ; 19.333 ; 19.692 ; 19.652 ;
; b[1]       ; output[1]   ; 18.934 ; 18.385 ; 19.265 ; 18.704 ;
; b[1]       ; output[2]   ; 16.112 ; 16.265 ; 16.505 ; 16.584 ;
; b[1]       ; output[3]   ; 21.560 ; 21.181 ; 21.879 ; 21.500 ;
; b[1]       ; output[4]   ; 18.578 ; 18.326 ; 18.797 ; 18.697 ;
; b[1]       ; output[5]   ; 19.295 ; 18.601 ; 19.614 ; 18.920 ;
; b[1]       ; output[6]   ; 18.082 ; 17.283 ; 18.401 ; 17.602 ;
; b[1]       ; output[7]   ; 15.253 ; 15.151 ; 15.572 ; 15.470 ;
; b[1]       ; output[8]   ; 20.059 ; 19.601 ; 20.391 ; 20.018 ;
; b[1]       ; output[9]   ; 19.574 ; 19.017 ; 19.899 ; 19.342 ;
; b[1]       ; output[10]  ; 18.215 ; 17.490 ; 18.534 ; 17.809 ;
; b[1]       ; output[11]  ; 19.302 ; 18.956 ; 19.740 ; 19.394 ;
; b[1]       ; output[12]  ; 19.340 ; 18.406 ; 19.669 ; 18.778 ;
; b[1]       ; output[13]  ; 19.119 ; 18.971 ; 19.444 ; 19.296 ;
; b[1]       ; output[14]  ; 16.020 ; 15.907 ; 16.339 ; 16.226 ;
; b[1]       ; output[15]  ; 19.301 ; 18.983 ; 19.620 ; 19.302 ;
; b[1]       ; output[16]  ; 21.336 ; 20.706 ; 21.700 ; 20.805 ;
; b[1]       ; output[17]  ; 18.498 ; 17.809 ; 18.823 ; 18.256 ;
; b[1]       ; output[18]  ; 19.396 ; 18.939 ; 19.715 ; 19.258 ;
; b[1]       ; output[19]  ; 19.834 ; 19.256 ; 20.153 ; 19.575 ;
; b[1]       ; output[20]  ; 20.876 ; 21.059 ; 21.674 ; 20.674 ;
; b[1]       ; output[21]  ; 20.769 ; 20.236 ; 21.088 ; 20.555 ;
; b[1]       ; output[22]  ; 17.978 ; 17.830 ; 18.297 ; 18.149 ;
; b[1]       ; output[23]  ; 20.344 ; 19.860 ; 20.663 ; 20.179 ;
; b[1]       ; output[24]  ; 17.730 ; 17.502 ; 18.049 ; 17.821 ;
; b[1]       ; output[25]  ; 19.852 ; 19.275 ; 20.171 ; 19.594 ;
; b[1]       ; output[26]  ; 19.361 ; 18.954 ; 19.680 ; 19.273 ;
; b[1]       ; output[27]  ; 20.666 ; 20.090 ; 20.985 ; 20.409 ;
; b[1]       ; output[28]  ; 22.498 ; 21.945 ; 22.817 ; 22.264 ;
; b[1]       ; output[29]  ; 19.114 ; 18.687 ; 19.439 ; 19.012 ;
; b[1]       ; output[30]  ; 20.334 ; 19.776 ; 20.771 ; 20.213 ;
; b[1]       ; output[31]  ; 18.783 ; 18.338 ; 19.102 ; 18.657 ;
; b[2]       ; output[0]   ; 19.328 ; 19.350 ; 19.632 ; 19.654 ;
; b[2]       ; output[1]   ; 18.140 ; 17.500 ; 18.316 ; 17.892 ;
; b[2]       ; output[2]   ; 16.081 ; 15.962 ; 16.352 ; 16.233 ;
; b[2]       ; output[3]   ; 21.577 ; 21.198 ; 21.881 ; 21.502 ;
; b[2]       ; output[4]   ; 18.037 ; 17.868 ; 18.362 ; 18.110 ;
; b[2]       ; output[5]   ; 19.312 ; 18.618 ; 19.616 ; 18.922 ;
; b[2]       ; output[6]   ; 17.876 ; 17.077 ; 18.246 ; 17.447 ;
; b[2]       ; output[7]   ; 15.265 ; 15.168 ; 15.569 ; 15.472 ;
; b[2]       ; output[8]   ; 19.414 ; 18.851 ; 19.784 ; 19.221 ;
; b[2]       ; output[9]   ; 18.514 ; 17.957 ; 18.677 ; 18.120 ;
; b[2]       ; output[10]  ; 18.009 ; 17.284 ; 18.379 ; 17.654 ;
; b[2]       ; output[11]  ; 18.842 ; 18.496 ; 19.146 ; 18.800 ;
; b[2]       ; output[12]  ; 17.859 ; 17.273 ; 18.229 ; 17.643 ;
; b[2]       ; output[13]  ; 17.940 ; 17.792 ; 18.216 ; 18.068 ;
; b[2]       ; output[14]  ; 15.814 ; 15.701 ; 16.184 ; 16.071 ;
; b[2]       ; output[15]  ; 19.318 ; 19.000 ; 19.622 ; 19.304 ;
; b[2]       ; output[16]  ; 19.469 ; 18.983 ; 19.739 ; 19.353 ;
; b[2]       ; output[17]  ; 17.688 ; 17.156 ; 17.992 ; 17.460 ;
; b[2]       ; output[18]  ; 19.190 ; 18.733 ; 19.560 ; 19.103 ;
; b[2]       ; output[19]  ; 19.851 ; 19.211 ; 20.155 ; 19.515 ;
; b[2]       ; output[20]  ; 20.266 ; 19.804 ; 20.636 ; 20.174 ;
; b[2]       ; output[21]  ; 20.786 ; 20.253 ; 21.090 ; 20.557 ;
; b[2]       ; output[22]  ; 17.772 ; 17.624 ; 18.142 ; 17.994 ;
; b[2]       ; output[23]  ; 20.361 ; 19.815 ; 20.665 ; 20.119 ;
; b[2]       ; output[24]  ; 17.524 ; 17.296 ; 17.894 ; 17.666 ;
; b[2]       ; output[25]  ; 19.869 ; 19.230 ; 20.173 ; 19.534 ;
; b[2]       ; output[26]  ; 19.155 ; 18.748 ; 19.525 ; 19.118 ;
; b[2]       ; output[27]  ; 20.683 ; 20.107 ; 20.987 ; 20.411 ;
; b[2]       ; output[28]  ; 22.292 ; 21.739 ; 22.662 ; 22.109 ;
; b[2]       ; output[29]  ; 19.105 ; 18.678 ; 19.409 ; 18.982 ;
; b[2]       ; output[30]  ; 19.933 ; 19.375 ; 20.303 ; 19.745 ;
; b[2]       ; output[31]  ; 18.800 ; 18.293 ; 19.104 ; 18.597 ;
; b[3]       ; output[0]   ; 19.474 ; 19.434 ; 19.697 ; 19.657 ;
; b[3]       ; output[1]   ; 16.780 ; 16.378 ; 16.851 ; 16.492 ;
; b[3]       ; output[2]   ; 15.188 ; 15.069 ; 15.434 ; 15.315 ;
; b[3]       ; output[3]   ; 21.223 ; 20.844 ; 21.446 ; 21.067 ;
; b[3]       ; output[4]   ; 17.516 ; 17.264 ; 17.561 ; 17.461 ;
; b[3]       ; output[5]   ; 19.396 ; 18.702 ; 19.619 ; 18.925 ;
; b[3]       ; output[6]   ; 18.183 ; 17.384 ; 18.406 ; 17.607 ;
; b[3]       ; output[7]   ; 15.354 ; 15.252 ; 15.577 ; 15.475 ;
; b[3]       ; output[8]   ; 19.721 ; 19.158 ; 19.944 ; 19.381 ;
; b[3]       ; output[9]   ; 17.320 ; 16.763 ; 17.543 ; 16.986 ;
; b[3]       ; output[10]  ; 18.316 ; 17.591 ; 18.539 ; 17.814 ;
; b[3]       ; output[11]  ; 18.926 ; 18.580 ; 19.149 ; 18.803 ;
; b[3]       ; output[12]  ; 18.166 ; 17.580 ; 18.389 ; 17.803 ;
; b[3]       ; output[13]  ; 17.144 ; 16.996 ; 17.367 ; 17.219 ;
; b[3]       ; output[14]  ; 16.121 ; 16.008 ; 16.354 ; 16.241 ;
; b[3]       ; output[15]  ; 19.402 ; 19.084 ; 19.625 ; 19.307 ;
; b[3]       ; output[16]  ; 19.619 ; 19.290 ; 19.842 ; 19.513 ;
; b[3]       ; output[17]  ; 17.772 ; 17.302 ; 17.995 ; 17.525 ;
; b[3]       ; output[18]  ; 19.497 ; 19.040 ; 19.720 ; 19.263 ;
; b[3]       ; output[19]  ; 19.935 ; 19.357 ; 20.158 ; 19.580 ;
; b[3]       ; output[20]  ; 20.573 ; 20.111 ; 20.796 ; 20.334 ;
; b[3]       ; output[21]  ; 20.870 ; 20.337 ; 21.093 ; 20.560 ;
; b[3]       ; output[22]  ; 18.079 ; 17.931 ; 18.302 ; 18.154 ;
; b[3]       ; output[23]  ; 20.445 ; 19.961 ; 20.668 ; 20.184 ;
; b[3]       ; output[24]  ; 17.831 ; 17.603 ; 18.054 ; 17.826 ;
; b[3]       ; output[25]  ; 19.953 ; 19.376 ; 20.176 ; 19.599 ;
; b[3]       ; output[26]  ; 19.462 ; 19.055 ; 19.685 ; 19.278 ;
; b[3]       ; output[27]  ; 20.767 ; 20.191 ; 20.990 ; 20.414 ;
; b[3]       ; output[28]  ; 22.599 ; 22.046 ; 22.822 ; 22.269 ;
; b[3]       ; output[29]  ; 19.189 ; 18.762 ; 19.412 ; 18.985 ;
; b[3]       ; output[30]  ; 20.240 ; 19.682 ; 20.463 ; 19.905 ;
; b[3]       ; output[31]  ; 18.884 ; 18.439 ; 19.107 ; 18.662 ;
; b[4]       ; output[0]   ; 19.475 ; 19.497 ; 19.730 ; 19.752 ;
; b[4]       ; output[1]   ; 15.497 ; 15.128 ; 15.843 ; 15.494 ;
; b[4]       ; output[2]   ; 13.213 ; 13.129 ; 13.404 ; 13.277 ;
; b[4]       ; output[3]   ; 17.265 ; 16.673 ; 17.401 ; 17.022 ;
; b[4]       ; output[4]   ; 17.336 ; 17.167 ; 17.627 ; 17.375 ;
; b[4]       ; output[5]   ; 19.459 ; 18.765 ; 19.714 ; 19.020 ;
; b[4]       ; output[6]   ; 18.078 ; 17.279 ; 18.381 ; 17.582 ;
; b[4]       ; output[7]   ; 15.412 ; 15.315 ; 15.667 ; 15.570 ;
; b[4]       ; output[8]   ; 19.616 ; 19.053 ; 19.919 ; 19.356 ;
; b[4]       ; output[9]   ; 17.383 ; 16.826 ; 17.638 ; 17.081 ;
; b[4]       ; output[10]  ; 18.211 ; 17.486 ; 18.514 ; 17.789 ;
; b[4]       ; output[11]  ; 18.989 ; 18.643 ; 19.244 ; 18.898 ;
; b[4]       ; output[12]  ; 18.061 ; 17.475 ; 18.364 ; 17.778 ;
; b[4]       ; output[13]  ; 17.207 ; 17.059 ; 17.462 ; 17.314 ;
; b[4]       ; output[14]  ; 16.016 ; 15.903 ; 16.319 ; 16.206 ;
; b[4]       ; output[15]  ; 19.465 ; 19.147 ; 19.720 ; 19.402 ;
; b[4]       ; output[16]  ; 19.514 ; 19.185 ; 19.817 ; 19.488 ;
; b[4]       ; output[17]  ; 17.835 ; 17.303 ; 18.090 ; 17.558 ;
; b[4]       ; output[18]  ; 19.392 ; 18.935 ; 19.695 ; 19.238 ;
; b[4]       ; output[19]  ; 19.998 ; 19.358 ; 20.253 ; 19.613 ;
; b[4]       ; output[20]  ; 20.468 ; 20.006 ; 20.771 ; 20.309 ;
; b[4]       ; output[21]  ; 20.933 ; 20.400 ; 21.188 ; 20.655 ;
; b[4]       ; output[22]  ; 17.974 ; 17.826 ; 18.277 ; 18.129 ;
; b[4]       ; output[23]  ; 20.508 ; 19.962 ; 20.763 ; 20.217 ;
; b[4]       ; output[24]  ; 17.726 ; 17.498 ; 18.029 ; 17.801 ;
; b[4]       ; output[25]  ; 20.016 ; 19.377 ; 20.271 ; 19.632 ;
; b[4]       ; output[26]  ; 19.357 ; 18.950 ; 19.660 ; 19.253 ;
; b[4]       ; output[27]  ; 20.830 ; 20.254 ; 21.085 ; 20.509 ;
; b[4]       ; output[28]  ; 22.494 ; 21.941 ; 22.797 ; 22.244 ;
; b[4]       ; output[29]  ; 19.252 ; 18.825 ; 19.507 ; 19.080 ;
; b[4]       ; output[30]  ; 20.135 ; 19.577 ; 20.438 ; 19.880 ;
; b[4]       ; output[31]  ; 18.947 ; 18.440 ; 19.202 ; 18.695 ;
; b[5]       ; output[0]   ; 18.787 ; 18.747 ; 19.068 ; 19.028 ;
; b[5]       ; output[5]   ; 18.271 ; 17.577 ; 18.552 ; 17.858 ;
; b[5]       ; output[6]   ; 17.496 ; 16.697 ; 17.777 ; 16.978 ;
; b[5]       ; output[7]   ; 14.667 ; 14.565 ; 14.948 ; 14.846 ;
; b[5]       ; output[8]   ; 19.034 ; 18.471 ; 19.315 ; 18.752 ;
; b[5]       ; output[9]   ; 16.633 ; 16.076 ; 16.914 ; 16.357 ;
; b[5]       ; output[10]  ; 17.629 ; 16.904 ; 17.910 ; 17.185 ;
; b[5]       ; output[11]  ; 18.239 ; 17.893 ; 18.520 ; 18.174 ;
; b[5]       ; output[12]  ; 17.479 ; 16.893 ; 17.760 ; 17.174 ;
; b[5]       ; output[13]  ; 16.457 ; 16.309 ; 16.738 ; 16.590 ;
; b[5]       ; output[14]  ; 15.434 ; 15.321 ; 15.715 ; 15.602 ;
; b[5]       ; output[15]  ; 18.715 ; 18.397 ; 18.996 ; 18.678 ;
; b[5]       ; output[16]  ; 18.932 ; 18.603 ; 19.213 ; 18.884 ;
; b[5]       ; output[17]  ; 17.085 ; 16.615 ; 17.366 ; 16.896 ;
; b[5]       ; output[18]  ; 18.810 ; 18.353 ; 19.091 ; 18.634 ;
; b[5]       ; output[19]  ; 19.248 ; 18.670 ; 19.529 ; 18.951 ;
; b[5]       ; output[20]  ; 19.886 ; 19.424 ; 20.167 ; 19.705 ;
; b[5]       ; output[21]  ; 20.183 ; 19.650 ; 20.464 ; 19.931 ;
; b[5]       ; output[22]  ; 17.392 ; 17.244 ; 17.673 ; 17.525 ;
; b[5]       ; output[23]  ; 19.758 ; 19.274 ; 20.039 ; 19.555 ;
; b[5]       ; output[24]  ; 17.144 ; 16.916 ; 17.425 ; 17.197 ;
; b[5]       ; output[25]  ; 19.266 ; 18.689 ; 19.547 ; 18.970 ;
; b[5]       ; output[26]  ; 18.775 ; 18.368 ; 19.056 ; 18.649 ;
; b[5]       ; output[27]  ; 20.080 ; 19.504 ; 20.361 ; 19.785 ;
; b[5]       ; output[28]  ; 21.912 ; 21.359 ; 22.193 ; 21.640 ;
; b[5]       ; output[29]  ; 18.502 ; 18.075 ; 18.783 ; 18.356 ;
; b[5]       ; output[30]  ; 19.553 ; 18.995 ; 19.834 ; 19.276 ;
; b[5]       ; output[31]  ; 18.197 ; 17.752 ; 18.478 ; 18.033 ;
; b[6]       ; output[0]   ; 19.143 ; 19.165 ; 19.392 ; 19.414 ;
; b[6]       ; output[6]   ; 17.229 ; 16.547 ; 17.526 ; 16.844 ;
; b[6]       ; output[7]   ; 15.080 ; 14.983 ; 15.329 ; 15.232 ;
; b[6]       ; output[8]   ; 19.313 ; 18.750 ; 19.610 ; 19.047 ;
; b[6]       ; output[9]   ; 17.051 ; 16.494 ; 17.300 ; 16.743 ;
; b[6]       ; output[10]  ; 17.908 ; 17.183 ; 18.205 ; 17.480 ;
; b[6]       ; output[11]  ; 18.657 ; 18.311 ; 18.906 ; 18.560 ;
; b[6]       ; output[12]  ; 17.758 ; 17.172 ; 18.055 ; 17.469 ;
; b[6]       ; output[13]  ; 16.875 ; 16.727 ; 17.124 ; 16.976 ;
; b[6]       ; output[14]  ; 15.713 ; 15.600 ; 16.010 ; 15.897 ;
; b[6]       ; output[15]  ; 19.133 ; 18.815 ; 19.382 ; 19.064 ;
; b[6]       ; output[16]  ; 19.211 ; 18.882 ; 19.508 ; 19.179 ;
; b[6]       ; output[17]  ; 17.503 ; 16.971 ; 17.752 ; 17.220 ;
; b[6]       ; output[18]  ; 19.089 ; 18.632 ; 19.386 ; 18.929 ;
; b[6]       ; output[19]  ; 19.666 ; 19.026 ; 19.915 ; 19.275 ;
; b[6]       ; output[20]  ; 20.165 ; 19.703 ; 20.462 ; 20.000 ;
; b[6]       ; output[21]  ; 20.601 ; 20.068 ; 20.850 ; 20.317 ;
; b[6]       ; output[22]  ; 17.671 ; 17.523 ; 17.968 ; 17.820 ;
; b[6]       ; output[23]  ; 20.176 ; 19.630 ; 20.425 ; 19.879 ;
; b[6]       ; output[24]  ; 17.423 ; 17.195 ; 17.720 ; 17.492 ;
; b[6]       ; output[25]  ; 19.684 ; 19.045 ; 19.933 ; 19.294 ;
; b[6]       ; output[26]  ; 19.054 ; 18.647 ; 19.351 ; 18.944 ;
; b[6]       ; output[27]  ; 20.498 ; 19.922 ; 20.747 ; 20.171 ;
; b[6]       ; output[28]  ; 22.191 ; 21.638 ; 22.488 ; 21.935 ;
; b[6]       ; output[29]  ; 18.920 ; 18.493 ; 19.169 ; 18.742 ;
; b[6]       ; output[30]  ; 19.832 ; 19.274 ; 20.129 ; 19.571 ;
; b[6]       ; output[31]  ; 18.615 ; 18.108 ; 18.864 ; 18.357 ;
; b[7]       ; output[0]   ; 18.393 ; 18.353 ; 18.646 ; 18.606 ;
; b[7]       ; output[7]   ; 13.830 ; 13.733 ; 14.083 ; 13.986 ;
; b[7]       ; output[8]   ; 18.640 ; 18.077 ; 18.893 ; 18.330 ;
; b[7]       ; output[9]   ; 16.239 ; 15.682 ; 16.492 ; 15.935 ;
; b[7]       ; output[10]  ; 17.235 ; 16.510 ; 17.488 ; 16.763 ;
; b[7]       ; output[11]  ; 17.845 ; 17.499 ; 18.098 ; 17.752 ;
; b[7]       ; output[12]  ; 17.085 ; 16.499 ; 17.338 ; 16.752 ;
; b[7]       ; output[13]  ; 16.063 ; 15.915 ; 16.316 ; 16.168 ;
; b[7]       ; output[14]  ; 15.040 ; 14.927 ; 15.293 ; 15.180 ;
; b[7]       ; output[15]  ; 18.321 ; 18.003 ; 18.574 ; 18.256 ;
; b[7]       ; output[16]  ; 18.538 ; 18.209 ; 18.791 ; 18.462 ;
; b[7]       ; output[17]  ; 16.691 ; 16.221 ; 16.944 ; 16.474 ;
; b[7]       ; output[18]  ; 18.416 ; 17.959 ; 18.669 ; 18.212 ;
; b[7]       ; output[19]  ; 18.854 ; 18.276 ; 19.107 ; 18.529 ;
; b[7]       ; output[20]  ; 19.492 ; 19.030 ; 19.745 ; 19.283 ;
; b[7]       ; output[21]  ; 19.789 ; 19.256 ; 20.042 ; 19.509 ;
; b[7]       ; output[22]  ; 16.998 ; 16.850 ; 17.251 ; 17.103 ;
; b[7]       ; output[23]  ; 19.364 ; 18.880 ; 19.617 ; 19.133 ;
; b[7]       ; output[24]  ; 16.750 ; 16.522 ; 17.003 ; 16.775 ;
; b[7]       ; output[25]  ; 18.872 ; 18.295 ; 19.125 ; 18.548 ;
; b[7]       ; output[26]  ; 18.381 ; 17.974 ; 18.634 ; 18.227 ;
; b[7]       ; output[27]  ; 19.686 ; 19.110 ; 19.939 ; 19.363 ;
; b[7]       ; output[28]  ; 21.518 ; 20.965 ; 21.771 ; 21.218 ;
; b[7]       ; output[29]  ; 18.108 ; 17.681 ; 18.361 ; 17.934 ;
; b[7]       ; output[30]  ; 19.159 ; 18.601 ; 19.412 ; 18.854 ;
; b[7]       ; output[31]  ; 17.803 ; 17.358 ; 18.056 ; 17.611 ;
; b[8]       ; output[0]   ; 18.976 ; 18.998 ; 19.350 ; 19.372 ;
; b[8]       ; output[8]   ; 18.549 ; 18.103 ; 18.903 ; 18.435 ;
; b[8]       ; output[9]   ; 16.884 ; 16.327 ; 17.258 ; 16.701 ;
; b[8]       ; output[10]  ; 17.690 ; 16.965 ; 18.022 ; 17.297 ;
; b[8]       ; output[11]  ; 18.490 ; 18.144 ; 18.864 ; 18.518 ;
; b[8]       ; output[12]  ; 17.540 ; 16.954 ; 17.872 ; 17.286 ;
; b[8]       ; output[13]  ; 16.708 ; 16.560 ; 17.082 ; 16.934 ;
; b[8]       ; output[14]  ; 15.495 ; 15.382 ; 15.827 ; 15.714 ;
; b[8]       ; output[15]  ; 18.966 ; 18.648 ; 19.340 ; 19.022 ;
; b[8]       ; output[16]  ; 18.993 ; 18.664 ; 19.325 ; 18.996 ;
; b[8]       ; output[17]  ; 17.336 ; 16.804 ; 17.710 ; 17.178 ;
; b[8]       ; output[18]  ; 18.871 ; 18.414 ; 19.203 ; 18.746 ;
; b[8]       ; output[19]  ; 19.499 ; 18.859 ; 19.873 ; 19.233 ;
; b[8]       ; output[20]  ; 19.947 ; 19.485 ; 20.279 ; 19.817 ;
; b[8]       ; output[21]  ; 20.434 ; 19.901 ; 20.808 ; 20.275 ;
; b[8]       ; output[22]  ; 17.453 ; 17.305 ; 17.785 ; 17.637 ;
; b[8]       ; output[23]  ; 20.009 ; 19.463 ; 20.383 ; 19.837 ;
; b[8]       ; output[24]  ; 17.205 ; 16.977 ; 17.537 ; 17.309 ;
; b[8]       ; output[25]  ; 19.517 ; 18.878 ; 19.891 ; 19.252 ;
; b[8]       ; output[26]  ; 18.836 ; 18.429 ; 19.168 ; 18.761 ;
; b[8]       ; output[27]  ; 20.331 ; 19.755 ; 20.705 ; 20.129 ;
; b[8]       ; output[28]  ; 21.973 ; 21.420 ; 22.305 ; 21.752 ;
; b[8]       ; output[29]  ; 18.753 ; 18.326 ; 19.127 ; 18.700 ;
; b[8]       ; output[30]  ; 19.614 ; 19.056 ; 19.946 ; 19.388 ;
; b[8]       ; output[31]  ; 18.448 ; 17.941 ; 18.822 ; 18.315 ;
; b[9]       ; output[0]   ; 18.397 ; 18.357 ; 18.701 ; 18.661 ;
; b[9]       ; output[9]   ; 15.805 ; 15.248 ; 16.109 ; 15.552 ;
; b[9]       ; output[10]  ; 17.239 ; 16.514 ; 17.543 ; 16.818 ;
; b[9]       ; output[11]  ; 17.849 ; 17.503 ; 18.153 ; 17.807 ;
; b[9]       ; output[12]  ; 17.089 ; 16.503 ; 17.393 ; 16.807 ;
; b[9]       ; output[13]  ; 16.067 ; 15.919 ; 16.371 ; 16.223 ;
; b[9]       ; output[14]  ; 15.044 ; 14.931 ; 15.348 ; 15.235 ;
; b[9]       ; output[15]  ; 18.325 ; 18.007 ; 18.629 ; 18.311 ;
; b[9]       ; output[16]  ; 18.542 ; 18.213 ; 18.846 ; 18.517 ;
; b[9]       ; output[17]  ; 16.695 ; 16.225 ; 16.999 ; 16.529 ;
; b[9]       ; output[18]  ; 18.420 ; 17.963 ; 18.724 ; 18.267 ;
; b[9]       ; output[19]  ; 18.858 ; 18.280 ; 19.162 ; 18.584 ;
; b[9]       ; output[20]  ; 19.496 ; 19.034 ; 19.800 ; 19.338 ;
; b[9]       ; output[21]  ; 19.793 ; 19.260 ; 20.097 ; 19.564 ;
; b[9]       ; output[22]  ; 17.002 ; 16.854 ; 17.306 ; 17.158 ;
; b[9]       ; output[23]  ; 19.368 ; 18.884 ; 19.672 ; 19.188 ;
; b[9]       ; output[24]  ; 16.754 ; 16.526 ; 17.058 ; 16.830 ;
; b[9]       ; output[25]  ; 18.876 ; 18.299 ; 19.180 ; 18.603 ;
; b[9]       ; output[26]  ; 18.385 ; 17.978 ; 18.689 ; 18.282 ;
; b[9]       ; output[27]  ; 19.690 ; 19.114 ; 19.994 ; 19.418 ;
; b[9]       ; output[28]  ; 21.522 ; 20.969 ; 21.826 ; 21.273 ;
; b[9]       ; output[29]  ; 18.112 ; 17.685 ; 18.416 ; 17.989 ;
; b[9]       ; output[30]  ; 19.163 ; 18.605 ; 19.467 ; 18.909 ;
; b[9]       ; output[31]  ; 17.807 ; 17.362 ; 18.111 ; 17.666 ;
; b[10]      ; output[0]   ; 17.675 ; 17.697 ; 17.937 ; 17.959 ;
; b[10]      ; output[10]  ; 15.823 ; 15.199 ; 16.135 ; 15.527 ;
; b[10]      ; output[11]  ; 17.189 ; 16.843 ; 17.451 ; 17.105 ;
; b[10]      ; output[12]  ; 16.203 ; 15.617 ; 16.531 ; 15.945 ;
; b[10]      ; output[13]  ; 15.407 ; 15.259 ; 15.669 ; 15.521 ;
; b[10]      ; output[14]  ; 14.158 ; 14.045 ; 14.486 ; 14.373 ;
; b[10]      ; output[15]  ; 17.665 ; 17.347 ; 17.927 ; 17.609 ;
; b[10]      ; output[16]  ; 17.656 ; 17.327 ; 17.984 ; 17.655 ;
; b[10]      ; output[17]  ; 16.035 ; 15.503 ; 16.297 ; 15.765 ;
; b[10]      ; output[18]  ; 17.534 ; 17.077 ; 17.862 ; 17.405 ;
; b[10]      ; output[19]  ; 18.198 ; 17.558 ; 18.460 ; 17.820 ;
; b[10]      ; output[20]  ; 18.610 ; 18.148 ; 18.938 ; 18.476 ;
; b[10]      ; output[21]  ; 19.133 ; 18.600 ; 19.395 ; 18.862 ;
; b[10]      ; output[22]  ; 16.116 ; 15.968 ; 16.444 ; 16.296 ;
; b[10]      ; output[23]  ; 18.708 ; 18.162 ; 18.970 ; 18.424 ;
; b[10]      ; output[24]  ; 15.868 ; 15.640 ; 16.196 ; 15.968 ;
; b[10]      ; output[25]  ; 18.216 ; 17.577 ; 18.478 ; 17.839 ;
; b[10]      ; output[26]  ; 17.499 ; 17.092 ; 17.827 ; 17.420 ;
; b[10]      ; output[27]  ; 19.030 ; 18.454 ; 19.292 ; 18.716 ;
; b[10]      ; output[28]  ; 20.636 ; 20.083 ; 20.964 ; 20.411 ;
; b[10]      ; output[29]  ; 17.452 ; 17.025 ; 17.714 ; 17.287 ;
; b[10]      ; output[30]  ; 18.277 ; 17.719 ; 18.605 ; 18.047 ;
; b[10]      ; output[31]  ; 17.147 ; 16.640 ; 17.409 ; 16.902 ;
; b[11]      ; output[0]   ; 17.867 ; 17.829 ; 18.178 ; 18.138 ;
; b[11]      ; output[11]  ; 16.881 ; 16.535 ; 17.192 ; 16.846 ;
; b[11]      ; output[12]  ; 16.559 ; 15.973 ; 16.870 ; 16.284 ;
; b[11]      ; output[13]  ; 15.539 ; 15.391 ; 15.848 ; 15.700 ;
; b[11]      ; output[14]  ; 14.514 ; 14.401 ; 14.825 ; 14.712 ;
; b[11]      ; output[15]  ; 17.797 ; 17.479 ; 18.106 ; 17.788 ;
; b[11]      ; output[16]  ; 18.012 ; 17.683 ; 18.323 ; 17.994 ;
; b[11]      ; output[17]  ; 16.167 ; 15.695 ; 16.476 ; 16.006 ;
; b[11]      ; output[18]  ; 17.890 ; 17.433 ; 18.201 ; 17.744 ;
; b[11]      ; output[19]  ; 18.330 ; 17.750 ; 18.639 ; 18.061 ;
; b[11]      ; output[20]  ; 18.966 ; 18.504 ; 19.277 ; 18.815 ;
; b[11]      ; output[21]  ; 19.265 ; 18.732 ; 19.574 ; 19.041 ;
; b[11]      ; output[22]  ; 16.472 ; 16.324 ; 16.783 ; 16.635 ;
; b[11]      ; output[23]  ; 18.840 ; 18.354 ; 19.149 ; 18.665 ;
; b[11]      ; output[24]  ; 16.224 ; 15.996 ; 16.535 ; 16.307 ;
; b[11]      ; output[25]  ; 18.348 ; 17.769 ; 18.657 ; 18.080 ;
; b[11]      ; output[26]  ; 17.855 ; 17.448 ; 18.166 ; 17.759 ;
; b[11]      ; output[27]  ; 19.162 ; 18.586 ; 19.471 ; 18.895 ;
; b[11]      ; output[28]  ; 20.992 ; 20.439 ; 21.303 ; 20.750 ;
; b[11]      ; output[29]  ; 17.584 ; 17.157 ; 17.893 ; 17.466 ;
; b[11]      ; output[30]  ; 18.633 ; 18.075 ; 18.944 ; 18.386 ;
; b[11]      ; output[31]  ; 17.279 ; 16.832 ; 17.588 ; 17.143 ;
; b[12]      ; output[0]   ; 18.125 ; 18.147 ; 18.393 ; 18.415 ;
; b[12]      ; output[12]  ; 16.124 ; 15.616 ; 16.440 ; 15.932 ;
; b[12]      ; output[13]  ; 15.857 ; 15.709 ; 16.125 ; 15.977 ;
; b[12]      ; output[14]  ; 14.586 ; 14.473 ; 14.902 ; 14.789 ;
; b[12]      ; output[15]  ; 18.115 ; 17.797 ; 18.383 ; 18.065 ;
; b[12]      ; output[16]  ; 18.084 ; 17.755 ; 18.400 ; 18.071 ;
; b[12]      ; output[17]  ; 16.485 ; 15.953 ; 16.753 ; 16.221 ;
; b[12]      ; output[18]  ; 17.962 ; 17.505 ; 18.278 ; 17.821 ;
; b[12]      ; output[19]  ; 18.648 ; 18.008 ; 18.916 ; 18.276 ;
; b[12]      ; output[20]  ; 19.046 ; 18.576 ; 19.354 ; 18.892 ;
; b[12]      ; output[21]  ; 19.583 ; 19.050 ; 19.851 ; 19.318 ;
; b[12]      ; output[22]  ; 16.552 ; 16.396 ; 16.860 ; 16.712 ;
; b[12]      ; output[23]  ; 19.158 ; 18.612 ; 19.426 ; 18.880 ;
; b[12]      ; output[24]  ; 16.296 ; 16.068 ; 16.612 ; 16.384 ;
; b[12]      ; output[25]  ; 18.666 ; 18.027 ; 18.934 ; 18.295 ;
; b[12]      ; output[26]  ; 17.927 ; 17.520 ; 18.243 ; 17.836 ;
; b[12]      ; output[27]  ; 19.480 ; 18.904 ; 19.748 ; 19.172 ;
; b[12]      ; output[28]  ; 21.064 ; 20.511 ; 21.380 ; 20.827 ;
; b[12]      ; output[29]  ; 17.902 ; 17.475 ; 18.170 ; 17.743 ;
; b[12]      ; output[30]  ; 18.705 ; 18.147 ; 19.021 ; 18.463 ;
; b[12]      ; output[31]  ; 17.597 ; 17.090 ; 17.865 ; 17.358 ;
; b[13]      ; output[0]   ; 17.905 ; 17.865 ; 18.223 ; 18.183 ;
; b[13]      ; output[13]  ; 15.142 ; 14.994 ; 15.460 ; 15.312 ;
; b[13]      ; output[14]  ; 14.552 ; 14.439 ; 14.870 ; 14.757 ;
; b[13]      ; output[15]  ; 17.833 ; 17.515 ; 18.151 ; 17.833 ;
; b[13]      ; output[16]  ; 18.050 ; 17.721 ; 18.368 ; 18.039 ;
; b[13]      ; output[17]  ; 16.203 ; 15.733 ; 16.521 ; 16.051 ;
; b[13]      ; output[18]  ; 17.928 ; 17.471 ; 18.246 ; 17.789 ;
; b[13]      ; output[19]  ; 18.366 ; 17.788 ; 18.684 ; 18.106 ;
; b[13]      ; output[20]  ; 19.004 ; 18.542 ; 19.322 ; 18.860 ;
; b[13]      ; output[21]  ; 19.301 ; 18.768 ; 19.619 ; 19.086 ;
; b[13]      ; output[22]  ; 16.510 ; 16.362 ; 16.828 ; 16.680 ;
; b[13]      ; output[23]  ; 18.876 ; 18.392 ; 19.194 ; 18.710 ;
; b[13]      ; output[24]  ; 16.262 ; 16.034 ; 16.580 ; 16.352 ;
; b[13]      ; output[25]  ; 18.384 ; 17.807 ; 18.702 ; 18.125 ;
; b[13]      ; output[26]  ; 17.893 ; 17.486 ; 18.211 ; 17.804 ;
; b[13]      ; output[27]  ; 19.198 ; 18.622 ; 19.516 ; 18.940 ;
; b[13]      ; output[28]  ; 21.030 ; 20.477 ; 21.348 ; 20.795 ;
; b[13]      ; output[29]  ; 17.620 ; 17.193 ; 17.938 ; 17.511 ;
; b[13]      ; output[30]  ; 18.671 ; 18.113 ; 18.989 ; 18.431 ;
; b[13]      ; output[31]  ; 17.315 ; 16.870 ; 17.633 ; 17.188 ;
; b[14]      ; output[0]   ; 17.396 ; 17.418 ; 17.703 ; 17.725 ;
; b[14]      ; output[14]  ; 13.349 ; 13.236 ; 13.656 ; 13.543 ;
; b[14]      ; output[15]  ; 17.386 ; 17.068 ; 17.693 ; 17.375 ;
; b[14]      ; output[16]  ; 17.349 ; 17.020 ; 17.614 ; 17.285 ;
; b[14]      ; output[17]  ; 15.756 ; 15.224 ; 16.063 ; 15.531 ;
; b[14]      ; output[18]  ; 17.227 ; 16.770 ; 17.492 ; 17.035 ;
; b[14]      ; output[19]  ; 17.919 ; 17.279 ; 18.226 ; 17.586 ;
; b[14]      ; output[20]  ; 18.317 ; 17.841 ; 18.624 ; 18.106 ;
; b[14]      ; output[21]  ; 18.854 ; 18.321 ; 19.161 ; 18.628 ;
; b[14]      ; output[22]  ; 15.823 ; 15.661 ; 16.130 ; 15.926 ;
; b[14]      ; output[23]  ; 18.429 ; 17.883 ; 18.736 ; 18.190 ;
; b[14]      ; output[24]  ; 15.561 ; 15.333 ; 15.826 ; 15.598 ;
; b[14]      ; output[25]  ; 17.937 ; 17.298 ; 18.244 ; 17.605 ;
; b[14]      ; output[26]  ; 17.192 ; 16.785 ; 17.457 ; 17.050 ;
; b[14]      ; output[27]  ; 18.751 ; 18.175 ; 19.058 ; 18.482 ;
; b[14]      ; output[28]  ; 20.329 ; 19.776 ; 20.594 ; 20.041 ;
; b[14]      ; output[29]  ; 17.173 ; 16.746 ; 17.480 ; 17.053 ;
; b[14]      ; output[30]  ; 17.970 ; 17.412 ; 18.235 ; 17.677 ;
; b[14]      ; output[31]  ; 16.868 ; 16.361 ; 17.175 ; 16.668 ;
; b[15]      ; output[0]   ; 17.899 ; 18.021 ; 18.180 ; 18.302 ;
; b[15]      ; output[15]  ; 17.603 ; 17.285 ; 17.884 ; 17.566 ;
; b[15]      ; output[16]  ; 18.253 ; 17.924 ; 18.534 ; 18.205 ;
; b[15]      ; output[17]  ; 16.406 ; 15.936 ; 16.687 ; 16.217 ;
; b[15]      ; output[18]  ; 18.131 ; 17.674 ; 18.412 ; 17.955 ;
; b[15]      ; output[19]  ; 18.569 ; 17.991 ; 18.850 ; 18.272 ;
; b[15]      ; output[20]  ; 19.207 ; 18.745 ; 19.488 ; 19.026 ;
; b[15]      ; output[21]  ; 19.504 ; 18.971 ; 19.785 ; 19.252 ;
; b[15]      ; output[22]  ; 16.713 ; 16.565 ; 16.994 ; 16.846 ;
; b[15]      ; output[23]  ; 19.079 ; 18.595 ; 19.360 ; 18.876 ;
; b[15]      ; output[24]  ; 16.465 ; 16.237 ; 16.746 ; 16.518 ;
; b[15]      ; output[25]  ; 18.587 ; 18.010 ; 18.868 ; 18.291 ;
; b[15]      ; output[26]  ; 18.096 ; 17.689 ; 18.377 ; 17.970 ;
; b[15]      ; output[27]  ; 19.401 ; 18.825 ; 19.682 ; 19.106 ;
; b[15]      ; output[28]  ; 21.233 ; 20.680 ; 21.514 ; 20.961 ;
; b[15]      ; output[29]  ; 17.823 ; 17.396 ; 18.104 ; 17.677 ;
; b[15]      ; output[30]  ; 18.874 ; 18.316 ; 19.155 ; 18.597 ;
; b[15]      ; output[31]  ; 17.518 ; 17.073 ; 17.799 ; 17.354 ;
; b[16]      ; output[0]   ; 17.483 ; 17.545 ; 17.645 ; 17.755 ;
; b[16]      ; output[16]  ; 17.292 ; 16.963 ; 17.454 ; 17.125 ;
; b[16]      ; output[17]  ; 16.201 ; 15.669 ; 16.363 ; 15.831 ;
; b[16]      ; output[18]  ; 17.655 ; 17.198 ; 17.865 ; 17.408 ;
; b[16]      ; output[19]  ; 18.364 ; 17.724 ; 18.526 ; 17.886 ;
; b[16]      ; output[20]  ; 18.762 ; 18.269 ; 18.941 ; 18.479 ;
; b[16]      ; output[21]  ; 19.299 ; 18.766 ; 19.461 ; 18.928 ;
; b[16]      ; output[22]  ; 16.268 ; 16.089 ; 16.447 ; 16.299 ;
; b[16]      ; output[23]  ; 18.874 ; 18.328 ; 19.036 ; 18.490 ;
; b[16]      ; output[24]  ; 15.989 ; 15.761 ; 16.199 ; 15.971 ;
; b[16]      ; output[25]  ; 18.382 ; 17.743 ; 18.544 ; 17.905 ;
; b[16]      ; output[26]  ; 17.620 ; 17.213 ; 17.830 ; 17.423 ;
; b[16]      ; output[27]  ; 19.196 ; 18.620 ; 19.358 ; 18.782 ;
; b[16]      ; output[28]  ; 20.757 ; 20.204 ; 20.967 ; 20.414 ;
; b[16]      ; output[29]  ; 17.618 ; 17.191 ; 17.780 ; 17.353 ;
; b[16]      ; output[30]  ; 18.398 ; 17.840 ; 18.608 ; 18.050 ;
; b[16]      ; output[31]  ; 17.313 ; 16.806 ; 17.475 ; 16.968 ;
; b[17]      ; output[0]   ; 16.774 ; 16.896 ; 17.036 ; 17.158 ;
; b[17]      ; output[17]  ; 14.843 ; 14.302 ; 15.105 ; 14.564 ;
; b[17]      ; output[18]  ; 17.006 ; 16.549 ; 17.268 ; 16.811 ;
; b[17]      ; output[19]  ; 17.444 ; 16.866 ; 17.706 ; 17.128 ;
; b[17]      ; output[20]  ; 18.082 ; 17.620 ; 18.344 ; 17.882 ;
; b[17]      ; output[21]  ; 18.379 ; 17.846 ; 18.641 ; 18.108 ;
; b[17]      ; output[22]  ; 15.588 ; 15.440 ; 15.850 ; 15.702 ;
; b[17]      ; output[23]  ; 17.954 ; 17.470 ; 18.216 ; 17.732 ;
; b[17]      ; output[24]  ; 15.340 ; 15.112 ; 15.602 ; 15.374 ;
; b[17]      ; output[25]  ; 17.462 ; 16.885 ; 17.724 ; 17.147 ;
; b[17]      ; output[26]  ; 16.971 ; 16.564 ; 17.233 ; 16.826 ;
; b[17]      ; output[27]  ; 18.276 ; 17.700 ; 18.538 ; 17.962 ;
; b[17]      ; output[28]  ; 20.108 ; 19.555 ; 20.370 ; 19.817 ;
; b[17]      ; output[29]  ; 16.698 ; 16.271 ; 16.960 ; 16.533 ;
; b[17]      ; output[30]  ; 17.749 ; 17.191 ; 18.011 ; 17.453 ;
; b[17]      ; output[31]  ; 16.393 ; 15.948 ; 16.655 ; 16.210 ;
; b[18]      ; output[0]   ; 17.956 ; 18.078 ; 18.322 ; 18.444 ;
; b[18]      ; output[18]  ; 17.642 ; 17.199 ; 18.008 ; 17.565 ;
; b[18]      ; output[19]  ; 18.769 ; 18.129 ; 19.128 ; 18.488 ;
; b[18]      ; output[20]  ; 19.264 ; 18.802 ; 19.630 ; 19.168 ;
; b[18]      ; output[21]  ; 19.704 ; 19.171 ; 20.063 ; 19.530 ;
; b[18]      ; output[22]  ; 16.770 ; 16.622 ; 17.136 ; 16.988 ;
; b[18]      ; output[23]  ; 19.279 ; 18.733 ; 19.638 ; 19.092 ;
; b[18]      ; output[24]  ; 16.522 ; 16.294 ; 16.888 ; 16.660 ;
; b[18]      ; output[25]  ; 18.787 ; 18.148 ; 19.146 ; 18.507 ;
; b[18]      ; output[26]  ; 18.153 ; 17.746 ; 18.519 ; 18.112 ;
; b[18]      ; output[27]  ; 19.601 ; 19.025 ; 19.960 ; 19.384 ;
; b[18]      ; output[28]  ; 21.290 ; 20.737 ; 21.656 ; 21.103 ;
; b[18]      ; output[29]  ; 18.023 ; 17.596 ; 18.382 ; 17.955 ;
; b[18]      ; output[30]  ; 18.931 ; 18.373 ; 19.297 ; 18.739 ;
; b[18]      ; output[31]  ; 17.718 ; 17.211 ; 18.077 ; 17.570 ;
; b[19]      ; output[0]   ; 17.667 ; 17.789 ; 17.941 ; 18.063 ;
; b[19]      ; output[19]  ; 17.904 ; 17.251 ; 18.178 ; 17.525 ;
; b[19]      ; output[20]  ; 18.975 ; 18.513 ; 19.249 ; 18.787 ;
; b[19]      ; output[21]  ; 19.272 ; 18.739 ; 19.546 ; 19.013 ;
; b[19]      ; output[22]  ; 16.481 ; 16.333 ; 16.755 ; 16.607 ;
; b[19]      ; output[23]  ; 18.847 ; 18.363 ; 19.121 ; 18.637 ;
; b[19]      ; output[24]  ; 16.233 ; 16.005 ; 16.507 ; 16.279 ;
; b[19]      ; output[25]  ; 18.355 ; 17.778 ; 18.629 ; 18.052 ;
; b[19]      ; output[26]  ; 17.864 ; 17.457 ; 18.138 ; 17.731 ;
; b[19]      ; output[27]  ; 19.169 ; 18.593 ; 19.443 ; 18.867 ;
; b[19]      ; output[28]  ; 21.001 ; 20.448 ; 21.275 ; 20.722 ;
; b[19]      ; output[29]  ; 17.591 ; 17.164 ; 17.865 ; 17.438 ;
; b[19]      ; output[30]  ; 18.642 ; 18.084 ; 18.916 ; 18.358 ;
; b[19]      ; output[31]  ; 17.286 ; 16.841 ; 17.560 ; 17.115 ;
; b[20]      ; output[0]   ; 16.335 ; 16.407 ; 16.617 ; 16.739 ;
; b[20]      ; output[20]  ; 17.164 ; 16.665 ; 17.496 ; 16.931 ;
; b[20]      ; output[21]  ; 18.180 ; 17.647 ; 18.446 ; 17.913 ;
; b[20]      ; output[22]  ; 15.149 ; 14.951 ; 15.431 ; 15.283 ;
; b[20]      ; output[23]  ; 17.755 ; 17.209 ; 18.021 ; 17.475 ;
; b[20]      ; output[24]  ; 14.851 ; 14.623 ; 15.183 ; 14.955 ;
; b[20]      ; output[25]  ; 17.263 ; 16.624 ; 17.529 ; 16.890 ;
; b[20]      ; output[26]  ; 16.482 ; 16.075 ; 16.814 ; 16.407 ;
; b[20]      ; output[27]  ; 18.077 ; 17.501 ; 18.343 ; 17.767 ;
; b[20]      ; output[28]  ; 19.619 ; 19.066 ; 19.951 ; 19.398 ;
; b[20]      ; output[29]  ; 16.499 ; 16.072 ; 16.765 ; 16.338 ;
; b[20]      ; output[30]  ; 17.260 ; 16.702 ; 17.592 ; 17.034 ;
; b[20]      ; output[31]  ; 16.194 ; 15.687 ; 16.460 ; 15.953 ;
; b[21]      ; output[0]   ; 17.559 ; 17.681 ; 17.943 ; 18.065 ;
; b[21]      ; output[21]  ; 18.726 ; 18.193 ; 19.110 ; 18.577 ;
; b[21]      ; output[22]  ; 16.373 ; 16.225 ; 16.757 ; 16.609 ;
; b[21]      ; output[23]  ; 18.739 ; 18.255 ; 19.123 ; 18.639 ;
; b[21]      ; output[24]  ; 16.125 ; 15.897 ; 16.509 ; 16.281 ;
; b[21]      ; output[25]  ; 18.247 ; 17.670 ; 18.631 ; 18.054 ;
; b[21]      ; output[26]  ; 17.756 ; 17.349 ; 18.140 ; 17.733 ;
; b[21]      ; output[27]  ; 19.061 ; 18.485 ; 19.445 ; 18.869 ;
; b[21]      ; output[28]  ; 20.893 ; 20.340 ; 21.277 ; 20.724 ;
; b[21]      ; output[29]  ; 17.483 ; 17.056 ; 17.867 ; 17.440 ;
; b[21]      ; output[30]  ; 18.534 ; 17.976 ; 18.918 ; 18.360 ;
; b[21]      ; output[31]  ; 17.178 ; 16.733 ; 17.562 ; 17.117 ;
; b[22]      ; output[0]   ; 16.090 ; 16.128 ; 16.420 ; 16.458 ;
; b[22]      ; output[22]  ; 14.841 ; 14.576 ; 15.129 ; 14.874 ;
; b[22]      ; output[23]  ; 17.814 ; 17.268 ; 18.144 ; 17.598 ;
; b[22]      ; output[24]  ; 15.022 ; 14.794 ; 15.310 ; 15.082 ;
; b[22]      ; output[25]  ; 17.322 ; 16.683 ; 17.652 ; 17.013 ;
; b[22]      ; output[26]  ; 16.653 ; 16.246 ; 16.941 ; 16.534 ;
; b[22]      ; output[27]  ; 18.136 ; 17.560 ; 18.466 ; 17.890 ;
; b[22]      ; output[28]  ; 19.790 ; 19.237 ; 20.078 ; 19.525 ;
; b[22]      ; output[29]  ; 16.558 ; 16.131 ; 16.888 ; 16.461 ;
; b[22]      ; output[30]  ; 17.431 ; 16.873 ; 17.719 ; 17.161 ;
; b[22]      ; output[31]  ; 16.253 ; 15.746 ; 16.583 ; 16.076 ;
; b[23]      ; output[0]   ; 16.589 ; 16.549 ; 16.931 ; 16.891 ;
; b[23]      ; output[23]  ; 17.810 ; 17.251 ; 18.152 ; 17.593 ;
; b[23]      ; output[24]  ; 15.629 ; 15.401 ; 15.971 ; 15.743 ;
; b[23]      ; output[25]  ; 17.751 ; 17.174 ; 18.093 ; 17.516 ;
; b[23]      ; output[26]  ; 17.260 ; 16.853 ; 17.602 ; 17.195 ;
; b[23]      ; output[27]  ; 18.565 ; 17.989 ; 18.907 ; 18.331 ;
; b[23]      ; output[28]  ; 20.397 ; 19.844 ; 20.739 ; 20.186 ;
; b[23]      ; output[29]  ; 16.987 ; 16.560 ; 17.329 ; 16.902 ;
; b[23]      ; output[30]  ; 18.038 ; 17.480 ; 18.380 ; 17.822 ;
; b[23]      ; output[31]  ; 16.682 ; 16.237 ; 17.024 ; 16.579 ;
; b[24]      ; output[0]   ; 16.642 ; 16.552 ; 16.990 ; 16.900 ;
; b[24]      ; output[24]  ; 14.996 ; 14.783 ; 15.344 ; 15.116 ;
; b[24]      ; output[25]  ; 17.874 ; 17.235 ; 18.222 ; 17.583 ;
; b[24]      ; output[26]  ; 17.169 ; 16.762 ; 17.475 ; 17.068 ;
; b[24]      ; output[27]  ; 18.688 ; 18.112 ; 19.036 ; 18.460 ;
; b[24]      ; output[28]  ; 20.306 ; 19.753 ; 20.612 ; 20.059 ;
; b[24]      ; output[29]  ; 17.110 ; 16.683 ; 17.458 ; 17.031 ;
; b[24]      ; output[30]  ; 17.947 ; 17.389 ; 18.253 ; 17.695 ;
; b[24]      ; output[31]  ; 16.805 ; 16.298 ; 17.153 ; 16.646 ;
; b[25]      ; output[0]   ; 16.362 ; 16.322 ; 16.705 ; 16.665 ;
; b[25]      ; output[25]  ; 17.091 ; 16.446 ; 17.434 ; 16.782 ;
; b[25]      ; output[26]  ; 17.033 ; 16.626 ; 17.376 ; 16.969 ;
; b[25]      ; output[27]  ; 18.342 ; 17.766 ; 18.681 ; 18.105 ;
; b[25]      ; output[28]  ; 20.170 ; 19.617 ; 20.513 ; 19.960 ;
; b[25]      ; output[29]  ; 16.764 ; 16.337 ; 17.103 ; 16.676 ;
; b[25]      ; output[30]  ; 17.811 ; 17.253 ; 18.154 ; 17.596 ;
; b[25]      ; output[31]  ; 16.459 ; 16.010 ; 16.798 ; 16.353 ;
; b[26]      ; output[0]   ; 17.019 ; 16.929 ; 17.162 ; 17.072 ;
; b[26]      ; output[26]  ; 17.061 ; 16.654 ; 17.162 ; 16.755 ;
; b[26]      ; output[27]  ; 19.065 ; 18.489 ; 19.208 ; 18.632 ;
; b[26]      ; output[28]  ; 20.746 ; 20.193 ; 20.847 ; 20.294 ;
; b[26]      ; output[29]  ; 17.487 ; 17.060 ; 17.630 ; 17.203 ;
; b[26]      ; output[30]  ; 18.387 ; 17.829 ; 18.488 ; 17.930 ;
; b[26]      ; output[31]  ; 17.182 ; 16.675 ; 17.325 ; 16.818 ;
; b[27]      ; output[0]   ; 16.448 ; 16.408 ; 16.750 ; 16.710 ;
; b[27]      ; output[27]  ; 17.991 ; 17.415 ; 18.293 ; 17.717 ;
; b[27]      ; output[28]  ; 20.256 ; 19.703 ; 20.558 ; 20.005 ;
; b[27]      ; output[29]  ; 16.846 ; 16.419 ; 17.148 ; 16.721 ;
; b[27]      ; output[30]  ; 17.897 ; 17.339 ; 18.199 ; 17.641 ;
; b[27]      ; output[31]  ; 16.541 ; 16.096 ; 16.843 ; 16.398 ;
; b[28]      ; output[0]   ; 16.697 ; 16.607 ; 16.965 ; 16.875 ;
; b[28]      ; output[28]  ; 19.898 ; 19.345 ; 20.124 ; 19.571 ;
; b[28]      ; output[29]  ; 17.165 ; 16.738 ; 17.433 ; 17.006 ;
; b[28]      ; output[30]  ; 18.087 ; 17.529 ; 18.313 ; 17.755 ;
; b[28]      ; output[31]  ; 16.860 ; 16.353 ; 17.128 ; 16.621 ;
; b[29]      ; output[0]   ; 15.733 ; 15.693 ; 16.095 ; 16.055 ;
; b[29]      ; output[29]  ; 15.698 ; 15.271 ; 16.060 ; 15.633 ;
; b[29]      ; output[30]  ; 17.182 ; 16.624 ; 17.544 ; 16.986 ;
; b[29]      ; output[31]  ; 15.854 ; 15.381 ; 16.188 ; 15.743 ;
; b[30]      ; output[0]   ; 16.394 ; 16.273 ; 16.799 ; 16.678 ;
; b[30]      ; output[30]  ; 17.186 ; 16.628 ; 17.562 ; 17.004 ;
; b[30]      ; output[31]  ; 16.557 ; 16.050 ; 16.962 ; 16.455 ;
; b[31]      ; output[0]   ; 16.400 ; 16.360 ; 16.624 ; 16.584 ;
; b[31]      ; output[31]  ; 16.060 ; 15.540 ; 16.284 ; 15.764 ;
; op[0]      ; output[0]   ; 19.887 ; 19.847 ; 19.955 ; 19.977 ;
; op[0]      ; output[1]   ; 19.561 ; 19.337 ; 19.601 ; 19.427 ;
; op[0]      ; output[2]   ; 16.626 ; 16.779 ; 16.672 ; 16.825 ;
; op[0]      ; output[3]   ; 22.074 ; 21.695 ; 22.204 ; 21.825 ;
; op[0]      ; output[4]   ; 17.508 ; 17.256 ; 17.554 ; 17.302 ;
; op[0]      ; output[5]   ; 19.809 ; 19.115 ; 19.939 ; 19.245 ;
; op[0]      ; output[6]   ; 18.596 ; 17.797 ; 18.642 ; 17.843 ;
; op[0]      ; output[7]   ; 15.767 ; 15.665 ; 15.892 ; 15.795 ;
; op[0]      ; output[8]   ; 20.134 ; 19.571 ; 20.180 ; 19.617 ;
; op[0]      ; output[9]   ; 17.733 ; 17.176 ; 17.863 ; 17.306 ;
; op[0]      ; output[10]  ; 18.729 ; 18.004 ; 18.775 ; 18.050 ;
; op[0]      ; output[11]  ; 19.339 ; 18.993 ; 19.469 ; 19.123 ;
; op[0]      ; output[12]  ; 18.579 ; 17.993 ; 18.625 ; 18.039 ;
; op[0]      ; output[13]  ; 17.557 ; 17.409 ; 17.687 ; 17.539 ;
; op[0]      ; output[14]  ; 16.534 ; 16.421 ; 16.580 ; 16.467 ;
; op[0]      ; output[15]  ; 19.815 ; 19.497 ; 19.945 ; 19.627 ;
; op[0]      ; output[16]  ; 20.032 ; 19.703 ; 20.078 ; 19.749 ;
; op[0]      ; output[17]  ; 18.185 ; 17.715 ; 18.315 ; 17.783 ;
; op[0]      ; output[18]  ; 19.910 ; 19.453 ; 19.956 ; 19.499 ;
; op[0]      ; output[19]  ; 20.348 ; 19.770 ; 20.478 ; 19.838 ;
; op[0]      ; output[20]  ; 20.986 ; 20.524 ; 21.032 ; 20.570 ;
; op[0]      ; output[21]  ; 21.283 ; 20.750 ; 21.413 ; 20.880 ;
; op[0]      ; output[22]  ; 18.492 ; 18.344 ; 18.538 ; 18.390 ;
; op[0]      ; output[23]  ; 20.858 ; 20.374 ; 20.988 ; 20.442 ;
; op[0]      ; output[24]  ; 18.244 ; 18.016 ; 18.290 ; 18.062 ;
; op[0]      ; output[25]  ; 20.366 ; 19.789 ; 20.496 ; 19.857 ;
; op[0]      ; output[26]  ; 19.875 ; 19.468 ; 19.921 ; 19.514 ;
; op[0]      ; output[27]  ; 21.180 ; 20.604 ; 21.310 ; 20.734 ;
; op[0]      ; output[28]  ; 23.012 ; 22.459 ; 23.058 ; 22.505 ;
; op[0]      ; output[29]  ; 19.602 ; 19.175 ; 19.732 ; 19.305 ;
; op[0]      ; output[30]  ; 20.653 ; 20.095 ; 20.699 ; 20.141 ;
; op[0]      ; output[31]  ; 19.297 ; 18.852 ; 19.427 ; 18.920 ;
; op[1]      ; output[0]   ; 16.946 ; 16.968 ; 16.879 ; 16.901 ;
; op[1]      ; output[1]   ; 16.441 ; 16.217 ; 16.277 ; 16.103 ;
; op[1]      ; output[2]   ; 13.506 ; 13.659 ; 13.350 ; 13.503 ;
; op[1]      ; output[3]   ; 18.954 ; 18.575 ; 18.840 ; 18.461 ;
; op[1]      ; output[4]   ; 14.388 ; 14.136 ; 14.277 ; 14.025 ;
; op[1]      ; output[5]   ; 16.883 ; 16.189 ; 16.809 ; 16.115 ;
; op[1]      ; output[6]   ; 15.498 ; 14.699 ; 15.490 ; 14.691 ;
; op[1]      ; output[7]   ; 12.883 ; 12.786 ; 12.816 ; 12.719 ;
; op[1]      ; output[8]   ; 17.112 ; 16.549 ; 17.111 ; 16.548 ;
; op[1]      ; output[9]   ; 14.949 ; 14.392 ; 15.063 ; 14.506 ;
; op[1]      ; output[10]  ; 15.707 ; 14.982 ; 15.706 ; 14.981 ;
; op[1]      ; output[11]  ; 16.460 ; 16.114 ; 16.393 ; 16.047 ;
; op[1]      ; output[12]  ; 15.557 ; 14.971 ; 15.556 ; 14.970 ;
; op[1]      ; output[13]  ; 15.224 ; 15.076 ; 15.340 ; 15.192 ;
; op[1]      ; output[14]  ; 13.512 ; 13.399 ; 13.511 ; 13.398 ;
; op[1]      ; output[15]  ; 16.936 ; 16.618 ; 16.869 ; 16.551 ;
; op[1]      ; output[16]  ; 17.010 ; 16.681 ; 17.009 ; 16.680 ;
; op[1]      ; output[17]  ; 15.306 ; 14.774 ; 15.239 ; 14.707 ;
; op[1]      ; output[18]  ; 16.888 ; 16.431 ; 16.887 ; 16.430 ;
; op[1]      ; output[19]  ; 17.469 ; 16.829 ; 17.402 ; 16.762 ;
; op[1]      ; output[20]  ; 17.964 ; 17.502 ; 17.963 ; 17.501 ;
; op[1]      ; output[21]  ; 18.404 ; 17.871 ; 18.337 ; 17.804 ;
; op[1]      ; output[22]  ; 15.470 ; 15.322 ; 15.469 ; 15.321 ;
; op[1]      ; output[23]  ; 17.979 ; 17.433 ; 17.912 ; 17.366 ;
; op[1]      ; output[24]  ; 15.222 ; 14.994 ; 15.221 ; 14.993 ;
; op[1]      ; output[25]  ; 17.487 ; 16.848 ; 17.420 ; 16.781 ;
; op[1]      ; output[26]  ; 16.853 ; 16.446 ; 16.852 ; 16.445 ;
; op[1]      ; output[27]  ; 18.301 ; 17.725 ; 18.234 ; 17.658 ;
; op[1]      ; output[28]  ; 19.990 ; 19.437 ; 19.989 ; 19.436 ;
; op[1]      ; output[29]  ; 16.723 ; 16.296 ; 16.656 ; 16.229 ;
; op[1]      ; output[30]  ; 17.631 ; 17.073 ; 17.630 ; 17.072 ;
; op[1]      ; output[31]  ; 16.418 ; 15.911 ; 16.351 ; 15.844 ;
; op[2]      ; output[0]   ; 19.924 ; 19.946 ; 20.143 ; 20.165 ;
; op[2]      ; output[1]   ; 19.011 ; 18.837 ; 19.206 ; 19.032 ;
; op[2]      ; output[2]   ; 15.886 ; 16.027 ; 16.135 ; 16.288 ;
; op[2]      ; output[3]   ; 21.574 ; 21.195 ; 21.769 ; 21.390 ;
; op[2]      ; output[4]   ; 17.324 ; 17.072 ; 17.491 ; 17.239 ;
; op[2]      ; output[5]   ; 19.873 ; 19.179 ; 20.077 ; 19.383 ;
; op[2]      ; output[6]   ; 18.537 ; 17.738 ; 18.696 ; 17.897 ;
; op[2]      ; output[7]   ; 15.861 ; 15.764 ; 16.080 ; 15.983 ;
; op[2]      ; output[8]   ; 20.139 ; 19.576 ; 20.313 ; 19.750 ;
; op[2]      ; output[9]   ; 17.832 ; 17.275 ; 18.051 ; 17.494 ;
; op[2]      ; output[10]  ; 18.734 ; 18.009 ; 18.908 ; 18.183 ;
; op[2]      ; output[11]  ; 19.438 ; 19.092 ; 19.657 ; 19.311 ;
; op[2]      ; output[12]  ; 18.584 ; 17.998 ; 18.758 ; 18.172 ;
; op[2]      ; output[13]  ; 17.656 ; 17.508 ; 17.875 ; 17.727 ;
; op[2]      ; output[14]  ; 16.539 ; 16.426 ; 16.713 ; 16.600 ;
; op[2]      ; output[15]  ; 19.914 ; 19.596 ; 20.133 ; 19.815 ;
; op[2]      ; output[16]  ; 20.037 ; 19.708 ; 20.211 ; 19.882 ;
; op[2]      ; output[17]  ; 18.284 ; 17.752 ; 18.503 ; 17.971 ;
; op[2]      ; output[18]  ; 19.915 ; 19.458 ; 20.089 ; 19.632 ;
; op[2]      ; output[19]  ; 20.447 ; 19.807 ; 20.666 ; 20.026 ;
; op[2]      ; output[20]  ; 20.991 ; 20.529 ; 21.165 ; 20.703 ;
; op[2]      ; output[21]  ; 21.382 ; 20.849 ; 21.601 ; 21.068 ;
; op[2]      ; output[22]  ; 18.497 ; 18.349 ; 18.671 ; 18.523 ;
; op[2]      ; output[23]  ; 20.957 ; 20.411 ; 21.176 ; 20.630 ;
; op[2]      ; output[24]  ; 18.249 ; 18.021 ; 18.423 ; 18.195 ;
; op[2]      ; output[25]  ; 20.465 ; 19.826 ; 20.684 ; 20.045 ;
; op[2]      ; output[26]  ; 19.880 ; 19.473 ; 20.054 ; 19.647 ;
; op[2]      ; output[27]  ; 21.279 ; 20.703 ; 21.498 ; 20.922 ;
; op[2]      ; output[28]  ; 23.017 ; 22.464 ; 23.191 ; 22.638 ;
; op[2]      ; output[29]  ; 19.701 ; 19.274 ; 19.920 ; 19.493 ;
; op[2]      ; output[30]  ; 20.658 ; 20.100 ; 20.832 ; 20.274 ;
; op[2]      ; output[31]  ; 19.396 ; 18.889 ; 19.615 ; 19.108 ;
; op[3]      ; output[0]   ; 13.520 ; 13.453 ; 13.829 ; 13.783 ;
; op[3]      ; output[1]   ; 17.093 ; 16.724 ; 17.548 ; 17.374 ;
; op[3]      ; output[2]   ; 13.670 ; 13.606 ; 13.973 ; 13.909 ;
; op[3]      ; output[3]   ; 18.732 ; 18.140 ; 19.209 ; 18.830 ;
; op[3]      ; output[4]   ; 14.419 ; 14.292 ; 14.867 ; 14.747 ;
; op[3]      ; output[5]   ; 17.582 ; 16.888 ; 17.888 ; 17.194 ;
; op[3]      ; output[6]   ; 16.148 ; 15.570 ; 16.451 ; 15.873 ;
; op[3]      ; output[7]   ; 14.080 ; 13.983 ; 14.459 ; 14.362 ;
; op[3]      ; output[8]   ; 17.726 ; 17.410 ; 18.208 ; 17.939 ;
; op[3]      ; output[9]   ; 16.666 ; 16.109 ; 17.063 ; 16.506 ;
; op[3]      ; output[10]  ; 16.544 ; 16.107 ; 16.847 ; 16.441 ;
; op[3]      ; output[11]  ; 17.591 ; 17.245 ; 18.049 ; 17.703 ;
; op[3]      ; output[12]  ; 16.877 ; 16.369 ; 17.180 ; 16.672 ;
; op[3]      ; output[13]  ; 16.934 ; 16.786 ; 17.340 ; 17.192 ;
; op[3]      ; output[14]  ; 14.420 ; 14.300 ; 14.723 ; 14.603 ;
; op[3]      ; output[15]  ; 17.362 ; 16.988 ; 17.668 ; 17.294 ;
; op[3]      ; output[16]  ; 17.246 ; 16.910 ; 17.767 ; 17.438 ;
; op[3]      ; output[17]  ; 14.048 ; 13.691 ; 14.351 ; 13.994 ;
; op[3]      ; output[18]  ; 15.474 ; 15.103 ; 15.824 ; 15.367 ;
; op[3]      ; output[19]  ; 15.893 ; 15.542 ; 16.199 ; 15.848 ;
; op[3]      ; output[20]  ; 17.617 ; 16.427 ; 17.307 ; 17.490 ;
; op[3]      ; output[21]  ; 16.967 ; 16.434 ; 17.403 ; 16.863 ;
; op[3]      ; output[22]  ; 14.502 ; 14.249 ; 14.808 ; 14.555 ;
; op[3]      ; output[23]  ; 15.753 ; 17.812 ; 18.888 ; 15.657 ;
; op[3]      ; output[24]  ; 15.423 ; 15.299 ; 15.932 ; 15.704 ;
; op[3]      ; output[25]  ; 15.168 ; 14.836 ; 15.474 ; 15.142 ;
; op[3]      ; output[26]  ; 16.302 ; 15.896 ; 16.633 ; 16.226 ;
; op[3]      ; output[27]  ; 15.930 ; 15.391 ; 16.262 ; 15.694 ;
; op[3]      ; output[28]  ; 18.137 ; 17.569 ; 18.789 ; 18.236 ;
; op[3]      ; output[29]  ; 15.463 ; 15.036 ; 15.618 ; 15.256 ;
; op[3]      ; output[30]  ; 17.563 ; 17.005 ; 17.896 ; 17.403 ;
; op[3]      ; output[31]  ; 15.715 ; 14.765 ; 15.243 ; 15.704 ;
+------------+-------------+--------+--------+--------+--------+


+--------------------------------------------------------------+
; Minimum Propagation Delay                                    ;
+------------+-------------+--------+--------+--------+--------+
; Input Port ; Output Port ; RR     ; RF     ; FR     ; FF     ;
+------------+-------------+--------+--------+--------+--------+
; a[0]       ; output[0]   ; 10.278 ; 10.151 ; 10.595 ; 10.511 ;
; a[0]       ; output[1]   ; 14.842 ; 14.684 ; 15.239 ; 14.899 ;
; a[0]       ; output[2]   ; 12.313 ; 13.918 ; 14.145 ; 12.472 ;
; a[0]       ; output[3]   ; 17.022 ; 16.497 ; 17.298 ; 16.811 ;
; a[0]       ; output[4]   ; 13.924 ; 15.075 ; 15.355 ; 14.031 ;
; a[0]       ; output[5]   ; 16.977 ; 16.311 ; 17.063 ; 16.389 ;
; a[0]       ; output[6]   ; 15.005 ; 15.622 ; 16.457 ; 14.619 ;
; a[0]       ; output[7]   ; 13.648 ; 13.629 ; 13.980 ; 13.775 ;
; a[0]       ; output[8]   ; 16.983 ; 17.500 ; 18.098 ; 16.760 ;
; a[0]       ; output[9]   ; 15.645 ; 15.103 ; 15.825 ; 15.283 ;
; a[0]       ; output[10]  ; 15.760 ; 15.862 ; 16.629 ; 15.378 ;
; a[0]       ; output[11]  ; 17.054 ; 16.617 ; 17.234 ; 16.797 ;
; a[0]       ; output[12]  ; 15.162 ; 15.871 ; 16.498 ; 14.820 ;
; a[0]       ; output[13]  ; 15.039 ; 14.951 ; 15.219 ; 15.131 ;
; a[0]       ; output[14]  ; 13.452 ; 14.329 ; 14.554 ; 13.658 ;
; a[0]       ; output[15]  ; 16.378 ; 15.932 ; 16.654 ; 16.200 ;
; a[0]       ; output[16]  ; 15.375 ; 17.365 ; 17.799 ; 15.197 ;
; a[0]       ; output[17]  ; 13.896 ; 15.602 ; 16.342 ; 13.814 ;
; a[0]       ; output[18]  ; 14.843 ; 17.043 ; 17.614 ; 14.568 ;
; a[0]       ; output[19]  ; 15.479 ; 17.488 ; 18.329 ; 15.229 ;
; a[0]       ; output[20]  ; 15.411 ; 17.448 ; 18.064 ; 15.188 ;
; a[0]       ; output[21]  ; 16.525 ; 15.997 ; 16.783 ; 16.247 ;
; a[0]       ; output[22]  ; 13.551 ; 15.413 ; 15.738 ; 13.517 ;
; a[0]       ; output[23]  ; 17.136 ; 18.101 ; 18.866 ; 16.882 ;
; a[0]       ; output[24]  ; 14.631 ; 15.745 ; 16.078 ; 14.450 ;
; a[0]       ; output[25]  ; 15.644 ; 17.548 ; 18.346 ; 15.467 ;
; a[0]       ; output[26]  ; 15.986 ; 17.045 ; 17.639 ; 15.662 ;
; a[0]       ; output[27]  ; 16.674 ; 16.122 ; 16.880 ; 16.366 ;
; a[0]       ; output[28]  ; 17.914 ; 17.464 ; 18.217 ; 17.565 ;
; a[0]       ; output[29]  ; 17.121 ; 16.771 ; 17.167 ; 16.732 ;
; a[0]       ; output[30]  ; 17.424 ; 16.950 ; 17.597 ; 17.038 ;
; a[0]       ; output[31]  ; 16.622 ; 16.795 ; 17.453 ; 16.480 ;
; a[1]       ; output[0]   ; 13.680 ; 13.395 ; 13.868 ; 13.635 ;
; a[1]       ; output[1]   ; 13.354 ; 13.062 ; 13.552 ; 13.300 ;
; a[1]       ; output[2]   ; 12.872 ; 12.753 ; 13.083 ; 12.964 ;
; a[1]       ; output[3]   ; 17.532 ; 17.007 ; 17.704 ; 17.217 ;
; a[1]       ; output[4]   ; 14.082 ; 13.910 ; 14.293 ; 14.121 ;
; a[1]       ; output[5]   ; 16.289 ; 15.615 ; 16.572 ; 15.898 ;
; a[1]       ; output[6]   ; 15.220 ; 14.457 ; 15.395 ; 14.668 ;
; a[1]       ; output[7]   ; 12.599 ; 12.464 ; 12.918 ; 12.747 ;
; a[1]       ; output[8]   ; 16.861 ; 16.335 ; 17.036 ; 16.546 ;
; a[1]       ; output[9]   ; 14.480 ; 13.938 ; 14.763 ; 14.221 ;
; a[1]       ; output[10]  ; 15.392 ; 14.697 ; 15.567 ; 14.908 ;
; a[1]       ; output[11]  ; 15.889 ; 15.452 ; 16.172 ; 15.735 ;
; a[1]       ; output[12]  ; 15.225 ; 14.706 ; 15.436 ; 14.881 ;
; a[1]       ; output[13]  ; 13.874 ; 13.786 ; 14.157 ; 14.069 ;
; a[1]       ; output[14]  ; 13.281 ; 13.164 ; 13.492 ; 13.375 ;
; a[1]       ; output[15]  ; 15.652 ; 15.198 ; 15.935 ; 15.481 ;
; a[1]       ; output[16]  ; 16.526 ; 16.200 ; 16.737 ; 16.411 ;
; a[1]       ; output[17]  ; 14.426 ; 14.437 ; 15.280 ; 14.187 ;
; a[1]       ; output[18]  ; 16.341 ; 15.878 ; 16.552 ; 15.889 ;
; a[1]       ; output[19]  ; 15.989 ; 16.323 ; 17.267 ; 15.635 ;
; a[1]       ; output[20]  ; 16.791 ; 16.283 ; 17.002 ; 16.494 ;
; a[1]       ; output[21]  ; 17.055 ; 16.527 ; 17.156 ; 16.620 ;
; a[1]       ; output[22]  ; 14.465 ; 14.248 ; 14.676 ; 14.459 ;
; a[1]       ; output[23]  ; 17.485 ; 16.936 ; 17.804 ; 17.219 ;
; a[1]       ; output[24]  ; 14.805 ; 14.580 ; 15.016 ; 14.791 ;
; a[1]       ; output[25]  ; 16.174 ; 16.383 ; 17.284 ; 15.840 ;
; a[1]       ; output[26]  ; 16.376 ; 15.880 ; 16.577 ; 16.091 ;
; a[1]       ; output[27]  ; 17.184 ; 16.632 ; 17.286 ; 16.772 ;
; a[1]       ; output[28]  ; 19.236 ; 18.584 ; 19.447 ; 18.795 ;
; a[1]       ; output[29]  ; 16.180 ; 15.745 ; 16.463 ; 16.028 ;
; a[1]       ; output[30]  ; 17.061 ; 16.502 ; 17.272 ; 16.713 ;
; a[1]       ; output[31]  ; 16.072 ; 15.630 ; 16.391 ; 15.913 ;
; a[2]       ; output[0]   ; 15.037 ; 14.768 ; 15.217 ; 14.912 ;
; a[2]       ; output[1]   ; 16.668 ; 16.268 ; 17.031 ; 16.429 ;
; a[2]       ; output[2]   ; 10.796 ; 10.994 ; 11.330 ; 10.989 ;
; a[2]       ; output[3]   ; 17.545 ; 17.020 ; 17.705 ; 17.218 ;
; a[2]       ; output[4]   ; 14.710 ; 14.538 ; 14.890 ; 14.718 ;
; a[2]       ; output[5]   ; 16.917 ; 16.243 ; 17.169 ; 16.495 ;
; a[2]       ; output[6]   ; 15.848 ; 15.085 ; 15.992 ; 15.265 ;
; a[2]       ; output[7]   ; 13.227 ; 13.092 ; 13.515 ; 13.344 ;
; a[2]       ; output[8]   ; 17.489 ; 16.963 ; 17.633 ; 17.143 ;
; a[2]       ; output[9]   ; 15.108 ; 14.566 ; 15.360 ; 14.818 ;
; a[2]       ; output[10]  ; 16.020 ; 15.325 ; 16.164 ; 15.505 ;
; a[2]       ; output[11]  ; 16.517 ; 16.080 ; 16.769 ; 16.332 ;
; a[2]       ; output[12]  ; 15.853 ; 15.334 ; 16.033 ; 15.478 ;
; a[2]       ; output[13]  ; 14.502 ; 14.414 ; 14.754 ; 14.666 ;
; a[2]       ; output[14]  ; 13.909 ; 13.792 ; 14.089 ; 13.972 ;
; a[2]       ; output[15]  ; 16.280 ; 15.826 ; 16.532 ; 16.078 ;
; a[2]       ; output[16]  ; 17.154 ; 16.828 ; 17.334 ; 17.008 ;
; a[2]       ; output[17]  ; 15.589 ; 15.065 ; 15.877 ; 15.317 ;
; a[2]       ; output[18]  ; 16.552 ; 16.506 ; 17.149 ; 16.063 ;
; a[2]       ; output[19]  ; 16.002 ; 16.951 ; 17.864 ; 15.636 ;
; a[2]       ; output[20]  ; 17.419 ; 16.911 ; 17.599 ; 17.091 ;
; a[2]       ; output[21]  ; 17.887 ; 17.351 ; 18.139 ; 17.603 ;
; a[2]       ; output[22]  ; 15.093 ; 14.876 ; 15.273 ; 15.012 ;
; a[2]       ; output[23]  ; 17.659 ; 17.564 ; 18.401 ; 17.289 ;
; a[2]       ; output[24]  ; 15.433 ; 15.208 ; 15.613 ; 15.388 ;
; a[2]       ; output[25]  ; 17.593 ; 17.011 ; 17.881 ; 17.263 ;
; a[2]       ; output[26]  ; 17.004 ; 16.508 ; 17.174 ; 16.688 ;
; a[2]       ; output[27]  ; 17.197 ; 16.645 ; 17.287 ; 16.773 ;
; a[2]       ; output[28]  ; 19.864 ; 19.212 ; 20.044 ; 19.392 ;
; a[2]       ; output[29]  ; 16.808 ; 16.373 ; 17.060 ; 16.625 ;
; a[2]       ; output[30]  ; 17.689 ; 17.130 ; 17.869 ; 17.310 ;
; a[2]       ; output[31]  ; 16.700 ; 16.258 ; 16.988 ; 16.510 ;
; a[3]       ; output[0]   ; 14.883 ; 14.614 ; 15.130 ; 14.825 ;
; a[3]       ; output[1]   ; 17.347 ;        ;        ; 17.051 ;
; a[3]       ; output[2]   ; 15.572 ; 15.461 ; 15.466 ; 15.355 ;
; a[3]       ; output[3]   ; 14.730 ; 14.226 ; 14.989 ; 14.525 ;
; a[3]       ; output[4]   ; 14.556 ; 14.384 ; 14.803 ; 14.631 ;
; a[3]       ; output[5]   ; 16.763 ; 16.089 ; 17.082 ; 16.408 ;
; a[3]       ; output[6]   ; 15.694 ; 14.931 ; 15.905 ; 15.178 ;
; a[3]       ; output[7]   ; 13.073 ; 12.938 ; 13.428 ; 13.257 ;
; a[3]       ; output[8]   ; 17.335 ; 16.809 ; 17.546 ; 17.056 ;
; a[3]       ; output[9]   ; 14.954 ; 14.412 ; 15.273 ; 14.731 ;
; a[3]       ; output[10]  ; 15.866 ; 15.171 ; 16.077 ; 15.418 ;
; a[3]       ; output[11]  ; 16.363 ; 15.926 ; 16.682 ; 16.245 ;
; a[3]       ; output[12]  ; 15.699 ; 15.180 ; 15.946 ; 15.391 ;
; a[3]       ; output[13]  ; 14.348 ; 14.260 ; 14.667 ; 14.579 ;
; a[3]       ; output[14]  ; 13.755 ; 13.638 ; 14.002 ; 13.885 ;
; a[3]       ; output[15]  ; 16.126 ; 15.672 ; 16.445 ; 15.991 ;
; a[3]       ; output[16]  ; 17.000 ; 16.674 ; 17.247 ; 16.921 ;
; a[3]       ; output[17]  ; 15.435 ; 14.911 ; 15.790 ; 15.230 ;
; a[3]       ; output[18]  ; 16.815 ; 16.352 ; 17.062 ; 16.599 ;
; a[3]       ; output[19]  ; 15.753 ; 16.797 ; 17.777 ; 15.433 ;
; a[3]       ; output[20]  ; 17.265 ; 16.757 ; 17.512 ; 17.004 ;
; a[3]       ; output[21]  ; 17.733 ; 17.197 ; 18.052 ; 17.516 ;
; a[3]       ; output[22]  ; 14.939 ; 14.722 ; 15.186 ; 14.969 ;
; a[3]       ; output[23]  ; 17.410 ; 17.410 ; 18.314 ; 17.086 ;
; a[3]       ; output[24]  ; 15.279 ; 15.054 ; 15.526 ; 15.301 ;
; a[3]       ; output[25]  ; 17.439 ; 16.857 ; 17.794 ; 17.176 ;
; a[3]       ; output[26]  ; 16.850 ; 16.354 ; 17.087 ; 16.601 ;
; a[3]       ; output[27]  ; 16.948 ; 16.396 ; 17.084 ; 16.570 ;
; a[3]       ; output[28]  ; 19.710 ; 19.058 ; 19.957 ; 19.305 ;
; a[3]       ; output[29]  ; 16.654 ; 16.219 ; 16.973 ; 16.538 ;
; a[3]       ; output[30]  ; 17.535 ; 16.976 ; 17.782 ; 17.223 ;
; a[3]       ; output[31]  ; 16.546 ; 16.104 ; 16.901 ; 16.423 ;
; a[4]       ; output[0]   ; 14.522 ; 14.253 ; 14.715 ; 14.410 ;
; a[4]       ; output[1]   ; 17.085 ;        ;        ; 16.763 ;
; a[4]       ; output[2]   ; 14.051 ; 13.940 ; 14.107 ; 13.996 ;
; a[4]       ; output[3]   ; 17.916 ; 17.390 ; 18.124 ; 17.396 ;
; a[4]       ; output[4]   ; 11.833 ; 12.475 ; 12.916 ; 11.958 ;
; a[4]       ; output[5]   ; 16.402 ; 15.728 ; 16.667 ; 15.993 ;
; a[4]       ; output[6]   ; 15.333 ; 14.570 ; 15.490 ; 14.763 ;
; a[4]       ; output[7]   ; 12.712 ; 12.577 ; 13.013 ; 12.842 ;
; a[4]       ; output[8]   ; 16.974 ; 16.448 ; 17.131 ; 16.641 ;
; a[4]       ; output[9]   ; 14.593 ; 14.051 ; 14.858 ; 14.316 ;
; a[4]       ; output[10]  ; 15.505 ; 14.810 ; 15.662 ; 15.003 ;
; a[4]       ; output[11]  ; 16.002 ; 15.565 ; 16.267 ; 15.830 ;
; a[4]       ; output[12]  ; 15.338 ; 14.819 ; 15.531 ; 14.976 ;
; a[4]       ; output[13]  ; 13.987 ; 13.899 ; 14.252 ; 14.164 ;
; a[4]       ; output[14]  ; 13.394 ; 13.277 ; 13.587 ; 13.470 ;
; a[4]       ; output[15]  ; 15.765 ; 15.311 ; 16.030 ; 15.576 ;
; a[4]       ; output[16]  ; 16.639 ; 16.313 ; 16.832 ; 16.506 ;
; a[4]       ; output[17]  ; 15.074 ; 14.550 ; 15.375 ; 14.815 ;
; a[4]       ; output[18]  ; 16.454 ; 15.991 ; 16.647 ; 16.184 ;
; a[4]       ; output[19]  ; 16.628 ; 16.436 ; 17.362 ; 16.221 ;
; a[4]       ; output[20]  ; 16.904 ; 16.396 ; 17.097 ; 16.589 ;
; a[4]       ; output[21]  ; 16.977 ; 16.449 ; 17.100 ; 16.564 ;
; a[4]       ; output[22]  ; 14.578 ; 14.361 ; 14.771 ; 14.554 ;
; a[4]       ; output[23]  ; 17.040 ; 17.049 ; 17.899 ; 16.624 ;
; a[4]       ; output[24]  ; 14.918 ; 14.693 ; 15.111 ; 14.886 ;
; a[4]       ; output[25]  ; 17.078 ; 16.496 ; 17.379 ; 16.761 ;
; a[4]       ; output[26]  ; 16.489 ; 15.993 ; 16.672 ; 16.186 ;
; a[4]       ; output[27]  ; 17.215 ; 16.663 ; 17.278 ; 16.764 ;
; a[4]       ; output[28]  ; 19.349 ; 18.697 ; 19.542 ; 18.890 ;
; a[4]       ; output[29]  ; 16.293 ; 15.858 ; 16.558 ; 16.123 ;
; a[4]       ; output[30]  ; 17.174 ; 16.615 ; 17.367 ; 16.808 ;
; a[4]       ; output[31]  ; 16.185 ; 15.743 ; 16.486 ; 16.008 ;
; a[5]       ; output[0]   ; 14.774 ; 14.505 ; 14.858 ; 14.553 ;
; a[5]       ; output[1]   ; 17.987 ;        ;        ; 17.497 ;
; a[5]       ; output[2]   ; 14.365 ; 14.254 ; 14.378 ; 14.267 ;
; a[5]       ; output[3]   ; 16.587 ;        ;        ; 16.074 ;
; a[5]       ; output[4]   ; 17.244 ; 17.072 ; 17.163 ; 16.991 ;
; a[5]       ; output[5]   ; 13.347 ; 12.696 ; 13.526 ; 12.867 ;
; a[5]       ; output[6]   ; 15.585 ; 14.822 ; 15.633 ; 14.906 ;
; a[5]       ; output[7]   ; 12.964 ; 12.829 ; 13.156 ; 12.985 ;
; a[5]       ; output[8]   ; 17.226 ; 16.700 ; 17.274 ; 16.784 ;
; a[5]       ; output[9]   ; 14.845 ; 14.303 ; 15.001 ; 14.459 ;
; a[5]       ; output[10]  ; 15.757 ; 15.062 ; 15.805 ; 15.146 ;
; a[5]       ; output[11]  ; 16.254 ; 15.817 ; 16.410 ; 15.973 ;
; a[5]       ; output[12]  ; 15.590 ; 15.071 ; 15.674 ; 15.119 ;
; a[5]       ; output[13]  ; 14.239 ; 14.151 ; 14.395 ; 14.307 ;
; a[5]       ; output[14]  ; 13.646 ; 13.529 ; 13.730 ; 13.613 ;
; a[5]       ; output[15]  ; 16.017 ; 15.563 ; 16.173 ; 15.719 ;
; a[5]       ; output[16]  ; 16.891 ; 16.565 ; 16.975 ; 16.649 ;
; a[5]       ; output[17]  ; 15.326 ; 14.802 ; 15.518 ; 14.958 ;
; a[5]       ; output[18]  ; 16.706 ; 16.243 ; 16.790 ; 16.327 ;
; a[5]       ; output[19]  ; 16.963 ; 16.688 ; 17.505 ; 16.463 ;
; a[5]       ; output[20]  ; 17.156 ; 16.648 ; 17.240 ; 16.732 ;
; a[5]       ; output[21]  ; 17.312 ; 16.784 ; 17.342 ; 16.806 ;
; a[5]       ; output[22]  ; 14.687 ; 14.613 ; 14.914 ; 14.459 ;
; a[5]       ; output[23]  ; 17.375 ; 17.301 ; 18.042 ; 16.866 ;
; a[5]       ; output[24]  ; 15.170 ; 14.945 ; 15.254 ; 15.029 ;
; a[5]       ; output[25]  ; 17.330 ; 16.748 ; 17.522 ; 16.904 ;
; a[5]       ; output[26]  ; 16.741 ; 16.245 ; 16.815 ; 16.329 ;
; a[5]       ; output[27]  ; 17.550 ; 16.998 ; 17.520 ; 17.006 ;
; a[5]       ; output[28]  ; 19.601 ; 18.949 ; 19.685 ; 19.033 ;
; a[5]       ; output[29]  ; 16.545 ; 16.110 ; 16.701 ; 16.266 ;
; a[5]       ; output[30]  ; 17.426 ; 16.867 ; 17.510 ; 16.951 ;
; a[5]       ; output[31]  ; 16.437 ; 15.995 ; 16.629 ; 16.151 ;
; a[6]       ; output[0]   ; 14.503 ; 14.200 ; 14.727 ; 14.464 ;
; a[6]       ; output[1]   ; 18.215 ;        ;        ; 17.852 ;
; a[6]       ; output[2]   ; 13.964 ; 13.853 ; 14.156 ; 14.037 ;
; a[6]       ; output[3]   ; 16.815 ;        ;        ; 16.429 ;
; a[6]       ; output[4]   ; 18.257 ; 18.085 ; 18.216 ; 18.044 ;
; a[6]       ; output[5]   ; 17.809 ; 17.204 ; 17.923 ; 17.356 ;
; a[6]       ; output[6]   ; 13.875 ; 13.306 ; 14.186 ; 13.625 ;
; a[6]       ; output[7]   ; 13.013 ; 12.878 ; 13.339 ; 13.168 ;
; a[6]       ; output[8]   ; 17.275 ; 16.749 ; 17.457 ; 16.967 ;
; a[6]       ; output[9]   ; 14.894 ; 14.352 ; 15.184 ; 14.642 ;
; a[6]       ; output[10]  ; 15.806 ; 15.111 ; 15.988 ; 15.329 ;
; a[6]       ; output[11]  ; 16.303 ; 15.866 ; 16.593 ; 16.156 ;
; a[6]       ; output[12]  ; 15.639 ; 15.120 ; 15.857 ; 15.302 ;
; a[6]       ; output[13]  ; 14.288 ; 14.200 ; 14.578 ; 14.490 ;
; a[6]       ; output[14]  ; 13.695 ; 13.578 ; 13.913 ; 13.796 ;
; a[6]       ; output[15]  ; 16.066 ; 15.612 ; 16.356 ; 15.902 ;
; a[6]       ; output[16]  ; 16.940 ; 16.614 ; 17.158 ; 16.832 ;
; a[6]       ; output[17]  ; 15.375 ; 14.851 ; 15.701 ; 15.141 ;
; a[6]       ; output[18]  ; 16.755 ; 16.292 ; 16.973 ; 16.510 ;
; a[6]       ; output[19]  ; 17.362 ; 16.737 ; 17.688 ; 17.027 ;
; a[6]       ; output[20]  ; 17.205 ; 16.697 ; 17.423 ; 16.915 ;
; a[6]       ; output[21]  ; 17.673 ; 17.137 ; 17.963 ; 17.427 ;
; a[6]       ; output[22]  ; 14.879 ; 14.662 ; 15.097 ; 14.855 ;
; a[6]       ; output[23]  ; 17.882 ; 17.350 ; 18.225 ; 17.536 ;
; a[6]       ; output[24]  ; 15.219 ; 14.994 ; 15.437 ; 15.212 ;
; a[6]       ; output[25]  ; 17.379 ; 16.797 ; 17.705 ; 17.087 ;
; a[6]       ; output[26]  ; 16.790 ; 16.294 ; 16.998 ; 16.512 ;
; a[6]       ; output[27]  ; 18.057 ; 17.505 ; 18.190 ; 17.676 ;
; a[6]       ; output[28]  ; 19.650 ; 18.998 ; 19.868 ; 19.216 ;
; a[6]       ; output[29]  ; 16.594 ; 16.159 ; 16.884 ; 16.449 ;
; a[6]       ; output[30]  ; 17.475 ; 16.916 ; 17.693 ; 17.134 ;
; a[6]       ; output[31]  ; 16.486 ; 16.044 ; 16.812 ; 16.334 ;
; a[7]       ; output[0]   ; 13.982 ; 13.686 ; 14.302 ; 14.058 ;
; a[7]       ; output[1]   ; 17.702 ;        ;        ; 17.337 ;
; a[7]       ; output[2]   ; 13.821 ; 13.710 ; 14.021 ; 13.902 ;
; a[7]       ; output[3]   ; 18.443 ; 17.917 ; 18.738 ; 18.010 ;
; a[7]       ; output[4]   ; 18.114 ; 17.942 ; 18.081 ; 17.909 ;
; a[7]       ; output[5]   ; 17.296 ; 16.691 ; 17.408 ; 16.841 ;
; a[7]       ; output[6]   ; 14.996 ; 14.386 ; 15.176 ; 14.558 ;
; a[7]       ; output[7]   ; 10.700 ; 10.823 ; 11.219 ; 10.852 ;
; a[7]       ; output[8]   ; 16.500 ; 15.974 ; 16.807 ; 16.317 ;
; a[7]       ; output[9]   ; 14.119 ; 13.577 ; 14.534 ; 13.992 ;
; a[7]       ; output[10]  ; 15.031 ; 14.336 ; 15.338 ; 14.679 ;
; a[7]       ; output[11]  ; 15.528 ; 15.091 ; 15.943 ; 15.506 ;
; a[7]       ; output[12]  ; 14.864 ; 14.345 ; 15.207 ; 14.652 ;
; a[7]       ; output[13]  ; 13.513 ; 13.425 ; 13.928 ; 13.840 ;
; a[7]       ; output[14]  ; 12.920 ; 12.803 ; 13.263 ; 13.146 ;
; a[7]       ; output[15]  ; 15.291 ; 14.837 ; 15.706 ; 15.252 ;
; a[7]       ; output[16]  ; 16.165 ; 15.839 ; 16.508 ; 16.182 ;
; a[7]       ; output[17]  ; 14.600 ; 14.076 ; 15.051 ; 14.491 ;
; a[7]       ; output[18]  ; 15.980 ; 15.517 ; 16.323 ; 15.860 ;
; a[7]       ; output[19]  ; 16.587 ; 15.962 ; 17.038 ; 16.377 ;
; a[7]       ; output[20]  ; 16.430 ; 15.922 ; 16.773 ; 16.265 ;
; a[7]       ; output[21]  ; 16.898 ; 16.362 ; 17.313 ; 16.777 ;
; a[7]       ; output[22]  ; 14.104 ; 13.887 ; 14.447 ; 14.230 ;
; a[7]       ; output[23]  ; 17.124 ; 16.575 ; 17.575 ; 16.990 ;
; a[7]       ; output[24]  ; 14.444 ; 14.219 ; 14.787 ; 14.562 ;
; a[7]       ; output[25]  ; 16.604 ; 16.022 ; 17.055 ; 16.437 ;
; a[7]       ; output[26]  ; 16.015 ; 15.519 ; 16.348 ; 15.862 ;
; a[7]       ; output[27]  ; 17.411 ; 16.897 ; 17.826 ; 17.312 ;
; a[7]       ; output[28]  ; 18.875 ; 18.223 ; 19.218 ; 18.566 ;
; a[7]       ; output[29]  ; 15.819 ; 15.384 ; 16.234 ; 15.799 ;
; a[7]       ; output[30]  ; 16.700 ; 16.141 ; 17.043 ; 16.484 ;
; a[7]       ; output[31]  ; 15.711 ; 15.269 ; 16.162 ; 15.684 ;
; a[8]       ; output[0]   ; 15.279 ; 15.095 ; 15.520 ; 15.262 ;
; a[8]       ; output[1]   ; 17.502 ;        ;        ; 17.090 ;
; a[8]       ; output[2]   ; 13.759 ; 13.648 ; 13.993 ; 13.874 ;
; a[8]       ; output[3]   ; 18.243 ; 17.717 ; 18.491 ; 17.763 ;
; a[8]       ; output[4]   ; 16.198 ; 16.040 ; 16.212 ; 16.040 ;
; a[8]       ; output[5]   ; 17.096 ; 16.491 ; 17.161 ; 16.594 ;
; a[8]       ; output[6]   ; 14.934 ; 14.324 ; 15.148 ; 14.530 ;
; a[8]       ; output[7]   ; 14.524 ; 14.392 ; 14.753 ; 14.431 ;
; a[8]       ; output[8]   ; 14.769 ; 14.446 ; 15.086 ; 14.771 ;
; a[8]       ; output[9]   ; 14.468 ; 13.926 ; 14.781 ; 14.239 ;
; a[8]       ; output[10]  ; 15.380 ; 14.685 ; 15.585 ; 14.926 ;
; a[8]       ; output[11]  ; 15.877 ; 15.440 ; 16.190 ; 15.753 ;
; a[8]       ; output[12]  ; 15.213 ; 14.694 ; 15.454 ; 14.899 ;
; a[8]       ; output[13]  ; 13.862 ; 13.774 ; 14.175 ; 14.087 ;
; a[8]       ; output[14]  ; 13.269 ; 13.152 ; 13.510 ; 13.393 ;
; a[8]       ; output[15]  ; 15.640 ; 15.186 ; 15.953 ; 15.499 ;
; a[8]       ; output[16]  ; 16.514 ; 16.188 ; 16.755 ; 16.429 ;
; a[8]       ; output[17]  ; 14.949 ; 14.425 ; 15.298 ; 14.738 ;
; a[8]       ; output[18]  ; 16.329 ; 15.866 ; 16.570 ; 16.107 ;
; a[8]       ; output[19]  ; 16.936 ; 16.311 ; 17.285 ; 16.624 ;
; a[8]       ; output[20]  ; 16.779 ; 16.271 ; 17.020 ; 16.512 ;
; a[8]       ; output[21]  ; 17.247 ; 16.711 ; 17.532 ; 16.996 ;
; a[8]       ; output[22]  ; 14.453 ; 14.236 ; 14.694 ; 14.477 ;
; a[8]       ; output[23]  ; 17.473 ; 16.924 ; 17.822 ; 17.237 ;
; a[8]       ; output[24]  ; 14.793 ; 14.568 ; 15.034 ; 14.809 ;
; a[8]       ; output[25]  ; 16.953 ; 16.371 ; 17.302 ; 16.684 ;
; a[8]       ; output[26]  ; 16.364 ; 15.868 ; 16.595 ; 16.109 ;
; a[8]       ; output[27]  ; 17.760 ; 17.246 ; 18.012 ; 17.498 ;
; a[8]       ; output[28]  ; 19.224 ; 18.572 ; 19.465 ; 18.813 ;
; a[8]       ; output[29]  ; 16.168 ; 15.733 ; 16.481 ; 16.046 ;
; a[8]       ; output[30]  ; 17.049 ; 16.490 ; 17.290 ; 16.731 ;
; a[8]       ; output[31]  ; 16.060 ; 15.618 ; 16.409 ; 15.931 ;
; a[9]       ; output[0]   ; 14.901 ; 14.717 ; 15.131 ; 14.911 ;
; a[9]       ; output[1]   ; 18.264 ;        ;        ; 17.821 ;
; a[9]       ; output[2]   ; 13.798 ; 13.687 ; 14.034 ; 13.915 ;
; a[9]       ; output[3]   ; 17.916 ; 17.390 ; 18.129 ; 17.401 ;
; a[9]       ; output[4]   ; 16.237 ; 16.079 ; 16.253 ; 16.081 ;
; a[9]       ; output[5]   ; 17.155 ; 16.550 ; 17.187 ; 16.620 ;
; a[9]       ; output[6]   ; 14.973 ; 14.363 ; 15.189 ; 14.571 ;
; a[9]       ; output[7]   ; 14.197 ; 14.065 ; 14.391 ; 14.069 ;
; a[9]       ; output[8]   ; 18.616 ; 18.238 ; 18.696 ; 18.249 ;
; a[9]       ; output[9]   ; 12.356 ; 11.876 ; 12.666 ; 12.137 ;
; a[9]       ; output[10]  ; 15.002 ; 14.307 ; 15.196 ; 14.537 ;
; a[9]       ; output[11]  ; 15.499 ; 15.062 ; 15.801 ; 15.364 ;
; a[9]       ; output[12]  ; 14.835 ; 14.316 ; 15.065 ; 14.510 ;
; a[9]       ; output[13]  ; 13.484 ; 13.396 ; 13.786 ; 13.698 ;
; a[9]       ; output[14]  ; 12.891 ; 12.774 ; 13.121 ; 13.004 ;
; a[9]       ; output[15]  ; 15.262 ; 14.808 ; 15.564 ; 15.110 ;
; a[9]       ; output[16]  ; 16.136 ; 15.810 ; 16.366 ; 16.040 ;
; a[9]       ; output[17]  ; 14.571 ; 14.047 ; 14.909 ; 14.349 ;
; a[9]       ; output[18]  ; 15.951 ; 15.488 ; 16.181 ; 15.718 ;
; a[9]       ; output[19]  ; 16.558 ; 15.933 ; 16.896 ; 16.235 ;
; a[9]       ; output[20]  ; 16.401 ; 15.893 ; 16.631 ; 16.123 ;
; a[9]       ; output[21]  ; 16.869 ; 16.333 ; 17.171 ; 16.635 ;
; a[9]       ; output[22]  ; 14.075 ; 13.858 ; 14.305 ; 14.088 ;
; a[9]       ; output[23]  ; 17.095 ; 16.546 ; 17.433 ; 16.848 ;
; a[9]       ; output[24]  ; 14.415 ; 14.190 ; 14.645 ; 14.420 ;
; a[9]       ; output[25]  ; 16.575 ; 15.993 ; 16.913 ; 16.295 ;
; a[9]       ; output[26]  ; 15.986 ; 15.490 ; 16.206 ; 15.720 ;
; a[9]       ; output[27]  ; 17.382 ; 16.868 ; 17.684 ; 17.170 ;
; a[9]       ; output[28]  ; 18.846 ; 18.194 ; 19.076 ; 18.424 ;
; a[9]       ; output[29]  ; 15.790 ; 15.355 ; 16.092 ; 15.657 ;
; a[9]       ; output[30]  ; 16.671 ; 16.112 ; 16.901 ; 16.342 ;
; a[9]       ; output[31]  ; 15.682 ; 15.240 ; 16.020 ; 15.542 ;
; a[10]      ; output[0]   ; 15.072 ; 14.888 ; 15.316 ; 15.096 ;
; a[10]      ; output[1]   ; 18.988 ;        ;        ; 18.609 ;
; a[10]      ; output[2]   ; 16.757 ; 16.646 ; 16.807 ; 16.688 ;
; a[10]      ; output[3]   ; 18.640 ; 18.114 ; 18.917 ; 18.189 ;
; a[10]      ; output[4]   ; 16.523 ; 16.365 ; 16.614 ; 16.442 ;
; a[10]      ; output[5]   ; 17.879 ; 17.274 ; 17.975 ; 17.408 ;
; a[10]      ; output[6]   ; 16.401 ;        ;        ; 15.970 ;
; a[10]      ; output[7]   ; 14.921 ; 14.789 ; 15.179 ; 14.857 ;
; a[10]      ; output[8]   ; 18.902 ; 18.524 ; 19.057 ; 18.610 ;
; a[10]      ; output[9]   ; 17.819 ; 17.444 ; 17.930 ; 17.353 ;
; a[10]      ; output[10]  ; 14.819 ; 14.158 ; 15.109 ; 14.408 ;
; a[10]      ; output[11]  ; 15.670 ; 15.233 ; 15.986 ; 15.549 ;
; a[10]      ; output[12]  ; 15.006 ; 14.487 ; 15.250 ; 14.695 ;
; a[10]      ; output[13]  ; 13.655 ; 13.567 ; 13.971 ; 13.883 ;
; a[10]      ; output[14]  ; 13.062 ; 12.945 ; 13.306 ; 13.189 ;
; a[10]      ; output[15]  ; 15.433 ; 14.979 ; 15.749 ; 15.295 ;
; a[10]      ; output[16]  ; 16.307 ; 15.981 ; 16.551 ; 16.225 ;
; a[10]      ; output[17]  ; 14.742 ; 14.218 ; 15.094 ; 14.534 ;
; a[10]      ; output[18]  ; 16.122 ; 15.659 ; 16.366 ; 15.903 ;
; a[10]      ; output[19]  ; 16.729 ; 16.104 ; 17.081 ; 16.420 ;
; a[10]      ; output[20]  ; 16.572 ; 16.064 ; 16.816 ; 16.308 ;
; a[10]      ; output[21]  ; 17.040 ; 16.504 ; 17.356 ; 16.820 ;
; a[10]      ; output[22]  ; 14.246 ; 14.029 ; 14.490 ; 14.273 ;
; a[10]      ; output[23]  ; 17.266 ; 16.717 ; 17.618 ; 17.033 ;
; a[10]      ; output[24]  ; 14.586 ; 14.361 ; 14.830 ; 14.605 ;
; a[10]      ; output[25]  ; 16.746 ; 16.164 ; 17.098 ; 16.480 ;
; a[10]      ; output[26]  ; 16.157 ; 15.661 ; 16.391 ; 15.905 ;
; a[10]      ; output[27]  ; 17.553 ; 17.039 ; 17.869 ; 17.355 ;
; a[10]      ; output[28]  ; 19.017 ; 18.365 ; 19.261 ; 18.609 ;
; a[10]      ; output[29]  ; 15.961 ; 15.526 ; 16.277 ; 15.842 ;
; a[10]      ; output[30]  ; 16.842 ; 16.283 ; 17.086 ; 16.527 ;
; a[10]      ; output[31]  ; 15.853 ; 15.411 ; 16.205 ; 15.727 ;
; a[11]      ; output[0]   ; 15.023 ; 15.329 ; 15.577 ; 14.807 ;
; a[11]      ; output[1]   ; 17.903 ;        ;        ; 17.412 ;
; a[11]      ; output[2]   ; 15.989 ; 15.878 ; 15.950 ; 15.831 ;
; a[11]      ; output[3]   ; 17.955 ;        ;        ; 17.351 ;
; a[11]      ; output[4]   ; 15.755 ; 15.597 ; 15.757 ; 15.585 ;
; a[11]      ; output[5]   ; 16.794 ; 16.189 ; 16.778 ; 16.211 ;
; a[11]      ; output[6]   ; 15.633 ;        ;        ; 15.113 ;
; a[11]      ; output[7]   ; 14.087 ; 13.955 ; 14.228 ; 13.906 ;
; a[11]      ; output[8]   ; 18.134 ; 17.756 ; 18.200 ; 17.753 ;
; a[11]      ; output[9]   ; 16.734 ; 16.359 ; 16.733 ; 16.156 ;
; a[11]      ; output[10]  ; 16.808 ; 16.326 ; 16.962 ; 16.278 ;
; a[11]      ; output[11]  ; 13.450 ; 13.861 ; 14.396 ; 13.148 ;
; a[11]      ; output[12]  ; 15.447 ; 14.928 ; 15.511 ; 14.956 ;
; a[11]      ; output[13]  ; 14.096 ; 14.008 ; 14.232 ; 14.144 ;
; a[11]      ; output[14]  ; 13.503 ; 13.386 ; 13.567 ; 13.450 ;
; a[11]      ; output[15]  ; 15.874 ; 15.420 ; 16.010 ; 15.556 ;
; a[11]      ; output[16]  ; 16.748 ; 16.422 ; 16.812 ; 16.486 ;
; a[11]      ; output[17]  ; 15.183 ; 14.659 ; 15.355 ; 14.795 ;
; a[11]      ; output[18]  ; 16.563 ; 16.100 ; 16.627 ; 16.164 ;
; a[11]      ; output[19]  ; 16.756 ; 16.545 ; 17.342 ; 16.296 ;
; a[11]      ; output[20]  ; 17.013 ; 16.505 ; 17.077 ; 16.569 ;
; a[11]      ; output[21]  ; 17.481 ; 16.945 ; 17.617 ; 17.081 ;
; a[11]      ; output[22]  ; 14.687 ; 14.470 ; 14.751 ; 14.534 ;
; a[11]      ; output[23]  ; 17.449 ; 17.158 ; 17.879 ; 16.979 ;
; a[11]      ; output[24]  ; 15.027 ; 14.802 ; 15.091 ; 14.866 ;
; a[11]      ; output[25]  ; 17.038 ; 16.605 ; 17.044 ; 16.681 ;
; a[11]      ; output[26]  ; 16.598 ; 16.102 ; 16.652 ; 16.166 ;
; a[11]      ; output[27]  ; 17.343 ; 16.791 ; 17.353 ; 16.839 ;
; a[11]      ; output[28]  ; 19.458 ; 18.806 ; 19.522 ; 18.870 ;
; a[11]      ; output[29]  ; 16.402 ; 15.967 ; 16.538 ; 16.103 ;
; a[11]      ; output[30]  ; 17.283 ; 16.724 ; 17.347 ; 16.788 ;
; a[11]      ; output[31]  ; 16.294 ; 15.852 ; 16.466 ; 15.988 ;
; a[12]      ; output[0]   ; 14.413 ; 14.229 ; 14.638 ; 14.418 ;
; a[12]      ; output[1]   ; 18.365 ;        ;        ; 17.924 ;
; a[12]      ; output[2]   ; 16.652 ; 16.541 ; 16.629 ; 16.510 ;
; a[12]      ; output[3]   ; 18.417 ;        ;        ; 17.863 ;
; a[12]      ; output[4]   ; 18.615 ; 18.443 ; 18.659 ; 18.487 ;
; a[12]      ; output[5]   ; 17.256 ; 16.651 ; 17.290 ; 16.723 ;
; a[12]      ; output[6]   ; 16.296 ;        ;        ; 15.792 ;
; a[12]      ; output[7]   ; 14.549 ; 14.417 ; 14.740 ; 14.418 ;
; a[12]      ; output[8]   ; 19.332 ; 18.954 ; 19.453 ; 19.006 ;
; a[12]      ; output[9]   ; 17.196 ; 16.821 ; 17.245 ; 16.668 ;
; a[12]      ; output[10]  ; 17.471 ; 16.989 ; 17.641 ; 16.957 ;
; a[12]      ; output[11]  ; 17.952 ;        ;        ; 17.501 ;
; a[12]      ; output[12]  ; 12.480 ; 12.488 ; 13.298 ; 12.232 ;
; a[12]      ; output[13]  ; 12.996 ; 12.908 ; 13.293 ; 13.205 ;
; a[12]      ; output[14]  ; 12.403 ; 12.286 ; 12.628 ; 12.511 ;
; a[12]      ; output[15]  ; 14.774 ; 14.320 ; 15.071 ; 14.617 ;
; a[12]      ; output[16]  ; 15.648 ; 15.322 ; 15.873 ; 15.547 ;
; a[12]      ; output[17]  ; 14.083 ; 13.559 ; 14.416 ; 13.856 ;
; a[12]      ; output[18]  ; 15.463 ; 15.000 ; 15.688 ; 15.225 ;
; a[12]      ; output[19]  ; 16.070 ; 15.445 ; 16.403 ; 15.742 ;
; a[12]      ; output[20]  ; 15.913 ; 15.405 ; 16.138 ; 15.630 ;
; a[12]      ; output[21]  ; 16.381 ; 15.845 ; 16.678 ; 16.142 ;
; a[12]      ; output[22]  ; 13.587 ; 13.370 ; 13.812 ; 13.595 ;
; a[12]      ; output[23]  ; 16.607 ; 16.058 ; 16.940 ; 16.355 ;
; a[12]      ; output[24]  ; 13.927 ; 13.702 ; 14.152 ; 13.927 ;
; a[12]      ; output[25]  ; 16.087 ; 15.505 ; 16.420 ; 15.802 ;
; a[12]      ; output[26]  ; 15.498 ; 15.002 ; 15.713 ; 15.227 ;
; a[12]      ; output[27]  ; 16.894 ; 16.380 ; 17.191 ; 16.677 ;
; a[12]      ; output[28]  ; 18.358 ; 17.706 ; 18.583 ; 17.931 ;
; a[12]      ; output[29]  ; 15.302 ; 14.867 ; 15.599 ; 15.164 ;
; a[12]      ; output[30]  ; 16.183 ; 15.624 ; 16.408 ; 15.849 ;
; a[12]      ; output[31]  ; 15.194 ; 14.752 ; 15.527 ; 15.049 ;
; a[13]      ; output[0]   ; 15.012 ; 14.828 ; 15.223 ; 15.003 ;
; a[13]      ; output[1]   ; 18.003 ;        ;        ; 17.705 ;
; a[13]      ; output[2]   ; 16.141 ; 16.030 ; 16.172 ; 16.053 ;
; a[13]      ; output[3]   ; 17.898 ;        ;        ; 17.426 ;
; a[13]      ; output[4]   ; 18.104 ; 17.932 ; 18.202 ; 18.030 ;
; a[13]      ; output[5]   ; 16.862 ;        ;        ; 16.434 ;
; a[13]      ; output[6]   ; 15.785 ;        ;        ; 15.335 ;
; a[13]      ; output[7]   ; 14.030 ; 13.898 ; 14.303 ; 13.981 ;
; a[13]      ; output[8]   ; 18.821 ; 18.443 ; 18.996 ; 18.549 ;
; a[13]      ; output[9]   ; 16.834 ; 16.459 ; 17.026 ; 16.449 ;
; a[13]      ; output[10]  ; 16.960 ; 16.478 ; 17.184 ; 16.500 ;
; a[13]      ; output[11]  ; 17.433 ;        ;        ; 17.064 ;
; a[13]      ; output[12]  ; 18.242 ; 17.672 ; 18.377 ; 17.859 ;
; a[13]      ; output[13]  ; 12.051 ; 11.949 ; 12.293 ; 12.170 ;
; a[13]      ; output[14]  ; 13.002 ; 12.885 ; 13.213 ; 13.096 ;
; a[13]      ; output[15]  ; 15.373 ; 14.919 ; 15.656 ; 15.202 ;
; a[13]      ; output[16]  ; 16.247 ; 15.921 ; 16.458 ; 16.132 ;
; a[13]      ; output[17]  ; 14.682 ; 14.158 ; 15.001 ; 14.441 ;
; a[13]      ; output[18]  ; 16.062 ; 15.599 ; 16.273 ; 15.810 ;
; a[13]      ; output[19]  ; 16.669 ; 16.044 ; 16.988 ; 16.327 ;
; a[13]      ; output[20]  ; 16.512 ; 16.004 ; 16.723 ; 16.215 ;
; a[13]      ; output[21]  ; 16.980 ; 16.444 ; 17.263 ; 16.727 ;
; a[13]      ; output[22]  ; 14.186 ; 13.969 ; 14.397 ; 14.180 ;
; a[13]      ; output[23]  ; 17.206 ; 16.657 ; 17.525 ; 16.940 ;
; a[13]      ; output[24]  ; 14.526 ; 14.301 ; 14.737 ; 14.512 ;
; a[13]      ; output[25]  ; 16.686 ; 16.104 ; 16.926 ; 16.387 ;
; a[13]      ; output[26]  ; 16.097 ; 15.601 ; 16.298 ; 15.812 ;
; a[13]      ; output[27]  ; 17.493 ; 16.955 ; 17.621 ; 17.107 ;
; a[13]      ; output[28]  ; 18.957 ; 18.305 ; 19.168 ; 18.516 ;
; a[13]      ; output[29]  ; 15.901 ; 15.466 ; 16.184 ; 15.749 ;
; a[13]      ; output[30]  ; 16.782 ; 16.223 ; 16.993 ; 16.434 ;
; a[13]      ; output[31]  ; 15.793 ; 15.351 ; 16.112 ; 15.634 ;
; a[14]      ; output[0]   ; 14.833 ; 14.649 ; 14.957 ; 14.737 ;
; a[14]      ; output[1]   ; 17.563 ;        ;        ; 17.222 ;
; a[14]      ; output[2]   ; 15.048 ; 14.937 ; 15.028 ; 14.909 ;
; a[14]      ; output[3]   ; 17.458 ;        ;        ; 16.943 ;
; a[14]      ; output[4]   ; 17.442 ; 17.270 ; 17.454 ; 17.282 ;
; a[14]      ; output[5]   ; 16.422 ;        ;        ; 15.951 ;
; a[14]      ; output[6]   ; 16.786 ; 16.176 ; 16.670 ; 16.052 ;
; a[14]      ; output[7]   ; 13.590 ; 13.458 ; 13.820 ; 13.498 ;
; a[14]      ; output[8]   ; 18.159 ; 17.781 ; 18.248 ; 17.801 ;
; a[14]      ; output[9]   ; 16.394 ; 16.019 ; 16.543 ; 15.966 ;
; a[14]      ; output[10]  ; 15.867 ; 15.385 ; 16.040 ; 15.356 ;
; a[14]      ; output[11]  ; 16.993 ;        ;        ; 16.581 ;
; a[14]      ; output[12]  ; 17.580 ; 17.010 ; 17.629 ; 17.111 ;
; a[14]      ; output[13]  ; 14.804 ;        ;        ; 14.862 ;
; a[14]      ; output[14]  ; 11.690 ; 12.015 ; 12.201 ; 11.738 ;
; a[14]      ; output[15]  ; 15.194 ; 14.740 ; 15.390 ; 14.936 ;
; a[14]      ; output[16]  ; 16.068 ; 15.742 ; 16.192 ; 15.866 ;
; a[14]      ; output[17]  ; 14.503 ; 13.979 ; 14.735 ; 14.175 ;
; a[14]      ; output[18]  ; 15.883 ; 15.420 ; 16.007 ; 15.544 ;
; a[14]      ; output[19]  ; 16.490 ; 15.865 ; 16.722 ; 16.061 ;
; a[14]      ; output[20]  ; 16.333 ; 15.825 ; 16.457 ; 15.949 ;
; a[14]      ; output[21]  ; 16.801 ; 16.265 ; 16.997 ; 16.461 ;
; a[14]      ; output[22]  ; 14.007 ; 13.790 ; 14.131 ; 13.914 ;
; a[14]      ; output[23]  ; 17.027 ; 16.478 ; 17.259 ; 16.674 ;
; a[14]      ; output[24]  ; 14.347 ; 14.122 ; 14.471 ; 14.246 ;
; a[14]      ; output[25]  ; 16.507 ; 15.925 ; 16.656 ; 16.121 ;
; a[14]      ; output[26]  ; 15.918 ; 15.422 ; 16.032 ; 15.546 ;
; a[14]      ; output[27]  ; 17.305 ; 16.753 ; 17.417 ; 16.903 ;
; a[14]      ; output[28]  ; 18.778 ; 18.126 ; 18.902 ; 18.250 ;
; a[14]      ; output[29]  ; 15.722 ; 15.287 ; 15.918 ; 15.483 ;
; a[14]      ; output[30]  ; 16.603 ; 16.044 ; 16.727 ; 16.168 ;
; a[14]      ; output[31]  ; 15.614 ; 15.172 ; 15.846 ; 15.368 ;
; a[15]      ; output[0]   ; 15.243 ; 15.059 ; 15.415 ; 15.195 ;
; a[15]      ; output[1]   ; 19.706 ;        ;        ; 19.127 ;
; a[15]      ; output[2]   ; 15.390 ; 15.279 ; 15.470 ; 15.351 ;
; a[15]      ; output[3]   ; 19.499 ;        ;        ; 18.738 ;
; a[15]      ; output[4]   ; 17.784 ; 17.612 ; 17.896 ; 17.724 ;
; a[15]      ; output[5]   ; 18.565 ;        ;        ; 17.856 ;
; a[15]      ; output[6]   ; 17.128 ; 16.518 ; 17.112 ; 16.494 ;
; a[15]      ; output[7]   ; 15.928 ;        ;        ; 15.562 ;
; a[15]      ; output[8]   ; 18.501 ; 18.123 ; 18.690 ; 18.243 ;
; a[15]      ; output[9]   ; 18.537 ; 18.162 ; 18.448 ; 17.871 ;
; a[15]      ; output[10]  ; 16.209 ; 15.727 ; 16.482 ; 15.798 ;
; a[15]      ; output[11]  ; 19.034 ;        ;        ; 18.376 ;
; a[15]      ; output[12]  ; 17.922 ; 17.352 ; 18.071 ; 17.553 ;
; a[15]      ; output[13]  ; 16.947 ;        ;        ; 16.767 ;
; a[15]      ; output[14]  ; 15.781 ; 15.672 ; 15.799 ; 15.682 ;
; a[15]      ; output[15]  ; 13.815 ; 13.468 ; 14.095 ; 13.643 ;
; a[15]      ; output[16]  ; 16.478 ; 16.152 ; 16.650 ; 16.324 ;
; a[15]      ; output[17]  ; 14.913 ; 14.389 ; 15.193 ; 14.633 ;
; a[15]      ; output[18]  ; 16.293 ; 15.830 ; 16.465 ; 16.002 ;
; a[15]      ; output[19]  ; 16.900 ; 16.275 ; 17.180 ; 16.519 ;
; a[15]      ; output[20]  ; 16.743 ; 16.235 ; 16.915 ; 16.407 ;
; a[15]      ; output[21]  ; 17.211 ; 16.675 ; 17.455 ; 16.919 ;
; a[15]      ; output[22]  ; 14.417 ; 14.200 ; 14.589 ; 14.372 ;
; a[15]      ; output[23]  ; 17.437 ; 16.888 ; 17.717 ; 17.132 ;
; a[15]      ; output[24]  ; 14.757 ; 14.532 ; 14.929 ; 14.704 ;
; a[15]      ; output[25]  ; 16.917 ; 16.335 ; 17.146 ; 16.579 ;
; a[15]      ; output[26]  ; 16.328 ; 15.832 ; 16.490 ; 16.004 ;
; a[15]      ; output[27]  ; 17.699 ; 17.147 ; 17.907 ; 17.393 ;
; a[15]      ; output[28]  ; 19.188 ; 18.536 ; 19.360 ; 18.708 ;
; a[15]      ; output[29]  ; 16.132 ; 15.697 ; 16.376 ; 15.941 ;
; a[15]      ; output[30]  ; 17.013 ; 16.454 ; 17.185 ; 16.626 ;
; a[15]      ; output[31]  ; 16.024 ; 15.582 ; 16.304 ; 15.826 ;
; a[16]      ; output[0]   ; 14.901 ; 14.717 ; 15.077 ; 14.857 ;
; a[16]      ; output[1]   ; 19.314 ;        ;        ; 18.858 ;
; a[16]      ; output[2]   ; 14.924 ; 14.813 ; 15.067 ; 14.948 ;
; a[16]      ; output[3]   ; 19.107 ;        ;        ; 18.469 ;
; a[16]      ; output[4]   ; 17.289 ; 17.117 ; 17.466 ; 17.294 ;
; a[16]      ; output[5]   ; 18.173 ;        ;        ; 17.587 ;
; a[16]      ; output[6]   ; 16.662 ; 16.052 ; 16.709 ; 16.091 ;
; a[16]      ; output[7]   ; 15.536 ;        ;        ; 15.293 ;
; a[16]      ; output[8]   ; 17.349 ;        ;        ; 17.185 ;
; a[16]      ; output[9]   ; 18.145 ; 17.770 ; 18.179 ; 17.602 ;
; a[16]      ; output[10]  ; 15.743 ; 15.261 ; 16.079 ; 15.395 ;
; a[16]      ; output[11]  ; 18.642 ;        ;        ; 18.107 ;
; a[16]      ; output[12]  ; 17.427 ; 16.857 ; 17.641 ; 17.123 ;
; a[16]      ; output[13]  ; 16.555 ;        ;        ; 16.498 ;
; a[16]      ; output[14]  ; 15.315 ; 15.206 ; 15.396 ; 15.279 ;
; a[16]      ; output[15]  ; 18.362 ;        ;        ; 17.909 ;
; a[16]      ; output[16]  ; 14.250 ; 14.262 ; 14.813 ; 14.137 ;
; a[16]      ; output[17]  ; 14.571 ; 14.047 ; 14.855 ; 14.295 ;
; a[16]      ; output[18]  ; 15.951 ; 15.488 ; 16.127 ; 15.664 ;
; a[16]      ; output[19]  ; 16.558 ; 15.933 ; 16.842 ; 16.181 ;
; a[16]      ; output[20]  ; 16.401 ; 15.893 ; 16.577 ; 16.069 ;
; a[16]      ; output[21]  ; 16.869 ; 16.333 ; 17.117 ; 16.581 ;
; a[16]      ; output[22]  ; 14.075 ; 13.858 ; 14.251 ; 14.034 ;
; a[16]      ; output[23]  ; 17.095 ; 16.546 ; 17.379 ; 16.794 ;
; a[16]      ; output[24]  ; 14.415 ; 14.190 ; 14.591 ; 14.366 ;
; a[16]      ; output[25]  ; 16.575 ; 15.993 ; 16.859 ; 16.241 ;
; a[16]      ; output[26]  ; 15.986 ; 15.490 ; 16.152 ; 15.666 ;
; a[16]      ; output[27]  ; 17.382 ; 16.854 ; 17.574 ; 17.060 ;
; a[16]      ; output[28]  ; 18.846 ; 18.194 ; 19.022 ; 18.370 ;
; a[16]      ; output[29]  ; 15.790 ; 15.355 ; 16.038 ; 15.603 ;
; a[16]      ; output[30]  ; 16.671 ; 16.112 ; 16.847 ; 16.288 ;
; a[16]      ; output[31]  ; 15.682 ; 15.240 ; 15.966 ; 15.488 ;
; a[17]      ; output[0]   ; 14.898 ; 14.714 ; 15.100 ; 14.880 ;
; a[17]      ; output[1]   ; 18.381 ;        ;        ; 17.941 ;
; a[17]      ; output[2]   ; 15.418 ; 15.307 ; 15.560 ; 15.441 ;
; a[17]      ; output[3]   ; 18.542 ;        ;        ; 17.928 ;
; a[17]      ; output[4]   ; 17.783 ; 17.611 ; 17.959 ; 17.787 ;
; a[17]      ; output[5]   ; 17.668 ;        ;        ; 17.101 ;
; a[17]      ; output[6]   ; 17.156 ; 16.546 ; 17.202 ; 16.584 ;
; a[17]      ; output[7]   ; 14.971 ;        ;        ; 14.752 ;
; a[17]      ; output[8]   ; 17.843 ;        ;        ; 17.678 ;
; a[17]      ; output[9]   ; 17.588 ; 17.213 ; 17.631 ; 17.054 ;
; a[17]      ; output[10]  ; 16.237 ; 15.755 ; 16.572 ; 15.888 ;
; a[17]      ; output[11]  ; 18.077 ;        ;        ; 17.566 ;
; a[17]      ; output[12]  ; 17.921 ; 17.351 ; 18.134 ; 17.616 ;
; a[17]      ; output[13]  ; 16.050 ;        ;        ; 16.012 ;
; a[17]      ; output[14]  ; 15.809 ; 15.700 ; 15.889 ; 15.772 ;
; a[17]      ; output[15]  ; 17.797 ;        ;        ; 17.368 ;
; a[17]      ; output[16]  ; 19.301 ; 18.983 ; 19.312 ; 18.986 ;
; a[17]      ; output[17]  ; 11.542 ; 11.250 ; 11.832 ; 11.532 ;
; a[17]      ; output[18]  ; 15.948 ; 15.485 ; 16.150 ; 15.687 ;
; a[17]      ; output[19]  ; 16.555 ; 15.930 ; 16.865 ; 16.204 ;
; a[17]      ; output[20]  ; 16.398 ; 15.890 ; 16.600 ; 16.092 ;
; a[17]      ; output[21]  ; 16.866 ; 16.330 ; 17.140 ; 16.604 ;
; a[17]      ; output[22]  ; 14.072 ; 13.855 ; 14.274 ; 14.057 ;
; a[17]      ; output[23]  ; 17.092 ; 16.543 ; 17.402 ; 16.817 ;
; a[17]      ; output[24]  ; 14.412 ; 14.187 ; 14.614 ; 14.389 ;
; a[17]      ; output[25]  ; 16.572 ; 15.990 ; 16.882 ; 16.264 ;
; a[17]      ; output[26]  ; 15.983 ; 15.487 ; 16.175 ; 15.689 ;
; a[17]      ; output[27]  ; 17.379 ; 16.865 ; 17.653 ; 17.139 ;
; a[17]      ; output[28]  ; 18.843 ; 18.191 ; 19.045 ; 18.393 ;
; a[17]      ; output[29]  ; 15.787 ; 15.352 ; 16.061 ; 15.626 ;
; a[17]      ; output[30]  ; 16.668 ; 16.109 ; 16.870 ; 16.311 ;
; a[17]      ; output[31]  ; 15.679 ; 15.237 ; 15.989 ; 15.511 ;
; a[18]      ; output[0]   ; 15.574 ; 16.203 ; 16.469 ; 15.617 ;
; a[18]      ; output[1]   ; 18.643 ;        ;        ; 18.239 ;
; a[18]      ; output[2]   ; 15.458 ; 15.347 ; 15.504 ; 15.385 ;
; a[18]      ; output[3]   ; 18.804 ;        ;        ; 18.226 ;
; a[18]      ; output[4]   ; 17.927 ; 17.755 ; 18.152 ; 17.980 ;
; a[18]      ; output[5]   ; 17.930 ;        ;        ; 17.399 ;
; a[18]      ; output[6]   ; 17.207 ; 16.597 ; 17.235 ; 16.617 ;
; a[18]      ; output[7]   ; 15.233 ;        ;        ; 15.050 ;
; a[18]      ; output[8]   ; 17.987 ;        ;        ; 17.871 ;
; a[18]      ; output[9]   ; 17.850 ; 17.475 ; 17.929 ; 17.352 ;
; a[18]      ; output[10]  ; 15.867 ;        ;        ; 15.469 ;
; a[18]      ; output[11]  ; 18.339 ;        ;        ; 17.864 ;
; a[18]      ; output[12]  ; 18.065 ; 17.495 ; 18.327 ; 17.809 ;
; a[18]      ; output[13]  ; 16.312 ;        ;        ; 16.310 ;
; a[18]      ; output[14]  ; 15.860 ; 15.751 ; 15.922 ; 15.805 ;
; a[18]      ; output[15]  ; 18.059 ;        ;        ; 17.666 ;
; a[18]      ; output[16]  ; 19.445 ; 19.127 ; 19.505 ; 19.179 ;
; a[18]      ; output[17]  ; 17.430 ;        ;        ; 17.063 ;
; a[18]      ; output[18]  ; 14.199 ; 14.269 ; 14.915 ; 14.040 ;
; a[18]      ; output[19]  ; 17.883 ; 17.419 ; 18.234 ; 17.460 ;
; a[18]      ; output[20]  ; 17.618 ; 17.379 ; 17.969 ; 17.206 ;
; a[18]      ; output[21]  ; 18.355 ; 17.819 ; 18.509 ; 17.973 ;
; a[18]      ; output[22]  ; 15.561 ; 15.344 ; 15.643 ; 15.426 ;
; a[18]      ; output[23]  ; 18.581 ; 18.032 ; 18.771 ; 18.186 ;
; a[18]      ; output[24]  ; 15.348 ; 15.676 ; 15.983 ; 15.184 ;
; a[18]      ; output[25]  ; 16.327 ; 17.479 ; 18.251 ; 15.956 ;
; a[18]      ; output[26]  ; 17.472 ; 16.976 ; 17.544 ; 17.058 ;
; a[18]      ; output[27]  ; 18.065 ; 17.513 ; 18.191 ; 17.677 ;
; a[18]      ; output[28]  ; 19.706 ; 19.256 ; 19.870 ; 19.218 ;
; a[18]      ; output[29]  ; 17.276 ; 16.841 ; 17.430 ; 16.995 ;
; a[18]      ; output[30]  ; 18.157 ; 17.598 ; 18.239 ; 17.680 ;
; a[18]      ; output[31]  ; 17.168 ; 16.726 ; 17.358 ; 16.880 ;
; a[19]      ; output[0]   ; 14.254 ; 14.070 ; 14.391 ; 14.171 ;
; a[19]      ; output[1]   ; 18.203 ;        ;        ; 17.707 ;
; a[19]      ; output[2]   ; 14.800 ; 14.689 ; 14.749 ; 14.630 ;
; a[19]      ; output[3]   ; 18.847 ;        ;        ; 18.217 ;
; a[19]      ; output[4]   ; 17.269 ; 17.097 ; 17.397 ; 17.225 ;
; a[19]      ; output[5]   ; 17.490 ;        ;        ; 16.867 ;
; a[19]      ; output[6]   ; 16.549 ; 15.939 ; 16.480 ; 15.862 ;
; a[19]      ; output[7]   ; 14.968 ;        ;        ; 14.758 ;
; a[19]      ; output[8]   ; 17.329 ;        ;        ; 17.116 ;
; a[19]      ; output[9]   ; 17.410 ; 17.035 ; 17.397 ; 16.820 ;
; a[19]      ; output[10]  ; 15.209 ;        ;        ; 14.714 ;
; a[19]      ; output[11]  ; 17.669 ;        ;        ; 17.160 ;
; a[19]      ; output[12]  ; 17.407 ; 16.837 ; 17.572 ; 17.054 ;
; a[19]      ; output[13]  ; 15.872 ;        ;        ; 15.778 ;
; a[19]      ; output[14]  ; 15.202 ; 15.093 ; 15.167 ; 15.050 ;
; a[19]      ; output[15]  ; 17.794 ;        ;        ; 17.374 ;
; a[19]      ; output[16]  ; 18.787 ; 18.469 ; 18.750 ; 18.424 ;
; a[19]      ; output[17]  ; 16.990 ;        ;        ; 16.531 ;
; a[19]      ; output[18]  ; 17.098 ; 16.718 ; 17.075 ; 16.612 ;
; a[19]      ; output[19]  ; 13.308 ; 12.812 ; 13.392 ; 12.936 ;
; a[19]      ; output[20]  ; 15.754 ; 15.246 ; 15.891 ; 15.383 ;
; a[19]      ; output[21]  ; 16.222 ; 15.686 ; 16.431 ; 15.895 ;
; a[19]      ; output[22]  ; 13.428 ; 13.211 ; 13.565 ; 13.348 ;
; a[19]      ; output[23]  ; 16.448 ; 15.899 ; 16.693 ; 16.108 ;
; a[19]      ; output[24]  ; 13.768 ; 13.543 ; 13.905 ; 13.680 ;
; a[19]      ; output[25]  ; 15.188 ; 15.346 ; 16.173 ; 14.784 ;
; a[19]      ; output[26]  ; 15.339 ; 14.843 ; 15.466 ; 14.980 ;
; a[19]      ; output[27]  ; 16.735 ; 16.221 ; 16.944 ; 16.430 ;
; a[19]      ; output[28]  ; 18.199 ; 17.547 ; 18.336 ; 17.684 ;
; a[19]      ; output[29]  ; 15.143 ; 14.708 ; 15.352 ; 14.917 ;
; a[19]      ; output[30]  ; 16.024 ; 15.465 ; 16.161 ; 15.602 ;
; a[19]      ; output[31]  ; 15.035 ; 14.593 ; 15.280 ; 14.802 ;
; a[20]      ; output[0]   ; 14.611 ; 14.427 ; 14.821 ; 14.601 ;
; a[20]      ; output[1]   ; 19.272 ;        ;        ; 18.731 ;
; a[20]      ; output[2]   ; 14.907 ; 14.796 ; 14.883 ; 14.764 ;
; a[20]      ; output[3]   ; 19.916 ;        ;        ; 19.241 ;
; a[20]      ; output[4]   ; 17.250 ; 17.092 ; 17.330 ; 17.158 ;
; a[20]      ; output[5]   ; 18.559 ;        ;        ; 17.891 ;
; a[20]      ; output[6]   ; 16.656 ; 16.046 ; 16.614 ; 15.996 ;
; a[20]      ; output[7]   ; 16.037 ;        ;        ; 15.782 ;
; a[20]      ; output[8]   ; 17.639 ;        ;        ; 17.322 ;
; a[20]      ; output[9]   ; 18.479 ; 18.104 ; 18.421 ; 17.844 ;
; a[20]      ; output[10]  ; 15.316 ;        ;        ; 14.848 ;
; a[20]      ; output[11]  ; 18.738 ;        ;        ; 18.184 ;
; a[20]      ; output[12]  ; 17.705 ; 17.135 ; 17.743 ; 17.225 ;
; a[20]      ; output[13]  ; 16.941 ;        ;        ; 16.802 ;
; a[20]      ; output[14]  ; 15.309 ; 15.200 ; 15.301 ; 15.184 ;
; a[20]      ; output[15]  ; 18.863 ;        ;        ; 18.398 ;
; a[20]      ; output[16]  ; 19.097 ; 18.779 ; 18.956 ; 18.630 ;
; a[20]      ; output[17]  ; 18.059 ;        ;        ; 17.555 ;
; a[20]      ; output[18]  ; 17.205 ; 16.825 ; 17.209 ; 16.746 ;
; a[20]      ; output[19]  ; 19.263 ;        ;        ; 18.674 ;
; a[20]      ; output[20]  ; 14.083 ; 13.990 ; 14.730 ; 13.883 ;
; a[20]      ; output[21]  ; 16.579 ; 16.043 ; 16.861 ; 16.325 ;
; a[20]      ; output[22]  ; 13.785 ; 13.568 ; 13.995 ; 13.778 ;
; a[20]      ; output[23]  ; 16.805 ; 16.256 ; 17.123 ; 16.538 ;
; a[20]      ; output[24]  ; 14.125 ; 13.900 ; 14.335 ; 14.110 ;
; a[20]      ; output[25]  ; 15.765 ; 15.703 ; 16.603 ; 15.399 ;
; a[20]      ; output[26]  ; 15.696 ; 15.200 ; 15.896 ; 15.410 ;
; a[20]      ; output[27]  ; 16.104 ; 15.552 ; 16.214 ; 15.700 ;
; a[20]      ; output[28]  ; 18.556 ; 17.904 ; 18.766 ; 18.114 ;
; a[20]      ; output[29]  ; 15.500 ; 15.065 ; 15.782 ; 15.347 ;
; a[20]      ; output[30]  ; 16.381 ; 15.822 ; 16.591 ; 16.032 ;
; a[20]      ; output[31]  ; 15.392 ; 14.950 ; 15.710 ; 15.232 ;
; a[21]      ; output[0]   ; 14.058 ; 13.874 ; 14.263 ; 14.043 ;
; a[21]      ; output[1]   ; 18.146 ;        ;        ; 17.719 ;
; a[21]      ; output[2]   ; 15.130 ; 15.019 ; 15.072 ; 14.953 ;
; a[21]      ; output[3]   ; 18.666 ;        ;        ; 18.054 ;
; a[21]      ; output[4]   ; 17.473 ; 17.315 ; 17.519 ; 17.347 ;
; a[21]      ; output[5]   ; 18.088 ;        ;        ; 17.599 ;
; a[21]      ; output[6]   ; 16.879 ; 16.269 ; 16.803 ; 16.185 ;
; a[21]      ; output[7]   ; 14.787 ;        ;        ; 14.595 ;
; a[21]      ; output[8]   ; 17.862 ;        ;        ; 17.511 ;
; a[21]      ; output[9]   ; 17.353 ; 16.978 ; 17.409 ; 16.832 ;
; a[21]      ; output[10]  ; 15.539 ;        ;        ; 15.037 ;
; a[21]      ; output[11]  ; 17.488 ;        ;        ; 16.997 ;
; a[21]      ; output[12]  ; 17.928 ; 17.358 ; 17.932 ; 17.414 ;
; a[21]      ; output[13]  ; 15.502 ;        ;        ; 15.435 ;
; a[21]      ; output[14]  ; 15.532 ; 15.423 ; 15.490 ; 15.373 ;
; a[21]      ; output[15]  ; 17.613 ;        ;        ; 17.211 ;
; a[21]      ; output[16]  ; 19.320 ; 19.002 ; 19.145 ; 18.819 ;
; a[21]      ; output[17]  ; 16.933 ;        ;        ; 16.543 ;
; a[21]      ; output[18]  ; 17.428 ; 17.048 ; 17.398 ; 16.935 ;
; a[21]      ; output[19]  ; 18.013 ;        ;        ; 17.487 ;
; a[21]      ; output[20]  ; 19.713 ; 19.241 ; 19.587 ; 19.079 ;
; a[21]      ; output[21]  ; 13.686 ; 13.175 ; 13.887 ; 13.416 ;
; a[21]      ; output[22]  ; 13.232 ; 13.015 ; 13.437 ; 13.220 ;
; a[21]      ; output[23]  ; 16.252 ; 15.703 ; 16.565 ; 15.980 ;
; a[21]      ; output[24]  ; 13.572 ; 13.347 ; 13.777 ; 13.552 ;
; a[21]      ; output[25]  ; 15.732 ; 15.150 ; 16.045 ; 15.427 ;
; a[21]      ; output[26]  ; 15.143 ; 14.647 ; 15.338 ; 14.852 ;
; a[21]      ; output[27]  ; 16.323 ; 15.771 ; 16.423 ; 15.909 ;
; a[21]      ; output[28]  ; 18.003 ; 17.351 ; 18.208 ; 17.556 ;
; a[21]      ; output[29]  ; 14.947 ; 14.512 ; 15.224 ; 14.789 ;
; a[21]      ; output[30]  ; 15.828 ; 15.269 ; 16.033 ; 15.474 ;
; a[21]      ; output[31]  ; 14.839 ; 14.397 ; 15.152 ; 14.674 ;
; a[22]      ; output[0]   ; 13.724 ; 13.540 ; 13.949 ; 13.729 ;
; a[22]      ; output[1]   ; 17.960 ;        ;        ; 17.576 ;
; a[22]      ; output[2]   ; 14.686 ; 14.575 ; 14.762 ; 14.643 ;
; a[22]      ; output[3]   ; 18.480 ;        ;        ; 17.911 ;
; a[22]      ; output[4]   ; 17.575 ; 17.417 ; 17.645 ; 17.473 ;
; a[22]      ; output[5]   ; 17.902 ;        ;        ; 17.456 ;
; a[22]      ; output[6]   ; 16.568 ;        ;        ; 16.034 ;
; a[22]      ; output[7]   ; 14.601 ;        ;        ; 14.452 ;
; a[22]      ; output[8]   ; 17.964 ;        ;        ; 17.637 ;
; a[22]      ; output[9]   ; 17.167 ; 16.792 ; 17.266 ; 16.689 ;
; a[22]      ; output[10]  ; 15.095 ;        ;        ; 14.727 ;
; a[22]      ; output[11]  ; 17.302 ;        ;        ; 16.854 ;
; a[22]      ; output[12]  ; 18.030 ; 17.460 ; 18.058 ; 17.540 ;
; a[22]      ; output[13]  ; 15.316 ;        ;        ; 15.292 ;
; a[22]      ; output[14]  ; 15.126 ; 15.017 ; 15.172 ; 15.055 ;
; a[22]      ; output[15]  ; 17.427 ;        ;        ; 17.068 ;
; a[22]      ; output[16]  ; 19.422 ; 19.104 ; 19.271 ; 18.945 ;
; a[22]      ; output[17]  ; 16.747 ;        ;        ; 16.400 ;
; a[22]      ; output[18]  ; 16.984 ; 16.604 ; 17.088 ; 16.625 ;
; a[22]      ; output[19]  ; 17.827 ;        ;        ; 17.344 ;
; a[22]      ; output[20]  ; 19.815 ; 19.343 ; 19.713 ; 19.205 ;
; a[22]      ; output[21]  ; 18.170 ;        ;        ; 17.738 ;
; a[22]      ; output[22]  ; 11.419 ; 11.422 ; 11.901 ; 11.503 ;
; a[22]      ; output[23]  ; 15.918 ; 15.369 ; 16.251 ; 15.666 ;
; a[22]      ; output[24]  ; 13.238 ; 13.013 ; 13.463 ; 13.238 ;
; a[22]      ; output[25]  ; 15.398 ; 14.816 ; 15.731 ; 15.113 ;
; a[22]      ; output[26]  ; 14.809 ; 14.313 ; 15.024 ; 14.538 ;
; a[22]      ; output[27]  ; 16.205 ; 15.691 ; 16.432 ; 15.918 ;
; a[22]      ; output[28]  ; 17.669 ; 17.017 ; 17.894 ; 17.242 ;
; a[22]      ; output[29]  ; 14.613 ; 14.178 ; 14.910 ; 14.475 ;
; a[22]      ; output[30]  ; 15.494 ; 14.935 ; 15.719 ; 15.160 ;
; a[22]      ; output[31]  ; 14.505 ; 14.063 ; 14.838 ; 14.360 ;
; a[23]      ; output[0]   ; 14.529 ; 14.345 ; 14.630 ; 14.410 ;
; a[23]      ; output[1]   ; 18.229 ;        ;        ; 17.785 ;
; a[23]      ; output[2]   ; 15.091 ; 14.980 ; 15.052 ; 14.933 ;
; a[23]      ; output[3]   ; 18.966 ;        ;        ; 18.360 ;
; a[23]      ; output[4]   ; 17.980 ; 17.822 ; 17.935 ; 17.763 ;
; a[23]      ; output[5]   ; 18.171 ;        ;        ; 17.665 ;
; a[23]      ; output[6]   ; 16.973 ;        ;        ; 16.324 ;
; a[23]      ; output[7]   ; 14.994 ;        ;        ; 14.750 ;
; a[23]      ; output[8]   ; 18.369 ;        ;        ; 17.927 ;
; a[23]      ; output[9]   ; 17.436 ; 17.061 ; 17.475 ; 16.898 ;
; a[23]      ; output[10]  ; 15.500 ;        ;        ; 15.017 ;
; a[23]      ; output[11]  ; 17.788 ;        ;        ; 17.303 ;
; a[23]      ; output[12]  ; 18.435 ; 17.865 ; 18.348 ; 17.830 ;
; a[23]      ; output[13]  ; 15.585 ;        ;        ; 15.501 ;
; a[23]      ; output[14]  ; 15.531 ; 15.422 ; 15.462 ; 15.345 ;
; a[23]      ; output[15]  ; 17.417 ;        ;        ; 16.975 ;
; a[23]      ; output[16]  ; 19.827 ; 19.509 ; 19.561 ; 19.235 ;
; a[23]      ; output[17]  ; 17.016 ;        ;        ; 16.609 ;
; a[23]      ; output[18]  ; 17.389 ; 17.009 ; 17.378 ; 16.915 ;
; a[23]      ; output[19]  ; 18.313 ;        ;        ; 17.793 ;
; a[23]      ; output[20]  ; 20.220 ; 19.748 ; 20.003 ; 19.495 ;
; a[23]      ; output[21]  ; 18.439 ;        ;        ; 17.947 ;
; a[23]      ; output[22]  ; 16.924 ; 16.715 ; 16.722 ; 16.505 ;
; a[23]      ; output[23]  ; 13.257 ; 12.868 ; 13.533 ; 13.103 ;
; a[23]      ; output[24]  ; 14.043 ; 13.818 ; 14.144 ; 13.919 ;
; a[23]      ; output[25]  ; 16.203 ; 15.621 ; 16.412 ; 15.794 ;
; a[23]      ; output[26]  ; 15.614 ; 15.118 ; 15.705 ; 15.219 ;
; a[23]      ; output[27]  ; 16.656 ; 16.104 ; 16.727 ; 16.213 ;
; a[23]      ; output[28]  ; 18.474 ; 17.822 ; 18.575 ; 17.923 ;
; a[23]      ; output[29]  ; 15.418 ; 14.983 ; 15.591 ; 15.156 ;
; a[23]      ; output[30]  ; 16.299 ; 15.740 ; 16.400 ; 15.841 ;
; a[23]      ; output[31]  ; 15.310 ; 14.868 ; 15.519 ; 15.041 ;
; a[24]      ; output[0]   ; 14.623 ; 14.411 ; 14.694 ; 14.516 ;
; a[24]      ; output[1]   ; 17.807 ;        ;        ; 17.495 ;
; a[24]      ; output[2]   ; 14.863 ; 14.752 ; 14.959 ; 14.840 ;
; a[24]      ; output[3]   ; 18.544 ;        ;        ; 18.070 ;
; a[24]      ; output[4]   ; 17.238 ; 17.080 ; 17.309 ; 17.137 ;
; a[24]      ; output[5]   ; 17.749 ;        ;        ; 17.375 ;
; a[24]      ; output[6]   ; 16.745 ;        ;        ; 16.231 ;
; a[24]      ; output[7]   ; 14.572 ;        ;        ; 14.460 ;
; a[24]      ; output[8]   ; 18.272 ; 17.894 ; 18.445 ; 17.998 ;
; a[24]      ; output[9]   ; 17.014 ; 16.639 ; 17.185 ; 16.608 ;
; a[24]      ; output[10]  ; 15.272 ;        ;        ; 14.924 ;
; a[24]      ; output[11]  ; 17.366 ;        ;        ; 17.013 ;
; a[24]      ; output[12]  ; 17.693 ; 17.123 ; 17.722 ; 17.204 ;
; a[24]      ; output[13]  ; 15.163 ;        ;        ; 15.211 ;
; a[24]      ; output[14]  ; 15.303 ; 15.194 ; 15.369 ; 15.252 ;
; a[24]      ; output[15]  ; 16.995 ;        ;        ; 16.685 ;
; a[24]      ; output[16]  ; 19.073 ; 18.755 ; 18.950 ; 18.624 ;
; a[24]      ; output[17]  ; 16.594 ;        ;        ; 16.319 ;
; a[24]      ; output[18]  ; 17.161 ; 16.781 ; 17.285 ; 16.822 ;
; a[24]      ; output[19]  ; 17.891 ;        ;        ; 17.503 ;
; a[24]      ; output[20]  ; 19.478 ; 19.006 ; 19.377 ; 18.869 ;
; a[24]      ; output[21]  ; 18.017 ;        ;        ; 17.657 ;
; a[24]      ; output[22]  ; 16.696 ; 16.487 ; 16.629 ; 16.412 ;
; a[24]      ; output[23]  ; 18.408 ;        ;        ; 17.965 ;
; a[24]      ; output[24]  ; 11.758 ; 12.413 ; 12.744 ; 11.825 ;
; a[24]      ; output[25]  ; 16.544 ; 16.042 ; 16.543 ; 16.156 ;
; a[24]      ; output[26]  ; 16.035 ; 15.539 ; 16.067 ; 15.581 ;
; a[24]      ; output[27]  ; 17.431 ; 16.917 ; 17.545 ; 17.031 ;
; a[24]      ; output[28]  ; 18.895 ; 18.243 ; 18.937 ; 18.285 ;
; a[24]      ; output[29]  ; 15.839 ; 15.404 ; 15.953 ; 15.518 ;
; a[24]      ; output[30]  ; 16.720 ; 16.161 ; 16.762 ; 16.203 ;
; a[24]      ; output[31]  ; 15.731 ; 15.289 ; 15.881 ; 15.403 ;
; a[25]      ; output[0]   ; 14.552 ; 14.323 ; 14.789 ; 14.638 ;
; a[25]      ; output[1]   ; 18.320 ;        ;        ; 17.884 ;
; a[25]      ; output[2]   ; 15.012 ; 14.901 ; 15.090 ; 14.971 ;
; a[25]      ; output[3]   ; 18.860 ;        ;        ; 18.282 ;
; a[25]      ; output[4]   ; 17.387 ; 17.229 ; 17.440 ; 17.268 ;
; a[25]      ; output[5]   ; 17.925 ;        ;        ; 17.424 ;
; a[25]      ; output[6]   ; 16.894 ;        ;        ; 16.362 ;
; a[25]      ; output[7]   ; 14.888 ;        ;        ; 14.672 ;
; a[25]      ; output[8]   ; 18.421 ; 18.043 ; 18.576 ; 18.129 ;
; a[25]      ; output[9]   ; 16.744 ;        ;        ; 16.260 ;
; a[25]      ; output[10]  ; 15.421 ;        ;        ; 15.055 ;
; a[25]      ; output[11]  ; 17.682 ;        ;        ; 17.225 ;
; a[25]      ; output[12]  ; 17.842 ; 17.272 ; 17.853 ; 17.335 ;
; a[25]      ; output[13]  ; 15.339 ;        ;        ; 15.260 ;
; a[25]      ; output[14]  ; 15.452 ; 15.343 ; 15.500 ; 15.383 ;
; a[25]      ; output[15]  ; 17.311 ;        ;        ; 16.897 ;
; a[25]      ; output[16]  ; 19.222 ; 18.904 ; 19.081 ; 18.755 ;
; a[25]      ; output[17]  ; 17.107 ;        ;        ; 16.708 ;
; a[25]      ; output[18]  ; 17.310 ; 16.930 ; 17.416 ; 16.953 ;
; a[25]      ; output[19]  ; 18.207 ;        ;        ; 17.715 ;
; a[25]      ; output[20]  ; 19.627 ; 19.155 ; 19.508 ; 19.000 ;
; a[25]      ; output[21]  ; 18.193 ;        ;        ; 17.706 ;
; a[25]      ; output[22]  ; 16.845 ; 16.636 ; 16.760 ; 16.543 ;
; a[25]      ; output[23]  ; 18.724 ;        ;        ; 18.177 ;
; a[25]      ; output[24]  ; 15.738 ; 15.581 ; 15.841 ; 15.616 ;
; a[25]      ; output[25]  ; 12.757 ; 12.496 ; 13.130 ; 12.790 ;
; a[25]      ; output[26]  ; 15.564 ; 15.068 ; 15.801 ; 15.315 ;
; a[25]      ; output[27]  ; 16.960 ; 16.446 ; 17.279 ; 16.765 ;
; a[25]      ; output[28]  ; 17.706 ; 17.256 ; 17.855 ; 17.203 ;
; a[25]      ; output[29]  ; 15.368 ; 14.933 ; 15.687 ; 15.252 ;
; a[25]      ; output[30]  ; 16.249 ; 15.690 ; 16.496 ; 15.937 ;
; a[25]      ; output[31]  ; 15.260 ; 14.818 ; 15.615 ; 15.137 ;
; a[26]      ; output[0]   ; 14.282 ; 14.073 ; 14.480 ; 14.305 ;
; a[26]      ; output[1]   ; 18.531 ;        ;        ; 18.029 ;
; a[26]      ; output[2]   ; 15.713 ; 15.602 ; 15.629 ; 15.510 ;
; a[26]      ; output[3]   ; 19.071 ;        ;        ; 18.427 ;
; a[26]      ; output[4]   ; 18.148 ; 17.990 ; 18.137 ; 17.965 ;
; a[26]      ; output[5]   ; 18.136 ;        ;        ; 17.569 ;
; a[26]      ; output[6]   ; 17.623 ;        ;        ; 16.940 ;
; a[26]      ; output[7]   ; 15.099 ;        ;        ; 14.817 ;
; a[26]      ; output[8]   ; 19.182 ; 18.804 ; 19.273 ; 18.826 ;
; a[26]      ; output[9]   ; 16.955 ;        ;        ; 16.405 ;
; a[26]      ; output[10]  ; 16.667 ; 16.185 ; 16.848 ; 16.164 ;
; a[26]      ; output[11]  ; 17.893 ;        ;        ; 17.370 ;
; a[26]      ; output[12]  ; 18.603 ; 18.033 ; 18.550 ; 18.032 ;
; a[26]      ; output[13]  ; 15.550 ;        ;        ; 15.405 ;
; a[26]      ; output[14]  ; 16.181 ; 16.072 ; 16.078 ; 15.961 ;
; a[26]      ; output[15]  ; 17.522 ;        ;        ; 17.042 ;
; a[26]      ; output[16]  ; 19.983 ; 19.665 ; 19.778 ; 19.452 ;
; a[26]      ; output[17]  ; 17.318 ;        ;        ; 16.853 ;
; a[26]      ; output[18]  ; 18.011 ; 17.631 ; 17.955 ; 17.492 ;
; a[26]      ; output[19]  ; 18.418 ;        ;        ; 17.860 ;
; a[26]      ; output[20]  ; 20.388 ; 19.916 ; 20.205 ; 19.697 ;
; a[26]      ; output[21]  ; 18.404 ;        ;        ; 17.851 ;
; a[26]      ; output[22]  ; 17.574 ; 17.365 ; 17.338 ; 17.121 ;
; a[26]      ; output[23]  ; 18.935 ;        ;        ; 18.322 ;
; a[26]      ; output[24]  ; 16.499 ; 16.342 ; 16.538 ; 16.313 ;
; a[26]      ; output[25]  ; 18.164 ;        ;        ; 17.560 ;
; a[26]      ; output[26]  ; 13.210 ; 13.720 ; 14.225 ; 12.952 ;
; a[26]      ; output[27]  ; 16.922 ; 16.408 ; 17.163 ; 16.649 ;
; a[26]      ; output[28]  ; 17.917 ; 17.467 ; 18.020 ; 17.368 ;
; a[26]      ; output[29]  ; 15.330 ; 14.895 ; 15.571 ; 15.136 ;
; a[26]      ; output[30]  ; 16.211 ; 15.652 ; 16.380 ; 15.821 ;
; a[26]      ; output[31]  ; 15.222 ; 14.780 ; 15.499 ; 15.021 ;
; a[27]      ; output[0]   ; 13.725 ; 13.493 ; 13.962 ; 13.782 ;
; a[27]      ; output[1]   ; 18.916 ;        ;        ; 18.498 ;
; a[27]      ; output[2]   ; 14.760 ; 14.649 ; 14.861 ; 14.742 ;
; a[27]      ; output[3]   ; 19.484 ;        ;        ; 18.932 ;
; a[27]      ; output[4]   ; 17.195 ; 17.037 ; 17.369 ; 17.197 ;
; a[27]      ; output[5]   ; 18.521 ;        ;        ; 18.038 ;
; a[27]      ; output[6]   ; 16.670 ;        ;        ; 16.172 ;
; a[27]      ; output[7]   ; 15.522 ;        ;        ; 15.355 ;
; a[27]      ; output[8]   ; 18.229 ; 17.851 ; 18.505 ; 18.058 ;
; a[27]      ; output[9]   ; 17.340 ;        ;        ; 16.874 ;
; a[27]      ; output[10]  ; 15.714 ; 15.232 ; 16.080 ; 15.396 ;
; a[27]      ; output[11]  ; 17.577 ;        ;        ; 17.120 ;
; a[27]      ; output[12]  ; 17.650 ; 17.080 ; 17.782 ; 17.264 ;
; a[27]      ; output[13]  ; 15.935 ;        ;        ; 15.874 ;
; a[27]      ; output[14]  ; 15.228 ; 15.119 ; 15.310 ; 15.193 ;
; a[27]      ; output[15]  ; 17.945 ;        ;        ; 17.580 ;
; a[27]      ; output[16]  ; 19.030 ; 18.712 ; 19.010 ; 18.684 ;
; a[27]      ; output[17]  ; 17.703 ;        ;        ; 17.322 ;
; a[27]      ; output[18]  ; 17.058 ; 16.678 ; 17.187 ; 16.724 ;
; a[27]      ; output[19]  ; 18.831 ;        ;        ; 18.365 ;
; a[27]      ; output[20]  ; 19.435 ; 18.963 ; 19.437 ; 18.929 ;
; a[27]      ; output[21]  ; 18.789 ;        ;        ; 18.320 ;
; a[27]      ; output[22]  ; 16.621 ; 16.412 ; 16.570 ; 16.353 ;
; a[27]      ; output[23]  ; 19.358 ;        ;        ; 18.860 ;
; a[27]      ; output[24]  ; 15.546 ; 15.389 ; 15.770 ; 15.545 ;
; a[27]      ; output[25]  ; 18.549 ;        ;        ; 18.029 ;
; a[27]      ; output[26]  ; 18.305 ; 17.999 ; 18.298 ; 17.802 ;
; a[27]      ; output[27]  ; 13.736 ; 13.182 ; 14.066 ; 13.526 ;
; a[27]      ; output[28]  ; 17.826 ; 17.174 ; 18.080 ; 17.428 ;
; a[27]      ; output[29]  ; 14.770 ; 14.335 ; 15.096 ; 14.661 ;
; a[27]      ; output[30]  ; 15.651 ; 15.092 ; 15.905 ; 15.346 ;
; a[27]      ; output[31]  ; 14.662 ; 14.220 ; 15.024 ; 14.546 ;
; a[28]      ; output[0]   ; 14.183 ; 13.956 ; 14.411 ; 14.146 ;
; a[28]      ; output[1]   ; 19.188 ;        ;        ; 18.709 ;
; a[28]      ; output[2]   ; 15.040 ; 14.929 ; 15.116 ; 14.997 ;
; a[28]      ; output[3]   ; 19.756 ;        ;        ; 19.143 ;
; a[28]      ; output[4]   ; 17.591 ; 17.433 ; 17.723 ; 17.551 ;
; a[28]      ; output[5]   ; 18.793 ;        ;        ; 18.249 ;
; a[28]      ; output[6]   ; 16.950 ;        ;        ; 16.427 ;
; a[28]      ; output[7]   ; 15.794 ;        ;        ; 15.566 ;
; a[28]      ; output[8]   ; 19.179 ; 18.801 ; 19.403 ; 18.956 ;
; a[28]      ; output[9]   ; 17.612 ;        ;        ; 17.085 ;
; a[28]      ; output[10]  ; 15.994 ; 15.512 ; 16.335 ; 15.651 ;
; a[28]      ; output[11]  ; 17.849 ;        ;        ; 17.331 ;
; a[28]      ; output[12]  ; 17.364 ; 16.794 ; 17.401 ; 16.883 ;
; a[28]      ; output[13]  ; 16.207 ;        ;        ; 16.085 ;
; a[28]      ; output[14]  ; 15.508 ; 15.399 ; 15.565 ; 15.448 ;
; a[28]      ; output[15]  ; 18.217 ;        ;        ; 17.791 ;
; a[28]      ; output[16]  ; 19.980 ; 19.662 ; 19.908 ; 19.582 ;
; a[28]      ; output[17]  ; 17.975 ;        ;        ; 17.533 ;
; a[28]      ; output[18]  ; 17.338 ; 16.958 ; 17.442 ; 16.979 ;
; a[28]      ; output[19]  ; 19.103 ;        ;        ; 18.576 ;
; a[28]      ; output[20]  ; 19.831 ; 19.359 ; 19.791 ; 19.283 ;
; a[28]      ; output[21]  ; 19.061 ;        ;        ; 18.531 ;
; a[28]      ; output[22]  ; 16.901 ; 16.692 ; 16.825 ; 16.608 ;
; a[28]      ; output[23]  ; 19.630 ;        ;        ; 19.071 ;
; a[28]      ; output[24]  ; 16.496 ; 16.339 ; 16.668 ; 16.443 ;
; a[28]      ; output[25]  ; 18.821 ;        ;        ; 18.240 ;
; a[28]      ; output[26]  ; 18.585 ; 18.279 ; 18.553 ; 18.057 ;
; a[28]      ; output[27]  ; 18.351 ;        ;        ; 17.692 ;
; a[28]      ; output[28]  ; 14.206 ; 14.035 ; 14.883 ; 13.949 ;
; a[28]      ; output[29]  ; 14.897 ; 14.462 ; 15.195 ; 14.760 ;
; a[28]      ; output[30]  ; 15.778 ; 15.219 ; 16.004 ; 15.445 ;
; a[28]      ; output[31]  ; 14.789 ; 14.347 ; 15.123 ; 14.645 ;
; a[29]      ; output[0]   ; 13.663 ; 13.434 ; 13.862 ; 13.597 ;
; a[29]      ; output[1]   ; 17.312 ;        ;        ; 16.884 ;
; a[29]      ; output[2]   ; 14.877 ; 14.766 ; 14.868 ; 14.749 ;
; a[29]      ; output[3]   ; 18.197 ;        ;        ; 17.631 ;
; a[29]      ; output[4]   ; 17.428 ; 17.270 ; 17.475 ; 17.303 ;
; a[29]      ; output[5]   ; 16.196 ;        ;        ; 15.750 ;
; a[29]      ; output[6]   ; 16.787 ;        ;        ; 16.179 ;
; a[29]      ; output[7]   ; 14.235 ;        ;        ; 14.054 ;
; a[29]      ; output[8]   ; 19.016 ; 18.638 ; 19.155 ; 18.708 ;
; a[29]      ; output[9]   ; 15.736 ;        ;        ; 15.260 ;
; a[29]      ; output[10]  ; 15.831 ; 15.349 ; 16.087 ; 15.403 ;
; a[29]      ; output[11]  ; 16.290 ;        ;        ; 15.819 ;
; a[29]      ; output[12]  ; 17.201 ; 16.631 ; 17.153 ; 16.635 ;
; a[29]      ; output[13]  ; 13.535 ;        ;        ; 13.606 ;
; a[29]      ; output[14]  ; 15.345 ; 15.236 ; 15.317 ; 15.200 ;
; a[29]      ; output[15]  ; 16.658 ;        ;        ; 16.279 ;
; a[29]      ; output[16]  ; 19.817 ; 19.499 ; 19.660 ; 19.334 ;
; a[29]      ; output[17]  ; 16.099 ;        ;        ; 15.708 ;
; a[29]      ; output[18]  ; 17.175 ; 16.795 ; 17.194 ; 16.731 ;
; a[29]      ; output[19]  ; 17.544 ;        ;        ; 17.064 ;
; a[29]      ; output[20]  ; 19.668 ; 19.196 ; 19.543 ; 19.035 ;
; a[29]      ; output[21]  ; 16.464 ;        ;        ; 16.032 ;
; a[29]      ; output[22]  ; 16.738 ; 16.529 ; 16.577 ; 16.360 ;
; a[29]      ; output[23]  ; 18.071 ;        ;        ; 17.559 ;
; a[29]      ; output[24]  ; 16.333 ; 16.176 ; 16.420 ; 16.195 ;
; a[29]      ; output[25]  ; 16.945 ;        ;        ; 16.415 ;
; a[29]      ; output[26]  ; 18.422 ; 18.116 ; 18.305 ; 17.809 ;
; a[29]      ; output[27]  ; 16.792 ;        ;        ; 16.180 ;
; a[29]      ; output[28]  ; 17.598 ;        ;        ; 17.041 ;
; a[29]      ; output[29]  ; 12.079 ; 11.670 ; 12.277 ; 11.911 ;
; a[29]      ; output[30]  ; 15.256 ; 14.697 ; 15.455 ; 14.896 ;
; a[29]      ; output[31]  ; 14.267 ; 13.825 ; 14.574 ; 14.096 ;
; a[30]      ; output[0]   ; 14.319 ; 14.062 ; 14.476 ; 14.253 ;
; a[30]      ; output[1]   ; 17.749 ;        ;        ; 17.454 ;
; a[30]      ; output[2]   ; 14.014 ; 13.903 ; 14.209 ; 14.090 ;
; a[30]      ; output[3]   ; 18.634 ;        ;        ; 18.201 ;
; a[30]      ; output[4]   ; 17.073 ; 16.915 ; 17.323 ; 17.151 ;
; a[30]      ; output[5]   ; 16.633 ;        ;        ; 16.320 ;
; a[30]      ; output[6]   ; 15.385 ;        ;        ; 14.936 ;
; a[30]      ; output[7]   ; 14.672 ;        ;        ; 14.624 ;
; a[30]      ; output[8]   ; 18.661 ; 18.283 ; 19.003 ; 18.556 ;
; a[30]      ; output[9]   ; 16.173 ;        ;        ; 15.830 ;
; a[30]      ; output[10]  ; 14.968 ; 14.486 ; 15.428 ; 14.744 ;
; a[30]      ; output[11]  ; 16.727 ;        ;        ; 16.389 ;
; a[30]      ; output[12]  ; 16.846 ; 16.276 ; 17.001 ; 16.483 ;
; a[30]      ; output[13]  ; 13.972 ;        ;        ; 14.176 ;
; a[30]      ; output[14]  ; 13.435 ; 13.326 ; 13.587 ; 13.470 ;
; a[30]      ; output[15]  ; 17.095 ;        ;        ; 16.849 ;
; a[30]      ; output[16]  ; 19.462 ; 19.144 ; 19.508 ; 19.182 ;
; a[30]      ; output[17]  ; 16.536 ;        ;        ; 16.278 ;
; a[30]      ; output[18]  ; 16.312 ; 15.932 ; 16.535 ; 16.072 ;
; a[30]      ; output[19]  ; 17.981 ;        ;        ; 17.634 ;
; a[30]      ; output[20]  ; 19.313 ; 18.841 ; 19.391 ; 18.883 ;
; a[30]      ; output[21]  ; 16.901 ;        ;        ; 16.602 ;
; a[30]      ; output[22]  ; 15.336 ; 15.127 ; 15.334 ; 15.117 ;
; a[30]      ; output[23]  ; 18.508 ;        ;        ; 18.129 ;
; a[30]      ; output[24]  ; 15.978 ; 15.821 ; 16.268 ; 16.043 ;
; a[30]      ; output[25]  ; 17.382 ;        ;        ; 16.985 ;
; a[30]      ; output[26]  ; 17.559 ; 17.253 ; 17.646 ; 17.150 ;
; a[30]      ; output[27]  ; 17.229 ;        ;        ; 16.750 ;
; a[30]      ; output[28]  ; 17.243 ;        ;        ; 16.889 ;
; a[30]      ; output[29]  ; 14.159 ;        ;        ; 14.036 ;
; a[30]      ; output[30]  ; 13.435 ; 13.452 ; 14.226 ; 13.145 ;
; a[30]      ; output[31]  ; 15.250 ; 14.808 ; 15.486 ; 15.008 ;
; a[31]      ; output[0]   ; 10.483 ; 11.141 ; 11.409 ; 10.315 ;
; a[31]      ; output[1]   ; 14.324 ;        ;        ; 13.795 ;
; a[31]      ; output[2]   ; 11.438 ; 11.327 ; 11.351 ; 11.232 ;
; a[31]      ; output[3]   ; 14.208 ;        ;        ; 13.632 ;
; a[31]      ; output[4]   ; 12.776 ; 12.618 ; 12.832 ; 12.660 ;
; a[31]      ; output[5]   ; 13.466 ;        ;        ; 12.853 ;
; a[31]      ; output[6]   ; 12.444 ;        ;        ; 11.708 ;
; a[31]      ; output[7]   ; 9.724  ;        ;        ; 9.539  ;
; a[31]      ; output[8]   ; 12.784 ; 15.710 ; 16.167 ; 12.445 ;
; a[31]      ; output[9]   ; 10.698 ;        ;        ; 10.251 ;
; a[31]      ; output[10]  ; 10.296 ; 11.910 ; 12.570 ; 9.718  ;
; a[31]      ; output[11]  ; 12.052 ;        ;        ; 11.525 ;
; a[31]      ; output[12]  ; 12.296 ; 11.726 ; 12.226 ; 11.708 ;
; a[31]      ; output[13]  ; 10.757 ;        ;        ; 10.665 ;
; a[31]      ; output[14]  ; 10.798 ; 10.689 ; 10.717 ; 10.600 ;
; a[31]      ; output[15]  ; 10.815 ;        ;        ; 10.471 ;
; a[31]      ; output[16]  ; 12.823 ; 12.505 ; 12.766 ; 12.440 ;
; a[31]      ; output[17]  ; 10.394 ;        ;        ; 10.032 ;
; a[31]      ; output[18]  ; 11.118 ; 10.738 ; 11.219 ; 10.756 ;
; a[31]      ; output[19]  ; 11.597 ;        ;        ; 11.216 ;
; a[31]      ; output[20]  ; 13.179 ; 12.707 ; 13.106 ; 12.598 ;
; a[31]      ; output[21]  ; 11.982 ;        ;        ; 11.413 ;
; a[31]      ; output[22]  ; 9.914  ; 9.705  ; 9.836  ; 9.619  ;
; a[31]      ; output[23]  ; 13.076 ;        ;        ; 12.457 ;
; a[31]      ; output[24]  ; 10.712 ; 10.555 ; 10.769 ; 10.544 ;
; a[31]      ; output[25]  ; 11.906 ;        ;        ; 11.405 ;
; a[31]      ; output[26]  ; 12.488 ; 12.182 ; 12.518 ; 12.022 ;
; a[31]      ; output[27]  ; 12.558 ;        ;        ; 11.886 ;
; a[31]      ; output[28]  ; 12.823 ;        ;        ; 12.168 ;
; a[31]      ; output[29]  ; 10.269 ;        ;        ; 9.952  ;
; a[31]      ; output[30]  ; 11.272 ;        ;        ; 10.748 ;
; a[31]      ; output[31]  ; 10.056 ; 9.724  ; 10.073 ; 9.781  ;
; b[0]       ; output[0]   ; 11.634 ; 11.521 ; 11.854 ; 11.762 ;
; b[0]       ; output[1]   ; 15.099 ; 14.789 ; 15.416 ; 15.098 ;
; b[0]       ; output[2]   ; 13.749 ; 12.581 ; 13.094 ; 13.757 ;
; b[0]       ; output[3]   ; 16.821 ; 16.098 ; 17.176 ; 16.445 ;
; b[0]       ; output[4]   ; 15.709 ; 14.413 ; 14.898 ; 15.926 ;
; b[0]       ; output[5]   ; 16.953 ; 16.279 ; 17.262 ; 16.588 ;
; b[0]       ; output[6]   ; 14.979 ; 14.361 ; 15.329 ; 14.711 ;
; b[0]       ; output[7]   ; 13.879 ; 13.665 ; 14.187 ; 13.973 ;
; b[0]       ; output[8]   ; 17.619 ; 16.876 ; 17.669 ; 17.527 ;
; b[0]       ; output[9]   ; 15.979 ; 15.437 ; 16.288 ; 15.746 ;
; b[0]       ; output[10]  ; 14.941 ; 14.385 ; 15.265 ; 14.701 ;
; b[0]       ; output[11]  ; 17.119 ; 16.398 ; 17.418 ; 16.740 ;
; b[0]       ; output[12]  ; 16.640 ; 15.202 ; 16.136 ; 16.441 ;
; b[0]       ; output[13]  ; 14.364 ; 14.185 ; 14.663 ; 14.527 ;
; b[0]       ; output[14]  ; 14.390 ; 13.767 ; 14.233 ; 14.475 ;
; b[0]       ; output[15]  ; 16.544 ; 16.090 ; 16.852 ; 16.398 ;
; b[0]       ; output[16]  ; 18.153 ; 16.335 ; 17.336 ; 18.216 ;
; b[0]       ; output[17]  ; 14.153 ; 13.704 ; 14.470 ; 14.013 ;
; b[0]       ; output[18]  ; 16.176 ; 14.677 ; 15.624 ; 15.853 ;
; b[0]       ; output[19]  ; 15.736 ; 15.119 ; 16.052 ; 15.427 ;
; b[0]       ; output[20]  ; 17.255 ; 15.570 ; 16.385 ; 16.866 ;
; b[0]       ; output[21]  ; 16.673 ; 16.137 ; 16.982 ; 16.446 ;
; b[0]       ; output[22]  ; 14.972 ; 13.626 ; 14.332 ; 14.802 ;
; b[0]       ; output[23]  ; 17.393 ; 16.772 ; 17.709 ; 17.080 ;
; b[0]       ; output[24]  ; 14.985 ; 14.488 ; 15.300 ; 14.844 ;
; b[0]       ; output[25]  ; 15.435 ; 14.955 ; 15.798 ; 15.178 ;
; b[0]       ; output[26]  ; 16.137 ; 15.567 ; 16.482 ; 15.904 ;
; b[0]       ; output[27]  ; 16.397 ; 15.883 ; 16.772 ; 16.258 ;
; b[0]       ; output[28]  ; 17.216 ; 16.528 ; 17.543 ; 16.847 ;
; b[0]       ; output[29]  ; 14.551 ; 14.045 ; 14.850 ; 14.387 ;
; b[0]       ; output[30]  ; 15.232 ; 14.683 ; 15.746 ; 15.133 ;
; b[0]       ; output[31]  ; 16.831 ; 16.370 ; 17.195 ; 16.648 ;
; b[1]       ; output[0]   ; 14.338 ; 12.709 ; 13.292 ; 14.390 ;
; b[1]       ; output[1]   ; 13.727 ; 13.527 ; 14.113 ; 13.792 ;
; b[1]       ; output[2]   ; 12.633 ; 12.427 ; 12.969 ; 12.755 ;
; b[1]       ; output[3]   ; 16.909 ; 16.422 ; 17.322 ; 16.794 ;
; b[1]       ; output[4]   ; 14.929 ; 14.757 ; 15.340 ; 15.168 ;
; b[1]       ; output[5]   ; 16.766 ; 16.114 ; 17.129 ; 16.469 ;
; b[1]       ; output[6]   ; 14.673 ; 14.018 ; 15.071 ; 14.428 ;
; b[1]       ; output[7]   ; 13.600 ; 13.386 ; 13.948 ; 13.852 ;
; b[1]       ; output[8]   ; 17.178 ; 16.720 ; 17.585 ; 17.080 ;
; b[1]       ; output[9]   ; 16.185 ; 15.562 ; 16.514 ; 15.905 ;
; b[1]       ; output[10]  ; 14.932 ; 14.264 ; 15.245 ; 14.597 ;
; b[1]       ; output[11]  ; 16.576 ; 15.952 ; 16.891 ; 16.308 ;
; b[1]       ; output[12]  ; 16.459 ; 15.736 ; 16.663 ; 16.421 ;
; b[1]       ; output[13]  ; 14.100 ; 13.997 ; 14.551 ; 14.346 ;
; b[1]       ; output[14]  ; 13.693 ; 13.519 ; 14.008 ; 13.878 ;
; b[1]       ; output[15]  ; 16.265 ; 15.811 ; 16.678 ; 16.231 ;
; b[1]       ; output[16]  ; 17.938 ; 16.738 ; 17.730 ; 18.015 ;
; b[1]       ; output[17]  ; 16.349 ; 14.220 ; 14.968 ; 16.181 ;
; b[1]       ; output[18]  ; 15.163 ; 14.523 ; 15.499 ; 14.851 ;
; b[1]       ; output[19]  ; 16.215 ; 14.840 ; 15.779 ; 15.929 ;
; b[1]       ; output[20]  ; 16.817 ; 16.084 ; 16.912 ; 16.500 ;
; b[1]       ; output[21]  ; 17.034 ; 16.401 ; 17.478 ; 16.777 ;
; b[1]       ; output[22]  ; 13.871 ; 13.472 ; 14.207 ; 13.800 ;
; b[1]       ; output[23]  ; 17.292 ; 16.493 ; 17.436 ; 16.959 ;
; b[1]       ; output[24]  ; 14.547 ; 14.062 ; 14.851 ; 14.478 ;
; b[1]       ; output[25]  ; 15.103 ; 14.545 ; 15.410 ; 14.893 ;
; b[1]       ; output[26]  ; 14.954 ; 14.457 ; 15.341 ; 14.826 ;
; b[1]       ; output[27]  ; 15.807 ; 15.293 ; 16.199 ; 15.685 ;
; b[1]       ; output[28]  ; 17.669 ; 16.347 ; 17.388 ; 17.361 ;
; b[1]       ; output[29]  ; 13.334 ; 12.981 ; 13.732 ; 13.319 ;
; b[1]       ; output[30]  ; 15.635 ; 15.086 ; 16.140 ; 15.527 ;
; b[1]       ; output[31]  ; 16.735 ; 16.091 ; 16.922 ; 16.511 ;
; b[2]       ; output[0]   ; 13.450 ; 12.676 ; 13.235 ; 13.536 ;
; b[2]       ; output[1]   ; 15.639 ; 15.299 ; 15.980 ; 15.822 ;
; b[2]       ; output[2]   ; 11.549 ; 12.046 ; 12.326 ; 11.679 ;
; b[2]       ; output[3]   ; 16.278 ; 15.719 ; 16.643 ; 15.915 ;
; b[2]       ; output[4]   ; 14.287 ; 14.139 ; 14.663 ; 14.432 ;
; b[2]       ; output[5]   ; 14.932 ; 14.312 ; 15.217 ; 14.638 ;
; b[2]       ; output[6]   ; 14.993 ; 14.221 ; 15.249 ; 14.520 ;
; b[2]       ; output[7]   ; 12.733 ; 12.463 ; 13.004 ; 12.819 ;
; b[2]       ; output[8]   ; 15.900 ; 15.473 ; 16.216 ; 15.830 ;
; b[2]       ; output[9]   ; 15.140 ; 14.563 ; 15.422 ; 14.874 ;
; b[2]       ; output[10]  ; 14.074 ; 13.459 ; 14.380 ; 13.835 ;
; b[2]       ; output[11]  ; 15.674 ; 15.156 ; 15.944 ; 15.470 ;
; b[2]       ; output[12]  ; 15.525 ; 14.928 ; 15.901 ; 15.221 ;
; b[2]       ; output[13]  ; 13.314 ; 13.223 ; 13.599 ; 13.549 ;
; b[2]       ; output[14]  ; 13.383 ; 13.229 ; 13.646 ; 13.533 ;
; b[2]       ; output[15]  ; 15.255 ; 14.819 ; 15.576 ; 15.126 ;
; b[2]       ; output[16]  ; 17.107 ; 16.705 ; 17.464 ; 17.138 ;
; b[2]       ; output[17]  ; 15.044 ; 13.896 ; 14.643 ; 14.966 ;
; b[2]       ; output[18]  ; 15.820 ; 15.357 ; 16.196 ; 15.733 ;
; b[2]       ; output[19]  ; 15.840 ; 15.212 ; 16.120 ; 15.484 ;
; b[2]       ; output[20]  ; 15.595 ; 15.083 ; 15.982 ; 15.330 ;
; b[2]       ; output[21]  ; 16.256 ; 15.727 ; 16.414 ; 15.886 ;
; b[2]       ; output[22]  ; 13.539 ; 13.119 ; 13.795 ; 13.418 ;
; b[2]       ; output[23]  ; 16.551 ; 16.018 ; 16.849 ; 16.214 ;
; b[2]       ; output[24]  ; 14.126 ; 13.924 ; 14.441 ; 14.280 ;
; b[2]       ; output[25]  ; 15.434 ; 14.637 ; 15.416 ; 15.255 ;
; b[2]       ; output[26]  ; 15.426 ; 14.857 ; 15.725 ; 15.232 ;
; b[2]       ; output[27]  ; 15.932 ; 15.418 ; 16.215 ; 15.701 ;
; b[2]       ; output[28]  ; 16.742 ; 16.155 ; 17.081 ; 16.375 ;
; b[2]       ; output[29]  ; 13.621 ; 13.268 ; 13.932 ; 13.519 ;
; b[2]       ; output[30]  ; 15.602 ; 15.053 ; 16.083 ; 15.470 ;
; b[2]       ; output[31]  ; 15.997 ; 15.546 ; 16.282 ; 15.763 ;
; b[3]       ; output[0]   ; 14.081 ; 12.966 ; 13.401 ; 13.946 ;
; b[3]       ; output[1]   ; 14.815 ; 14.475 ; 15.149 ; 14.991 ;
; b[3]       ; output[2]   ; 11.104 ; 10.985 ; 11.401 ; 11.282 ;
; b[3]       ; output[3]   ; 14.552 ; 14.130 ; 14.887 ; 14.360 ;
; b[3]       ; output[4]   ; 14.947 ; 13.122 ; 13.429 ; 15.160 ;
; b[3]       ; output[5]   ; 15.079 ; 14.400 ; 15.220 ; 14.832 ;
; b[3]       ; output[6]   ; 13.752 ; 13.122 ; 14.008 ; 13.370 ;
; b[3]       ; output[7]   ; 12.019 ; 11.805 ; 12.292 ; 12.280 ;
; b[3]       ; output[8]   ; 16.378 ; 15.945 ; 16.549 ; 16.157 ;
; b[3]       ; output[9]   ; 14.492 ; 13.950 ; 14.771 ; 14.229 ;
; b[3]       ; output[10]  ; 14.160 ; 13.561 ; 14.232 ; 13.673 ;
; b[3]       ; output[11]  ; 15.461 ; 14.923 ; 15.631 ; 15.085 ;
; b[3]       ; output[12]  ; 14.506 ; 13.923 ; 14.666 ; 14.124 ;
; b[3]       ; output[13]  ; 12.410 ; 12.275 ; 12.649 ; 12.557 ;
; b[3]       ; output[14]  ; 12.270 ; 11.604 ; 11.929 ; 12.403 ;
; b[3]       ; output[15]  ; 14.660 ; 14.206 ; 14.954 ; 14.500 ;
; b[3]       ; output[16]  ; 17.716 ; 16.995 ; 17.834 ; 17.272 ;
; b[3]       ; output[17]  ; 13.564 ; 13.072 ; 13.812 ; 13.415 ;
; b[3]       ; output[18]  ; 13.424 ; 12.967 ; 13.727 ; 13.264 ;
; b[3]       ; output[19]  ; 14.483 ; 13.897 ; 14.762 ; 14.168 ;
; b[3]       ; output[20]  ; 14.584 ; 14.071 ; 14.744 ; 14.272 ;
; b[3]       ; output[21]  ; 14.799 ; 14.263 ; 15.046 ; 14.518 ;
; b[3]       ; output[22]  ; 12.560 ; 12.272 ; 12.816 ; 12.520 ;
; b[3]       ; output[23]  ; 15.206 ; 14.571 ; 15.481 ; 14.838 ;
; b[3]       ; output[24]  ; 13.633 ; 13.342 ; 14.016 ; 13.685 ;
; b[3]       ; output[25]  ; 14.343 ; 13.870 ; 14.630 ; 14.149 ;
; b[3]       ; output[26]  ; 14.572 ; 14.079 ; 14.918 ; 14.349 ;
; b[3]       ; output[27]  ; 14.917 ; 14.403 ; 15.183 ; 14.669 ;
; b[3]       ; output[28]  ; 15.918 ; 15.331 ; 16.250 ; 15.544 ;
; b[3]       ; output[29]  ; 14.024 ; 13.671 ; 14.208 ; 13.795 ;
; b[3]       ; output[30]  ; 15.543 ; 14.984 ; 15.868 ; 15.309 ;
; b[3]       ; output[31]  ; 14.588 ; 14.107 ; 14.863 ; 14.374 ;
; b[4]       ; output[0]   ; 11.527 ; 11.438 ; 11.840 ; 11.744 ;
; b[4]       ; output[1]   ; 13.968 ; 14.236 ; 14.757 ; 13.842 ;
; b[4]       ; output[2]   ; 12.257 ; 11.500 ; 12.013 ; 12.297 ;
; b[4]       ; output[3]   ; 14.704 ; 14.192 ; 14.974 ; 14.448 ;
; b[4]       ; output[4]   ; 11.815 ; 11.640 ; 12.119 ; 11.985 ;
; b[4]       ; output[5]   ; 15.764 ; 15.192 ; 15.997 ; 15.389 ;
; b[4]       ; output[6]   ; 14.401 ; 13.479 ; 14.340 ; 14.050 ;
; b[4]       ; output[7]   ; 12.636 ; 12.495 ; 12.952 ; 12.738 ;
; b[4]       ; output[8]   ; 16.185 ; 14.678 ; 15.421 ; 16.064 ;
; b[4]       ; output[9]   ; 13.332 ; 12.934 ; 13.724 ; 13.158 ;
; b[4]       ; output[10]  ; 13.605 ; 13.010 ; 13.858 ; 13.255 ;
; b[4]       ; output[11]  ; 14.493 ; 14.074 ; 14.918 ; 14.268 ;
; b[4]       ; output[12]  ; 14.982 ; 12.528 ; 13.384 ; 14.705 ;
; b[4]       ; output[13]  ; 11.844 ; 11.912 ; 12.355 ; 12.057 ;
; b[4]       ; output[14]  ; 12.634 ; 11.380 ; 11.719 ; 12.818 ;
; b[4]       ; output[15]  ; 12.997 ; 13.779 ; 14.542 ; 12.896 ;
; b[4]       ; output[16]  ; 15.342 ; 15.016 ; 15.651 ; 15.325 ;
; b[4]       ; output[17]  ; 12.356 ; 12.675 ; 13.394 ; 12.327 ;
; b[4]       ; output[18]  ; 14.431 ; 14.127 ; 14.703 ; 14.164 ;
; b[4]       ; output[19]  ; 14.043 ; 13.663 ; 14.400 ; 13.851 ;
; b[4]       ; output[20]  ; 13.465 ; 13.467 ; 14.291 ; 13.321 ;
; b[4]       ; output[21]  ; 14.430 ; 13.827 ; 14.719 ; 14.157 ;
; b[4]       ; output[22]  ; 11.956 ; 11.739 ; 12.259 ; 12.042 ;
; b[4]       ; output[23]  ; 15.500 ; 14.895 ; 15.765 ; 15.191 ;
; b[4]       ; output[24]  ; 13.865 ; 13.534 ; 14.100 ; 13.809 ;
; b[4]       ; output[25]  ; 14.532 ; 14.049 ; 14.906 ; 14.316 ;
; b[4]       ; output[26]  ; 14.767 ; 14.198 ; 15.039 ; 14.546 ;
; b[4]       ; output[27]  ; 14.993 ; 14.411 ; 15.402 ; 14.660 ;
; b[4]       ; output[28]  ; 15.346 ; 14.660 ; 15.638 ; 14.993 ;
; b[4]       ; output[29]  ; 12.594 ; 12.318 ; 12.988 ; 12.552 ;
; b[4]       ; output[30]  ; 14.017 ; 13.544 ; 14.395 ; 13.751 ;
; b[4]       ; output[31]  ; 14.307 ; 14.805 ; 15.540 ; 14.106 ;
; b[5]       ; output[0]   ; 15.520 ; 15.215 ; 15.833 ; 15.528 ;
; b[5]       ; output[5]   ; 13.547 ; 12.896 ; 13.863 ; 13.253 ;
; b[5]       ; output[6]   ; 16.295 ; 15.568 ; 16.608 ; 15.881 ;
; b[5]       ; output[7]   ; 13.818 ; 13.647 ; 14.113 ; 13.960 ;
; b[5]       ; output[8]   ; 17.936 ; 17.446 ; 18.249 ; 17.759 ;
; b[5]       ; output[9]   ; 15.663 ; 15.121 ; 15.976 ; 15.434 ;
; b[5]       ; output[10]  ; 16.467 ; 15.808 ; 16.780 ; 16.121 ;
; b[5]       ; output[11]  ; 17.072 ; 16.635 ; 17.385 ; 16.948 ;
; b[5]       ; output[12]  ; 16.336 ; 15.781 ; 16.649 ; 16.094 ;
; b[5]       ; output[13]  ; 15.057 ; 14.969 ; 15.370 ; 15.282 ;
; b[5]       ; output[14]  ; 14.392 ; 14.275 ; 14.705 ; 14.588 ;
; b[5]       ; output[15]  ; 16.835 ; 16.381 ; 17.148 ; 16.694 ;
; b[5]       ; output[16]  ; 17.637 ; 17.311 ; 17.950 ; 17.624 ;
; b[5]       ; output[17]  ; 16.180 ; 15.620 ; 16.475 ; 15.933 ;
; b[5]       ; output[18]  ; 17.452 ; 16.989 ; 17.765 ; 17.302 ;
; b[5]       ; output[19]  ; 18.167 ; 17.506 ; 18.462 ; 17.819 ;
; b[5]       ; output[20]  ; 17.902 ; 17.394 ; 18.215 ; 17.707 ;
; b[5]       ; output[21]  ; 18.442 ; 17.906 ; 18.755 ; 18.219 ;
; b[5]       ; output[22]  ; 15.576 ; 15.359 ; 15.889 ; 15.672 ;
; b[5]       ; output[23]  ; 18.704 ; 18.119 ; 18.999 ; 18.432 ;
; b[5]       ; output[24]  ; 15.916 ; 15.691 ; 16.229 ; 16.004 ;
; b[5]       ; output[25]  ; 18.184 ; 17.566 ; 18.479 ; 17.879 ;
; b[5]       ; output[26]  ; 17.477 ; 16.991 ; 17.790 ; 17.304 ;
; b[5]       ; output[27]  ; 18.955 ; 18.441 ; 19.268 ; 18.754 ;
; b[5]       ; output[28]  ; 20.347 ; 19.695 ; 20.660 ; 20.008 ;
; b[5]       ; output[29]  ; 17.363 ; 16.928 ; 17.676 ; 17.241 ;
; b[5]       ; output[30]  ; 18.172 ; 17.613 ; 18.485 ; 17.926 ;
; b[5]       ; output[31]  ; 17.291 ; 16.813 ; 17.586 ; 17.126 ;
; b[6]       ; output[0]   ; 15.498 ; 15.235 ; 15.824 ; 15.561 ;
; b[6]       ; output[6]   ; 13.285 ; 12.716 ; 13.528 ; 12.967 ;
; b[6]       ; output[7]   ; 14.094 ; 13.923 ; 14.420 ; 14.249 ;
; b[6]       ; output[8]   ; 18.212 ; 17.722 ; 18.538 ; 18.048 ;
; b[6]       ; output[9]   ; 15.939 ; 15.397 ; 16.265 ; 15.723 ;
; b[6]       ; output[10]  ; 16.743 ; 16.084 ; 17.069 ; 16.410 ;
; b[6]       ; output[11]  ; 17.348 ; 16.911 ; 17.674 ; 17.237 ;
; b[6]       ; output[12]  ; 16.612 ; 16.057 ; 16.938 ; 16.383 ;
; b[6]       ; output[13]  ; 15.333 ; 15.245 ; 15.659 ; 15.571 ;
; b[6]       ; output[14]  ; 14.668 ; 14.551 ; 14.994 ; 14.877 ;
; b[6]       ; output[15]  ; 17.111 ; 16.657 ; 17.437 ; 16.983 ;
; b[6]       ; output[16]  ; 17.913 ; 17.587 ; 18.239 ; 17.913 ;
; b[6]       ; output[17]  ; 16.456 ; 15.896 ; 16.782 ; 16.222 ;
; b[6]       ; output[18]  ; 17.728 ; 17.265 ; 18.054 ; 17.591 ;
; b[6]       ; output[19]  ; 18.443 ; 17.782 ; 18.769 ; 18.108 ;
; b[6]       ; output[20]  ; 18.178 ; 17.670 ; 18.504 ; 17.996 ;
; b[6]       ; output[21]  ; 18.718 ; 18.182 ; 19.044 ; 18.508 ;
; b[6]       ; output[22]  ; 15.852 ; 15.635 ; 16.178 ; 15.961 ;
; b[6]       ; output[23]  ; 18.980 ; 18.395 ; 19.306 ; 18.721 ;
; b[6]       ; output[24]  ; 16.192 ; 15.967 ; 16.518 ; 16.293 ;
; b[6]       ; output[25]  ; 18.460 ; 17.842 ; 18.786 ; 18.168 ;
; b[6]       ; output[26]  ; 17.753 ; 17.267 ; 18.079 ; 17.593 ;
; b[6]       ; output[27]  ; 19.231 ; 18.717 ; 19.557 ; 19.043 ;
; b[6]       ; output[28]  ; 20.623 ; 19.971 ; 20.949 ; 20.297 ;
; b[6]       ; output[29]  ; 17.639 ; 17.204 ; 17.965 ; 17.530 ;
; b[6]       ; output[30]  ; 18.448 ; 17.889 ; 18.774 ; 18.215 ;
; b[6]       ; output[31]  ; 17.567 ; 17.089 ; 17.893 ; 17.415 ;
; b[7]       ; output[0]   ; 15.020 ; 14.776 ; 15.304 ; 15.060 ;
; b[7]       ; output[7]   ; 10.803 ; 10.963 ; 11.262 ; 10.875 ;
; b[7]       ; output[8]   ; 17.519 ; 17.029 ; 17.803 ; 17.313 ;
; b[7]       ; output[9]   ; 15.246 ; 14.704 ; 15.507 ; 14.965 ;
; b[7]       ; output[10]  ; 16.050 ; 15.391 ; 16.334 ; 15.675 ;
; b[7]       ; output[11]  ; 16.655 ; 16.218 ; 16.916 ; 16.479 ;
; b[7]       ; output[12]  ; 15.919 ; 15.364 ; 16.203 ; 15.648 ;
; b[7]       ; output[13]  ; 14.640 ; 14.552 ; 14.901 ; 14.813 ;
; b[7]       ; output[14]  ; 13.975 ; 13.858 ; 14.259 ; 14.142 ;
; b[7]       ; output[15]  ; 16.418 ; 15.964 ; 16.679 ; 16.225 ;
; b[7]       ; output[16]  ; 17.220 ; 16.894 ; 17.504 ; 17.178 ;
; b[7]       ; output[17]  ; 15.763 ; 15.203 ; 15.988 ; 15.464 ;
; b[7]       ; output[18]  ; 17.035 ; 16.572 ; 17.319 ; 16.856 ;
; b[7]       ; output[19]  ; 17.750 ; 17.089 ; 17.975 ; 17.350 ;
; b[7]       ; output[20]  ; 17.485 ; 16.977 ; 17.769 ; 17.261 ;
; b[7]       ; output[21]  ; 18.025 ; 17.489 ; 18.286 ; 17.750 ;
; b[7]       ; output[22]  ; 15.159 ; 14.942 ; 15.443 ; 15.226 ;
; b[7]       ; output[23]  ; 18.287 ; 17.702 ; 18.512 ; 17.963 ;
; b[7]       ; output[24]  ; 15.499 ; 15.274 ; 15.783 ; 15.558 ;
; b[7]       ; output[25]  ; 17.767 ; 17.149 ; 17.992 ; 17.410 ;
; b[7]       ; output[26]  ; 17.060 ; 16.574 ; 17.344 ; 16.858 ;
; b[7]       ; output[27]  ; 18.538 ; 18.024 ; 18.799 ; 18.285 ;
; b[7]       ; output[28]  ; 19.930 ; 19.278 ; 20.214 ; 19.562 ;
; b[7]       ; output[29]  ; 16.946 ; 16.511 ; 17.207 ; 16.772 ;
; b[7]       ; output[30]  ; 17.755 ; 17.196 ; 18.039 ; 17.480 ;
; b[7]       ; output[31]  ; 16.874 ; 16.396 ; 17.099 ; 16.657 ;
; b[8]       ; output[0]   ; 16.600 ; 16.380 ; 16.962 ; 16.742 ;
; b[8]       ; output[8]   ; 15.205 ; 14.882 ; 15.554 ; 15.239 ;
; b[8]       ; output[9]   ; 15.861 ; 15.319 ; 16.223 ; 15.681 ;
; b[8]       ; output[10]  ; 16.665 ; 16.006 ; 17.027 ; 16.368 ;
; b[8]       ; output[11]  ; 17.270 ; 16.833 ; 17.632 ; 17.195 ;
; b[8]       ; output[12]  ; 16.534 ; 15.979 ; 16.896 ; 16.341 ;
; b[8]       ; output[13]  ; 15.255 ; 15.167 ; 15.617 ; 15.529 ;
; b[8]       ; output[14]  ; 14.590 ; 14.473 ; 14.952 ; 14.835 ;
; b[8]       ; output[15]  ; 17.033 ; 16.579 ; 17.395 ; 16.941 ;
; b[8]       ; output[16]  ; 17.835 ; 17.509 ; 18.197 ; 17.871 ;
; b[8]       ; output[17]  ; 16.378 ; 15.818 ; 16.738 ; 16.180 ;
; b[8]       ; output[18]  ; 17.650 ; 17.187 ; 18.012 ; 17.549 ;
; b[8]       ; output[19]  ; 18.365 ; 17.704 ; 18.725 ; 18.066 ;
; b[8]       ; output[20]  ; 18.100 ; 17.592 ; 18.462 ; 17.954 ;
; b[8]       ; output[21]  ; 18.640 ; 18.104 ; 19.002 ; 18.466 ;
; b[8]       ; output[22]  ; 15.774 ; 15.557 ; 16.136 ; 15.919 ;
; b[8]       ; output[23]  ; 18.902 ; 18.317 ; 19.262 ; 18.679 ;
; b[8]       ; output[24]  ; 16.114 ; 15.889 ; 16.476 ; 16.251 ;
; b[8]       ; output[25]  ; 18.382 ; 17.764 ; 18.742 ; 18.126 ;
; b[8]       ; output[26]  ; 17.675 ; 17.189 ; 18.037 ; 17.551 ;
; b[8]       ; output[27]  ; 19.153 ; 18.639 ; 19.515 ; 19.001 ;
; b[8]       ; output[28]  ; 20.545 ; 19.893 ; 20.907 ; 20.255 ;
; b[8]       ; output[29]  ; 17.561 ; 17.126 ; 17.923 ; 17.488 ;
; b[8]       ; output[30]  ; 18.370 ; 17.811 ; 18.732 ; 18.173 ;
; b[8]       ; output[31]  ; 17.489 ; 17.011 ; 17.849 ; 17.373 ;
; b[9]       ; output[0]   ; 16.011 ; 15.791 ; 16.293 ; 16.073 ;
; b[9]       ; output[9]   ; 12.533 ; 12.048 ; 12.870 ; 12.293 ;
; b[9]       ; output[10]  ; 16.076 ; 15.417 ; 16.358 ; 15.699 ;
; b[9]       ; output[11]  ; 16.681 ; 16.244 ; 16.963 ; 16.526 ;
; b[9]       ; output[12]  ; 15.945 ; 15.390 ; 16.227 ; 15.672 ;
; b[9]       ; output[13]  ; 14.666 ; 14.578 ; 14.948 ; 14.860 ;
; b[9]       ; output[14]  ; 14.001 ; 13.884 ; 14.283 ; 14.166 ;
; b[9]       ; output[15]  ; 16.444 ; 15.990 ; 16.726 ; 16.272 ;
; b[9]       ; output[16]  ; 17.246 ; 16.920 ; 17.528 ; 17.202 ;
; b[9]       ; output[17]  ; 15.789 ; 15.229 ; 16.071 ; 15.511 ;
; b[9]       ; output[18]  ; 17.061 ; 16.598 ; 17.343 ; 16.880 ;
; b[9]       ; output[19]  ; 17.776 ; 17.115 ; 18.058 ; 17.397 ;
; b[9]       ; output[20]  ; 17.511 ; 17.003 ; 17.793 ; 17.285 ;
; b[9]       ; output[21]  ; 18.051 ; 17.515 ; 18.333 ; 17.797 ;
; b[9]       ; output[22]  ; 15.185 ; 14.968 ; 15.467 ; 15.250 ;
; b[9]       ; output[23]  ; 18.313 ; 17.728 ; 18.595 ; 18.010 ;
; b[9]       ; output[24]  ; 15.525 ; 15.300 ; 15.807 ; 15.582 ;
; b[9]       ; output[25]  ; 17.793 ; 17.175 ; 18.075 ; 17.457 ;
; b[9]       ; output[26]  ; 17.086 ; 16.600 ; 17.368 ; 16.882 ;
; b[9]       ; output[27]  ; 18.564 ; 18.050 ; 18.846 ; 18.332 ;
; b[9]       ; output[28]  ; 19.956 ; 19.304 ; 20.238 ; 19.586 ;
; b[9]       ; output[29]  ; 16.972 ; 16.537 ; 17.254 ; 16.819 ;
; b[9]       ; output[30]  ; 17.781 ; 17.222 ; 18.063 ; 17.504 ;
; b[9]       ; output[31]  ; 16.900 ; 16.422 ; 17.182 ; 16.704 ;
; b[10]      ; output[0]   ; 15.269 ; 15.049 ; 15.605 ; 15.385 ;
; b[10]      ; output[10]  ; 14.075 ; 13.674 ; 14.298 ; 13.897 ;
; b[10]      ; output[11]  ; 15.939 ; 15.502 ; 16.275 ; 15.838 ;
; b[10]      ; output[12]  ; 15.203 ; 14.648 ; 15.539 ; 14.984 ;
; b[10]      ; output[13]  ; 13.924 ; 13.836 ; 14.260 ; 14.172 ;
; b[10]      ; output[14]  ; 13.259 ; 13.142 ; 13.595 ; 13.478 ;
; b[10]      ; output[15]  ; 15.702 ; 15.248 ; 16.038 ; 15.584 ;
; b[10]      ; output[16]  ; 16.504 ; 16.178 ; 16.840 ; 16.514 ;
; b[10]      ; output[17]  ; 15.047 ; 14.487 ; 15.355 ; 14.823 ;
; b[10]      ; output[18]  ; 16.319 ; 15.856 ; 16.655 ; 16.192 ;
; b[10]      ; output[19]  ; 17.034 ; 16.373 ; 17.342 ; 16.709 ;
; b[10]      ; output[20]  ; 16.769 ; 16.261 ; 17.105 ; 16.597 ;
; b[10]      ; output[21]  ; 17.309 ; 16.773 ; 17.645 ; 17.109 ;
; b[10]      ; output[22]  ; 14.443 ; 14.226 ; 14.779 ; 14.562 ;
; b[10]      ; output[23]  ; 17.571 ; 16.986 ; 17.879 ; 17.322 ;
; b[10]      ; output[24]  ; 14.783 ; 14.558 ; 15.119 ; 14.894 ;
; b[10]      ; output[25]  ; 17.051 ; 16.433 ; 17.359 ; 16.769 ;
; b[10]      ; output[26]  ; 16.344 ; 15.858 ; 16.680 ; 16.194 ;
; b[10]      ; output[27]  ; 17.822 ; 17.308 ; 18.158 ; 17.644 ;
; b[10]      ; output[28]  ; 19.214 ; 18.562 ; 19.550 ; 18.898 ;
; b[10]      ; output[29]  ; 16.230 ; 15.795 ; 16.566 ; 16.131 ;
; b[10]      ; output[30]  ; 17.039 ; 16.480 ; 17.375 ; 16.816 ;
; b[10]      ; output[31]  ; 16.158 ; 15.680 ; 16.466 ; 16.016 ;
; b[11]      ; output[0]   ; 15.520 ; 15.300 ; 15.863 ; 15.643 ;
; b[11]      ; output[11]  ; 13.049 ; 13.495 ; 14.205 ; 12.961 ;
; b[11]      ; output[12]  ; 15.454 ; 14.899 ; 15.797 ; 15.242 ;
; b[11]      ; output[13]  ; 14.175 ; 14.087 ; 14.450 ; 14.362 ;
; b[11]      ; output[14]  ; 13.510 ; 13.393 ; 13.853 ; 13.736 ;
; b[11]      ; output[15]  ; 15.953 ; 15.499 ; 16.228 ; 15.774 ;
; b[11]      ; output[16]  ; 16.755 ; 16.429 ; 17.098 ; 16.772 ;
; b[11]      ; output[17]  ; 15.298 ; 14.738 ; 15.537 ; 15.013 ;
; b[11]      ; output[18]  ; 16.570 ; 16.107 ; 16.913 ; 16.450 ;
; b[11]      ; output[19]  ; 17.285 ; 16.624 ; 17.524 ; 16.899 ;
; b[11]      ; output[20]  ; 17.020 ; 16.512 ; 17.363 ; 16.855 ;
; b[11]      ; output[21]  ; 17.560 ; 17.024 ; 17.835 ; 17.299 ;
; b[11]      ; output[22]  ; 14.694 ; 14.477 ; 15.037 ; 14.820 ;
; b[11]      ; output[23]  ; 17.822 ; 17.237 ; 18.061 ; 17.512 ;
; b[11]      ; output[24]  ; 15.034 ; 14.809 ; 15.377 ; 15.152 ;
; b[11]      ; output[25]  ; 17.302 ; 16.684 ; 17.541 ; 16.959 ;
; b[11]      ; output[26]  ; 16.595 ; 16.109 ; 16.938 ; 16.452 ;
; b[11]      ; output[27]  ; 18.073 ; 17.559 ; 18.348 ; 17.834 ;
; b[11]      ; output[28]  ; 19.465 ; 18.813 ; 19.808 ; 19.156 ;
; b[11]      ; output[29]  ; 16.481 ; 16.046 ; 16.756 ; 16.321 ;
; b[11]      ; output[30]  ; 17.290 ; 16.731 ; 17.633 ; 17.074 ;
; b[11]      ; output[31]  ; 16.409 ; 15.931 ; 16.648 ; 16.206 ;
; b[12]      ; output[0]   ; 15.701 ; 15.481 ; 16.044 ; 15.824 ;
; b[12]      ; output[12]  ; 12.797 ; 12.662 ; 13.442 ; 12.491 ;
; b[12]      ; output[13]  ; 14.356 ; 14.268 ; 14.680 ; 14.592 ;
; b[12]      ; output[14]  ; 13.691 ; 13.574 ; 14.034 ; 13.917 ;
; b[12]      ; output[15]  ; 16.134 ; 15.680 ; 16.458 ; 16.004 ;
; b[12]      ; output[16]  ; 16.936 ; 16.610 ; 17.279 ; 16.953 ;
; b[12]      ; output[17]  ; 15.479 ; 14.919 ; 15.767 ; 15.243 ;
; b[12]      ; output[18]  ; 16.751 ; 16.288 ; 17.094 ; 16.631 ;
; b[12]      ; output[19]  ; 17.466 ; 16.805 ; 17.754 ; 17.129 ;
; b[12]      ; output[20]  ; 17.201 ; 16.693 ; 17.544 ; 17.036 ;
; b[12]      ; output[21]  ; 17.741 ; 17.205 ; 18.065 ; 17.529 ;
; b[12]      ; output[22]  ; 14.875 ; 14.658 ; 15.218 ; 15.001 ;
; b[12]      ; output[23]  ; 18.003 ; 17.418 ; 18.291 ; 17.742 ;
; b[12]      ; output[24]  ; 15.215 ; 14.990 ; 15.558 ; 15.333 ;
; b[12]      ; output[25]  ; 17.483 ; 16.865 ; 17.771 ; 17.189 ;
; b[12]      ; output[26]  ; 16.776 ; 16.290 ; 17.119 ; 16.633 ;
; b[12]      ; output[27]  ; 18.254 ; 17.740 ; 18.578 ; 18.064 ;
; b[12]      ; output[28]  ; 19.646 ; 18.994 ; 19.989 ; 19.337 ;
; b[12]      ; output[29]  ; 16.662 ; 16.227 ; 16.986 ; 16.551 ;
; b[12]      ; output[30]  ; 17.471 ; 16.912 ; 17.814 ; 17.255 ;
; b[12]      ; output[31]  ; 16.590 ; 16.112 ; 16.878 ; 16.436 ;
; b[13]      ; output[0]   ; 15.545 ; 15.325 ; 15.844 ; 15.624 ;
; b[13]      ; output[13]  ; 11.159 ; 11.014 ; 11.466 ; 11.313 ;
; b[13]      ; output[14]  ; 13.535 ; 13.418 ; 13.834 ; 13.717 ;
; b[13]      ; output[15]  ; 15.978 ; 15.524 ; 16.277 ; 15.823 ;
; b[13]      ; output[16]  ; 16.780 ; 16.454 ; 17.079 ; 16.753 ;
; b[13]      ; output[17]  ; 15.323 ; 14.763 ; 15.622 ; 15.062 ;
; b[13]      ; output[18]  ; 16.595 ; 16.132 ; 16.894 ; 16.431 ;
; b[13]      ; output[19]  ; 17.310 ; 16.649 ; 17.609 ; 16.948 ;
; b[13]      ; output[20]  ; 17.045 ; 16.537 ; 17.344 ; 16.836 ;
; b[13]      ; output[21]  ; 17.585 ; 17.049 ; 17.884 ; 17.348 ;
; b[13]      ; output[22]  ; 14.719 ; 14.502 ; 15.018 ; 14.801 ;
; b[13]      ; output[23]  ; 17.847 ; 17.262 ; 18.146 ; 17.561 ;
; b[13]      ; output[24]  ; 15.059 ; 14.834 ; 15.358 ; 15.133 ;
; b[13]      ; output[25]  ; 17.327 ; 16.709 ; 17.626 ; 17.008 ;
; b[13]      ; output[26]  ; 16.620 ; 16.134 ; 16.919 ; 16.433 ;
; b[13]      ; output[27]  ; 18.098 ; 17.584 ; 18.397 ; 17.883 ;
; b[13]      ; output[28]  ; 19.490 ; 18.838 ; 19.789 ; 19.137 ;
; b[13]      ; output[29]  ; 16.506 ; 16.071 ; 16.805 ; 16.370 ;
; b[13]      ; output[30]  ; 17.315 ; 16.756 ; 17.614 ; 17.055 ;
; b[13]      ; output[31]  ; 16.434 ; 15.956 ; 16.733 ; 16.255 ;
; b[14]      ; output[0]   ; 15.082 ; 14.862 ; 15.380 ; 15.160 ;
; b[14]      ; output[14]  ; 10.662 ; 10.932 ; 11.316 ; 10.845 ;
; b[14]      ; output[15]  ; 15.515 ; 15.061 ; 15.787 ; 15.333 ;
; b[14]      ; output[16]  ; 16.317 ; 15.991 ; 16.615 ; 16.289 ;
; b[14]      ; output[17]  ; 14.842 ; 14.300 ; 15.096 ; 14.572 ;
; b[14]      ; output[18]  ; 16.132 ; 15.669 ; 16.430 ; 15.967 ;
; b[14]      ; output[19]  ; 16.829 ; 16.186 ; 17.083 ; 16.458 ;
; b[14]      ; output[20]  ; 16.582 ; 16.074 ; 16.880 ; 16.372 ;
; b[14]      ; output[21]  ; 17.122 ; 16.586 ; 17.394 ; 16.858 ;
; b[14]      ; output[22]  ; 14.256 ; 14.039 ; 14.554 ; 14.337 ;
; b[14]      ; output[23]  ; 17.366 ; 16.799 ; 17.620 ; 17.071 ;
; b[14]      ; output[24]  ; 14.596 ; 14.371 ; 14.894 ; 14.669 ;
; b[14]      ; output[25]  ; 16.846 ; 16.246 ; 17.100 ; 16.518 ;
; b[14]      ; output[26]  ; 16.157 ; 15.671 ; 16.455 ; 15.969 ;
; b[14]      ; output[27]  ; 17.635 ; 17.121 ; 17.907 ; 17.393 ;
; b[14]      ; output[28]  ; 19.027 ; 18.375 ; 19.325 ; 18.673 ;
; b[14]      ; output[29]  ; 16.043 ; 15.608 ; 16.315 ; 15.880 ;
; b[14]      ; output[30]  ; 16.852 ; 16.293 ; 17.150 ; 16.591 ;
; b[14]      ; output[31]  ; 15.953 ; 15.493 ; 16.207 ; 15.765 ;
; b[15]      ; output[0]   ; 15.742 ; 15.522 ; 16.052 ; 15.832 ;
; b[15]      ; output[15]  ; 13.109 ; 12.680 ; 13.376 ; 12.987 ;
; b[15]      ; output[16]  ; 16.977 ; 16.651 ; 17.287 ; 16.961 ;
; b[15]      ; output[17]  ; 15.520 ; 14.960 ; 15.827 ; 15.270 ;
; b[15]      ; output[18]  ; 16.792 ; 16.329 ; 17.102 ; 16.639 ;
; b[15]      ; output[19]  ; 17.507 ; 16.846 ; 17.814 ; 17.156 ;
; b[15]      ; output[20]  ; 17.242 ; 16.734 ; 17.552 ; 17.044 ;
; b[15]      ; output[21]  ; 17.782 ; 17.246 ; 18.092 ; 17.556 ;
; b[15]      ; output[22]  ; 14.916 ; 14.699 ; 15.226 ; 15.009 ;
; b[15]      ; output[23]  ; 18.044 ; 17.459 ; 18.351 ; 17.769 ;
; b[15]      ; output[24]  ; 15.256 ; 15.031 ; 15.566 ; 15.341 ;
; b[15]      ; output[25]  ; 17.524 ; 16.906 ; 17.831 ; 17.216 ;
; b[15]      ; output[26]  ; 16.817 ; 16.331 ; 17.127 ; 16.641 ;
; b[15]      ; output[27]  ; 18.295 ; 17.781 ; 18.605 ; 18.091 ;
; b[15]      ; output[28]  ; 19.687 ; 19.035 ; 19.997 ; 19.345 ;
; b[15]      ; output[29]  ; 16.703 ; 16.268 ; 17.013 ; 16.578 ;
; b[15]      ; output[30]  ; 17.512 ; 16.953 ; 17.822 ; 17.263 ;
; b[15]      ; output[31]  ; 16.631 ; 16.153 ; 16.938 ; 16.463 ;
; b[16]      ; output[0]   ; 15.428 ; 15.208 ; 15.675 ; 15.455 ;
; b[16]      ; output[16]  ; 13.536 ; 13.210 ; 13.786 ; 13.460 ;
; b[16]      ; output[17]  ; 15.206 ; 14.646 ; 15.370 ; 14.846 ;
; b[16]      ; output[18]  ; 16.478 ; 16.015 ; 16.725 ; 16.262 ;
; b[16]      ; output[19]  ; 17.193 ; 16.532 ; 17.357 ; 16.732 ;
; b[16]      ; output[20]  ; 16.928 ; 16.420 ; 17.175 ; 16.667 ;
; b[16]      ; output[21]  ; 17.468 ; 16.932 ; 17.668 ; 17.132 ;
; b[16]      ; output[22]  ; 14.602 ; 14.385 ; 14.849 ; 14.632 ;
; b[16]      ; output[23]  ; 17.730 ; 17.145 ; 17.894 ; 17.345 ;
; b[16]      ; output[24]  ; 14.942 ; 14.717 ; 15.189 ; 14.964 ;
; b[16]      ; output[25]  ; 17.210 ; 16.592 ; 17.374 ; 16.792 ;
; b[16]      ; output[26]  ; 16.503 ; 16.017 ; 16.750 ; 16.264 ;
; b[16]      ; output[27]  ; 17.981 ; 17.467 ; 18.181 ; 17.667 ;
; b[16]      ; output[28]  ; 19.373 ; 18.721 ; 19.620 ; 18.968 ;
; b[16]      ; output[29]  ; 16.389 ; 15.954 ; 16.589 ; 16.154 ;
; b[16]      ; output[30]  ; 17.198 ; 16.639 ; 17.445 ; 16.886 ;
; b[16]      ; output[31]  ; 16.317 ; 15.839 ; 16.481 ; 16.039 ;
; b[17]      ; output[0]   ; 14.693 ; 14.473 ; 14.988 ; 14.768 ;
; b[17]      ; output[17]  ; 11.423 ; 11.186 ; 11.757 ; 11.441 ;
; b[17]      ; output[18]  ; 15.743 ; 15.280 ; 16.038 ; 15.575 ;
; b[17]      ; output[19]  ; 16.458 ; 15.797 ; 16.714 ; 16.089 ;
; b[17]      ; output[20]  ; 16.193 ; 15.685 ; 16.488 ; 15.980 ;
; b[17]      ; output[21]  ; 16.733 ; 16.197 ; 17.025 ; 16.489 ;
; b[17]      ; output[22]  ; 13.867 ; 13.650 ; 14.162 ; 13.945 ;
; b[17]      ; output[23]  ; 16.995 ; 16.410 ; 17.251 ; 16.702 ;
; b[17]      ; output[24]  ; 14.207 ; 13.982 ; 14.502 ; 14.277 ;
; b[17]      ; output[25]  ; 16.475 ; 15.857 ; 16.731 ; 16.149 ;
; b[17]      ; output[26]  ; 15.768 ; 15.282 ; 16.063 ; 15.577 ;
; b[17]      ; output[27]  ; 17.246 ; 16.732 ; 17.538 ; 17.024 ;
; b[17]      ; output[28]  ; 18.638 ; 17.986 ; 18.933 ; 18.281 ;
; b[17]      ; output[29]  ; 15.654 ; 15.219 ; 15.946 ; 15.511 ;
; b[17]      ; output[30]  ; 16.463 ; 15.904 ; 16.758 ; 16.199 ;
; b[17]      ; output[31]  ; 15.582 ; 15.104 ; 15.838 ; 15.396 ;
; b[18]      ; output[0]   ; 15.903 ; 15.683 ; 16.248 ; 16.028 ;
; b[18]      ; output[18]  ; 12.734 ; 12.802 ; 13.610 ; 12.682 ;
; b[18]      ; output[19]  ; 17.668 ; 17.007 ; 18.013 ; 17.352 ;
; b[18]      ; output[20]  ; 17.403 ; 16.895 ; 17.748 ; 17.240 ;
; b[18]      ; output[21]  ; 17.943 ; 17.407 ; 18.288 ; 17.752 ;
; b[18]      ; output[22]  ; 15.077 ; 14.860 ; 15.422 ; 15.205 ;
; b[18]      ; output[23]  ; 18.205 ; 17.620 ; 18.550 ; 17.965 ;
; b[18]      ; output[24]  ; 15.417 ; 15.192 ; 15.762 ; 15.537 ;
; b[18]      ; output[25]  ; 17.685 ; 17.067 ; 18.030 ; 17.412 ;
; b[18]      ; output[26]  ; 16.978 ; 16.492 ; 17.323 ; 16.837 ;
; b[18]      ; output[27]  ; 18.456 ; 17.942 ; 18.801 ; 18.287 ;
; b[18]      ; output[28]  ; 19.848 ; 19.196 ; 20.193 ; 19.541 ;
; b[18]      ; output[29]  ; 16.864 ; 16.429 ; 17.209 ; 16.774 ;
; b[18]      ; output[30]  ; 17.673 ; 17.114 ; 18.018 ; 17.459 ;
; b[18]      ; output[31]  ; 16.792 ; 16.314 ; 17.137 ; 16.659 ;
; b[19]      ; output[0]   ; 15.511 ; 15.291 ; 15.796 ; 15.576 ;
; b[19]      ; output[19]  ; 13.085 ; 12.704 ; 13.412 ; 12.838 ;
; b[19]      ; output[20]  ; 17.011 ; 16.503 ; 17.296 ; 16.788 ;
; b[19]      ; output[21]  ; 17.551 ; 17.015 ; 17.800 ; 17.264 ;
; b[19]      ; output[22]  ; 14.685 ; 14.468 ; 14.970 ; 14.753 ;
; b[19]      ; output[23]  ; 17.813 ; 17.228 ; 18.026 ; 17.477 ;
; b[19]      ; output[24]  ; 15.025 ; 14.800 ; 15.310 ; 15.085 ;
; b[19]      ; output[25]  ; 17.293 ; 16.675 ; 17.506 ; 16.924 ;
; b[19]      ; output[26]  ; 16.586 ; 16.100 ; 16.871 ; 16.385 ;
; b[19]      ; output[27]  ; 18.064 ; 17.550 ; 18.313 ; 17.799 ;
; b[19]      ; output[28]  ; 19.456 ; 18.804 ; 19.741 ; 19.089 ;
; b[19]      ; output[29]  ; 16.472 ; 16.037 ; 16.721 ; 16.286 ;
; b[19]      ; output[30]  ; 17.281 ; 16.722 ; 17.566 ; 17.007 ;
; b[19]      ; output[31]  ; 16.400 ; 15.922 ; 16.613 ; 16.171 ;
; b[20]      ; output[0]   ; 14.356 ; 14.136 ; 14.696 ; 14.476 ;
; b[20]      ; output[20]  ; 13.169 ; 13.170 ; 13.927 ; 12.988 ;
; b[20]      ; output[21]  ; 16.396 ; 15.860 ; 16.682 ; 16.146 ;
; b[20]      ; output[22]  ; 13.530 ; 13.313 ; 13.870 ; 13.653 ;
; b[20]      ; output[23]  ; 16.658 ; 16.073 ; 16.908 ; 16.359 ;
; b[20]      ; output[24]  ; 13.870 ; 13.645 ; 14.210 ; 13.985 ;
; b[20]      ; output[25]  ; 16.138 ; 15.520 ; 16.388 ; 15.806 ;
; b[20]      ; output[26]  ; 15.431 ; 14.945 ; 15.771 ; 15.285 ;
; b[20]      ; output[27]  ; 16.909 ; 16.395 ; 17.195 ; 16.681 ;
; b[20]      ; output[28]  ; 18.301 ; 17.649 ; 18.641 ; 17.989 ;
; b[20]      ; output[29]  ; 15.317 ; 14.882 ; 15.603 ; 15.168 ;
; b[20]      ; output[30]  ; 16.126 ; 15.567 ; 16.466 ; 15.907 ;
; b[20]      ; output[31]  ; 15.245 ; 14.767 ; 15.495 ; 15.053 ;
; b[21]      ; output[0]   ; 15.367 ; 15.147 ; 15.780 ; 15.560 ;
; b[21]      ; output[21]  ; 13.508 ; 13.079 ; 13.918 ; 13.384 ;
; b[21]      ; output[22]  ; 14.541 ; 14.324 ; 14.954 ; 14.737 ;
; b[21]      ; output[23]  ; 17.669 ; 17.084 ; 18.037 ; 17.488 ;
; b[21]      ; output[24]  ; 14.881 ; 14.656 ; 15.294 ; 15.069 ;
; b[21]      ; output[25]  ; 17.149 ; 16.531 ; 17.517 ; 16.935 ;
; b[21]      ; output[26]  ; 16.442 ; 15.956 ; 16.855 ; 16.369 ;
; b[21]      ; output[27]  ; 17.920 ; 17.406 ; 18.324 ; 17.810 ;
; b[21]      ; output[28]  ; 19.312 ; 18.660 ; 19.725 ; 19.073 ;
; b[21]      ; output[29]  ; 16.328 ; 15.893 ; 16.732 ; 16.297 ;
; b[21]      ; output[30]  ; 17.137 ; 16.578 ; 17.550 ; 16.991 ;
; b[21]      ; output[31]  ; 16.256 ; 15.778 ; 16.624 ; 16.182 ;
; b[22]      ; output[0]   ; 14.493 ; 14.273 ; 14.813 ; 14.593 ;
; b[22]      ; output[22]  ; 10.715 ; 10.635 ; 11.163 ; 10.827 ;
; b[22]      ; output[23]  ; 16.795 ; 16.210 ; 17.115 ; 16.530 ;
; b[22]      ; output[24]  ; 14.007 ; 13.782 ; 14.327 ; 14.102 ;
; b[22]      ; output[25]  ; 16.275 ; 15.657 ; 16.595 ; 15.977 ;
; b[22]      ; output[26]  ; 15.568 ; 15.082 ; 15.888 ; 15.402 ;
; b[22]      ; output[27]  ; 17.046 ; 16.532 ; 17.366 ; 16.852 ;
; b[22]      ; output[28]  ; 18.438 ; 17.786 ; 18.758 ; 18.106 ;
; b[22]      ; output[29]  ; 15.454 ; 15.019 ; 15.774 ; 15.339 ;
; b[22]      ; output[30]  ; 16.263 ; 15.704 ; 16.583 ; 16.024 ;
; b[22]      ; output[31]  ; 15.382 ; 14.904 ; 15.702 ; 15.224 ;
; b[23]      ; output[0]   ; 14.922 ; 14.702 ; 15.244 ; 15.024 ;
; b[23]      ; output[23]  ; 13.121 ; 12.732 ; 13.478 ; 13.048 ;
; b[23]      ; output[24]  ; 14.436 ; 14.211 ; 14.758 ; 14.533 ;
; b[23]      ; output[25]  ; 16.704 ; 16.086 ; 17.026 ; 16.408 ;
; b[23]      ; output[26]  ; 15.997 ; 15.511 ; 16.319 ; 15.833 ;
; b[23]      ; output[27]  ; 17.475 ; 16.961 ; 17.797 ; 17.283 ;
; b[23]      ; output[28]  ; 18.867 ; 18.215 ; 19.189 ; 18.537 ;
; b[23]      ; output[29]  ; 15.883 ; 15.448 ; 16.205 ; 15.770 ;
; b[23]      ; output[30]  ; 16.692 ; 16.133 ; 17.014 ; 16.455 ;
; b[23]      ; output[31]  ; 15.811 ; 15.333 ; 16.133 ; 15.655 ;
; b[24]      ; output[0]   ; 14.713 ; 14.535 ; 15.050 ; 14.872 ;
; b[24]      ; output[24]  ; 11.312 ; 11.917 ; 12.404 ; 11.459 ;
; b[24]      ; output[25]  ; 16.809 ; 16.191 ; 17.117 ; 16.528 ;
; b[24]      ; output[26]  ; 16.102 ; 15.616 ; 16.439 ; 15.953 ;
; b[24]      ; output[27]  ; 17.580 ; 17.066 ; 17.917 ; 17.403 ;
; b[24]      ; output[28]  ; 18.972 ; 18.320 ; 19.309 ; 18.657 ;
; b[24]      ; output[29]  ; 15.988 ; 15.553 ; 16.325 ; 15.890 ;
; b[24]      ; output[30]  ; 16.797 ; 16.238 ; 17.134 ; 16.575 ;
; b[24]      ; output[31]  ; 15.916 ; 15.438 ; 16.224 ; 15.775 ;
; b[25]      ; output[0]   ; 14.802 ; 14.657 ; 15.153 ; 14.944 ;
; b[25]      ; output[25]  ; 12.022 ; 11.706 ; 12.319 ; 11.995 ;
; b[25]      ; output[26]  ; 15.820 ; 15.334 ; 16.171 ; 15.685 ;
; b[25]      ; output[27]  ; 17.298 ; 16.784 ; 17.581 ; 17.067 ;
; b[25]      ; output[28]  ; 18.690 ; 18.038 ; 19.041 ; 18.389 ;
; b[25]      ; output[29]  ; 15.706 ; 15.271 ; 15.989 ; 15.554 ;
; b[25]      ; output[30]  ; 16.515 ; 15.956 ; 16.866 ; 16.307 ;
; b[25]      ; output[31]  ; 15.634 ; 15.156 ; 15.881 ; 15.439 ;
; b[26]      ; output[0]   ; 15.247 ; 15.072 ; 15.385 ; 15.210 ;
; b[26]      ; output[26]  ; 12.542 ; 13.052 ; 13.592 ; 12.266 ;
; b[26]      ; output[27]  ; 17.946 ; 17.432 ; 18.084 ; 17.570 ;
; b[26]      ; output[28]  ; 19.338 ; 18.686 ; 19.476 ; 18.824 ;
; b[26]      ; output[29]  ; 16.354 ; 15.919 ; 16.492 ; 16.057 ;
; b[26]      ; output[30]  ; 17.163 ; 16.604 ; 17.301 ; 16.742 ;
; b[26]      ; output[31]  ; 16.282 ; 15.804 ; 16.420 ; 15.942 ;
; b[27]      ; output[0]   ; 14.681 ; 14.501 ; 15.014 ; 14.834 ;
; b[27]      ; output[27]  ; 13.900 ; 13.322 ; 14.192 ; 13.657 ;
; b[27]      ; output[28]  ; 18.805 ; 18.153 ; 19.138 ; 18.486 ;
; b[27]      ; output[29]  ; 15.821 ; 15.386 ; 16.128 ; 15.693 ;
; b[27]      ; output[30]  ; 16.630 ; 16.071 ; 16.963 ; 16.404 ;
; b[27]      ; output[31]  ; 15.731 ; 15.271 ; 16.020 ; 15.578 ;
; b[28]      ; output[0]   ; 15.256 ; 14.991 ; 15.516 ; 15.251 ;
; b[28]      ; output[28]  ; 13.542 ; 13.226 ; 14.098 ; 13.246 ;
; b[28]      ; output[29]  ; 16.040 ; 15.605 ; 16.300 ; 15.865 ;
; b[28]      ; output[30]  ; 16.849 ; 16.290 ; 17.109 ; 16.550 ;
; b[28]      ; output[31]  ; 15.968 ; 15.490 ; 16.228 ; 15.750 ;
; b[29]      ; output[0]   ; 14.342 ; 14.077 ; 14.691 ; 14.446 ;
; b[29]      ; output[29]  ; 11.800 ; 11.612 ; 12.303 ; 11.753 ;
; b[29]      ; output[30]  ; 15.935 ; 15.376 ; 16.284 ; 15.725 ;
; b[29]      ; output[31]  ; 15.045 ; 14.576 ; 15.295 ; 14.853 ;
; b[30]      ; output[0]   ; 14.654 ; 14.431 ; 15.045 ; 14.822 ;
; b[30]      ; output[30]  ; 13.259 ; 12.662 ; 13.611 ; 13.057 ;
; b[30]      ; output[31]  ; 15.680 ; 15.202 ; 16.071 ; 15.593 ;
; b[31]      ; output[0]   ; 14.905 ; 12.994 ; 13.391 ; 14.890 ;
; b[31]      ; output[31]  ; 12.860 ; 12.620 ; 13.121 ; 12.760 ;
; op[0]      ; output[0]   ; 11.657 ; 11.654 ; 11.911 ; 11.916 ;
; op[0]      ; output[1]   ; 13.928 ; 13.628 ; 14.182 ; 13.882 ;
; op[0]      ; output[2]   ; 11.677 ; 11.558 ; 11.931 ; 11.812 ;
; op[0]      ; output[3]   ; 15.272 ; 14.644 ; 15.534 ; 14.898 ;
; op[0]      ; output[4]   ; 12.948 ; 12.746 ; 13.290 ; 13.096 ;
; op[0]      ; output[5]   ; 15.171 ; 14.483 ; 15.212 ; 14.587 ;
; op[0]      ; output[6]   ; 14.615 ; 14.054 ; 14.869 ; 14.308 ;
; op[0]      ; output[7]   ; 12.523 ; 12.384 ; 12.531 ; 12.442 ;
; op[0]      ; output[8]   ; 15.975 ; 15.582 ; 16.229 ; 15.836 ;
; op[0]      ; output[9]   ; 13.521 ; 12.987 ; 13.656 ; 13.163 ;
; op[0]      ; output[10]  ; 14.560 ; 14.159 ; 14.827 ; 14.426 ;
; op[0]      ; output[11]  ; 14.341 ; 13.870 ; 14.603 ; 14.124 ;
; op[0]      ; output[12]  ; 13.719 ; 13.153 ; 13.978 ; 13.420 ;
; op[0]      ; output[13]  ; 12.985 ; 12.857 ; 13.239 ; 13.111 ;
; op[0]      ; output[14]  ; 12.264 ; 12.196 ; 12.612 ; 12.491 ;
; op[0]      ; output[15]  ; 13.462 ; 13.033 ; 13.724 ; 13.295 ;
; op[0]      ; output[16]  ; 14.651 ; 14.374 ; 14.991 ; 14.673 ;
; op[0]      ; output[17]  ; 12.410 ; 12.187 ; 12.765 ; 12.550 ;
; op[0]      ; output[18]  ; 13.490 ; 13.067 ; 13.806 ; 13.391 ;
; op[0]      ; output[19]  ; 13.360 ; 12.923 ; 13.614 ; 13.177 ;
; op[0]      ; output[20]  ; 14.594 ; 14.203 ; 14.848 ; 14.465 ;
; op[0]      ; output[21]  ; 14.698 ; 14.158 ; 14.952 ; 14.412 ;
; op[0]      ; output[22]  ; 12.409 ; 12.137 ; 12.671 ; 12.391 ;
; op[0]      ; output[23]  ; 13.694 ; 13.256 ; 13.862 ; 13.432 ;
; op[0]      ; output[24]  ; 12.437 ; 12.271 ; 12.691 ; 12.525 ;
; op[0]      ; output[25]  ; 12.620 ; 12.334 ; 12.874 ; 12.588 ;
; op[0]      ; output[26]  ; 14.008 ; 13.460 ; 14.270 ; 13.714 ;
; op[0]      ; output[27]  ; 14.515 ; 13.932 ; 14.769 ; 14.186 ;
; op[0]      ; output[28]  ; 14.958 ; 14.391 ; 15.101 ; 14.574 ;
; op[0]      ; output[29]  ; 13.148 ; 12.734 ; 13.402 ; 12.988 ;
; op[0]      ; output[30]  ; 13.864 ; 13.387 ; 14.007 ; 13.461 ;
; op[0]      ; output[31]  ; 12.630 ; 12.271 ; 12.892 ; 12.525 ;
; op[1]      ; output[0]   ; 9.601  ; 9.585  ; 9.583  ; 9.575  ;
; op[1]      ; output[1]   ; 11.963 ; 11.729 ; 11.944 ; 11.710 ;
; op[1]      ; output[2]   ; 9.091  ; 9.019  ; 9.073  ; 9.001  ;
; op[1]      ; output[3]   ; 13.365 ; 12.837 ; 13.346 ; 12.818 ;
; op[1]      ; output[4]   ; 10.228 ; 10.026 ; 10.210 ; 10.008 ;
; op[1]      ; output[5]   ; 12.254 ; 11.629 ; 12.235 ; 11.610 ;
; op[1]      ; output[6]   ; 12.082 ; 11.491 ; 12.064 ; 11.473 ;
; op[1]      ; output[7]   ; 9.573  ; 9.484  ; 9.554  ; 9.465  ;
; op[1]      ; output[8]   ; 13.335 ; 13.012 ; 13.317 ; 12.994 ;
; op[1]      ; output[9]   ; 10.698 ; 10.205 ; 10.679 ; 10.186 ;
; op[1]      ; output[10]  ; 11.840 ; 11.439 ; 11.822 ; 11.421 ;
; op[1]      ; output[11]  ; 12.064 ; 11.627 ; 12.053 ; 11.616 ;
; op[1]      ; output[12]  ; 10.999 ; 10.433 ; 10.981 ; 10.415 ;
; op[1]      ; output[13]  ; 10.532 ; 10.358 ; 10.513 ; 10.339 ;
; op[1]      ; output[14]  ; 9.544  ; 9.476  ; 9.526  ; 9.458  ;
; op[1]      ; output[15]  ; 11.310 ; 10.905 ; 11.291 ; 10.886 ;
; op[1]      ; output[16]  ; 11.931 ; 11.654 ; 11.913 ; 11.636 ;
; op[1]      ; output[17]  ; 9.690  ; 9.467  ; 9.672  ; 9.449  ;
; op[1]      ; output[18]  ; 10.770 ; 10.347 ; 10.752 ; 10.329 ;
; op[1]      ; output[19]  ; 11.647 ; 11.191 ; 11.628 ; 11.172 ;
; op[1]      ; output[20]  ; 11.953 ; 11.486 ; 11.935 ; 11.468 ;
; op[1]      ; output[21]  ; 12.048 ; 11.561 ; 12.029 ; 11.542 ;
; op[1]      ; output[22]  ; 9.837  ; 9.620  ; 9.818  ; 9.601  ;
; op[1]      ; output[23]  ; 10.945 ; 10.515 ; 10.935 ; 10.505 ;
; op[1]      ; output[24]  ; 9.810  ; 9.612  ; 9.792  ; 9.594  ;
; op[1]      ; output[25]  ; 10.945 ; 10.640 ; 10.952 ; 10.666 ;
; op[1]      ; output[26]  ; 11.514 ; 11.099 ; 11.495 ; 11.080 ;
; op[1]      ; output[27]  ; 12.319 ; 11.764 ; 12.300 ; 11.745 ;
; op[1]      ; output[28]  ; 12.143 ; 11.616 ; 12.124 ; 11.597 ;
; op[1]      ; output[29]  ; 10.662 ; 10.240 ; 10.643 ; 10.221 ;
; op[1]      ; output[30]  ; 11.049 ; 10.503 ; 11.030 ; 10.484 ;
; op[1]      ; output[31]  ; 10.617 ; 10.332 ; 10.598 ; 10.313 ;
; op[2]      ; output[0]   ; 11.742 ; 11.788 ; 12.249 ; 11.976 ;
; op[2]      ; output[1]   ; 14.013 ; 13.713 ; 14.321 ; 14.029 ;
; op[2]      ; output[2]   ; 11.762 ; 11.643 ; 12.074 ; 11.971 ;
; op[2]      ; output[3]   ; 15.524 ; 14.729 ; 15.594 ; 15.332 ;
; op[2]      ; output[4]   ; 13.002 ; 12.800 ; 13.346 ; 13.152 ;
; op[2]      ; output[5]   ; 15.017 ; 14.392 ; 15.133 ; 14.508 ;
; op[2]      ; output[6]   ; 14.700 ; 14.139 ; 15.018 ; 14.449 ;
; op[2]      ; output[7]   ; 12.336 ; 12.247 ; 12.452 ; 12.363 ;
; op[2]      ; output[8]   ; 16.060 ; 15.667 ; 16.415 ; 15.981 ;
; op[2]      ; output[9]   ; 13.461 ; 12.938 ; 13.577 ; 13.084 ;
; op[2]      ; output[10]  ; 14.614 ; 14.213 ; 14.883 ; 14.482 ;
; op[2]      ; output[11]  ; 14.551 ; 13.955 ; 14.663 ; 14.545 ;
; op[2]      ; output[12]  ; 13.773 ; 13.207 ; 14.034 ; 13.476 ;
; op[2]      ; output[13]  ; 13.070 ; 12.942 ; 13.411 ; 13.237 ;
; op[2]      ; output[14]  ; 12.318 ; 12.250 ; 12.668 ; 12.547 ;
; op[2]      ; output[15]  ; 13.572 ; 13.135 ; 13.784 ; 13.355 ;
; op[2]      ; output[16]  ; 14.705 ; 14.428 ; 15.047 ; 14.729 ;
; op[2]      ; output[17]  ; 12.464 ; 12.241 ; 12.821 ; 12.606 ;
; op[2]      ; output[18]  ; 13.544 ; 13.121 ; 13.862 ; 13.447 ;
; op[2]      ; output[19]  ; 13.445 ; 13.008 ; 13.788 ; 13.310 ;
; op[2]      ; output[20]  ; 14.679 ; 14.260 ; 15.056 ; 14.525 ;
; op[2]      ; output[21]  ; 14.783 ; 14.243 ; 14.927 ; 14.440 ;
; op[2]      ; output[22]  ; 12.563 ; 12.222 ; 12.716 ; 12.499 ;
; op[2]      ; output[23]  ; 13.748 ; 13.310 ; 13.918 ; 13.488 ;
; op[2]      ; output[24]  ; 12.522 ; 12.356 ; 12.841 ; 12.635 ;
; op[2]      ; output[25]  ; 12.705 ; 12.419 ; 13.048 ; 12.721 ;
; op[2]      ; output[26]  ; 14.262 ; 13.545 ; 14.330 ; 13.978 ;
; op[2]      ; output[27]  ; 14.600 ; 14.017 ; 14.921 ; 14.346 ;
; op[2]      ; output[28]  ; 14.906 ; 14.342 ; 15.022 ; 14.495 ;
; op[2]      ; output[29]  ; 13.233 ; 12.819 ; 13.541 ; 13.119 ;
; op[2]      ; output[30]  ; 13.812 ; 13.266 ; 13.928 ; 13.382 ;
; op[2]      ; output[31]  ; 12.977 ; 12.356 ; 12.952 ; 12.857 ;
; op[3]      ; output[0]   ; 11.617 ; 11.663 ; 12.188 ; 11.915 ;
; op[3]      ; output[1]   ; 13.888 ; 13.588 ; 14.260 ; 13.968 ;
; op[3]      ; output[2]   ; 11.436 ; 11.364 ; 11.805 ; 11.733 ;
; op[3]      ; output[3]   ; 15.399 ; 14.604 ; 15.533 ; 15.271 ;
; op[3]      ; output[4]   ; 12.573 ; 12.371 ; 12.942 ; 12.740 ;
; op[3]      ; output[5]   ; 14.618 ; 13.993 ; 14.927 ; 14.302 ;
; op[3]      ; output[6]   ; 14.427 ; 13.836 ; 14.796 ; 14.205 ;
; op[3]      ; output[7]   ; 11.937 ; 11.848 ; 12.246 ; 12.157 ;
; op[3]      ; output[8]   ; 15.680 ; 15.357 ; 16.049 ; 15.726 ;
; op[3]      ; output[9]   ; 13.062 ; 12.569 ; 13.371 ; 12.878 ;
; op[3]      ; output[10]  ; 14.185 ; 13.784 ; 14.546 ; 14.145 ;
; op[3]      ; output[11]  ; 14.426 ; 13.830 ; 14.602 ; 14.299 ;
; op[3]      ; output[12]  ; 13.344 ; 12.778 ; 13.697 ; 13.139 ;
; op[3]      ; output[13]  ; 12.896 ; 12.722 ; 13.205 ; 13.031 ;
; op[3]      ; output[14]  ; 11.889 ; 11.821 ; 12.258 ; 12.190 ;
; op[3]      ; output[15]  ; 13.447 ; 13.010 ; 13.723 ; 13.294 ;
; op[3]      ; output[16]  ; 14.276 ; 13.999 ; 14.645 ; 14.368 ;
; op[3]      ; output[17]  ; 12.035 ; 11.812 ; 12.404 ; 12.181 ;
; op[3]      ; output[18]  ; 13.115 ; 12.692 ; 13.484 ; 13.061 ;
; op[3]      ; output[19]  ; 13.320 ; 12.883 ; 13.727 ; 13.249 ;
; op[3]      ; output[20]  ; 14.298 ; 13.831 ; 14.667 ; 14.200 ;
; op[3]      ; output[21]  ; 14.412 ; 13.925 ; 14.721 ; 14.234 ;
; op[3]      ; output[22]  ; 12.201 ; 11.984 ; 12.510 ; 12.293 ;
; op[3]      ; output[23]  ; 13.319 ; 12.881 ; 13.581 ; 13.151 ;
; op[3]      ; output[24]  ; 12.155 ; 11.957 ; 12.524 ; 12.326 ;
; op[3]      ; output[25]  ; 12.580 ; 12.294 ; 12.987 ; 12.660 ;
; op[3]      ; output[26]  ; 13.878 ; 13.420 ; 14.187 ; 13.772 ;
; op[3]      ; output[27]  ; 14.475 ; 13.892 ; 14.860 ; 14.285 ;
; op[3]      ; output[28]  ; 14.507 ; 13.980 ; 14.816 ; 14.289 ;
; op[3]      ; output[29]  ; 13.026 ; 12.604 ; 13.335 ; 12.913 ;
; op[3]      ; output[30]  ; 13.413 ; 12.867 ; 13.722 ; 13.176 ;
; op[3]      ; output[31]  ; 12.852 ; 12.231 ; 12.891 ; 12.796 ;
+------------+-------------+--------+--------+--------+--------+


----------------------------------------------
; Slow 1200mV 85C Model Metastability Report ;
----------------------------------------------
No synchronizer chains to report.


-------------------------------------
; Slow 1200mV 0C Model Fmax Summary ;
-------------------------------------
No paths to report.


--------------------------------------
; Slow 1200mV 0C Model Setup Summary ;
--------------------------------------
No paths to report.


-------------------------------------
; Slow 1200mV 0C Model Hold Summary ;
-------------------------------------
No paths to report.


-----------------------------------------
; Slow 1200mV 0C Model Recovery Summary ;
-----------------------------------------
No paths to report.


----------------------------------------
; Slow 1200mV 0C Model Removal Summary ;
----------------------------------------
No paths to report.


----------------------------------------------------
; Slow 1200mV 0C Model Minimum Pulse Width Summary ;
----------------------------------------------------
No paths to report.


+--------------------------------------------------------------+
; Propagation Delay                                            ;
+------------+-------------+--------+--------+--------+--------+
; Input Port ; Output Port ; RR     ; RF     ; FR     ; FF     ;
+------------+-------------+--------+--------+--------+--------+
; a[0]       ; output[0]   ; 17.385 ; 17.120 ; 17.472 ; 17.260 ;
; a[0]       ; output[1]   ; 17.204 ; 16.842 ; 17.344 ; 16.982 ;
; a[0]       ; output[2]   ; 14.311 ; 14.454 ; 14.232 ; 14.322 ;
; a[0]       ; output[3]   ; 19.943 ; 19.048 ; 20.083 ; 19.188 ;
; a[0]       ; output[4]   ; 15.307 ; 14.832 ; 15.175 ; 14.700 ;
; a[0]       ; output[5]   ; 17.718 ; 16.571 ; 17.858 ; 16.711 ;
; a[0]       ; output[6]   ; 16.527 ; 15.114 ; 16.395 ; 15.035 ;
; a[0]       ; output[7]   ; 13.641 ; 13.395 ; 13.781 ; 13.535 ;
; a[0]       ; output[8]   ; 17.893 ; 17.039 ; 17.761 ; 16.960 ;
; a[0]       ; output[9]   ; 15.896 ; 14.926 ; 15.822 ; 14.852 ;
; a[0]       ; output[10]  ; 16.647 ; 15.348 ; 16.515 ; 15.269 ;
; a[0]       ; output[11]  ; 17.460 ; 17.027 ; 17.156 ; 16.723 ;
; a[0]       ; output[12]  ; 16.438 ; 15.395 ; 16.306 ; 15.263 ;
; a[0]       ; output[13]  ; 17.024 ; 16.597 ; 16.579 ; 16.186 ;
; a[0]       ; output[14]  ; 14.286 ; 14.033 ; 14.154 ; 13.901 ;
; a[0]       ; output[15]  ; 17.395 ; 16.945 ; 17.535 ; 17.085 ;
; a[0]       ; output[16]  ; 17.648 ; 17.075 ; 17.516 ; 16.943 ;
; a[0]       ; output[17]  ; 15.968 ; 15.062 ; 16.108 ; 15.149 ;
; a[0]       ; output[18]  ; 17.470 ; 16.920 ; 17.338 ; 16.788 ;
; a[0]       ; output[19]  ; 17.899 ; 16.937 ; 18.039 ; 17.024 ;
; a[0]       ; output[20]  ; 18.325 ; 17.849 ; 18.246 ; 17.717 ;
; a[0]       ; output[21]  ; 18.750 ; 18.082 ; 18.890 ; 18.222 ;
; a[0]       ; output[22]  ; 16.040 ; 15.746 ; 15.961 ; 15.614 ;
; a[0]       ; output[23]  ; 18.385 ; 17.594 ; 18.525 ; 17.681 ;
; a[0]       ; output[24]  ; 15.880 ; 15.489 ; 15.748 ; 15.357 ;
; a[0]       ; output[25]  ; 17.905 ; 17.019 ; 18.045 ; 17.106 ;
; a[0]       ; output[26]  ; 17.391 ; 16.849 ; 17.259 ; 16.717 ;
; a[0]       ; output[27]  ; 18.615 ; 18.011 ; 18.755 ; 18.151 ;
; a[0]       ; output[28]  ; 20.379 ; 19.718 ; 20.247 ; 19.586 ;
; a[0]       ; output[29]  ; 17.137 ; 16.590 ; 17.277 ; 16.730 ;
; a[0]       ; output[30]  ; 18.338 ; 17.377 ; 18.206 ; 17.245 ;
; a[0]       ; output[31]  ; 16.820 ; 16.105 ; 16.960 ; 16.192 ;
; a[1]       ; output[0]   ; 16.369 ; 16.104 ; 16.358 ; 16.146 ;
; a[1]       ; output[1]   ; 16.250 ; 15.445 ; 16.328 ; 15.456 ;
; a[1]       ; output[2]   ; 13.636 ; 13.438 ; 13.118 ; 13.208 ;
; a[1]       ; output[3]   ; 18.927 ; 18.032 ; 18.969 ; 18.074 ;
; a[1]       ; output[4]   ; 16.565 ; 13.816 ; 14.061 ; 15.649 ;
; a[1]       ; output[5]   ; 17.458 ; 16.311 ; 16.995 ; 15.842 ;
; a[1]       ; output[6]   ; 16.567 ; 14.098 ; 15.281 ; 15.009 ;
; a[1]       ; output[7]   ; 14.127 ; 13.881 ; 13.903 ; 13.645 ;
; a[1]       ; output[8]   ; 18.278 ; 16.023 ; 16.647 ; 17.220 ;
; a[1]       ; output[9]   ; 16.452 ; 15.482 ; 15.965 ; 14.989 ;
; a[1]       ; output[10]  ; 17.398 ; 14.332 ; 15.401 ; 15.861 ;
; a[1]       ; output[11]  ; 17.990 ; 17.557 ; 17.508 ; 17.077 ;
; a[1]       ; output[12]  ; 18.016 ; 14.379 ; 15.192 ; 16.408 ;
; a[1]       ; output[13]  ; 17.580 ; 17.153 ; 16.948 ; 16.555 ;
; a[1]       ; output[14]  ; 14.848 ; 13.017 ; 13.040 ; 14.244 ;
; a[1]       ; output[15]  ; 17.395 ; 16.945 ; 17.240 ; 16.599 ;
; a[1]       ; output[16]  ; 19.709 ; 16.059 ; 16.402 ; 18.157 ;
; a[1]       ; output[17]  ; 14.952 ; 14.046 ; 14.994 ; 14.035 ;
; a[1]       ; output[18]  ; 16.454 ; 15.904 ; 16.224 ; 15.674 ;
; a[1]       ; output[19]  ; 16.883 ; 15.921 ; 16.925 ; 15.910 ;
; a[1]       ; output[20]  ; 17.983 ; 16.833 ; 17.132 ; 16.849 ;
; a[1]       ; output[21]  ; 17.734 ; 17.066 ; 17.776 ; 17.108 ;
; a[1]       ; output[22]  ; 15.024 ; 14.730 ; 14.847 ; 14.500 ;
; a[1]       ; output[23]  ; 17.485 ; 16.578 ; 17.411 ; 16.593 ;
; a[1]       ; output[24]  ; 15.959 ; 14.473 ; 14.634 ; 14.867 ;
; a[1]       ; output[25]  ; 16.889 ; 16.003 ; 16.931 ; 15.992 ;
; a[1]       ; output[26]  ; 17.385 ; 15.833 ; 16.145 ; 16.187 ;
; a[1]       ; output[27]  ; 17.599 ; 16.995 ; 17.641 ; 17.037 ;
; a[1]       ; output[28]  ; 20.673 ; 20.012 ; 19.989 ; 19.316 ;
; a[1]       ; output[29]  ; 17.528 ; 16.981 ; 16.832 ; 16.359 ;
; a[1]       ; output[30]  ; 19.109 ; 18.148 ; 18.451 ; 17.564 ;
; a[1]       ; output[31]  ; 17.001 ; 15.089 ; 15.846 ; 16.164 ;
; a[2]       ; output[0]   ; 16.859 ; 16.594 ; 17.062 ; 16.850 ;
; a[2]       ; output[1]   ; 16.518 ; 15.676 ; 16.523 ; 15.651 ;
; a[2]       ; output[2]   ; 16.061 ; 15.859 ; 15.549 ; 15.226 ;
; a[2]       ; output[3]   ; 19.417 ; 18.522 ; 19.673 ; 18.778 ;
; a[2]       ; output[4]   ; 16.759 ; 14.306 ; 14.765 ; 15.855 ;
; a[2]       ; output[5]   ; 19.371 ; 18.224 ; 18.650 ; 17.497 ;
; a[2]       ; output[6]   ; 16.761 ; 14.588 ; 15.985 ; 15.215 ;
; a[2]       ; output[7]   ; 14.134 ; 13.888 ; 13.888 ; 13.630 ;
; a[2]       ; output[8]   ; 18.472 ; 16.513 ; 17.351 ; 17.426 ;
; a[2]       ; output[9]   ; 20.537 ; 19.567 ; 19.463 ; 18.487 ;
; a[2]       ; output[10]  ; 17.592 ; 14.822 ; 16.105 ; 16.067 ;
; a[2]       ; output[11]  ; 17.997 ; 17.564 ; 17.493 ; 17.062 ;
; a[2]       ; output[12]  ; 18.210 ; 14.869 ; 15.896 ; 16.614 ;
; a[2]       ; output[13]  ; 19.476 ; 19.049 ; 18.578 ; 18.185 ;
; a[2]       ; output[14]  ; 15.042 ; 13.507 ; 13.744 ; 14.450 ;
; a[2]       ; output[15]  ; 17.402 ; 16.952 ; 17.225 ; 16.675 ;
; a[2]       ; output[16]  ; 19.903 ; 16.549 ; 17.106 ; 18.363 ;
; a[2]       ; output[17]  ; 19.395 ; 14.536 ; 15.698 ; 17.865 ;
; a[2]       ; output[18]  ; 16.944 ; 16.394 ; 16.928 ; 16.378 ;
; a[2]       ; output[19]  ; 17.373 ; 16.411 ; 17.629 ; 16.614 ;
; a[2]       ; output[20]  ; 18.177 ; 17.323 ; 17.836 ; 17.307 ;
; a[2]       ; output[21]  ; 19.270 ; 18.602 ; 18.734 ; 18.060 ;
; a[2]       ; output[22]  ; 15.514 ; 15.220 ; 15.551 ; 15.204 ;
; a[2]       ; output[23]  ; 17.859 ; 17.068 ; 18.115 ; 17.271 ;
; a[2]       ; output[24]  ; 16.153 ; 14.963 ; 15.338 ; 15.073 ;
; a[2]       ; output[25]  ; 20.134 ; 16.493 ; 17.635 ; 18.598 ;
; a[2]       ; output[26]  ; 17.579 ; 16.323 ; 16.849 ; 16.393 ;
; a[2]       ; output[27]  ; 18.089 ; 17.485 ; 18.345 ; 17.741 ;
; a[2]       ; output[28]  ; 20.867 ; 20.206 ; 20.195 ; 19.522 ;
; a[2]       ; output[29]  ; 19.424 ; 18.877 ; 18.462 ; 17.989 ;
; a[2]       ; output[30]  ; 19.303 ; 18.342 ; 18.657 ; 17.770 ;
; a[2]       ; output[31]  ; 17.008 ; 15.579 ; 16.550 ; 16.149 ;
; a[3]       ; output[0]   ; 16.863 ; 16.598 ; 16.847 ; 16.635 ;
; a[3]       ; output[1]   ; 17.126 ;        ;        ; 16.164 ;
; a[3]       ; output[2]   ; 15.950 ; 15.748 ; 15.371 ; 15.048 ;
; a[3]       ; output[3]   ; 19.040 ; 18.145 ; 19.002 ; 18.107 ;
; a[3]       ; output[4]   ; 17.089 ; 14.310 ; 14.550 ; 16.086 ;
; a[3]       ; output[5]   ; 19.117 ; 17.970 ; 18.434 ; 17.281 ;
; a[3]       ; output[6]   ; 17.212 ; 14.592 ; 15.770 ; 15.637 ;
; a[3]       ; output[7]   ; 13.880 ; 13.634 ; 13.672 ; 13.414 ;
; a[3]       ; output[8]   ; 18.802 ; 16.517 ; 17.136 ; 17.657 ;
; a[3]       ; output[9]   ; 20.283 ; 19.313 ; 19.247 ; 18.271 ;
; a[3]       ; output[10]  ; 18.838 ; 14.826 ; 15.890 ; 17.218 ;
; a[3]       ; output[11]  ; 17.743 ; 17.310 ; 17.277 ; 16.846 ;
; a[3]       ; output[12]  ; 18.540 ; 14.873 ; 15.681 ; 16.845 ;
; a[3]       ; output[13]  ; 19.222 ; 18.795 ; 18.362 ; 17.969 ;
; a[3]       ; output[14]  ; 15.476 ; 13.511 ; 13.529 ; 14.844 ;
; a[3]       ; output[15]  ; 17.148 ; 16.698 ; 17.009 ; 16.460 ;
; a[3]       ; output[16]  ; 20.233 ; 16.553 ; 16.891 ; 18.594 ;
; a[3]       ; output[17]  ; 19.141 ; 14.540 ; 15.483 ; 17.649 ;
; a[3]       ; output[18]  ; 18.346 ; 16.398 ; 16.713 ; 17.202 ;
; a[3]       ; output[19]  ; 17.377 ; 16.415 ; 17.414 ; 16.399 ;
; a[3]       ; output[20]  ; 18.507 ; 17.327 ; 17.621 ; 17.286 ;
; a[3]       ; output[21]  ; 19.016 ; 18.348 ; 18.518 ; 17.844 ;
; a[3]       ; output[22]  ; 15.584 ; 15.224 ; 15.336 ; 14.989 ;
; a[3]       ; output[23]  ; 17.863 ; 17.072 ; 17.900 ; 17.056 ;
; a[3]       ; output[24]  ; 16.483 ; 14.967 ; 15.123 ; 15.304 ;
; a[3]       ; output[25]  ; 19.880 ; 16.497 ; 17.420 ; 18.382 ;
; a[3]       ; output[26]  ; 18.825 ; 16.327 ; 16.634 ; 17.544 ;
; a[3]       ; output[27]  ; 18.093 ; 17.489 ; 18.130 ; 17.526 ;
; a[3]       ; output[28]  ; 21.197 ; 20.536 ; 20.426 ; 19.753 ;
; a[3]       ; output[29]  ; 19.170 ; 18.623 ; 18.246 ; 17.773 ;
; a[3]       ; output[30]  ; 19.737 ; 18.776 ; 19.051 ; 18.164 ;
; a[3]       ; output[31]  ; 16.754 ; 15.583 ; 16.335 ; 15.933 ;
; a[4]       ; output[0]   ; 16.360 ; 16.095 ; 16.581 ; 16.369 ;
; a[4]       ; output[1]   ; 16.878 ;        ;        ; 15.914 ;
; a[4]       ; output[2]   ; 14.398 ; 14.196 ; 14.130 ; 13.807 ;
; a[4]       ; output[3]   ; 17.935 ; 16.732 ; 17.714 ; 16.481 ;
; a[4]       ; output[4]   ; 16.955 ; 16.480 ; 16.473 ; 15.998 ;
; a[4]       ; output[5]   ; 17.367 ; 16.220 ; 16.967 ; 15.820 ;
; a[4]       ; output[6]   ; 17.023 ; 14.089 ; 15.504 ; 15.455 ;
; a[4]       ; output[7]   ; 13.467 ; 13.221 ; 13.202 ; 12.944 ;
; a[4]       ; output[8]   ; 18.613 ; 16.014 ; 16.870 ; 17.475 ;
; a[4]       ; output[9]   ; 18.533 ; 17.563 ; 17.709 ; 16.733 ;
; a[4]       ; output[10]  ; 18.649 ; 14.323 ; 15.624 ; 17.036 ;
; a[4]       ; output[11]  ; 18.037 ; 17.604 ; 17.503 ; 17.072 ;
; a[4]       ; output[12]  ; 18.351 ; 14.370 ; 15.415 ; 16.663 ;
; a[4]       ; output[13]  ; 17.472 ; 17.045 ; 16.824 ; 16.431 ;
; a[4]       ; output[14]  ; 15.287 ; 13.008 ; 13.263 ; 14.662 ;
; a[4]       ; output[15]  ; 16.682 ; 16.232 ; 16.644 ; 16.194 ;
; a[4]       ; output[16]  ; 20.044 ; 16.050 ; 16.625 ; 18.412 ;
; a[4]       ; output[17]  ; 17.391 ; 14.037 ; 15.217 ; 16.111 ;
; a[4]       ; output[18]  ; 18.157 ; 15.895 ; 16.447 ; 17.020 ;
; a[4]       ; output[19]  ; 16.874 ; 15.912 ; 17.148 ; 16.133 ;
; a[4]       ; output[20]  ; 18.318 ; 16.824 ; 17.355 ; 17.104 ;
; a[4]       ; output[21]  ; 17.725 ; 17.057 ; 17.999 ; 17.331 ;
; a[4]       ; output[22]  ; 15.395 ; 14.721 ; 15.070 ; 14.723 ;
; a[4]       ; output[23]  ; 17.360 ; 16.569 ; 17.634 ; 16.790 ;
; a[4]       ; output[24]  ; 16.294 ; 14.464 ; 14.857 ; 15.122 ;
; a[4]       ; output[25]  ; 18.130 ; 15.994 ; 17.154 ; 16.844 ;
; a[4]       ; output[26]  ; 18.636 ; 15.824 ; 16.368 ; 17.362 ;
; a[4]       ; output[27]  ; 17.590 ; 16.986 ; 17.864 ; 17.260 ;
; a[4]       ; output[28]  ; 21.008 ; 20.347 ; 20.244 ; 19.571 ;
; a[4]       ; output[29]  ; 17.420 ; 16.873 ; 16.708 ; 16.235 ;
; a[4]       ; output[30]  ; 19.548 ; 18.587 ; 18.869 ; 17.982 ;
; a[4]       ; output[31]  ; 16.288 ; 15.080 ; 16.069 ; 15.385 ;
; a[5]       ; output[0]   ; 16.749 ; 16.484 ; 16.603 ; 16.391 ;
; a[5]       ; output[1]   ; 17.875 ;        ;        ; 16.706 ;
; a[5]       ; output[2]   ; 14.758 ; 14.556 ; 14.463 ; 14.140 ;
; a[5]       ; output[3]   ; 16.546 ;        ;        ; 15.190 ;
; a[5]       ; output[4]   ; 17.315 ; 16.840 ; 16.806 ; 16.331 ;
; a[5]       ; output[5]   ; 17.755 ; 16.608 ; 17.281 ; 16.197 ;
; a[5]       ; output[6]   ; 16.147 ; 14.478 ; 15.526 ; 14.646 ;
; a[5]       ; output[7]   ; 13.855 ; 13.609 ; 13.517 ; 13.259 ;
; a[5]       ; output[8]   ; 18.513 ; 16.403 ; 16.892 ; 17.540 ;
; a[5]       ; output[9]   ; 18.921 ; 17.951 ; 18.024 ; 17.048 ;
; a[5]       ; output[10]  ; 17.773 ; 14.712 ; 15.646 ; 16.227 ;
; a[5]       ; output[11]  ; 18.425 ; 17.992 ; 17.818 ; 17.387 ;
; a[5]       ; output[12]  ; 18.397 ; 14.759 ; 15.437 ; 16.760 ;
; a[5]       ; output[13]  ; 17.860 ; 17.433 ; 17.139 ; 16.746 ;
; a[5]       ; output[14]  ; 14.411 ; 13.397 ; 13.285 ; 13.853 ;
; a[5]       ; output[15]  ; 17.070 ; 16.620 ; 16.776 ; 16.216 ;
; a[5]       ; output[16]  ; 19.944 ; 16.439 ; 16.647 ; 18.477 ;
; a[5]       ; output[17]  ; 17.779 ; 14.426 ; 15.239 ; 16.426 ;
; a[5]       ; output[18]  ; 17.281 ; 16.284 ; 16.469 ; 16.211 ;
; a[5]       ; output[19]  ; 17.263 ; 16.301 ; 17.170 ; 16.155 ;
; a[5]       ; output[20]  ; 17.852 ; 17.213 ; 17.377 ; 16.848 ;
; a[5]       ; output[21]  ; 18.114 ; 17.446 ; 18.021 ; 17.353 ;
; a[5]       ; output[22]  ; 15.404 ; 15.110 ; 15.092 ; 14.745 ;
; a[5]       ; output[23]  ; 17.749 ; 16.958 ; 17.656 ; 16.812 ;
; a[5]       ; output[24]  ; 16.194 ; 14.853 ; 14.879 ; 15.187 ;
; a[5]       ; output[25]  ; 18.518 ; 16.383 ; 17.176 ; 17.159 ;
; a[5]       ; output[26]  ; 17.760 ; 16.213 ; 16.390 ; 16.553 ;
; a[5]       ; output[27]  ; 17.979 ; 17.375 ; 17.886 ; 17.282 ;
; a[5]       ; output[28]  ; 21.054 ; 20.393 ; 20.341 ; 19.668 ;
; a[5]       ; output[29]  ; 17.808 ; 17.261 ; 17.023 ; 16.550 ;
; a[5]       ; output[30]  ; 18.672 ; 17.711 ; 18.060 ; 17.173 ;
; a[5]       ; output[31]  ; 16.676 ; 15.469 ; 16.091 ; 15.700 ;
; a[6]       ; output[0]   ; 17.162 ; 16.409 ; 16.894 ; 16.682 ;
; a[6]       ; output[1]   ; 18.087 ;        ;        ; 16.977 ;
; a[6]       ; output[2]   ; 13.756 ; 14.024 ; 14.058 ; 13.257 ;
; a[6]       ; output[3]   ; 16.758 ;        ;        ; 15.461 ;
; a[6]       ; output[4]   ; 18.346 ; 17.871 ; 17.774 ; 17.299 ;
; a[6]       ; output[5]   ; 17.867 ; 16.743 ; 17.552 ; 16.468 ;
; a[6]       ; output[6]   ; 16.414 ; 14.021 ; 15.408 ; 14.982 ;
; a[6]       ; output[7]   ; 14.371 ; 14.125 ; 14.138 ; 13.880 ;
; a[6]       ; output[8]   ; 18.780 ; 16.328 ; 17.183 ; 17.876 ;
; a[6]       ; output[9]   ; 18.787 ; 17.817 ; 18.117 ; 17.141 ;
; a[6]       ; output[10]  ; 18.040 ; 14.637 ; 15.937 ; 16.563 ;
; a[6]       ; output[11]  ; 18.941 ; 18.508 ; 18.439 ; 18.008 ;
; a[6]       ; output[12]  ; 18.664 ; 14.684 ; 15.728 ; 17.096 ;
; a[6]       ; output[13]  ; 17.957 ; 17.530 ; 17.472 ; 17.079 ;
; a[6]       ; output[14]  ; 14.678 ; 13.322 ; 13.576 ; 14.189 ;
; a[6]       ; output[15]  ; 17.586 ; 17.136 ; 17.397 ; 16.756 ;
; a[6]       ; output[16]  ; 20.211 ; 16.364 ; 16.938 ; 18.813 ;
; a[6]       ; output[17]  ; 17.645 ; 14.351 ; 15.530 ; 16.519 ;
; a[6]       ; output[18]  ; 17.548 ; 16.209 ; 16.760 ; 16.547 ;
; a[6]       ; output[19]  ; 17.436 ; 16.226 ; 17.461 ; 16.446 ;
; a[6]       ; output[20]  ; 18.119 ; 17.138 ; 17.668 ; 17.139 ;
; a[6]       ; output[21]  ; 18.220 ; 17.552 ; 18.312 ; 17.644 ;
; a[6]       ; output[22]  ; 15.329 ; 15.035 ; 15.383 ; 15.036 ;
; a[6]       ; output[23]  ; 17.729 ; 16.883 ; 17.947 ; 17.103 ;
; a[6]       ; output[24]  ; 16.461 ; 14.778 ; 15.170 ; 15.523 ;
; a[6]       ; output[25]  ; 18.384 ; 16.308 ; 17.467 ; 17.252 ;
; a[6]       ; output[26]  ; 18.027 ; 16.138 ; 16.681 ; 16.889 ;
; a[6]       ; output[27]  ; 17.904 ; 17.300 ; 18.177 ; 17.573 ;
; a[6]       ; output[28]  ; 21.321 ; 20.660 ; 20.677 ; 20.004 ;
; a[6]       ; output[29]  ; 17.905 ; 17.358 ; 17.356 ; 16.883 ;
; a[6]       ; output[30]  ; 18.939 ; 17.978 ; 18.396 ; 17.509 ;
; a[6]       ; output[31]  ; 17.192 ; 15.394 ; 16.382 ; 16.321 ;
; a[7]       ; output[0]   ; 17.020 ; 15.770 ; 16.184 ; 15.995 ;
; a[7]       ; output[1]   ; 17.482 ;        ;        ; 16.423 ;
; a[7]       ; output[2]   ; 13.614 ; 13.882 ; 13.973 ; 13.172 ;
; a[7]       ; output[3]   ; 18.514 ; 17.311 ; 18.366 ; 17.133 ;
; a[7]       ; output[4]   ; 18.204 ; 17.729 ; 17.689 ; 17.214 ;
; a[7]       ; output[5]   ; 17.262 ; 16.138 ; 16.998 ; 15.914 ;
; a[7]       ; output[6]   ; 14.937 ; 13.810 ; 14.779 ; 13.646 ;
; a[7]       ; output[7]   ; 14.753 ; 14.275 ; 14.591 ; 14.115 ;
; a[7]       ; output[8]   ; 18.333 ; 15.689 ; 16.473 ; 17.498 ;
; a[7]       ; output[9]   ; 18.707 ; 17.737 ; 18.099 ; 17.123 ;
; a[7]       ; output[10]  ; 17.439 ; 13.998 ; 15.227 ; 16.013 ;
; a[7]       ; output[11]  ; 18.861 ; 18.428 ; 18.421 ; 17.990 ;
; a[7]       ; output[12]  ; 18.217 ; 14.045 ; 15.018 ; 16.718 ;
; a[7]       ; output[13]  ; 17.877 ; 17.450 ; 17.454 ; 17.061 ;
; a[7]       ; output[14]  ; 13.942 ; 12.683 ; 12.866 ; 13.520 ;
; a[7]       ; output[15]  ; 17.506 ; 17.056 ; 17.379 ; 16.738 ;
; a[7]       ; output[16]  ; 19.764 ; 15.725 ; 16.228 ; 18.435 ;
; a[7]       ; output[17]  ; 17.565 ; 13.712 ; 14.820 ; 16.501 ;
; a[7]       ; output[18]  ; 16.947 ; 15.570 ; 16.050 ; 15.997 ;
; a[7]       ; output[19]  ; 17.356 ; 15.587 ; 16.751 ; 16.416 ;
; a[7]       ; output[20]  ; 17.672 ; 16.499 ; 16.958 ; 16.590 ;
; a[7]       ; output[21]  ; 18.140 ; 17.472 ; 18.036 ; 17.362 ;
; a[7]       ; output[22]  ; 14.887 ; 14.396 ; 14.673 ; 14.326 ;
; a[7]       ; output[23]  ; 17.649 ; 16.244 ; 17.237 ; 16.810 ;
; a[7]       ; output[24]  ; 16.014 ; 14.139 ; 14.460 ; 15.145 ;
; a[7]       ; output[25]  ; 18.304 ; 15.669 ; 16.757 ; 17.234 ;
; a[7]       ; output[26]  ; 17.426 ; 15.499 ; 15.971 ; 16.339 ;
; a[7]       ; output[27]  ; 17.800 ; 17.196 ; 17.559 ; 16.995 ;
; a[7]       ; output[28]  ; 20.874 ; 20.213 ; 20.299 ; 19.626 ;
; a[7]       ; output[29]  ; 17.825 ; 17.278 ; 17.338 ; 16.865 ;
; a[7]       ; output[30]  ; 18.203 ; 17.242 ; 17.727 ; 16.840 ;
; a[7]       ; output[31]  ; 17.112 ; 14.755 ; 15.672 ; 16.303 ;
; a[8]       ; output[0]   ; 16.260 ; 15.995 ; 16.541 ; 16.329 ;
; a[8]       ; output[1]   ; 17.291 ;        ;        ; 16.173 ;
; a[8]       ; output[2]   ; 13.589 ; 13.857 ; 13.980 ; 13.179 ;
; a[8]       ; output[3]   ; 18.323 ; 17.120 ; 18.116 ; 16.883 ;
; a[8]       ; output[4]   ; 16.183 ; 15.708 ; 15.631 ; 15.295 ;
; a[8]       ; output[5]   ; 17.071 ; 15.947 ; 16.748 ; 15.664 ;
; a[8]       ; output[6]   ; 14.912 ; 13.785 ; 14.786 ; 13.653 ;
; a[8]       ; output[7]   ; 14.562 ; 14.084 ; 14.341 ; 13.865 ;
; a[8]       ; output[8]   ; 18.460 ; 17.765 ; 18.072 ; 17.466 ;
; a[8]       ; output[9]   ; 18.204 ; 17.234 ; 17.509 ; 16.533 ;
; a[8]       ; output[10]  ; 17.247 ; 14.223 ; 15.584 ; 15.766 ;
; a[8]       ; output[11]  ; 18.825 ; 18.392 ; 18.189 ; 17.758 ;
; a[8]       ; output[12]  ; 18.025 ; 14.270 ; 15.375 ; 16.471 ;
; a[8]       ; output[13]  ; 17.374 ; 16.947 ; 16.864 ; 16.471 ;
; a[8]       ; output[14]  ; 13.750 ; 12.908 ; 13.223 ; 13.273 ;
; a[8]       ; output[15]  ; 17.835 ; 17.385 ; 17.552 ; 16.911 ;
; a[8]       ; output[16]  ; 19.572 ; 15.950 ; 16.585 ; 18.188 ;
; a[8]       ; output[17]  ; 17.062 ; 13.937 ; 15.177 ; 15.911 ;
; a[8]       ; output[18]  ; 16.755 ; 15.795 ; 16.407 ; 15.857 ;
; a[8]       ; output[19]  ; 17.320 ; 15.812 ; 17.108 ; 16.184 ;
; a[8]       ; output[20]  ; 17.480 ; 16.724 ; 17.315 ; 16.786 ;
; a[8]       ; output[21]  ; 17.637 ; 16.969 ; 17.959 ; 17.291 ;
; a[8]       ; output[22]  ; 14.915 ; 14.621 ; 15.030 ; 14.683 ;
; a[8]       ; output[23]  ; 17.955 ; 16.469 ; 17.594 ; 16.850 ;
; a[8]       ; output[24]  ; 15.822 ; 14.364 ; 14.817 ; 14.898 ;
; a[8]       ; output[25]  ; 17.801 ; 15.894 ; 17.114 ; 16.644 ;
; a[8]       ; output[26]  ; 17.234 ; 15.724 ; 16.328 ; 16.092 ;
; a[8]       ; output[27]  ; 17.764 ; 17.160 ; 17.824 ; 17.220 ;
; a[8]       ; output[28]  ; 20.682 ; 20.021 ; 20.052 ; 19.379 ;
; a[8]       ; output[29]  ; 17.322 ; 16.775 ; 16.748 ; 16.275 ;
; a[8]       ; output[30]  ; 18.011 ; 17.050 ; 17.480 ; 16.593 ;
; a[8]       ; output[31]  ; 17.441 ; 14.980 ; 16.029 ; 16.476 ;
; a[9]       ; output[0]   ; 16.034 ; 15.769 ; 16.026 ; 15.814 ;
; a[9]       ; output[1]   ; 18.173 ;        ;        ; 16.991 ;
; a[9]       ; output[2]   ; 13.691 ; 13.959 ; 14.091 ; 13.290 ;
; a[9]       ; output[3]   ; 17.940 ; 16.737 ; 17.682 ; 16.449 ;
; a[9]       ; output[4]   ; 16.285 ; 15.810 ; 15.742 ; 15.406 ;
; a[9]       ; output[5]   ; 17.212 ; 16.088 ; 16.858 ; 15.774 ;
; a[9]       ; output[6]   ; 15.014 ; 13.887 ; 14.897 ; 13.764 ;
; a[9]       ; output[7]   ; 14.179 ; 13.701 ; 13.907 ; 13.431 ;
; a[9]       ; output[8]   ; 18.562 ; 17.867 ; 18.183 ; 17.577 ;
; a[9]       ; output[9]   ; 18.332 ; 17.362 ; 17.597 ; 16.621 ;
; a[9]       ; output[10]  ; 17.091 ; 13.997 ; 15.069 ; 15.561 ;
; a[9]       ; output[11]  ; 18.953 ; 18.520 ; 18.277 ; 17.846 ;
; a[9]       ; output[12]  ; 18.988 ; 14.044 ; 14.860 ; 17.263 ;
; a[9]       ; output[13]  ; 17.502 ; 17.075 ; 16.952 ; 16.559 ;
; a[9]       ; output[14]  ; 13.594 ; 12.682 ; 12.708 ; 13.068 ;
; a[9]       ; output[15]  ; 17.963 ; 17.513 ; 17.640 ; 16.999 ;
; a[9]       ; output[16]  ; 20.176 ; 15.724 ; 16.070 ; 18.717 ;
; a[9]       ; output[17]  ; 17.190 ; 13.711 ; 14.662 ; 15.999 ;
; a[9]       ; output[18]  ; 16.599 ; 15.569 ; 15.892 ; 15.545 ;
; a[9]       ; output[19]  ; 17.448 ; 15.586 ; 16.593 ; 16.272 ;
; a[9]       ; output[20]  ; 18.443 ; 16.498 ; 16.800 ; 17.135 ;
; a[9]       ; output[21]  ; 17.765 ; 17.097 ; 17.534 ; 16.860 ;
; a[9]       ; output[22]  ; 14.689 ; 14.395 ; 14.515 ; 14.168 ;
; a[9]       ; output[23]  ; 18.083 ; 16.243 ; 17.079 ; 16.938 ;
; a[9]       ; output[24]  ; 16.439 ; 15.855 ; 16.120 ; 15.524 ;
; a[9]       ; output[25]  ; 17.929 ; 15.668 ; 16.599 ; 16.732 ;
; a[9]       ; output[26]  ; 17.078 ; 15.498 ; 15.813 ; 15.887 ;
; a[9]       ; output[27]  ; 17.892 ; 17.288 ; 17.415 ; 16.851 ;
; a[9]       ; output[28]  ; 21.645 ; 20.984 ; 20.844 ; 20.171 ;
; a[9]       ; output[29]  ; 17.450 ; 16.903 ; 16.836 ; 16.363 ;
; a[9]       ; output[30]  ; 17.855 ; 16.894 ; 17.275 ; 16.388 ;
; a[9]       ; output[31]  ; 17.569 ; 14.754 ; 15.514 ; 16.564 ;
; a[10]      ; output[0]   ; 16.067 ; 15.802 ; 16.342 ; 16.130 ;
; a[10]      ; output[1]   ; 18.911 ;        ;        ; 17.756 ;
; a[10]      ; output[2]   ; 16.686 ; 16.954 ; 16.702 ; 15.901 ;
; a[10]      ; output[3]   ; 18.678 ; 17.475 ; 18.447 ; 17.214 ;
; a[10]      ; output[4]   ; 16.420 ; 15.945 ; 15.928 ; 15.592 ;
; a[10]      ; output[5]   ; 17.950 ; 16.826 ; 17.623 ; 16.539 ;
; a[10]      ; output[6]   ; 16.396 ;        ;        ; 15.076 ;
; a[10]      ; output[7]   ; 14.917 ; 14.439 ; 14.672 ; 14.196 ;
; a[10]      ; output[8]   ; 18.697 ; 18.002 ; 18.369 ; 17.763 ;
; a[10]      ; output[9]   ; 17.981 ; 17.053 ; 17.483 ; 16.525 ;
; a[10]      ; output[10]  ; 17.891 ; 16.597 ; 17.359 ; 16.400 ;
; a[10]      ; output[11]  ; 18.812 ; 18.379 ; 18.268 ; 17.837 ;
; a[10]      ; output[12]  ; 19.788 ; 14.077 ; 15.176 ; 18.102 ;
; a[10]      ; output[13]  ; 19.013 ; 18.586 ; 18.401 ; 18.008 ;
; a[10]      ; output[14]  ; 14.394 ; 12.715 ; 13.024 ; 13.907 ;
; a[10]      ; output[15]  ; 17.822 ; 17.372 ; 17.631 ; 16.990 ;
; a[10]      ; output[16]  ; 20.976 ; 15.757 ; 16.386 ; 19.556 ;
; a[10]      ; output[17]  ; 17.125 ; 13.744 ; 14.978 ; 16.265 ;
; a[10]      ; output[18]  ; 17.399 ; 15.602 ; 16.208 ; 16.384 ;
; a[10]      ; output[19]  ; 17.307 ; 15.619 ; 16.909 ; 16.263 ;
; a[10]      ; output[20]  ; 19.243 ; 16.531 ; 17.116 ; 17.974 ;
; a[10]      ; output[21]  ; 19.276 ; 18.608 ; 18.983 ; 18.309 ;
; a[10]      ; output[22]  ; 15.339 ; 14.428 ; 14.831 ; 14.484 ;
; a[10]      ; output[23]  ; 17.942 ; 16.276 ; 17.395 ; 16.929 ;
; a[10]      ; output[24]  ; 17.239 ; 16.655 ; 16.959 ; 16.363 ;
; a[10]      ; output[25]  ; 17.626 ; 16.985 ; 17.234 ; 16.633 ;
; a[10]      ; output[26]  ; 17.878 ; 15.531 ; 16.129 ; 16.726 ;
; a[10]      ; output[27]  ; 17.751 ; 17.147 ; 17.625 ; 17.021 ;
; a[10]      ; output[28]  ; 22.445 ; 21.784 ; 21.683 ; 21.010 ;
; a[10]      ; output[29]  ; 18.961 ; 18.414 ; 18.285 ; 17.812 ;
; a[10]      ; output[30]  ; 18.655 ; 17.694 ; 18.114 ; 17.227 ;
; a[10]      ; output[31]  ; 17.428 ; 14.787 ; 15.830 ; 16.555 ;
; a[11]      ; output[0]   ; 16.671 ; 16.406 ; 16.473 ; 16.261 ;
; a[11]      ; output[1]   ; 17.794 ;        ;        ; 16.607 ;
; a[11]      ; output[2]   ; 15.947 ; 16.215 ; 15.930 ; 15.129 ;
; a[11]      ; output[3]   ; 18.070 ;        ;        ; 16.569 ;
; a[11]      ; output[4]   ; 15.681 ; 15.206 ; 15.156 ; 14.820 ;
; a[11]      ; output[5]   ; 16.833 ; 15.709 ; 16.474 ; 15.390 ;
; a[11]      ; output[6]   ; 15.657 ;        ;        ; 14.304 ;
; a[11]      ; output[7]   ; 14.123 ; 13.645 ; 13.850 ; 13.374 ;
; a[11]      ; output[8]   ; 17.958 ; 17.263 ; 17.597 ; 16.991 ;
; a[11]      ; output[9]   ; 16.864 ; 15.936 ; 16.334 ; 15.376 ;
; a[11]      ; output[10]  ; 16.920 ; 15.858 ; 16.587 ; 15.513 ;
; a[11]      ; output[11]  ; 18.137 ; 17.704 ; 17.570 ; 17.139 ;
; a[11]      ; output[12]  ; 18.356 ; 14.681 ; 15.307 ; 16.736 ;
; a[11]      ; output[13]  ; 18.338 ; 17.911 ; 17.703 ; 17.310 ;
; a[11]      ; output[14]  ; 14.108 ; 13.319 ; 13.155 ; 13.623 ;
; a[11]      ; output[15]  ; 17.147 ; 16.697 ; 16.933 ; 16.292 ;
; a[11]      ; output[16]  ; 19.544 ; 16.361 ; 16.517 ; 18.190 ;
; a[11]      ; output[17]  ; 16.450 ; 14.348 ; 15.109 ; 15.567 ;
; a[11]      ; output[18]  ; 16.756 ; 16.206 ; 16.339 ; 15.789 ;
; a[11]      ; output[19]  ; 17.185 ; 16.223 ; 17.040 ; 16.025 ;
; a[11]      ; output[20]  ; 17.811 ; 17.135 ; 17.247 ; 16.718 ;
; a[11]      ; output[21]  ; 18.601 ; 17.933 ; 18.285 ; 17.611 ;
; a[11]      ; output[22]  ; 15.326 ; 15.032 ; 14.962 ; 14.615 ;
; a[11]      ; output[23]  ; 17.671 ; 16.880 ; 17.526 ; 16.682 ;
; a[11]      ; output[24]  ; 15.807 ; 15.223 ; 15.593 ; 14.997 ;
; a[11]      ; output[25]  ; 17.191 ; 16.310 ; 17.046 ; 16.107 ;
; a[11]      ; output[26]  ; 16.930 ; 16.135 ; 16.590 ; 15.785 ;
; a[11]      ; output[27]  ; 17.901 ; 17.297 ; 17.756 ; 17.152 ;
; a[11]      ; output[28]  ; 21.013 ; 20.352 ; 20.317 ; 19.644 ;
; a[11]      ; output[29]  ; 18.286 ; 17.739 ; 17.587 ; 17.114 ;
; a[11]      ; output[30]  ; 18.369 ; 17.408 ; 17.830 ; 16.943 ;
; a[11]      ; output[31]  ; 16.753 ; 15.391 ; 15.961 ; 15.857 ;
; a[12]      ; output[0]   ; 16.179 ; 15.152 ; 15.708 ; 15.496 ;
; a[12]      ; output[1]   ; 18.203 ;        ;        ; 16.997 ;
; a[12]      ; output[2]   ; 16.615 ; 16.883 ; 16.561 ; 15.760 ;
; a[12]      ; output[3]   ; 18.479 ;        ;        ; 16.959 ;
; a[12]      ; output[4]   ; 18.811 ; 18.336 ; 18.331 ; 17.856 ;
; a[12]      ; output[5]   ; 17.242 ; 16.118 ; 16.864 ; 15.780 ;
; a[12]      ; output[6]   ; 16.325 ;        ;        ; 14.935 ;
; a[12]      ; output[7]   ; 14.532 ; 14.054 ; 14.240 ; 13.764 ;
; a[12]      ; output[8]   ; 19.310 ; 18.615 ; 18.943 ; 18.337 ;
; a[12]      ; output[9]   ; 17.273 ; 16.345 ; 16.724 ; 15.766 ;
; a[12]      ; output[10]  ; 17.588 ; 16.526 ; 17.218 ; 16.144 ;
; a[12]      ; output[11]  ; 17.881 ;        ;        ; 16.836 ;
; a[12]      ; output[12]  ; 18.884 ; 17.841 ; 18.454 ; 17.518 ;
; a[12]      ; output[13]  ; 18.573 ; 18.146 ; 17.869 ; 17.476 ;
; a[12]      ; output[14]  ; 14.545 ; 12.065 ; 12.390 ; 13.995 ;
; a[12]      ; output[15]  ; 17.819 ; 17.369 ; 17.574 ; 16.933 ;
; a[12]      ; output[16]  ; 19.981 ; 15.107 ; 15.752 ; 18.562 ;
; a[12]      ; output[17]  ; 16.685 ; 13.094 ; 14.344 ; 15.733 ;
; a[12]      ; output[18]  ; 17.106 ; 14.952 ; 15.574 ; 16.028 ;
; a[12]      ; output[19]  ; 17.666 ; 14.969 ; 16.275 ; 16.460 ;
; a[12]      ; output[20]  ; 18.248 ; 15.881 ; 16.482 ; 16.980 ;
; a[12]      ; output[21]  ; 18.836 ; 18.168 ; 18.451 ; 17.777 ;
; a[12]      ; output[22]  ; 15.490 ; 13.778 ; 14.197 ; 14.572 ;
; a[12]      ; output[23]  ; 17.939 ; 15.626 ; 16.761 ; 16.872 ;
; a[12]      ; output[24]  ; 16.244 ; 15.660 ; 15.965 ; 15.369 ;
; a[12]      ; output[25]  ; 17.186 ; 16.545 ; 16.702 ; 16.101 ;
; a[12]      ; output[26]  ; 17.367 ; 16.568 ; 16.962 ; 16.157 ;
; a[12]      ; output[27]  ; 17.737 ; 17.133 ; 17.451 ; 16.847 ;
; a[12]      ; output[28]  ; 21.450 ; 20.789 ; 20.689 ; 20.016 ;
; a[12]      ; output[29]  ; 18.521 ; 17.974 ; 17.753 ; 17.280 ;
; a[12]      ; output[30]  ; 18.806 ; 17.845 ; 18.202 ; 17.315 ;
; a[12]      ; output[31]  ; 17.425 ; 14.137 ; 15.196 ; 16.498 ;
; a[13]      ; output[0]   ; 16.159 ; 15.894 ; 16.151 ; 15.939 ;
; a[13]      ; output[1]   ; 17.889 ;        ;        ; 16.904 ;
; a[13]      ; output[2]   ; 16.057 ; 16.325 ; 16.092 ; 15.291 ;
; a[13]      ; output[3]   ; 17.882 ;        ;        ; 16.485 ;
; a[13]      ; output[4]   ; 18.253 ; 17.778 ; 17.862 ; 17.387 ;
; a[13]      ; output[5]   ; 16.975 ;        ;        ; 15.702 ;
; a[13]      ; output[6]   ; 15.767 ;        ;        ; 14.466 ;
; a[13]      ; output[7]   ; 13.935 ; 13.457 ; 13.766 ; 13.290 ;
; a[13]      ; output[8]   ; 18.752 ; 18.057 ; 18.474 ; 17.868 ;
; a[13]      ; output[9]   ; 16.959 ; 16.031 ; 16.631 ; 15.673 ;
; a[13]      ; output[10]  ; 17.030 ; 15.968 ; 16.749 ; 15.675 ;
; a[13]      ; output[11]  ; 17.284 ;        ;        ; 16.362 ;
; a[13]      ; output[12]  ; 18.326 ; 17.283 ; 17.985 ; 17.049 ;
; a[13]      ; output[13]  ; 18.076 ; 17.649 ; 17.472 ; 17.079 ;
; a[13]      ; output[14]  ; 14.318 ; 12.807 ; 12.833 ; 13.884 ;
; a[13]      ; output[15]  ; 17.322 ; 16.872 ; 17.177 ; 16.536 ;
; a[13]      ; output[16]  ; 20.389 ; 15.849 ; 16.195 ; 18.797 ;
; a[13]      ; output[17]  ; 16.188 ; 13.836 ; 14.787 ; 15.336 ;
; a[13]      ; output[18]  ; 16.879 ; 15.694 ; 16.017 ; 15.917 ;
; a[13]      ; output[19]  ; 17.169 ; 15.711 ; 16.718 ; 16.063 ;
; a[13]      ; output[20]  ; 17.577 ; 16.623 ; 16.925 ; 16.396 ;
; a[13]      ; output[21]  ; 18.339 ; 17.671 ; 18.054 ; 17.380 ;
; a[13]      ; output[22]  ; 15.263 ; 14.520 ; 14.640 ; 14.461 ;
; a[13]      ; output[23]  ; 17.442 ; 16.368 ; 17.204 ; 16.475 ;
; a[13]      ; output[24]  ; 16.652 ; 16.068 ; 16.200 ; 15.604 ;
; a[13]      ; output[25]  ; 16.689 ; 16.048 ; 16.724 ; 15.785 ;
; a[13]      ; output[26]  ; 17.140 ; 16.341 ; 16.851 ; 16.046 ;
; a[13]      ; output[27]  ; 17.389 ; 16.785 ; 17.434 ; 16.830 ;
; a[13]      ; output[28]  ; 19.752 ; 19.091 ; 19.049 ; 18.376 ;
; a[13]      ; output[29]  ; 18.024 ; 17.477 ; 17.356 ; 16.883 ;
; a[13]      ; output[30]  ; 18.579 ; 17.618 ; 18.091 ; 17.204 ;
; a[13]      ; output[31]  ; 16.928 ; 14.879 ; 15.639 ; 16.101 ;
; a[14]      ; output[0]   ; 15.846 ; 15.581 ; 16.045 ; 15.833 ;
; a[14]      ; output[1]   ; 17.489 ;        ;        ; 16.474 ;
; a[14]      ; output[2]   ; 14.949 ; 15.217 ; 14.990 ; 14.189 ;
; a[14]      ; output[3]   ; 17.482 ;        ;        ; 16.055 ;
; a[14]      ; output[4]   ; 17.562 ; 17.087 ; 17.120 ; 16.645 ;
; a[14]      ; output[5]   ; 16.575 ;        ;        ; 15.272 ;
; a[14]      ; output[6]   ; 16.832 ; 15.705 ; 16.277 ; 15.144 ;
; a[14]      ; output[7]   ; 13.535 ; 13.057 ; 13.336 ; 12.860 ;
; a[14]      ; output[8]   ; 18.061 ; 17.366 ; 17.732 ; 17.126 ;
; a[14]      ; output[9]   ; 16.559 ; 15.631 ; 16.201 ; 15.243 ;
; a[14]      ; output[10]  ; 15.922 ; 14.860 ; 15.647 ; 14.573 ;
; a[14]      ; output[11]  ; 16.884 ;        ;        ; 15.932 ;
; a[14]      ; output[12]  ; 17.635 ; 16.592 ; 17.243 ; 16.307 ;
; a[14]      ; output[13]  ; 14.775 ;        ;        ; 14.164 ;
; a[14]      ; output[14]  ; 15.318 ; 15.065 ; 14.813 ; 14.554 ;
; a[14]      ; output[15]  ; 17.237 ; 16.787 ; 17.101 ; 16.460 ;
; a[14]      ; output[16]  ; 20.052 ; 15.536 ; 16.089 ; 18.438 ;
; a[14]      ; output[17]  ; 16.025 ; 13.523 ; 14.681 ; 15.197 ;
; a[14]      ; output[18]  ; 16.542 ; 15.381 ; 15.911 ; 15.558 ;
; a[14]      ; output[19]  ; 17.084 ; 15.398 ; 16.612 ; 15.987 ;
; a[14]      ; output[20]  ; 17.240 ; 16.310 ; 16.819 ; 16.290 ;
; a[14]      ; output[21]  ; 18.768 ; 18.100 ; 18.408 ; 17.734 ;
; a[14]      ; output[22]  ; 14.926 ; 14.207 ; 14.534 ; 14.187 ;
; a[14]      ; output[23]  ; 17.357 ; 16.055 ; 17.098 ; 16.399 ;
; a[14]      ; output[24]  ; 16.315 ; 15.731 ; 15.841 ; 15.245 ;
; a[14]      ; output[25]  ; 16.526 ; 15.885 ; 16.618 ; 15.679 ;
; a[14]      ; output[26]  ; 16.803 ; 16.004 ; 16.492 ; 15.687 ;
; a[14]      ; output[27]  ; 17.155 ; 16.551 ; 17.328 ; 16.724 ;
; a[14]      ; output[28]  ; 19.415 ; 18.754 ; 18.820 ; 18.159 ;
; a[14]      ; output[29]  ; 17.337 ; 16.790 ; 16.700 ; 16.227 ;
; a[14]      ; output[30]  ; 18.242 ; 17.281 ; 17.732 ; 16.845 ;
; a[14]      ; output[31]  ; 16.843 ; 14.566 ; 15.533 ; 16.025 ;
; a[15]      ; output[0]   ; 16.163 ; 16.071 ; 15.980 ; 15.750 ;
; a[15]      ; output[1]   ; 19.603 ;        ;        ; 18.185 ;
; a[15]      ; output[2]   ; 15.228 ; 15.496 ; 15.364 ; 14.563 ;
; a[15]      ; output[3]   ; 19.532 ;        ;        ; 17.693 ;
; a[15]      ; output[4]   ; 17.841 ; 17.366 ; 17.494 ; 17.019 ;
; a[15]      ; output[5]   ; 18.689 ;        ;        ; 16.983 ;
; a[15]      ; output[6]   ; 17.111 ; 15.984 ; 16.651 ; 15.518 ;
; a[15]      ; output[7]   ; 15.897 ;        ;        ; 14.779 ;
; a[15]      ; output[8]   ; 18.340 ; 17.645 ; 18.106 ; 17.500 ;
; a[15]      ; output[9]   ; 18.673 ; 17.745 ; 17.912 ; 16.954 ;
; a[15]      ; output[10]  ; 16.201 ; 15.139 ; 16.021 ; 14.947 ;
; a[15]      ; output[11]  ; 18.934 ;        ;        ; 17.570 ;
; a[15]      ; output[12]  ; 17.914 ; 16.871 ; 17.617 ; 16.681 ;
; a[15]      ; output[13]  ; 16.889 ;        ;        ; 15.875 ;
; a[15]      ; output[14]  ; 15.597 ; 15.344 ; 15.187 ; 14.928 ;
; a[15]      ; output[15]  ; 18.652 ; 17.129 ; 17.549 ; 17.394 ;
; a[15]      ; output[16]  ; 20.911 ; 16.110 ; 16.362 ; 19.294 ;
; a[15]      ; output[17]  ; 16.367 ; 14.097 ; 14.954 ; 15.645 ;
; a[15]      ; output[18]  ; 17.267 ; 15.955 ; 16.184 ; 16.191 ;
; a[15]      ; output[19]  ; 17.426 ; 15.972 ; 16.885 ; 16.435 ;
; a[15]      ; output[20]  ; 18.099 ; 16.884 ; 17.092 ; 16.870 ;
; a[15]      ; output[21]  ; 19.110 ; 18.442 ; 18.856 ; 18.182 ;
; a[15]      ; output[22]  ; 15.873 ; 14.781 ; 14.807 ; 14.771 ;
; a[15]      ; output[23]  ; 17.699 ; 16.629 ; 17.371 ; 16.847 ;
; a[15]      ; output[24]  ; 17.174 ; 16.590 ; 16.697 ; 16.101 ;
; a[15]      ; output[25]  ; 16.940 ; 16.227 ; 16.891 ; 16.013 ;
; a[15]      ; output[26]  ; 17.528 ; 16.729 ; 17.125 ; 16.320 ;
; a[15]      ; output[27]  ; 17.650 ; 17.046 ; 17.601 ; 16.997 ;
; a[15]      ; output[28]  ; 20.274 ; 19.613 ; 19.546 ; 18.873 ;
; a[15]      ; output[29]  ; 17.679 ; 17.132 ; 17.148 ; 16.675 ;
; a[15]      ; output[30]  ; 19.125 ; 18.164 ; 18.352 ; 17.465 ;
; a[15]      ; output[31]  ; 17.185 ; 15.140 ; 15.806 ; 16.473 ;
; a[16]      ; output[0]   ; 15.664 ; 15.572 ; 15.817 ; 15.587 ;
; a[16]      ; output[1]   ; 19.185 ;        ;        ; 17.963 ;
; a[16]      ; output[2]   ; 14.824 ; 15.092 ; 15.048 ; 14.247 ;
; a[16]      ; output[3]   ; 19.114 ;        ;        ; 17.471 ;
; a[16]      ; output[4]   ; 17.386 ; 16.911 ; 17.153 ; 16.678 ;
; a[16]      ; output[5]   ; 18.271 ;        ;        ; 16.761 ;
; a[16]      ; output[6]   ; 16.707 ; 15.580 ; 16.335 ; 15.202 ;
; a[16]      ; output[7]   ; 15.479 ;        ;        ; 14.557 ;
; a[16]      ; output[8]   ; 17.215 ;        ;        ; 16.536 ;
; a[16]      ; output[9]   ; 18.255 ; 17.327 ; 17.690 ; 16.732 ;
; a[16]      ; output[10]  ; 15.797 ; 14.735 ; 15.705 ; 14.631 ;
; a[16]      ; output[11]  ; 18.516 ;        ;        ; 17.348 ;
; a[16]      ; output[12]  ; 17.459 ; 16.416 ; 17.276 ; 16.340 ;
; a[16]      ; output[13]  ; 16.471 ;        ;        ; 15.653 ;
; a[16]      ; output[14]  ; 15.193 ; 14.940 ; 14.871 ; 14.612 ;
; a[16]      ; output[15]  ; 18.234 ;        ;        ; 17.172 ;
; a[16]      ; output[16]  ; 20.919 ; 18.236 ; 18.348 ; 19.312 ;
; a[16]      ; output[17]  ; 17.056 ; 13.598 ; 14.791 ; 16.115 ;
; a[16]      ; output[18]  ; 17.275 ; 15.456 ; 16.021 ; 16.209 ;
; a[16]      ; output[19]  ; 17.147 ; 15.473 ; 16.722 ; 16.149 ;
; a[16]      ; output[20]  ; 18.107 ; 16.385 ; 16.929 ; 16.888 ;
; a[16]      ; output[21]  ; 19.799 ; 19.131 ; 19.326 ; 18.652 ;
; a[16]      ; output[22]  ; 15.881 ; 14.282 ; 14.644 ; 14.789 ;
; a[16]      ; output[23]  ; 17.991 ; 16.130 ; 17.208 ; 16.964 ;
; a[16]      ; output[24]  ; 17.182 ; 16.598 ; 16.715 ; 16.119 ;
; a[16]      ; output[25]  ; 17.557 ; 16.916 ; 17.084 ; 16.483 ;
; a[16]      ; output[26]  ; 17.536 ; 16.737 ; 17.143 ; 16.338 ;
; a[16]      ; output[27]  ; 17.218 ; 16.614 ; 17.438 ; 16.834 ;
; a[16]      ; output[28]  ; 20.282 ; 19.621 ; 19.564 ; 18.891 ;
; a[16]      ; output[29]  ; 18.368 ; 17.821 ; 17.618 ; 17.145 ;
; a[16]      ; output[30]  ; 19.133 ; 18.172 ; 18.370 ; 17.483 ;
; a[16]      ; output[31]  ; 17.409 ; 14.641 ; 15.643 ; 16.514 ;
; a[17]      ; output[0]   ; 15.847 ; 15.755 ; 15.622 ; 15.477 ;
; a[17]      ; output[1]   ; 18.292 ;        ;        ; 17.086 ;
; a[17]      ; output[2]   ; 15.410 ; 15.678 ; 15.567 ; 14.766 ;
; a[17]      ; output[3]   ; 18.602 ;        ;        ; 16.953 ;
; a[17]      ; output[4]   ; 17.972 ; 17.497 ; 17.672 ; 17.197 ;
; a[17]      ; output[5]   ; 17.823 ;        ;        ; 16.302 ;
; a[17]      ; output[6]   ; 17.293 ; 16.166 ; 16.854 ; 15.721 ;
; a[17]      ; output[7]   ; 14.967 ;        ;        ; 14.039 ;
; a[17]      ; output[8]   ; 17.801 ;        ;        ; 17.055 ;
; a[17]      ; output[9]   ; 17.790 ; 16.862 ; 17.226 ; 16.268 ;
; a[17]      ; output[10]  ; 16.383 ; 15.321 ; 16.224 ; 15.150 ;
; a[17]      ; output[11]  ; 18.004 ;        ;        ; 16.830 ;
; a[17]      ; output[12]  ; 18.045 ; 17.002 ; 17.795 ; 16.859 ;
; a[17]      ; output[13]  ; 16.023 ;        ;        ; 15.194 ;
; a[17]      ; output[14]  ; 15.779 ; 15.526 ; 15.390 ; 15.131 ;
; a[17]      ; output[15]  ; 17.722 ;        ;        ; 16.654 ;
; a[17]      ; output[16]  ; 19.395 ; 18.822 ; 18.867 ; 18.288 ;
; a[17]      ; output[17]  ; 17.670 ; 13.334 ; 14.225 ; 16.617 ;
; a[17]      ; output[18]  ; 18.170 ; 15.639 ; 15.911 ; 17.046 ;
; a[17]      ; output[19]  ; 17.761 ; 15.656 ; 16.612 ; 16.651 ;
; a[17]      ; output[20]  ; 17.206 ; 16.568 ; 16.819 ; 16.290 ;
; a[17]      ; output[21]  ; 20.413 ; 19.745 ; 19.828 ; 19.154 ;
; a[17]      ; output[22]  ; 16.776 ; 14.465 ; 14.534 ; 15.626 ;
; a[17]      ; output[23]  ; 18.605 ; 16.313 ; 17.098 ; 17.466 ;
; a[17]      ; output[24]  ; 15.073 ; 14.208 ; 14.321 ; 14.193 ;
; a[17]      ; output[25]  ; 18.171 ; 17.530 ; 17.586 ; 16.985 ;
; a[17]      ; output[26]  ; 18.431 ; 17.632 ; 17.980 ; 17.175 ;
; a[17]      ; output[27]  ; 17.832 ; 17.228 ; 17.642 ; 17.038 ;
; a[17]      ; output[28]  ; 19.381 ; 18.720 ; 18.834 ; 18.161 ;
; a[17]      ; output[29]  ; 18.982 ; 18.435 ; 18.120 ; 17.647 ;
; a[17]      ; output[30]  ; 20.028 ; 19.067 ; 19.207 ; 18.320 ;
; a[17]      ; output[31]  ; 18.023 ; 14.824 ; 15.533 ; 17.016 ;
; a[18]      ; output[0]   ; 17.175 ; 17.083 ; 16.998 ; 16.853 ;
; a[18]      ; output[1]   ; 18.442 ;        ;        ; 17.277 ;
; a[18]      ; output[2]   ; 15.261 ; 15.529 ; 15.319 ; 14.518 ;
; a[18]      ; output[3]   ; 18.752 ;        ;        ; 17.144 ;
; a[18]      ; output[4]   ; 17.973 ; 17.498 ; 17.707 ; 17.232 ;
; a[18]      ; output[5]   ; 17.973 ;        ;        ; 16.493 ;
; a[18]      ; output[6]   ; 17.205 ; 16.078 ; 16.745 ; 15.612 ;
; a[18]      ; output[7]   ; 15.117 ;        ;        ; 14.230 ;
; a[18]      ; output[8]   ; 17.802 ;        ;        ; 17.090 ;
; a[18]      ; output[9]   ; 17.940 ; 17.012 ; 17.417 ; 16.459 ;
; a[18]      ; output[10]  ; 15.888 ;        ;        ; 14.624 ;
; a[18]      ; output[11]  ; 18.154 ;        ;        ; 17.021 ;
; a[18]      ; output[12]  ; 18.046 ; 17.003 ; 17.830 ; 16.894 ;
; a[18]      ; output[13]  ; 16.173 ;        ;        ; 15.385 ;
; a[18]      ; output[14]  ; 15.691 ; 15.438 ; 15.281 ; 15.022 ;
; a[18]      ; output[15]  ; 17.872 ;        ;        ; 16.845 ;
; a[18]      ; output[16]  ; 19.396 ; 18.823 ; 18.902 ; 18.323 ;
; a[18]      ; output[17]  ; 17.426 ;        ;        ; 16.243 ;
; a[18]      ; output[18]  ; 18.335 ; 17.089 ; 17.129 ; 17.260 ;
; a[18]      ; output[19]  ; 17.946 ; 16.984 ; 17.988 ; 16.973 ;
; a[18]      ; output[20]  ; 18.372 ; 17.896 ; 18.195 ; 17.666 ;
; a[18]      ; output[21]  ; 20.103 ; 19.435 ; 19.550 ; 18.876 ;
; a[18]      ; output[22]  ; 16.941 ; 15.793 ; 15.910 ; 15.840 ;
; a[18]      ; output[23]  ; 18.600 ; 17.641 ; 18.474 ; 17.630 ;
; a[18]      ; output[24]  ; 15.927 ; 15.536 ; 15.697 ; 15.306 ;
; a[18]      ; output[25]  ; 17.952 ; 17.066 ; 17.994 ; 17.055 ;
; a[18]      ; output[26]  ; 18.596 ; 17.797 ; 18.194 ; 17.389 ;
; a[18]      ; output[27]  ; 18.662 ; 18.058 ; 18.704 ; 18.100 ;
; a[18]      ; output[28]  ; 20.426 ; 19.765 ; 20.196 ; 19.535 ;
; a[18]      ; output[29]  ; 18.672 ; 18.125 ; 17.842 ; 17.369 ;
; a[18]      ; output[30]  ; 20.193 ; 19.232 ; 19.421 ; 18.534 ;
; a[18]      ; output[31]  ; 18.018 ; 16.152 ; 16.909 ; 16.998 ;
; a[19]      ; output[0]   ; 15.204 ; 15.112 ; 14.953 ; 14.808 ;
; a[19]      ; output[1]   ; 18.086 ;        ;        ; 16.899 ;
; a[19]      ; output[2]   ; 14.662 ; 14.930 ; 14.705 ; 13.904 ;
; a[19]      ; output[3]   ; 18.883 ;        ;        ; 17.283 ;
; a[19]      ; output[4]   ; 17.374 ; 16.899 ; 17.093 ; 16.618 ;
; a[19]      ; output[5]   ; 17.617 ;        ;        ; 16.115 ;
; a[19]      ; output[6]   ; 16.606 ; 15.479 ; 16.131 ; 14.998 ;
; a[19]      ; output[7]   ; 14.999 ;        ;        ; 14.185 ;
; a[19]      ; output[8]   ; 17.203 ;        ;        ; 16.476 ;
; a[19]      ; output[9]   ; 17.584 ; 16.656 ; 17.039 ; 16.081 ;
; a[19]      ; output[10]  ; 15.289 ;        ;        ; 14.010 ;
; a[19]      ; output[11]  ; 17.570 ;        ;        ; 16.478 ;
; a[19]      ; output[12]  ; 17.447 ; 16.404 ; 17.216 ; 16.280 ;
; a[19]      ; output[13]  ; 15.817 ;        ;        ; 15.007 ;
; a[19]      ; output[14]  ; 15.092 ; 14.839 ; 14.667 ; 14.408 ;
; a[19]      ; output[15]  ; 17.754 ;        ;        ; 16.800 ;
; a[19]      ; output[16]  ; 18.797 ; 18.224 ; 18.288 ; 17.709 ;
; a[19]      ; output[17]  ; 17.070 ;        ;        ; 15.865 ;
; a[19]      ; output[18]  ; 17.040 ; 16.490 ; 16.515 ; 16.057 ;
; a[19]      ; output[19]  ; 18.125 ; 14.565 ; 15.497 ; 16.925 ;
; a[19]      ; output[20]  ; 17.236 ; 15.925 ; 16.150 ; 16.183 ;
; a[19]      ; output[21]  ; 18.968 ; 18.300 ; 18.482 ; 17.808 ;
; a[19]      ; output[22]  ; 15.095 ; 13.822 ; 13.865 ; 14.201 ;
; a[19]      ; output[23]  ; 17.465 ; 15.670 ; 16.429 ; 16.380 ;
; a[19]      ; output[24]  ; 15.103 ; 13.565 ; 13.652 ; 14.218 ;
; a[19]      ; output[25]  ; 15.981 ; 15.095 ; 15.949 ; 15.010 ;
; a[19]      ; output[26]  ; 15.467 ; 14.925 ; 15.163 ; 14.621 ;
; a[19]      ; output[27]  ; 16.692 ; 16.088 ; 16.659 ; 16.055 ;
; a[19]      ; output[28]  ; 19.411 ; 18.750 ; 18.859 ; 18.186 ;
; a[19]      ; output[29]  ; 17.537 ; 16.990 ; 16.774 ; 16.301 ;
; a[19]      ; output[30]  ; 18.347 ; 17.386 ; 17.782 ; 16.895 ;
; a[19]      ; output[31]  ; 16.883 ; 14.181 ; 14.864 ; 15.930 ;
; a[20]      ; output[0]   ; 15.437 ; 15.345 ; 15.468 ; 15.323 ;
; a[20]      ; output[1]   ; 19.158 ;        ;        ; 17.806 ;
; a[20]      ; output[2]   ; 14.771 ; 15.039 ; 14.736 ; 13.935 ;
; a[20]      ; output[3]   ; 19.955 ;        ;        ; 18.190 ;
; a[20]      ; output[4]   ; 17.340 ; 16.865 ; 16.781 ; 16.445 ;
; a[20]      ; output[5]   ; 18.689 ;        ;        ; 17.022 ;
; a[20]      ; output[6]   ; 16.715 ; 15.588 ; 16.162 ; 15.029 ;
; a[20]      ; output[7]   ; 16.071 ;        ;        ; 15.092 ;
; a[20]      ; output[8]   ; 17.504 ;        ;        ; 16.539 ;
; a[20]      ; output[9]   ; 18.656 ; 17.728 ; 17.946 ; 16.988 ;
; a[20]      ; output[10]  ; 15.398 ;        ;        ; 14.041 ;
; a[20]      ; output[11]  ; 18.642 ;        ;        ; 17.385 ;
; a[20]      ; output[12]  ; 17.753 ; 16.710 ; 17.270 ; 16.334 ;
; a[20]      ; output[13]  ; 16.889 ;        ;        ; 15.914 ;
; a[20]      ; output[14]  ; 15.201 ; 14.948 ; 14.698 ; 14.439 ;
; a[20]      ; output[15]  ; 18.826 ;        ;        ; 17.707 ;
; a[20]      ; output[16]  ; 19.098 ; 18.525 ; 18.351 ; 17.772 ;
; a[20]      ; output[17]  ; 18.142 ;        ;        ; 16.772 ;
; a[20]      ; output[18]  ; 17.149 ; 16.599 ; 16.546 ; 16.088 ;
; a[20]      ; output[19]  ; 19.197 ;        ;        ; 17.832 ;
; a[20]      ; output[20]  ; 19.540 ; 19.540 ; 19.437 ; 18.182 ;
; a[20]      ; output[21]  ; 19.693 ; 19.025 ; 19.205 ; 18.531 ;
; a[20]      ; output[22]  ; 16.282 ; 14.055 ; 14.380 ; 15.255 ;
; a[20]      ; output[23]  ; 17.954 ; 15.903 ; 16.944 ; 16.813 ;
; a[20]      ; output[24]  ; 16.290 ; 13.798 ; 14.167 ; 15.272 ;
; a[20]      ; output[25]  ; 16.214 ; 15.328 ; 16.464 ; 15.525 ;
; a[20]      ; output[26]  ; 16.516 ; 15.158 ; 15.678 ; 15.629 ;
; a[20]      ; output[27]  ; 16.924 ; 16.320 ; 17.174 ; 16.570 ;
; a[20]      ; output[28]  ; 20.598 ; 19.937 ; 19.913 ; 19.240 ;
; a[20]      ; output[29]  ; 18.262 ; 17.715 ; 17.497 ; 17.024 ;
; a[20]      ; output[30]  ; 19.534 ; 18.573 ; 18.836 ; 17.949 ;
; a[20]      ; output[31]  ; 17.372 ; 14.414 ; 15.379 ; 16.363 ;
; a[21]      ; output[0]   ; 15.320 ; 14.939 ; 14.831 ; 14.686 ;
; a[21]      ; output[1]   ; 17.976 ;        ;        ; 16.776 ;
; a[21]      ; output[2]   ; 14.983 ; 15.251 ; 14.888 ; 14.087 ;
; a[21]      ; output[3]   ; 18.632 ;        ;        ; 16.962 ;
; a[21]      ; output[4]   ; 17.552 ; 17.077 ; 16.933 ; 16.597 ;
; a[21]      ; output[5]   ; 18.136 ;        ;        ; 16.652 ;
; a[21]      ; output[6]   ; 16.927 ; 15.800 ; 16.314 ; 15.181 ;
; a[21]      ; output[7]   ; 14.748 ;        ;        ; 13.864 ;
; a[21]      ; output[8]   ; 17.716 ;        ;        ; 16.691 ;
; a[21]      ; output[9]   ; 17.474 ; 16.546 ; 16.916 ; 15.958 ;
; a[21]      ; output[10]  ; 15.610 ;        ;        ; 14.193 ;
; a[21]      ; output[11]  ; 17.319 ;        ;        ; 16.157 ;
; a[21]      ; output[12]  ; 17.965 ; 16.922 ; 17.422 ; 16.486 ;
; a[21]      ; output[13]  ; 15.330 ;        ;        ; 14.481 ;
; a[21]      ; output[14]  ; 15.413 ; 15.160 ; 14.850 ; 14.591 ;
; a[21]      ; output[15]  ; 17.503 ;        ;        ; 16.479 ;
; a[21]      ; output[16]  ; 19.310 ; 18.737 ; 18.503 ; 17.924 ;
; a[21]      ; output[17]  ; 16.960 ;        ;        ; 15.742 ;
; a[21]      ; output[18]  ; 17.361 ; 16.811 ; 16.698 ; 16.240 ;
; a[21]      ; output[19]  ; 17.874 ;        ;        ; 16.604 ;
; a[21]      ; output[20]  ; 19.752 ; 19.752 ; 19.589 ; 18.334 ;
; a[21]      ; output[21]  ; 19.935 ; 19.267 ; 19.420 ; 18.746 ;
; a[21]      ; output[22]  ; 15.447 ; 13.649 ; 13.743 ; 14.421 ;
; a[21]      ; output[23]  ; 18.196 ; 15.497 ; 16.307 ; 17.028 ;
; a[21]      ; output[24]  ; 14.969 ; 14.385 ; 14.812 ; 14.216 ;
; a[21]      ; output[25]  ; 15.981 ; 14.922 ; 15.827 ; 14.983 ;
; a[21]      ; output[26]  ; 15.681 ; 14.752 ; 15.041 ; 14.795 ;
; a[21]      ; output[27]  ; 16.518 ; 15.914 ; 16.537 ; 15.933 ;
; a[21]      ; output[28]  ; 19.055 ; 18.394 ; 18.849 ; 18.188 ;
; a[21]      ; output[29]  ; 18.504 ; 17.957 ; 17.712 ; 17.239 ;
; a[21]      ; output[30]  ; 18.699 ; 17.738 ; 18.002 ; 17.115 ;
; a[21]      ; output[31]  ; 17.614 ; 14.008 ; 14.742 ; 16.578 ;
; a[22]      ; output[0]   ; 15.471 ; 13.979 ; 14.379 ; 14.610 ;
; a[22]      ; output[1]   ; 17.829 ;        ;        ; 16.717 ;
; a[22]      ; output[2]   ; 14.572 ; 14.840 ; 14.714 ; 13.913 ;
; a[22]      ; output[3]   ; 18.485 ;        ;        ; 16.903 ;
; a[22]      ; output[4]   ; 17.703 ; 17.228 ; 17.148 ; 16.812 ;
; a[22]      ; output[5]   ; 17.989 ;        ;        ; 16.593 ;
; a[22]      ; output[6]   ; 16.618 ;        ;        ; 15.129 ;
; a[22]      ; output[7]   ; 14.601 ;        ;        ; 13.805 ;
; a[22]      ; output[8]   ; 17.867 ;        ;        ; 16.906 ;
; a[22]      ; output[9]   ; 17.327 ; 16.399 ; 16.857 ; 15.899 ;
; a[22]      ; output[10]  ; 15.199 ;        ;        ; 14.019 ;
; a[22]      ; output[11]  ; 17.172 ;        ;        ; 16.098 ;
; a[22]      ; output[12]  ; 18.116 ; 17.073 ; 17.637 ; 16.701 ;
; a[22]      ; output[13]  ; 15.183 ;        ;        ; 14.422 ;
; a[22]      ; output[14]  ; 14.993 ; 14.740 ; 14.583 ; 14.324 ;
; a[22]      ; output[15]  ; 17.356 ;        ;        ; 16.420 ;
; a[22]      ; output[16]  ; 19.461 ; 18.888 ; 18.718 ; 18.139 ;
; a[22]      ; output[17]  ; 16.813 ;        ;        ; 15.683 ;
; a[22]      ; output[18]  ; 16.950 ; 16.400 ; 16.524 ; 16.066 ;
; a[22]      ; output[19]  ; 17.727 ;        ;        ; 16.545 ;
; a[22]      ; output[20]  ; 19.903 ; 19.903 ; 19.804 ; 18.549 ;
; a[22]      ; output[21]  ; 17.987 ;        ;        ; 16.897 ;
; a[22]      ; output[22]  ; 16.455 ; 16.663 ; 16.473 ; 15.335 ;
; a[22]      ; output[23]  ; 18.176 ; 15.027 ; 16.130 ; 17.103 ;
; a[22]      ; output[24]  ; 14.843 ; 14.259 ; 14.736 ; 14.140 ;
; a[22]      ; output[25]  ; 16.240 ; 15.599 ; 15.802 ; 15.201 ;
; a[22]      ; output[26]  ; 15.555 ; 14.282 ; 14.864 ; 14.719 ;
; a[22]      ; output[27]  ; 16.085 ; 15.481 ; 16.360 ; 15.756 ;
; a[22]      ; output[28]  ; 18.929 ; 18.268 ; 18.773 ; 18.112 ;
; a[22]      ; output[29]  ; 17.778 ; 17.231 ; 17.385 ; 16.838 ;
; a[22]      ; output[30]  ; 18.573 ; 17.612 ; 17.926 ; 17.039 ;
; a[22]      ; output[31]  ; 17.594 ; 13.538 ; 14.565 ; 16.653 ;
; a[23]      ; output[0]   ; 15.796 ; 14.764 ; 14.897 ; 14.793 ;
; a[23]      ; output[1]   ; 18.094 ;        ;        ; 16.916 ;
; a[23]      ; output[2]   ; 14.897 ; 15.165 ; 14.897 ; 14.096 ;
; a[23]      ; output[3]   ; 18.985 ;        ;        ; 17.355 ;
; a[23]      ; output[4]   ; 18.028 ; 17.553 ; 17.331 ; 16.995 ;
; a[23]      ; output[5]   ; 18.254 ;        ;        ; 16.792 ;
; a[23]      ; output[6]   ; 16.943 ;        ;        ; 15.312 ;
; a[23]      ; output[7]   ; 14.918 ;        ;        ; 13.991 ;
; a[23]      ; output[8]   ; 18.192 ;        ;        ; 17.089 ;
; a[23]      ; output[9]   ; 17.592 ; 16.664 ; 17.056 ; 16.098 ;
; a[23]      ; output[10]  ; 15.524 ;        ;        ; 14.202 ;
; a[23]      ; output[11]  ; 17.672 ;        ;        ; 16.550 ;
; a[23]      ; output[12]  ; 18.441 ; 17.398 ; 17.820 ; 16.884 ;
; a[23]      ; output[13]  ; 15.448 ;        ;        ; 14.621 ;
; a[23]      ; output[14]  ; 15.318 ; 15.065 ; 14.766 ; 14.507 ;
; a[23]      ; output[15]  ; 17.259 ;        ;        ; 16.210 ;
; a[23]      ; output[16]  ; 19.786 ; 19.213 ; 18.901 ; 18.322 ;
; a[23]      ; output[17]  ; 17.078 ;        ;        ; 15.882 ;
; a[23]      ; output[18]  ; 17.275 ; 16.725 ; 16.707 ; 16.249 ;
; a[23]      ; output[19]  ; 18.227 ;        ;        ; 16.997 ;
; a[23]      ; output[20]  ; 20.228 ; 20.228 ; 19.987 ; 18.732 ;
; a[23]      ; output[21]  ; 18.252 ;        ;        ; 17.096 ;
; a[23]      ; output[22]  ; 16.780 ; 16.988 ; 16.656 ; 15.518 ;
; a[23]      ; output[23]  ; 18.791 ; 15.542 ; 16.209 ; 17.571 ;
; a[23]      ; output[24]  ; 15.440 ; 14.856 ; 15.260 ; 14.664 ;
; a[23]      ; output[25]  ; 16.575 ; 15.934 ; 16.175 ; 15.416 ;
; a[23]      ; output[26]  ; 18.047 ; 17.248 ; 17.358 ; 16.553 ;
; a[23]      ; output[27]  ; 17.011 ; 16.407 ; 16.885 ; 16.281 ;
; a[23]      ; output[28]  ; 19.526 ; 18.865 ; 19.297 ; 18.636 ;
; a[23]      ; output[29]  ; 18.113 ; 17.566 ; 17.600 ; 17.053 ;
; a[23]      ; output[30]  ; 20.600 ; 19.639 ; 19.570 ; 18.683 ;
; a[23]      ; output[31]  ; 17.929 ; 14.501 ; 15.090 ; 16.868 ;
; a[24]      ; output[0]   ; 15.378 ; 15.036 ; 15.376 ; 15.019 ;
; a[24]      ; output[1]   ; 17.724 ;        ;        ; 16.711 ;
; a[24]      ; output[2]   ; 14.742 ; 15.010 ; 14.897 ; 14.096 ;
; a[24]      ; output[3]   ; 18.615 ;        ;        ; 17.150 ;
; a[24]      ; output[4]   ; 17.365 ; 16.890 ; 16.829 ; 16.493 ;
; a[24]      ; output[5]   ; 17.884 ;        ;        ; 16.587 ;
; a[24]      ; output[6]   ; 16.788 ;        ;        ; 15.312 ;
; a[24]      ; output[7]   ; 14.548 ;        ;        ; 13.786 ;
; a[24]      ; output[8]   ; 18.219 ; 17.524 ; 17.932 ; 17.326 ;
; a[24]      ; output[9]   ; 17.222 ; 16.294 ; 16.851 ; 15.893 ;
; a[24]      ; output[10]  ; 15.369 ;        ;        ; 14.202 ;
; a[24]      ; output[11]  ; 17.302 ;        ;        ; 16.345 ;
; a[24]      ; output[12]  ; 17.778 ; 16.735 ; 17.318 ; 16.382 ;
; a[24]      ; output[13]  ; 15.078 ;        ;        ; 14.416 ;
; a[24]      ; output[14]  ; 15.163 ; 14.910 ; 14.766 ; 14.507 ;
; a[24]      ; output[15]  ; 16.889 ;        ;        ; 16.005 ;
; a[24]      ; output[16]  ; 19.115 ; 18.542 ; 18.414 ; 17.835 ;
; a[24]      ; output[17]  ; 16.708 ;        ;        ; 15.677 ;
; a[24]      ; output[18]  ; 17.120 ; 16.570 ; 16.707 ; 16.249 ;
; a[24]      ; output[19]  ; 17.857 ;        ;        ; 16.792 ;
; a[24]      ; output[20]  ; 19.565 ; 19.565 ; 19.485 ; 18.230 ;
; a[24]      ; output[21]  ; 17.882 ;        ;        ; 16.891 ;
; a[24]      ; output[22]  ; 16.625 ; 16.833 ; 16.656 ; 15.518 ;
; a[24]      ; output[23]  ; 18.421 ;        ;        ; 17.366 ;
; a[24]      ; output[24]  ; 15.629 ; 15.238 ; 15.197 ; 14.913 ;
; a[24]      ; output[25]  ; 16.573 ; 15.883 ; 16.654 ; 15.715 ;
; a[24]      ; output[26]  ; 17.697 ; 16.898 ; 17.138 ; 16.333 ;
; a[24]      ; output[27]  ; 17.541 ; 16.937 ; 17.364 ; 16.760 ;
; a[24]      ; output[28]  ; 19.176 ; 18.515 ; 19.077 ; 18.416 ;
; a[24]      ; output[29]  ; 18.062 ; 17.515 ; 17.705 ; 17.158 ;
; a[24]      ; output[30]  ; 20.250 ; 19.289 ; 19.350 ; 18.463 ;
; a[24]      ; output[31]  ; 17.591 ; 14.773 ; 15.569 ; 16.529 ;
; a[25]      ; output[0]   ; 15.253 ; 14.689 ; 15.013 ; 14.656 ;
; a[25]      ; output[1]   ; 18.179 ;        ;        ; 17.042 ;
; a[25]      ; output[2]   ; 14.870 ; 15.138 ; 15.017 ; 14.216 ;
; a[25]      ; output[3]   ; 18.864 ;        ;        ; 17.280 ;
; a[25]      ; output[4]   ; 17.493 ; 17.018 ; 16.949 ; 16.613 ;
; a[25]      ; output[5]   ; 18.013 ;        ;        ; 16.586 ;
; a[25]      ; output[6]   ; 16.916 ;        ;        ; 15.432 ;
; a[25]      ; output[7]   ; 14.797 ;        ;        ; 13.916 ;
; a[25]      ; output[8]   ; 18.347 ; 17.652 ; 18.052 ; 17.446 ;
; a[25]      ; output[9]   ; 16.805 ;        ;        ; 15.430 ;
; a[25]      ; output[10]  ; 15.497 ;        ;        ; 14.322 ;
; a[25]      ; output[11]  ; 17.551 ;        ;        ; 16.475 ;
; a[25]      ; output[12]  ; 17.906 ; 16.863 ; 17.438 ; 16.502 ;
; a[25]      ; output[13]  ; 15.207 ;        ;        ; 14.415 ;
; a[25]      ; output[14]  ; 15.291 ; 15.038 ; 14.886 ; 14.627 ;
; a[25]      ; output[15]  ; 17.138 ;        ;        ; 16.135 ;
; a[25]      ; output[16]  ; 19.243 ; 18.670 ; 18.534 ; 17.955 ;
; a[25]      ; output[17]  ; 17.163 ;        ;        ; 16.008 ;
; a[25]      ; output[18]  ; 17.248 ; 16.698 ; 16.827 ; 16.369 ;
; a[25]      ; output[19]  ; 18.106 ;        ;        ; 16.922 ;
; a[25]      ; output[20]  ; 19.693 ; 19.693 ; 19.605 ; 18.350 ;
; a[25]      ; output[21]  ; 18.011 ;        ;        ; 16.890 ;
; a[25]      ; output[22]  ; 16.753 ; 16.961 ; 16.776 ; 15.638 ;
; a[25]      ; output[23]  ; 18.670 ;        ;        ; 17.496 ;
; a[25]      ; output[24]  ; 15.757 ; 15.366 ; 15.317 ; 15.033 ;
; a[25]      ; output[25]  ; 17.871 ; 16.040 ; 16.301 ; 16.596 ;
; a[25]      ; output[26]  ; 17.969 ; 17.170 ; 17.419 ; 16.614 ;
; a[25]      ; output[27]  ; 17.698 ; 17.094 ; 17.424 ; 16.820 ;
; a[25]      ; output[28]  ; 18.700 ; 18.039 ; 18.493 ; 17.832 ;
; a[25]      ; output[29]  ; 18.219 ; 17.672 ; 17.884 ; 17.337 ;
; a[25]      ; output[30]  ; 20.522 ; 19.561 ; 19.631 ; 18.744 ;
; a[25]      ; output[31]  ; 17.748 ; 14.426 ; 15.206 ; 16.708 ;
; a[26]      ; output[0]   ; 16.079 ; 14.551 ; 15.000 ; 15.119 ;
; a[26]      ; output[1]   ; 18.392 ;        ;        ; 17.142 ;
; a[26]      ; output[2]   ; 15.538 ; 15.806 ; 15.443 ; 14.642 ;
; a[26]      ; output[3]   ; 19.077 ;        ;        ; 17.380 ;
; a[26]      ; output[4]   ; 18.319 ; 17.844 ; 17.642 ; 17.306 ;
; a[26]      ; output[5]   ; 18.226 ;        ;        ; 16.686 ;
; a[26]      ; output[6]   ; 17.639 ;        ;        ; 15.943 ;
; a[26]      ; output[7]   ; 15.010 ;        ;        ; 14.016 ;
; a[26]      ; output[8]   ; 19.173 ; 18.478 ; 18.745 ; 18.139 ;
; a[26]      ; output[9]   ; 17.018 ;        ;        ; 15.530 ;
; a[26]      ; output[10]  ; 16.735 ; 15.673 ; 16.410 ; 15.336 ;
; a[26]      ; output[11]  ; 17.764 ;        ;        ; 16.575 ;
; a[26]      ; output[12]  ; 18.732 ; 17.689 ; 18.131 ; 17.195 ;
; a[26]      ; output[13]  ; 15.420 ;        ;        ; 14.515 ;
; a[26]      ; output[14]  ; 16.014 ; 15.761 ; 15.397 ; 15.138 ;
; a[26]      ; output[15]  ; 17.351 ;        ;        ; 16.235 ;
; a[26]      ; output[16]  ; 20.069 ; 19.496 ; 19.227 ; 18.648 ;
; a[26]      ; output[17]  ; 17.376 ;        ;        ; 16.108 ;
; a[26]      ; output[18]  ; 17.916 ; 17.366 ; 17.253 ; 16.795 ;
; a[26]      ; output[19]  ; 18.319 ;        ;        ; 17.022 ;
; a[26]      ; output[20]  ; 20.519 ; 20.519 ; 20.298 ; 19.043 ;
; a[26]      ; output[21]  ; 18.224 ;        ;        ; 16.990 ;
; a[26]      ; output[22]  ; 17.476 ; 17.684 ; 17.287 ; 16.149 ;
; a[26]      ; output[23]  ; 18.883 ;        ;        ; 17.596 ;
; a[26]      ; output[24]  ; 16.583 ; 16.192 ; 16.010 ; 15.726 ;
; a[26]      ; output[25]  ; 18.084 ;        ;        ; 16.696 ;
; a[26]      ; output[26]  ; 19.275 ; 18.733 ; 18.331 ; 17.791 ;
; a[26]      ; output[27]  ; 17.621 ; 17.017 ; 17.262 ; 16.658 ;
; a[26]      ; output[28]  ; 18.562 ; 17.901 ; 18.480 ; 17.819 ;
; a[26]      ; output[29]  ; 16.223 ; 15.676 ; 15.759 ; 15.286 ;
; a[26]      ; output[30]  ; 20.769 ; 19.808 ; 19.796 ; 18.909 ;
; a[26]      ; output[31]  ; 17.671 ; 14.288 ; 15.193 ; 16.546 ;
; a[27]      ; output[0]   ; 15.056 ; 14.126 ; 14.463 ; 14.364 ;
; a[27]      ; output[1]   ; 18.755 ;        ;        ; 17.632 ;
; a[27]      ; output[2]   ; 14.515 ; 14.783 ; 14.688 ; 13.887 ;
; a[27]      ; output[3]   ; 19.555 ;        ;        ; 18.031 ;
; a[27]      ; output[4]   ; 17.296 ; 16.821 ; 16.887 ; 16.551 ;
; a[27]      ; output[5]   ; 18.589 ;        ;        ; 17.176 ;
; a[27]      ; output[6]   ; 16.616 ;        ;        ; 15.188 ;
; a[27]      ; output[7]   ; 15.480 ;        ;        ; 14.671 ;
; a[27]      ; output[8]   ; 18.150 ; 17.455 ; 17.990 ; 17.384 ;
; a[27]      ; output[9]   ; 17.381 ;        ;        ; 16.020 ;
; a[27]      ; output[10]  ; 15.712 ; 14.650 ; 15.655 ; 14.581 ;
; a[27]      ; output[11]  ; 17.452 ;        ;        ; 16.411 ;
; a[27]      ; output[12]  ; 17.709 ; 16.666 ; 17.376 ; 16.440 ;
; a[27]      ; output[13]  ; 15.783 ;        ;        ; 15.005 ;
; a[27]      ; output[14]  ; 14.991 ; 14.738 ; 14.642 ; 14.383 ;
; a[27]      ; output[15]  ; 17.821 ;        ;        ; 16.890 ;
; a[27]      ; output[16]  ; 19.046 ; 18.473 ; 18.472 ; 17.893 ;
; a[27]      ; output[17]  ; 17.739 ;        ;        ; 16.598 ;
; a[27]      ; output[18]  ; 16.893 ; 16.343 ; 16.498 ; 16.040 ;
; a[27]      ; output[19]  ; 18.797 ;        ;        ; 17.673 ;
; a[27]      ; output[20]  ; 19.496 ; 19.496 ; 19.543 ; 18.288 ;
; a[27]      ; output[21]  ; 18.587 ;        ;        ; 17.480 ;
; a[27]      ; output[22]  ; 16.453 ; 16.661 ; 16.532 ; 15.394 ;
; a[27]      ; output[23]  ; 19.353 ;        ;        ; 18.251 ;
; a[27]      ; output[24]  ; 15.560 ; 15.169 ; 15.255 ; 14.971 ;
; a[27]      ; output[25]  ; 18.447 ;        ;        ; 17.186 ;
; a[27]      ; output[26]  ; 18.252 ; 17.710 ; 17.576 ; 17.036 ;
; a[27]      ; output[27]  ; 17.888 ; 16.950 ; 17.252 ; 16.766 ;
; a[27]      ; output[28]  ; 18.137 ; 17.476 ; 17.943 ; 17.282 ;
; a[27]      ; output[29]  ; 16.156 ; 15.609 ; 15.749 ; 15.276 ;
; a[27]      ; output[30]  ; 17.901 ; 16.940 ; 17.895 ; 16.934 ;
; a[27]      ; output[31]  ; 17.604 ; 13.863 ; 14.656 ; 16.536 ;
; a[28]      ; output[0]   ; 15.987 ; 14.106 ; 14.679 ; 15.212 ;
; a[28]      ; output[1]   ; 19.034 ;        ;        ; 17.830 ;
; a[28]      ; output[2]   ; 14.792 ; 15.060 ; 14.925 ; 14.124 ;
; a[28]      ; output[3]   ; 19.834 ;        ;        ; 18.229 ;
; a[28]      ; output[4]   ; 17.579 ; 17.104 ; 17.103 ; 16.767 ;
; a[28]      ; output[5]   ; 18.868 ;        ;        ; 17.374 ;
; a[28]      ; output[6]   ; 16.893 ;        ;        ; 15.425 ;
; a[28]      ; output[7]   ; 15.759 ;        ;        ; 14.869 ;
; a[28]      ; output[8]   ; 19.081 ; 18.386 ; 18.838 ; 18.232 ;
; a[28]      ; output[9]   ; 17.660 ;        ;        ; 16.218 ;
; a[28]      ; output[10]  ; 15.989 ; 14.927 ; 15.892 ; 14.818 ;
; a[28]      ; output[11]  ; 17.731 ;        ;        ; 16.609 ;
; a[28]      ; output[12]  ; 17.295 ; 16.252 ; 16.876 ; 15.940 ;
; a[28]      ; output[13]  ; 16.062 ;        ;        ; 15.203 ;
; a[28]      ; output[14]  ; 15.268 ; 15.015 ; 14.879 ; 14.620 ;
; a[28]      ; output[15]  ; 18.100 ;        ;        ; 17.088 ;
; a[28]      ; output[16]  ; 19.977 ; 19.404 ; 19.320 ; 18.741 ;
; a[28]      ; output[17]  ; 18.018 ;        ;        ; 16.796 ;
; a[28]      ; output[18]  ; 17.170 ; 16.620 ; 16.735 ; 16.277 ;
; a[28]      ; output[19]  ; 19.076 ;        ;        ; 17.871 ;
; a[28]      ; output[20]  ; 19.779 ; 19.779 ; 19.759 ; 18.504 ;
; a[28]      ; output[21]  ; 18.866 ;        ;        ; 17.678 ;
; a[28]      ; output[22]  ; 16.730 ; 16.938 ; 16.769 ; 15.631 ;
; a[28]      ; output[23]  ; 19.632 ;        ;        ; 18.449 ;
; a[28]      ; output[24]  ; 16.491 ; 16.100 ; 16.103 ; 15.819 ;
; a[28]      ; output[25]  ; 18.726 ;        ;        ; 17.384 ;
; a[28]      ; output[26]  ; 18.529 ; 17.987 ; 17.813 ; 17.273 ;
; a[28]      ; output[27]  ; 18.167 ;        ;        ; 16.964 ;
; a[28]      ; output[28]  ; 18.276 ; 17.615 ; 18.126 ; 17.465 ;
; a[28]      ; output[29]  ; 17.195 ; 16.648 ; 16.818 ; 16.271 ;
; a[28]      ; output[30]  ; 18.182 ; 17.221 ; 18.128 ; 17.167 ;
; a[28]      ; output[31]  ; 16.929 ; 16.081 ; 16.948 ; 16.084 ;
; a[29]      ; output[0]   ; 15.898 ; 13.748 ; 14.039 ; 15.044 ;
; a[29]      ; output[1]   ; 17.091 ;        ;        ; 15.983 ;
; a[29]      ; output[2]   ; 14.703 ; 14.971 ; 14.757 ; 13.956 ;
; a[29]      ; output[3]   ; 18.199 ;        ;        ; 16.686 ;
; a[29]      ; output[4]   ; 17.490 ; 17.015 ; 16.935 ; 16.599 ;
; a[29]      ; output[5]   ; 16.194 ;        ;        ; 14.909 ;
; a[29]      ; output[6]   ; 16.804 ;        ;        ; 15.257 ;
; a[29]      ; output[7]   ; 14.124 ;        ;        ; 13.326 ;
; a[29]      ; output[8]   ; 18.992 ; 18.297 ; 18.670 ; 18.064 ;
; a[29]      ; output[9]   ; 15.717 ;        ;        ; 14.371 ;
; a[29]      ; output[10]  ; 15.900 ; 14.838 ; 15.724 ; 14.650 ;
; a[29]      ; output[11]  ; 16.096 ;        ;        ; 15.066 ;
; a[29]      ; output[12]  ; 17.206 ; 16.163 ; 16.708 ; 15.772 ;
; a[29]      ; output[13]  ; 13.305 ;        ;        ; 12.788 ;
; a[29]      ; output[14]  ; 15.179 ; 14.926 ; 14.711 ; 14.452 ;
; a[29]      ; output[15]  ; 16.465 ;        ;        ; 15.545 ;
; a[29]      ; output[16]  ; 19.888 ; 19.315 ; 19.152 ; 18.573 ;
; a[29]      ; output[17]  ; 16.075 ;        ;        ; 14.949 ;
; a[29]      ; output[18]  ; 17.081 ; 16.531 ; 16.567 ; 16.109 ;
; a[29]      ; output[19]  ; 17.441 ;        ;        ; 16.328 ;
; a[29]      ; output[20]  ; 19.690 ; 19.690 ; 19.591 ; 18.336 ;
; a[29]      ; output[21]  ; 16.192 ;        ;        ; 15.213 ;
; a[29]      ; output[22]  ; 16.641 ; 16.849 ; 16.601 ; 15.463 ;
; a[29]      ; output[23]  ; 17.997 ;        ;        ; 16.906 ;
; a[29]      ; output[24]  ; 16.402 ; 16.011 ; 15.935 ; 15.651 ;
; a[29]      ; output[25]  ; 16.783 ;        ;        ; 15.537 ;
; a[29]      ; output[26]  ; 18.440 ; 17.898 ; 17.645 ; 17.105 ;
; a[29]      ; output[27]  ; 16.532 ;        ;        ; 15.421 ;
; a[29]      ; output[28]  ; 17.465 ;        ;        ; 16.358 ;
; a[29]      ; output[29]  ; 16.707 ; 16.160 ; 16.300 ; 15.753 ;
; a[29]      ; output[30]  ; 16.566 ; 15.605 ; 16.132 ; 15.245 ;
; a[29]      ; output[31]  ; 16.441 ; 15.593 ; 16.430 ; 15.566 ;
; a[30]      ; output[0]   ; 15.531 ; 14.592 ; 15.015 ; 14.898 ;
; a[30]      ; output[1]   ; 17.509 ;        ;        ; 16.536 ;
; a[30]      ; output[2]   ; 13.761 ; 14.029 ; 14.066 ; 13.265 ;
; a[30]      ; output[3]   ; 18.617 ;        ;        ; 17.239 ;
; a[30]      ; output[4]   ; 17.123 ; 16.648 ; 16.789 ; 16.453 ;
; a[30]      ; output[5]   ; 16.612 ;        ;        ; 15.462 ;
; a[30]      ; output[6]   ; 15.348 ;        ;        ; 14.009 ;
; a[30]      ; output[7]   ; 14.542 ;        ;        ; 13.879 ;
; a[30]      ; output[8]   ; 18.625 ; 17.930 ; 18.524 ; 17.918 ;
; a[30]      ; output[9]   ; 16.135 ;        ;        ; 14.924 ;
; a[30]      ; output[10]  ; 14.958 ; 13.896 ; 15.033 ; 13.959 ;
; a[30]      ; output[11]  ; 16.514 ;        ;        ; 15.619 ;
; a[30]      ; output[12]  ; 16.839 ; 15.796 ; 16.562 ; 15.626 ;
; a[30]      ; output[13]  ; 13.723 ;        ;        ; 13.341 ;
; a[30]      ; output[14]  ; 13.209 ; 12.956 ; 13.004 ; 12.745 ;
; a[30]      ; output[15]  ; 16.883 ;        ;        ; 16.098 ;
; a[30]      ; output[16]  ; 19.521 ; 18.948 ; 19.006 ; 18.427 ;
; a[30]      ; output[17]  ; 16.493 ;        ;        ; 15.502 ;
; a[30]      ; output[18]  ; 16.139 ; 15.589 ; 15.876 ; 15.418 ;
; a[30]      ; output[19]  ; 17.859 ;        ;        ; 16.881 ;
; a[30]      ; output[20]  ; 19.323 ; 19.323 ; 19.445 ; 18.190 ;
; a[30]      ; output[21]  ; 16.610 ;        ;        ; 15.766 ;
; a[30]      ; output[22]  ; 15.185 ; 15.393 ; 15.353 ; 14.215 ;
; a[30]      ; output[23]  ; 18.415 ;        ;        ; 17.459 ;
; a[30]      ; output[24]  ; 16.035 ; 15.644 ; 15.789 ; 15.505 ;
; a[30]      ; output[25]  ; 17.201 ;        ;        ; 16.090 ;
; a[30]      ; output[26]  ; 17.498 ; 16.956 ; 16.954 ; 16.414 ;
; a[30]      ; output[27]  ; 16.950 ;        ;        ; 15.974 ;
; a[30]      ; output[28]  ; 17.098 ;        ;        ; 16.212 ;
; a[30]      ; output[29]  ; 13.881 ;        ;        ; 13.308 ;
; a[30]      ; output[30]  ; 17.693 ; 16.732 ; 17.783 ; 16.822 ;
; a[30]      ; output[31]  ; 15.733 ; 14.329 ; 15.208 ; 15.046 ;
; a[31]      ; output[0]   ; 13.066 ; 11.524 ; 11.909 ; 12.546 ;
; a[31]      ; output[1]   ; 14.215 ;        ;        ; 13.384 ;
; a[31]      ; output[2]   ; 11.346 ; 11.614 ; 11.789 ; 10.988 ;
; a[31]      ; output[3]   ; 14.288 ;        ;        ; 13.240 ;
; a[31]      ; output[4]   ; 14.658 ; 14.183 ; 14.437 ; 14.101 ;
; a[31]      ; output[5]   ; 13.573 ;        ;        ; 12.487 ;
; a[31]      ; output[6]   ; 12.484 ;        ;        ; 11.236 ;
; a[31]      ; output[7]   ; 9.694  ;        ;        ; 9.399  ;
; a[31]      ; output[8]   ; 16.160 ; 15.465 ; 16.172 ; 15.566 ;
; a[31]      ; output[9]   ; 12.841 ;        ;        ; 11.772 ;
; a[31]      ; output[10]  ; 12.543 ; 11.481 ; 12.756 ; 11.682 ;
; a[31]      ; output[11]  ; 11.947 ;        ;        ; 11.331 ;
; a[31]      ; output[12]  ; 14.374 ; 13.331 ; 14.210 ; 13.274 ;
; a[31]      ; output[13]  ; 10.633 ;        ;        ; 10.291 ;
; a[31]      ; output[14]  ; 10.667 ; 10.414 ; 10.618 ; 10.359 ;
; a[31]      ; output[15]  ; 10.599 ;        ;        ; 10.255 ;
; a[31]      ; output[16]  ; 17.056 ; 16.483 ; 16.654 ; 16.075 ;
; a[31]      ; output[17]  ; 13.199 ;        ;        ; 12.350 ;
; a[31]      ; output[18]  ; 13.724 ; 13.174 ; 13.599 ; 13.141 ;
; a[31]      ; output[19]  ; 13.530 ;        ;        ; 12.882 ;
; a[31]      ; output[20]  ; 16.858 ; 16.858 ; 17.093 ; 15.838 ;
; a[31]      ; output[21]  ; 13.571 ;        ;        ; 12.791 ;
; a[31]      ; output[22]  ; 12.321 ; 12.529 ; 12.580 ; 11.442 ;
; a[31]      ; output[23]  ; 12.994 ;        ;        ; 12.273 ;
; a[31]      ; output[24]  ; 13.570 ; 13.179 ; 13.437 ; 13.153 ;
; a[31]      ; output[25]  ; 13.907 ;        ;        ; 12.938 ;
; a[31]      ; output[26]  ; 15.083 ; 14.541 ; 14.677 ; 14.137 ;
; a[31]      ; output[27]  ; 12.387 ;        ;        ; 11.687 ;
; a[31]      ; output[28]  ; 14.633 ;        ;        ; 13.860 ;
; a[31]      ; output[29]  ; 10.115 ;        ;        ; 9.779  ;
; a[31]      ; output[30]  ; 11.294 ;        ;        ; 10.427 ;
; a[31]      ; output[31]  ; 14.112 ; 13.264 ; 14.291 ; 13.427 ;
; b[0]       ; output[0]   ; 18.084 ; 17.872 ; 18.167 ; 17.955 ;
; b[0]       ; output[1]   ; 19.506 ; 18.179 ; 19.580 ; 18.320 ;
; b[0]       ; output[2]   ; 16.233 ; 16.501 ; 16.363 ; 16.631 ;
; b[0]       ; output[3]   ; 20.695 ; 19.800 ; 20.778 ; 19.883 ;
; b[0]       ; output[4]   ; 18.429 ; 17.954 ; 18.559 ; 18.084 ;
; b[0]       ; output[5]   ; 19.180 ; 17.983 ; 19.343 ; 18.071 ;
; b[0]       ; output[6]   ; 17.344 ; 16.217 ; 17.474 ; 16.347 ;
; b[0]       ; output[7]   ; 16.071 ; 15.193 ; 16.234 ; 15.224 ;
; b[0]       ; output[8]   ; 19.469 ; 18.774 ; 19.556 ; 18.861 ;
; b[0]       ; output[9]   ; 20.296 ; 19.326 ; 20.384 ; 19.414 ;
; b[0]       ; output[10]  ; 18.589 ; 16.928 ; 18.711 ; 17.044 ;
; b[0]       ; output[11]  ; 19.545 ; 19.112 ; 19.730 ; 19.297 ;
; b[0]       ; output[12]  ; 19.504 ; 17.677 ; 19.627 ; 17.794 ;
; b[0]       ; output[13]  ; 19.235 ; 18.808 ; 19.323 ; 18.896 ;
; b[0]       ; output[14]  ; 15.830 ; 15.577 ; 15.960 ; 15.707 ;
; b[0]       ; output[15]  ; 18.555 ; 18.105 ; 18.740 ; 18.290 ;
; b[0]       ; output[16]  ; 21.445 ; 19.796 ; 21.597 ; 19.879 ;
; b[0]       ; output[17]  ; 19.154 ; 17.597 ; 19.242 ; 17.679 ;
; b[0]       ; output[18]  ; 18.097 ; 17.541 ; 18.219 ; 17.659 ;
; b[0]       ; output[19]  ; 19.388 ; 18.195 ; 19.551 ; 18.226 ;
; b[0]       ; output[20]  ; 20.343 ; 20.343 ; 20.434 ; 20.434 ;
; b[0]       ; output[21]  ; 20.370 ; 19.702 ; 20.489 ; 19.821 ;
; b[0]       ; output[22]  ; 17.118 ; 17.326 ; 17.205 ; 17.413 ;
; b[0]       ; output[23]  ; 19.944 ; 18.773 ; 20.107 ; 18.804 ;
; b[0]       ; output[24]  ; 17.708 ; 17.124 ; 17.860 ; 17.276 ;
; b[0]       ; output[25]  ; 19.893 ; 18.330 ; 19.981 ; 18.412 ;
; b[0]       ; output[26]  ; 18.917 ; 18.375 ; 19.004 ; 18.462 ;
; b[0]       ; output[27]  ; 19.367 ; 18.763 ; 19.450 ; 18.846 ;
; b[0]       ; output[28]  ; 22.161 ; 21.500 ; 22.284 ; 21.623 ;
; b[0]       ; output[29]  ; 19.183 ; 18.636 ; 19.271 ; 18.724 ;
; b[0]       ; output[30]  ; 20.866 ; 19.905 ; 21.024 ; 20.063 ;
; b[0]       ; output[31]  ; 18.161 ; 17.181 ; 18.346 ; 17.183 ;
; b[1]       ; output[0]   ; 18.145 ; 17.880 ; 18.266 ; 18.001 ;
; b[1]       ; output[1]   ; 17.961 ; 17.216 ; 18.095 ; 17.337 ;
; b[1]       ; output[2]   ; 15.071 ; 15.214 ; 15.195 ; 15.364 ;
; b[1]       ; output[3]   ; 20.703 ; 19.808 ; 20.824 ; 19.929 ;
; b[1]       ; output[4]   ; 17.640 ; 17.165 ; 17.417 ; 16.942 ;
; b[1]       ; output[5]   ; 18.478 ; 17.331 ; 18.599 ; 17.452 ;
; b[1]       ; output[6]   ; 17.287 ; 15.874 ; 17.408 ; 15.995 ;
; b[1]       ; output[7]   ; 14.401 ; 14.155 ; 14.522 ; 14.276 ;
; b[1]       ; output[8]   ; 19.142 ; 18.447 ; 19.011 ; 18.405 ;
; b[1]       ; output[9]   ; 18.798 ; 17.828 ; 18.933 ; 17.963 ;
; b[1]       ; output[10]  ; 17.407 ; 16.108 ; 17.528 ; 16.229 ;
; b[1]       ; output[11]  ; 18.294 ; 17.861 ; 18.523 ; 18.090 ;
; b[1]       ; output[12]  ; 18.542 ; 16.869 ; 18.663 ; 17.028 ;
; b[1]       ; output[13]  ; 18.198 ; 17.771 ; 18.315 ; 17.888 ;
; b[1]       ; output[14]  ; 15.046 ; 14.793 ; 15.188 ; 14.935 ;
; b[1]       ; output[15]  ; 18.155 ; 17.705 ; 18.276 ; 17.826 ;
; b[1]       ; output[16]  ; 20.349 ; 19.465 ; 20.484 ; 18.914 ;
; b[1]       ; output[17]  ; 17.656 ; 16.304 ; 17.791 ; 16.548 ;
; b[1]       ; output[18]  ; 18.230 ; 17.680 ; 18.351 ; 17.801 ;
; b[1]       ; output[19]  ; 18.659 ; 17.697 ; 18.780 ; 17.818 ;
; b[1]       ; output[20]  ; 19.840 ; 19.840 ; 19.932 ; 19.272 ;
; b[1]       ; output[21]  ; 19.510 ; 18.842 ; 19.631 ; 18.963 ;
; b[1]       ; output[22]  ; 16.800 ; 16.506 ; 16.921 ; 16.627 ;
; b[1]       ; output[23]  ; 19.145 ; 18.354 ; 19.266 ; 18.475 ;
; b[1]       ; output[24]  ; 16.640 ; 16.249 ; 16.761 ; 16.370 ;
; b[1]       ; output[25]  ; 18.665 ; 17.779 ; 18.786 ; 17.900 ;
; b[1]       ; output[26]  ; 18.151 ; 17.609 ; 18.272 ; 17.730 ;
; b[1]       ; output[27]  ; 19.375 ; 18.771 ; 19.496 ; 18.892 ;
; b[1]       ; output[28]  ; 21.199 ; 20.538 ; 21.320 ; 20.659 ;
; b[1]       ; output[29]  ; 18.146 ; 17.599 ; 18.263 ; 17.716 ;
; b[1]       ; output[30]  ; 19.495 ; 18.534 ; 19.704 ; 18.743 ;
; b[1]       ; output[31]  ; 17.580 ; 16.865 ; 17.701 ; 16.986 ;
; b[2]       ; output[0]   ; 18.036 ; 17.824 ; 18.105 ; 17.889 ;
; b[2]       ; output[1]   ; 17.232 ; 16.205 ; 17.103 ; 16.276 ;
; b[2]       ; output[2]   ; 15.117 ; 14.915 ; 15.188 ; 14.986 ;
; b[2]       ; output[3]   ; 20.647 ; 19.752 ; 20.712 ; 19.817 ;
; b[2]       ; output[4]   ; 17.148 ; 16.673 ; 17.112 ; 16.637 ;
; b[2]       ; output[5]   ; 18.422 ; 17.275 ; 18.487 ; 17.340 ;
; b[2]       ; output[6]   ; 17.133 ; 15.720 ; 17.247 ; 15.834 ;
; b[2]       ; output[7]   ; 14.387 ; 14.099 ; 14.410 ; 14.164 ;
; b[2]       ; output[8]   ; 18.499 ; 17.645 ; 18.613 ; 17.759 ;
; b[2]       ; output[9]   ; 17.817 ; 16.847 ; 17.663 ; 16.693 ;
; b[2]       ; output[10]  ; 17.253 ; 15.954 ; 17.367 ; 16.068 ;
; b[2]       ; output[11]  ; 17.720 ; 17.287 ; 17.785 ; 17.352 ;
; b[2]       ; output[12]  ; 17.044 ; 16.001 ; 17.158 ; 16.115 ;
; b[2]       ; output[13]  ; 17.105 ; 16.678 ; 17.033 ; 16.606 ;
; b[2]       ; output[14]  ; 14.892 ; 14.639 ; 15.106 ; 14.853 ;
; b[2]       ; output[15]  ; 18.099 ; 17.649 ; 18.164 ; 17.714 ;
; b[2]       ; output[16]  ; 18.601 ; 17.681 ; 18.600 ; 17.795 ;
; b[2]       ; output[17]  ; 16.675 ; 15.713 ; 16.737 ; 15.782 ;
; b[2]       ; output[18]  ; 18.076 ; 17.526 ; 18.190 ; 17.640 ;
; b[2]       ; output[19]  ; 18.603 ; 17.588 ; 18.668 ; 17.657 ;
; b[2]       ; output[20]  ; 18.931 ; 18.455 ; 19.045 ; 18.569 ;
; b[2]       ; output[21]  ; 19.454 ; 18.786 ; 19.519 ; 18.851 ;
; b[2]       ; output[22]  ; 16.646 ; 16.352 ; 16.760 ; 16.466 ;
; b[2]       ; output[23]  ; 19.089 ; 18.245 ; 19.154 ; 18.314 ;
; b[2]       ; output[24]  ; 16.486 ; 16.095 ; 16.600 ; 16.209 ;
; b[2]       ; output[25]  ; 18.609 ; 17.670 ; 18.674 ; 17.739 ;
; b[2]       ; output[26]  ; 17.997 ; 17.455 ; 18.111 ; 17.569 ;
; b[2]       ; output[27]  ; 19.319 ; 18.715 ; 19.384 ; 18.780 ;
; b[2]       ; output[28]  ; 20.985 ; 20.324 ; 21.099 ; 20.438 ;
; b[2]       ; output[29]  ; 17.841 ; 17.294 ; 17.906 ; 17.359 ;
; b[2]       ; output[30]  ; 18.944 ; 17.983 ; 19.058 ; 18.097 ;
; b[2]       ; output[31]  ; 17.524 ; 16.756 ; 17.589 ; 16.825 ;
; b[3]       ; output[0]   ; 18.289 ; 18.024 ; 18.269 ; 18.004 ;
; b[3]       ; output[1]   ; 15.916 ; 15.234 ; 15.735 ; 15.091 ;
; b[3]       ; output[2]   ; 14.278 ; 14.076 ; 14.374 ; 14.172 ;
; b[3]       ; output[3]   ; 20.461 ; 19.566 ; 20.441 ; 19.546 ;
; b[3]       ; output[4]   ; 16.615 ; 16.140 ; 16.448 ; 15.973 ;
; b[3]       ; output[5]   ; 18.622 ; 17.475 ; 18.602 ; 17.455 ;
; b[3]       ; output[6]   ; 17.431 ; 16.018 ; 17.411 ; 15.998 ;
; b[3]       ; output[7]   ; 14.545 ; 14.299 ; 14.525 ; 14.279 ;
; b[3]       ; output[8]   ; 18.797 ; 17.943 ; 18.777 ; 17.923 ;
; b[3]       ; output[9]   ; 16.586 ; 15.616 ; 16.566 ; 15.596 ;
; b[3]       ; output[10]  ; 17.551 ; 16.252 ; 17.531 ; 16.232 ;
; b[3]       ; output[11]  ; 17.920 ; 17.487 ; 17.900 ; 17.467 ;
; b[3]       ; output[12]  ; 17.342 ; 16.299 ; 17.322 ; 16.279 ;
; b[3]       ; output[13]  ; 16.246 ; 15.819 ; 16.226 ; 15.799 ;
; b[3]       ; output[14]  ; 15.190 ; 14.937 ; 15.259 ; 15.006 ;
; b[3]       ; output[15]  ; 18.299 ; 17.849 ; 18.279 ; 17.829 ;
; b[3]       ; output[16]  ; 18.552 ; 17.979 ; 18.532 ; 17.959 ;
; b[3]       ; output[17]  ; 16.872 ; 15.966 ; 16.852 ; 15.946 ;
; b[3]       ; output[18]  ; 18.374 ; 17.824 ; 18.354 ; 17.804 ;
; b[3]       ; output[19]  ; 18.803 ; 17.841 ; 18.783 ; 17.821 ;
; b[3]       ; output[20]  ; 19.229 ; 18.815 ; 19.209 ; 18.733 ;
; b[3]       ; output[21]  ; 19.654 ; 18.986 ; 19.634 ; 18.966 ;
; b[3]       ; output[22]  ; 16.944 ; 16.650 ; 16.924 ; 16.630 ;
; b[3]       ; output[23]  ; 19.289 ; 18.498 ; 19.269 ; 18.478 ;
; b[3]       ; output[24]  ; 16.784 ; 16.393 ; 16.764 ; 16.373 ;
; b[3]       ; output[25]  ; 18.809 ; 17.923 ; 18.789 ; 17.903 ;
; b[3]       ; output[26]  ; 18.295 ; 17.753 ; 18.275 ; 17.733 ;
; b[3]       ; output[27]  ; 19.519 ; 18.915 ; 19.499 ; 18.895 ;
; b[3]       ; output[28]  ; 21.283 ; 20.622 ; 21.263 ; 20.602 ;
; b[3]       ; output[29]  ; 18.041 ; 17.494 ; 18.021 ; 17.474 ;
; b[3]       ; output[30]  ; 19.242 ; 18.281 ; 19.222 ; 18.261 ;
; b[3]       ; output[31]  ; 17.724 ; 17.009 ; 17.704 ; 16.989 ;
; b[4]       ; output[0]   ; 18.202 ; 17.949 ; 18.259 ; 17.994 ;
; b[4]       ; output[1]   ; 14.600 ; 14.062 ; 14.808 ; 14.236 ;
; b[4]       ; output[2]   ; 12.471 ; 12.277 ; 12.386 ; 12.155 ;
; b[4]       ; output[3]   ; 16.554 ; 15.468 ; 16.522 ; 15.627 ;
; b[4]       ; output[4]   ; 16.483 ; 16.008 ; 16.451 ; 15.976 ;
; b[4]       ; output[5]   ; 18.547 ; 17.400 ; 18.592 ; 17.445 ;
; b[4]       ; output[6]   ; 17.344 ; 15.931 ; 17.401 ; 15.988 ;
; b[4]       ; output[7]   ; 14.470 ; 14.224 ; 14.515 ; 14.269 ;
; b[4]       ; output[8]   ; 18.710 ; 17.856 ; 18.767 ; 17.913 ;
; b[4]       ; output[9]   ; 16.511 ; 15.541 ; 16.556 ; 15.586 ;
; b[4]       ; output[10]  ; 17.464 ; 16.165 ; 17.521 ; 16.222 ;
; b[4]       ; output[11]  ; 17.845 ; 17.412 ; 17.890 ; 17.457 ;
; b[4]       ; output[12]  ; 17.255 ; 16.212 ; 17.312 ; 16.269 ;
; b[4]       ; output[13]  ; 16.171 ; 15.744 ; 16.216 ; 15.789 ;
; b[4]       ; output[14]  ; 15.103 ; 14.850 ; 15.160 ; 14.907 ;
; b[4]       ; output[15]  ; 18.224 ; 17.774 ; 18.269 ; 17.819 ;
; b[4]       ; output[16]  ; 18.465 ; 17.892 ; 18.522 ; 17.949 ;
; b[4]       ; output[17]  ; 16.797 ; 15.879 ; 16.842 ; 15.936 ;
; b[4]       ; output[18]  ; 18.287 ; 17.737 ; 18.344 ; 17.794 ;
; b[4]       ; output[19]  ; 18.728 ; 17.754 ; 18.773 ; 17.811 ;
; b[4]       ; output[20]  ; 19.142 ; 18.666 ; 19.199 ; 18.723 ;
; b[4]       ; output[21]  ; 19.579 ; 18.911 ; 19.624 ; 18.956 ;
; b[4]       ; output[22]  ; 16.857 ; 16.563 ; 16.914 ; 16.620 ;
; b[4]       ; output[23]  ; 19.214 ; 18.411 ; 19.259 ; 18.468 ;
; b[4]       ; output[24]  ; 16.697 ; 16.306 ; 16.754 ; 16.363 ;
; b[4]       ; output[25]  ; 18.734 ; 17.836 ; 18.779 ; 17.893 ;
; b[4]       ; output[26]  ; 18.208 ; 17.666 ; 18.265 ; 17.723 ;
; b[4]       ; output[27]  ; 19.444 ; 18.840 ; 19.489 ; 18.885 ;
; b[4]       ; output[28]  ; 21.196 ; 20.535 ; 21.253 ; 20.592 ;
; b[4]       ; output[29]  ; 17.966 ; 17.419 ; 18.011 ; 17.464 ;
; b[4]       ; output[30]  ; 19.155 ; 18.194 ; 19.212 ; 18.251 ;
; b[4]       ; output[31]  ; 17.649 ; 16.922 ; 17.694 ; 16.979 ;
; b[5]       ; output[0]   ; 17.643 ; 17.378 ; 17.714 ; 17.449 ;
; b[5]       ; output[5]   ; 17.590 ; 16.443 ; 17.661 ; 16.514 ;
; b[5]       ; output[6]   ; 16.785 ; 15.372 ; 16.856 ; 15.443 ;
; b[5]       ; output[7]   ; 13.899 ; 13.653 ; 13.970 ; 13.724 ;
; b[5]       ; output[8]   ; 18.151 ; 17.297 ; 18.222 ; 17.368 ;
; b[5]       ; output[9]   ; 15.940 ; 14.970 ; 16.011 ; 15.041 ;
; b[5]       ; output[10]  ; 16.905 ; 15.606 ; 16.976 ; 15.677 ;
; b[5]       ; output[11]  ; 17.274 ; 16.841 ; 17.345 ; 16.912 ;
; b[5]       ; output[12]  ; 16.696 ; 15.653 ; 16.767 ; 15.724 ;
; b[5]       ; output[13]  ; 15.600 ; 15.173 ; 15.671 ; 15.244 ;
; b[5]       ; output[14]  ; 14.544 ; 14.291 ; 14.615 ; 14.362 ;
; b[5]       ; output[15]  ; 17.653 ; 17.203 ; 17.724 ; 17.274 ;
; b[5]       ; output[16]  ; 17.906 ; 17.333 ; 17.977 ; 17.404 ;
; b[5]       ; output[17]  ; 16.226 ; 15.320 ; 16.297 ; 15.391 ;
; b[5]       ; output[18]  ; 17.728 ; 17.178 ; 17.799 ; 17.249 ;
; b[5]       ; output[19]  ; 18.157 ; 17.195 ; 18.228 ; 17.266 ;
; b[5]       ; output[20]  ; 18.583 ; 18.107 ; 18.654 ; 18.178 ;
; b[5]       ; output[21]  ; 19.008 ; 18.340 ; 19.079 ; 18.411 ;
; b[5]       ; output[22]  ; 16.298 ; 16.004 ; 16.369 ; 16.075 ;
; b[5]       ; output[23]  ; 18.643 ; 17.852 ; 18.714 ; 17.923 ;
; b[5]       ; output[24]  ; 16.138 ; 15.747 ; 16.209 ; 15.818 ;
; b[5]       ; output[25]  ; 18.163 ; 17.277 ; 18.234 ; 17.348 ;
; b[5]       ; output[26]  ; 17.649 ; 17.107 ; 17.720 ; 17.178 ;
; b[5]       ; output[27]  ; 18.873 ; 18.269 ; 18.944 ; 18.340 ;
; b[5]       ; output[28]  ; 20.637 ; 19.976 ; 20.708 ; 20.047 ;
; b[5]       ; output[29]  ; 17.395 ; 16.848 ; 17.466 ; 16.919 ;
; b[5]       ; output[30]  ; 18.596 ; 17.635 ; 18.667 ; 17.706 ;
; b[5]       ; output[31]  ; 17.078 ; 16.363 ; 17.149 ; 16.434 ;
; b[6]       ; output[0]   ; 17.957 ; 17.692 ; 18.014 ; 17.749 ;
; b[6]       ; output[6]   ; 16.613 ; 15.304 ; 16.670 ; 15.361 ;
; b[6]       ; output[7]   ; 14.213 ; 13.967 ; 14.270 ; 14.024 ;
; b[6]       ; output[8]   ; 18.465 ; 17.611 ; 18.522 ; 17.668 ;
; b[6]       ; output[9]   ; 16.254 ; 15.284 ; 16.311 ; 15.341 ;
; b[6]       ; output[10]  ; 17.219 ; 15.920 ; 17.276 ; 15.977 ;
; b[6]       ; output[11]  ; 17.588 ; 17.155 ; 17.645 ; 17.212 ;
; b[6]       ; output[12]  ; 17.010 ; 15.967 ; 17.067 ; 16.024 ;
; b[6]       ; output[13]  ; 15.914 ; 15.487 ; 15.971 ; 15.544 ;
; b[6]       ; output[14]  ; 14.858 ; 14.605 ; 14.915 ; 14.662 ;
; b[6]       ; output[15]  ; 17.967 ; 17.517 ; 18.024 ; 17.574 ;
; b[6]       ; output[16]  ; 18.220 ; 17.647 ; 18.277 ; 17.704 ;
; b[6]       ; output[17]  ; 16.540 ; 15.634 ; 16.597 ; 15.691 ;
; b[6]       ; output[18]  ; 18.042 ; 17.492 ; 18.099 ; 17.549 ;
; b[6]       ; output[19]  ; 18.471 ; 17.509 ; 18.528 ; 17.566 ;
; b[6]       ; output[20]  ; 18.897 ; 18.421 ; 18.954 ; 18.478 ;
; b[6]       ; output[21]  ; 19.322 ; 18.654 ; 19.379 ; 18.711 ;
; b[6]       ; output[22]  ; 16.612 ; 16.318 ; 16.669 ; 16.375 ;
; b[6]       ; output[23]  ; 18.957 ; 18.166 ; 19.014 ; 18.223 ;
; b[6]       ; output[24]  ; 16.452 ; 16.061 ; 16.509 ; 16.118 ;
; b[6]       ; output[25]  ; 18.477 ; 17.591 ; 18.534 ; 17.648 ;
; b[6]       ; output[26]  ; 17.963 ; 17.421 ; 18.020 ; 17.478 ;
; b[6]       ; output[27]  ; 19.187 ; 18.583 ; 19.244 ; 18.640 ;
; b[6]       ; output[28]  ; 20.951 ; 20.290 ; 21.008 ; 20.347 ;
; b[6]       ; output[29]  ; 17.709 ; 17.162 ; 17.766 ; 17.219 ;
; b[6]       ; output[30]  ; 18.910 ; 17.949 ; 18.967 ; 18.006 ;
; b[6]       ; output[31]  ; 17.392 ; 16.677 ; 17.449 ; 16.734 ;
; b[7]       ; output[0]   ; 17.284 ; 17.019 ; 17.313 ; 17.048 ;
; b[7]       ; output[7]   ; 13.154 ; 12.908 ; 13.183 ; 12.937 ;
; b[7]       ; output[8]   ; 17.792 ; 16.938 ; 17.821 ; 16.967 ;
; b[7]       ; output[9]   ; 15.581 ; 14.611 ; 15.610 ; 14.640 ;
; b[7]       ; output[10]  ; 16.546 ; 15.247 ; 16.575 ; 15.276 ;
; b[7]       ; output[11]  ; 16.915 ; 16.482 ; 16.944 ; 16.511 ;
; b[7]       ; output[12]  ; 16.337 ; 15.294 ; 16.366 ; 15.323 ;
; b[7]       ; output[13]  ; 15.241 ; 14.814 ; 15.270 ; 14.843 ;
; b[7]       ; output[14]  ; 14.185 ; 13.932 ; 14.214 ; 13.961 ;
; b[7]       ; output[15]  ; 17.294 ; 16.844 ; 17.323 ; 16.873 ;
; b[7]       ; output[16]  ; 17.547 ; 16.974 ; 17.576 ; 17.003 ;
; b[7]       ; output[17]  ; 15.867 ; 14.961 ; 15.896 ; 14.990 ;
; b[7]       ; output[18]  ; 17.369 ; 16.819 ; 17.398 ; 16.848 ;
; b[7]       ; output[19]  ; 17.798 ; 16.836 ; 17.827 ; 16.865 ;
; b[7]       ; output[20]  ; 18.224 ; 17.748 ; 18.253 ; 17.777 ;
; b[7]       ; output[21]  ; 18.649 ; 17.981 ; 18.678 ; 18.010 ;
; b[7]       ; output[22]  ; 15.939 ; 15.645 ; 15.968 ; 15.674 ;
; b[7]       ; output[23]  ; 18.284 ; 17.493 ; 18.313 ; 17.522 ;
; b[7]       ; output[24]  ; 15.779 ; 15.388 ; 15.808 ; 15.417 ;
; b[7]       ; output[25]  ; 17.804 ; 16.918 ; 17.833 ; 16.947 ;
; b[7]       ; output[26]  ; 17.290 ; 16.748 ; 17.319 ; 16.777 ;
; b[7]       ; output[27]  ; 18.514 ; 17.910 ; 18.543 ; 17.939 ;
; b[7]       ; output[28]  ; 20.278 ; 19.617 ; 20.307 ; 19.646 ;
; b[7]       ; output[29]  ; 17.036 ; 16.489 ; 17.065 ; 16.518 ;
; b[7]       ; output[30]  ; 18.237 ; 17.276 ; 18.266 ; 17.305 ;
; b[7]       ; output[31]  ; 16.719 ; 16.004 ; 16.748 ; 16.033 ;
; b[8]       ; output[0]   ; 17.755 ; 17.543 ; 17.878 ; 17.666 ;
; b[8]       ; output[8]   ; 17.771 ; 17.021 ; 17.858 ; 17.108 ;
; b[8]       ; output[9]   ; 16.105 ; 15.135 ; 16.228 ; 15.258 ;
; b[8]       ; output[10]  ; 17.011 ; 15.712 ; 17.098 ; 15.799 ;
; b[8]       ; output[11]  ; 17.439 ; 17.006 ; 17.562 ; 17.129 ;
; b[8]       ; output[12]  ; 16.802 ; 15.759 ; 16.889 ; 15.846 ;
; b[8]       ; output[13]  ; 15.765 ; 15.338 ; 15.888 ; 15.461 ;
; b[8]       ; output[14]  ; 14.650 ; 14.397 ; 14.737 ; 14.484 ;
; b[8]       ; output[15]  ; 17.818 ; 17.368 ; 17.941 ; 17.491 ;
; b[8]       ; output[16]  ; 18.012 ; 17.439 ; 18.099 ; 17.526 ;
; b[8]       ; output[17]  ; 16.391 ; 15.432 ; 16.514 ; 15.555 ;
; b[8]       ; output[18]  ; 17.834 ; 17.284 ; 17.921 ; 17.371 ;
; b[8]       ; output[19]  ; 18.322 ; 17.307 ; 18.445 ; 17.430 ;
; b[8]       ; output[20]  ; 18.689 ; 18.213 ; 18.776 ; 18.300 ;
; b[8]       ; output[21]  ; 19.173 ; 18.505 ; 19.296 ; 18.628 ;
; b[8]       ; output[22]  ; 16.404 ; 16.110 ; 16.491 ; 16.197 ;
; b[8]       ; output[23]  ; 18.808 ; 17.964 ; 18.931 ; 18.087 ;
; b[8]       ; output[24]  ; 16.244 ; 15.853 ; 16.331 ; 15.940 ;
; b[8]       ; output[25]  ; 18.328 ; 17.389 ; 18.451 ; 17.512 ;
; b[8]       ; output[26]  ; 17.755 ; 17.213 ; 17.842 ; 17.300 ;
; b[8]       ; output[27]  ; 19.038 ; 18.434 ; 19.161 ; 18.557 ;
; b[8]       ; output[28]  ; 20.743 ; 20.082 ; 20.830 ; 20.169 ;
; b[8]       ; output[29]  ; 17.560 ; 17.013 ; 17.683 ; 17.136 ;
; b[8]       ; output[30]  ; 18.702 ; 17.741 ; 18.789 ; 17.828 ;
; b[8]       ; output[31]  ; 17.243 ; 16.475 ; 17.366 ; 16.598 ;
; b[9]       ; output[0]   ; 17.297 ; 17.032 ; 17.404 ; 17.139 ;
; b[9]       ; output[9]   ; 15.208 ; 14.238 ; 15.315 ; 14.345 ;
; b[9]       ; output[10]  ; 16.559 ; 15.260 ; 16.666 ; 15.367 ;
; b[9]       ; output[11]  ; 16.928 ; 16.495 ; 17.035 ; 16.602 ;
; b[9]       ; output[12]  ; 16.350 ; 15.307 ; 16.457 ; 15.414 ;
; b[9]       ; output[13]  ; 15.254 ; 14.827 ; 15.361 ; 14.934 ;
; b[9]       ; output[14]  ; 14.198 ; 13.945 ; 14.305 ; 14.052 ;
; b[9]       ; output[15]  ; 17.307 ; 16.857 ; 17.414 ; 16.964 ;
; b[9]       ; output[16]  ; 17.560 ; 16.987 ; 17.667 ; 17.094 ;
; b[9]       ; output[17]  ; 15.880 ; 14.974 ; 15.987 ; 15.081 ;
; b[9]       ; output[18]  ; 17.382 ; 16.832 ; 17.489 ; 16.939 ;
; b[9]       ; output[19]  ; 17.811 ; 16.849 ; 17.918 ; 16.956 ;
; b[9]       ; output[20]  ; 18.237 ; 17.761 ; 18.344 ; 17.868 ;
; b[9]       ; output[21]  ; 18.662 ; 17.994 ; 18.769 ; 18.101 ;
; b[9]       ; output[22]  ; 15.952 ; 15.658 ; 16.059 ; 15.765 ;
; b[9]       ; output[23]  ; 18.297 ; 17.506 ; 18.404 ; 17.613 ;
; b[9]       ; output[24]  ; 15.792 ; 15.401 ; 15.899 ; 15.508 ;
; b[9]       ; output[25]  ; 17.817 ; 16.931 ; 17.924 ; 17.038 ;
; b[9]       ; output[26]  ; 17.303 ; 16.761 ; 17.410 ; 16.868 ;
; b[9]       ; output[27]  ; 18.527 ; 17.923 ; 18.634 ; 18.030 ;
; b[9]       ; output[28]  ; 20.291 ; 19.630 ; 20.398 ; 19.737 ;
; b[9]       ; output[29]  ; 17.049 ; 16.502 ; 17.156 ; 16.609 ;
; b[9]       ; output[30]  ; 18.250 ; 17.289 ; 18.357 ; 17.396 ;
; b[9]       ; output[31]  ; 16.732 ; 16.017 ; 16.839 ; 16.124 ;
; b[10]      ; output[0]   ; 16.516 ; 16.304 ; 16.610 ; 16.387 ;
; b[10]      ; output[10]  ; 15.254 ; 14.059 ; 15.386 ; 14.191 ;
; b[10]      ; output[11]  ; 16.200 ; 15.767 ; 16.283 ; 15.850 ;
; b[10]      ; output[12]  ; 15.531 ; 14.488 ; 15.663 ; 14.620 ;
; b[10]      ; output[13]  ; 14.526 ; 14.099 ; 14.609 ; 14.182 ;
; b[10]      ; output[14]  ; 13.379 ; 13.126 ; 13.511 ; 13.258 ;
; b[10]      ; output[15]  ; 16.579 ; 16.129 ; 16.662 ; 16.212 ;
; b[10]      ; output[16]  ; 16.741 ; 16.168 ; 16.873 ; 16.300 ;
; b[10]      ; output[17]  ; 15.152 ; 14.193 ; 15.235 ; 14.287 ;
; b[10]      ; output[18]  ; 16.563 ; 16.013 ; 16.695 ; 16.145 ;
; b[10]      ; output[19]  ; 17.083 ; 16.068 ; 17.166 ; 16.162 ;
; b[10]      ; output[20]  ; 17.418 ; 16.942 ; 17.550 ; 17.074 ;
; b[10]      ; output[21]  ; 17.934 ; 17.266 ; 18.017 ; 17.349 ;
; b[10]      ; output[22]  ; 15.133 ; 14.839 ; 15.265 ; 14.971 ;
; b[10]      ; output[23]  ; 17.569 ; 16.725 ; 17.652 ; 16.819 ;
; b[10]      ; output[24]  ; 14.973 ; 14.582 ; 15.105 ; 14.714 ;
; b[10]      ; output[25]  ; 17.089 ; 16.150 ; 17.172 ; 16.244 ;
; b[10]      ; output[26]  ; 16.484 ; 15.942 ; 16.616 ; 16.074 ;
; b[10]      ; output[27]  ; 17.799 ; 17.195 ; 17.882 ; 17.278 ;
; b[10]      ; output[28]  ; 19.472 ; 18.811 ; 19.604 ; 18.943 ;
; b[10]      ; output[29]  ; 16.321 ; 15.774 ; 16.404 ; 15.857 ;
; b[10]      ; output[30]  ; 17.431 ; 16.470 ; 17.563 ; 16.602 ;
; b[10]      ; output[31]  ; 16.004 ; 15.236 ; 16.087 ; 15.330 ;
; b[11]      ; output[0]   ; 16.791 ; 16.526 ; 16.904 ; 16.639 ;
; b[11]      ; output[11]  ; 16.036 ; 15.603 ; 16.149 ; 15.716 ;
; b[11]      ; output[12]  ; 15.844 ; 14.801 ; 15.957 ; 14.914 ;
; b[11]      ; output[13]  ; 14.748 ; 14.321 ; 14.861 ; 14.434 ;
; b[11]      ; output[14]  ; 13.692 ; 13.439 ; 13.805 ; 13.552 ;
; b[11]      ; output[15]  ; 16.801 ; 16.351 ; 16.914 ; 16.464 ;
; b[11]      ; output[16]  ; 17.054 ; 16.481 ; 17.167 ; 16.594 ;
; b[11]      ; output[17]  ; 15.374 ; 14.468 ; 15.487 ; 14.581 ;
; b[11]      ; output[18]  ; 16.876 ; 16.326 ; 16.989 ; 16.439 ;
; b[11]      ; output[19]  ; 17.305 ; 16.343 ; 17.418 ; 16.456 ;
; b[11]      ; output[20]  ; 17.731 ; 17.255 ; 17.844 ; 17.368 ;
; b[11]      ; output[21]  ; 18.156 ; 17.488 ; 18.269 ; 17.601 ;
; b[11]      ; output[22]  ; 15.446 ; 15.152 ; 15.559 ; 15.265 ;
; b[11]      ; output[23]  ; 17.791 ; 17.000 ; 17.904 ; 17.113 ;
; b[11]      ; output[24]  ; 15.286 ; 14.895 ; 15.399 ; 15.008 ;
; b[11]      ; output[25]  ; 17.311 ; 16.425 ; 17.424 ; 16.538 ;
; b[11]      ; output[26]  ; 16.797 ; 16.255 ; 16.910 ; 16.368 ;
; b[11]      ; output[27]  ; 18.021 ; 17.417 ; 18.134 ; 17.530 ;
; b[11]      ; output[28]  ; 19.785 ; 19.124 ; 19.898 ; 19.237 ;
; b[11]      ; output[29]  ; 16.543 ; 15.996 ; 16.656 ; 16.109 ;
; b[11]      ; output[30]  ; 17.744 ; 16.783 ; 17.857 ; 16.896 ;
; b[11]      ; output[31]  ; 16.226 ; 15.511 ; 16.339 ; 15.624 ;
; b[12]      ; output[0]   ; 16.966 ; 16.754 ; 17.017 ; 16.805 ;
; b[12]      ; output[12]  ; 15.462 ; 14.431 ; 15.548 ; 14.517 ;
; b[12]      ; output[13]  ; 14.976 ; 14.549 ; 15.027 ; 14.600 ;
; b[12]      ; output[14]  ; 13.796 ; 13.543 ; 13.882 ; 13.629 ;
; b[12]      ; output[15]  ; 17.029 ; 16.579 ; 17.080 ; 16.630 ;
; b[12]      ; output[16]  ; 17.158 ; 16.585 ; 17.244 ; 16.671 ;
; b[12]      ; output[17]  ; 15.602 ; 14.643 ; 15.653 ; 14.694 ;
; b[12]      ; output[18]  ; 16.980 ; 16.430 ; 17.066 ; 16.516 ;
; b[12]      ; output[19]  ; 17.533 ; 16.518 ; 17.584 ; 16.569 ;
; b[12]      ; output[20]  ; 17.835 ; 17.359 ; 17.921 ; 17.445 ;
; b[12]      ; output[21]  ; 18.384 ; 17.716 ; 18.435 ; 17.767 ;
; b[12]      ; output[22]  ; 15.550 ; 15.256 ; 15.636 ; 15.342 ;
; b[12]      ; output[23]  ; 18.019 ; 17.175 ; 18.070 ; 17.226 ;
; b[12]      ; output[24]  ; 15.390 ; 14.999 ; 15.476 ; 15.085 ;
; b[12]      ; output[25]  ; 17.539 ; 16.600 ; 17.590 ; 16.651 ;
; b[12]      ; output[26]  ; 16.901 ; 16.359 ; 16.987 ; 16.445 ;
; b[12]      ; output[27]  ; 18.249 ; 17.645 ; 18.300 ; 17.696 ;
; b[12]      ; output[28]  ; 19.889 ; 19.228 ; 19.975 ; 19.314 ;
; b[12]      ; output[29]  ; 16.771 ; 16.224 ; 16.822 ; 16.275 ;
; b[12]      ; output[30]  ; 17.848 ; 16.887 ; 17.934 ; 16.973 ;
; b[12]      ; output[31]  ; 16.454 ; 15.686 ; 16.505 ; 15.737 ;
; b[13]      ; output[0]   ; 16.873 ; 16.608 ; 16.979 ; 16.714 ;
; b[13]      ; output[13]  ; 14.449 ; 14.022 ; 14.555 ; 14.128 ;
; b[13]      ; output[14]  ; 13.774 ; 13.521 ; 13.880 ; 13.627 ;
; b[13]      ; output[15]  ; 16.883 ; 16.433 ; 16.989 ; 16.539 ;
; b[13]      ; output[16]  ; 17.136 ; 16.563 ; 17.242 ; 16.669 ;
; b[13]      ; output[17]  ; 15.456 ; 14.550 ; 15.562 ; 14.656 ;
; b[13]      ; output[18]  ; 16.958 ; 16.408 ; 17.064 ; 16.514 ;
; b[13]      ; output[19]  ; 17.387 ; 16.425 ; 17.493 ; 16.531 ;
; b[13]      ; output[20]  ; 17.813 ; 17.337 ; 17.919 ; 17.443 ;
; b[13]      ; output[21]  ; 18.238 ; 17.570 ; 18.344 ; 17.676 ;
; b[13]      ; output[22]  ; 15.528 ; 15.234 ; 15.634 ; 15.340 ;
; b[13]      ; output[23]  ; 17.873 ; 17.082 ; 17.979 ; 17.188 ;
; b[13]      ; output[24]  ; 15.368 ; 14.977 ; 15.474 ; 15.083 ;
; b[13]      ; output[25]  ; 17.393 ; 16.507 ; 17.499 ; 16.613 ;
; b[13]      ; output[26]  ; 16.879 ; 16.337 ; 16.985 ; 16.443 ;
; b[13]      ; output[27]  ; 18.103 ; 17.499 ; 18.209 ; 17.605 ;
; b[13]      ; output[28]  ; 19.867 ; 19.206 ; 19.973 ; 19.312 ;
; b[13]      ; output[29]  ; 16.625 ; 16.078 ; 16.731 ; 16.184 ;
; b[13]      ; output[30]  ; 17.826 ; 16.865 ; 17.932 ; 16.971 ;
; b[13]      ; output[31]  ; 16.308 ; 15.593 ; 16.414 ; 15.699 ;
; b[14]      ; output[0]   ; 16.317 ; 16.105 ; 16.404 ; 16.192 ;
; b[14]      ; output[14]  ; 12.617 ; 12.364 ; 12.678 ; 12.425 ;
; b[14]      ; output[15]  ; 16.380 ; 15.930 ; 16.467 ; 16.017 ;
; b[14]      ; output[16]  ; 16.465 ; 15.892 ; 16.516 ; 15.943 ;
; b[14]      ; output[17]  ; 14.953 ; 13.994 ; 15.040 ; 14.081 ;
; b[14]      ; output[18]  ; 16.287 ; 15.737 ; 16.338 ; 15.788 ;
; b[14]      ; output[19]  ; 16.884 ; 15.869 ; 16.971 ; 15.956 ;
; b[14]      ; output[20]  ; 17.142 ; 16.666 ; 17.193 ; 16.717 ;
; b[14]      ; output[21]  ; 17.735 ; 17.067 ; 17.822 ; 17.154 ;
; b[14]      ; output[22]  ; 14.857 ; 14.563 ; 14.908 ; 14.614 ;
; b[14]      ; output[23]  ; 17.370 ; 16.526 ; 17.457 ; 16.613 ;
; b[14]      ; output[24]  ; 14.697 ; 14.306 ; 14.748 ; 14.357 ;
; b[14]      ; output[25]  ; 16.890 ; 15.951 ; 16.977 ; 16.038 ;
; b[14]      ; output[26]  ; 16.208 ; 15.666 ; 16.259 ; 15.717 ;
; b[14]      ; output[27]  ; 17.600 ; 16.996 ; 17.687 ; 17.083 ;
; b[14]      ; output[28]  ; 19.196 ; 18.535 ; 19.247 ; 18.586 ;
; b[14]      ; output[29]  ; 16.122 ; 15.575 ; 16.209 ; 15.662 ;
; b[14]      ; output[30]  ; 17.155 ; 16.194 ; 17.206 ; 16.245 ;
; b[14]      ; output[31]  ; 15.805 ; 15.037 ; 15.892 ; 15.124 ;
; b[15]      ; output[0]   ; 16.810 ; 16.718 ; 16.877 ; 16.785 ;
; b[15]      ; output[15]  ; 16.696 ; 16.246 ; 16.763 ; 16.313 ;
; b[15]      ; output[16]  ; 17.330 ; 16.757 ; 17.397 ; 16.824 ;
; b[15]      ; output[17]  ; 15.650 ; 14.744 ; 15.717 ; 14.811 ;
; b[15]      ; output[18]  ; 17.152 ; 16.602 ; 17.219 ; 16.669 ;
; b[15]      ; output[19]  ; 17.581 ; 16.619 ; 17.648 ; 16.686 ;
; b[15]      ; output[20]  ; 18.007 ; 17.531 ; 18.074 ; 17.598 ;
; b[15]      ; output[21]  ; 18.432 ; 17.764 ; 18.499 ; 17.831 ;
; b[15]      ; output[22]  ; 15.722 ; 15.428 ; 15.789 ; 15.495 ;
; b[15]      ; output[23]  ; 18.067 ; 17.276 ; 18.134 ; 17.343 ;
; b[15]      ; output[24]  ; 15.562 ; 15.171 ; 15.629 ; 15.238 ;
; b[15]      ; output[25]  ; 17.587 ; 16.701 ; 17.654 ; 16.768 ;
; b[15]      ; output[26]  ; 17.073 ; 16.531 ; 17.140 ; 16.598 ;
; b[15]      ; output[27]  ; 18.297 ; 17.693 ; 18.364 ; 17.760 ;
; b[15]      ; output[28]  ; 20.061 ; 19.400 ; 20.128 ; 19.467 ;
; b[15]      ; output[29]  ; 16.819 ; 16.272 ; 16.886 ; 16.339 ;
; b[15]      ; output[30]  ; 18.020 ; 17.059 ; 18.087 ; 17.126 ;
; b[15]      ; output[31]  ; 16.502 ; 15.787 ; 16.569 ; 15.854 ;
; b[16]      ; output[0]   ; 16.409 ; 16.280 ; 16.344 ; 16.250 ;
; b[16]      ; output[16]  ; 16.402 ; 15.829 ; 16.372 ; 15.799 ;
; b[16]      ; output[17]  ; 15.383 ; 14.424 ; 15.318 ; 14.359 ;
; b[16]      ; output[18]  ; 16.714 ; 16.164 ; 16.684 ; 16.134 ;
; b[16]      ; output[19]  ; 17.314 ; 16.299 ; 17.249 ; 16.234 ;
; b[16]      ; output[20]  ; 17.569 ; 17.093 ; 17.539 ; 17.063 ;
; b[16]      ; output[21]  ; 18.165 ; 17.497 ; 18.100 ; 17.432 ;
; b[16]      ; output[22]  ; 15.284 ; 14.990 ; 15.254 ; 14.960 ;
; b[16]      ; output[23]  ; 17.800 ; 16.956 ; 17.735 ; 16.891 ;
; b[16]      ; output[24]  ; 15.124 ; 14.733 ; 15.094 ; 14.703 ;
; b[16]      ; output[25]  ; 17.320 ; 16.381 ; 17.255 ; 16.316 ;
; b[16]      ; output[26]  ; 16.635 ; 16.093 ; 16.605 ; 16.063 ;
; b[16]      ; output[27]  ; 18.030 ; 17.426 ; 17.965 ; 17.361 ;
; b[16]      ; output[28]  ; 19.623 ; 18.962 ; 19.593 ; 18.932 ;
; b[16]      ; output[29]  ; 16.552 ; 16.005 ; 16.487 ; 15.940 ;
; b[16]      ; output[30]  ; 17.582 ; 16.621 ; 17.552 ; 16.591 ;
; b[16]      ; output[31]  ; 16.235 ; 15.467 ; 16.170 ; 15.402 ;
; b[17]      ; output[0]   ; 15.746 ; 15.654 ; 15.842 ; 15.750 ;
; b[17]      ; output[17]  ; 14.200 ; 13.232 ; 14.296 ; 13.328 ;
; b[17]      ; output[18]  ; 16.088 ; 15.538 ; 16.184 ; 15.634 ;
; b[17]      ; output[19]  ; 16.517 ; 15.555 ; 16.613 ; 15.651 ;
; b[17]      ; output[20]  ; 16.943 ; 16.467 ; 17.039 ; 16.563 ;
; b[17]      ; output[21]  ; 17.368 ; 16.700 ; 17.464 ; 16.796 ;
; b[17]      ; output[22]  ; 14.658 ; 14.364 ; 14.754 ; 14.460 ;
; b[17]      ; output[23]  ; 17.003 ; 16.212 ; 17.099 ; 16.308 ;
; b[17]      ; output[24]  ; 14.498 ; 14.107 ; 14.594 ; 14.203 ;
; b[17]      ; output[25]  ; 16.523 ; 15.637 ; 16.619 ; 15.733 ;
; b[17]      ; output[26]  ; 16.009 ; 15.467 ; 16.105 ; 15.563 ;
; b[17]      ; output[27]  ; 17.233 ; 16.629 ; 17.329 ; 16.725 ;
; b[17]      ; output[28]  ; 18.997 ; 18.336 ; 19.093 ; 18.432 ;
; b[17]      ; output[29]  ; 15.755 ; 15.208 ; 15.851 ; 15.304 ;
; b[17]      ; output[30]  ; 16.956 ; 15.995 ; 17.052 ; 16.091 ;
; b[17]      ; output[31]  ; 15.438 ; 14.723 ; 15.534 ; 14.819 ;
; b[18]      ; output[0]   ; 16.885 ; 16.793 ; 17.034 ; 16.942 ;
; b[18]      ; output[18]  ; 16.741 ; 16.191 ; 16.890 ; 16.340 ;
; b[18]      ; output[19]  ; 17.661 ; 16.694 ; 17.805 ; 16.843 ;
; b[18]      ; output[20]  ; 18.082 ; 17.606 ; 18.231 ; 17.755 ;
; b[18]      ; output[21]  ; 18.512 ; 17.844 ; 18.656 ; 17.988 ;
; b[18]      ; output[22]  ; 15.797 ; 15.503 ; 15.946 ; 15.652 ;
; b[18]      ; output[23]  ; 18.147 ; 17.351 ; 18.291 ; 17.500 ;
; b[18]      ; output[24]  ; 15.637 ; 15.246 ; 15.786 ; 15.395 ;
; b[18]      ; output[25]  ; 17.667 ; 16.776 ; 17.811 ; 16.925 ;
; b[18]      ; output[26]  ; 17.148 ; 16.606 ; 17.297 ; 16.755 ;
; b[18]      ; output[27]  ; 18.377 ; 17.773 ; 18.521 ; 17.917 ;
; b[18]      ; output[28]  ; 20.136 ; 19.475 ; 20.285 ; 19.624 ;
; b[18]      ; output[29]  ; 16.899 ; 16.352 ; 17.043 ; 16.496 ;
; b[18]      ; output[30]  ; 18.095 ; 17.134 ; 18.244 ; 17.283 ;
; b[18]      ; output[31]  ; 16.582 ; 15.862 ; 16.726 ; 16.011 ;
; b[19]      ; output[0]   ; 16.619 ; 16.527 ; 16.644 ; 16.552 ;
; b[19]      ; output[19]  ; 17.009 ; 15.981 ; 17.034 ; 16.006 ;
; b[19]      ; output[20]  ; 17.816 ; 17.340 ; 17.841 ; 17.365 ;
; b[19]      ; output[21]  ; 18.241 ; 17.573 ; 18.266 ; 17.598 ;
; b[19]      ; output[22]  ; 15.531 ; 15.237 ; 15.556 ; 15.262 ;
; b[19]      ; output[23]  ; 17.876 ; 17.085 ; 17.901 ; 17.110 ;
; b[19]      ; output[24]  ; 15.371 ; 14.980 ; 15.396 ; 15.005 ;
; b[19]      ; output[25]  ; 17.396 ; 16.510 ; 17.421 ; 16.535 ;
; b[19]      ; output[26]  ; 16.882 ; 16.340 ; 16.907 ; 16.365 ;
; b[19]      ; output[27]  ; 18.106 ; 17.502 ; 18.131 ; 17.527 ;
; b[19]      ; output[28]  ; 19.870 ; 19.209 ; 19.895 ; 19.234 ;
; b[19]      ; output[29]  ; 16.628 ; 16.081 ; 16.653 ; 16.106 ;
; b[19]      ; output[30]  ; 17.829 ; 16.868 ; 17.854 ; 16.893 ;
; b[19]      ; output[31]  ; 16.311 ; 15.596 ; 16.336 ; 15.621 ;
; b[20]      ; output[0]   ; 15.301 ; 15.209 ; 15.427 ; 15.335 ;
; b[20]      ; output[20]  ; 16.116 ; 15.539 ; 16.242 ; 15.662 ;
; b[20]      ; output[21]  ; 17.120 ; 16.452 ; 17.197 ; 16.529 ;
; b[20]      ; output[22]  ; 14.213 ; 13.919 ; 14.339 ; 14.045 ;
; b[20]      ; output[23]  ; 16.755 ; 15.911 ; 16.832 ; 15.988 ;
; b[20]      ; output[24]  ; 14.053 ; 13.662 ; 14.179 ; 13.788 ;
; b[20]      ; output[25]  ; 16.275 ; 15.336 ; 16.352 ; 15.413 ;
; b[20]      ; output[26]  ; 15.564 ; 15.022 ; 15.690 ; 15.148 ;
; b[20]      ; output[27]  ; 16.985 ; 16.381 ; 17.062 ; 16.458 ;
; b[20]      ; output[28]  ; 18.552 ; 17.891 ; 18.678 ; 18.017 ;
; b[20]      ; output[29]  ; 15.507 ; 14.960 ; 15.584 ; 15.037 ;
; b[20]      ; output[30]  ; 16.511 ; 15.550 ; 16.637 ; 15.676 ;
; b[20]      ; output[31]  ; 15.190 ; 14.422 ; 15.267 ; 14.499 ;
; b[21]      ; output[0]   ; 16.508 ; 16.416 ; 16.695 ; 16.603 ;
; b[21]      ; output[21]  ; 17.744 ; 17.076 ; 17.931 ; 17.263 ;
; b[21]      ; output[22]  ; 15.420 ; 15.126 ; 15.607 ; 15.313 ;
; b[21]      ; output[23]  ; 17.765 ; 16.974 ; 17.952 ; 17.161 ;
; b[21]      ; output[24]  ; 15.260 ; 14.869 ; 15.447 ; 15.056 ;
; b[21]      ; output[25]  ; 17.285 ; 16.399 ; 17.472 ; 16.586 ;
; b[21]      ; output[26]  ; 16.771 ; 16.229 ; 16.958 ; 16.416 ;
; b[21]      ; output[27]  ; 17.995 ; 17.391 ; 18.182 ; 17.578 ;
; b[21]      ; output[28]  ; 19.759 ; 19.098 ; 19.946 ; 19.285 ;
; b[21]      ; output[29]  ; 16.517 ; 15.970 ; 16.704 ; 16.157 ;
; b[21]      ; output[30]  ; 17.718 ; 16.757 ; 17.905 ; 16.944 ;
; b[21]      ; output[31]  ; 16.200 ; 15.485 ; 16.387 ; 15.672 ;
; b[22]      ; output[0]   ; 15.090 ; 14.894 ; 15.232 ; 15.036 ;
; b[22]      ; output[22]  ; 14.002 ; 13.604 ; 14.144 ; 13.746 ;
; b[22]      ; output[23]  ; 16.791 ; 15.947 ; 16.969 ; 16.125 ;
; b[22]      ; output[24]  ; 14.224 ; 13.833 ; 14.366 ; 13.975 ;
; b[22]      ; output[25]  ; 16.311 ; 15.372 ; 16.489 ; 15.550 ;
; b[22]      ; output[26]  ; 15.735 ; 15.193 ; 15.877 ; 15.335 ;
; b[22]      ; output[27]  ; 17.021 ; 16.417 ; 17.199 ; 16.595 ;
; b[22]      ; output[28]  ; 18.723 ; 18.062 ; 18.865 ; 18.204 ;
; b[22]      ; output[29]  ; 15.543 ; 14.996 ; 15.721 ; 15.174 ;
; b[22]      ; output[30]  ; 16.682 ; 15.721 ; 16.824 ; 15.863 ;
; b[22]      ; output[31]  ; 15.226 ; 14.458 ; 15.404 ; 14.636 ;
; b[23]      ; output[0]   ; 15.642 ; 15.300 ; 15.801 ; 15.459 ;
; b[23]      ; output[23]  ; 16.936 ; 16.079 ; 17.095 ; 16.238 ;
; b[23]      ; output[24]  ; 14.812 ; 14.421 ; 14.971 ; 14.580 ;
; b[23]      ; output[25]  ; 16.837 ; 15.951 ; 16.996 ; 16.110 ;
; b[23]      ; output[26]  ; 16.323 ; 15.781 ; 16.482 ; 15.940 ;
; b[23]      ; output[27]  ; 17.547 ; 16.943 ; 17.706 ; 17.102 ;
; b[23]      ; output[28]  ; 19.311 ; 18.650 ; 19.470 ; 18.809 ;
; b[23]      ; output[29]  ; 16.069 ; 15.522 ; 16.228 ; 15.681 ;
; b[23]      ; output[30]  ; 17.270 ; 16.309 ; 17.429 ; 16.468 ;
; b[23]      ; output[31]  ; 15.752 ; 15.037 ; 15.911 ; 15.196 ;
; b[24]      ; output[0]   ; 15.589 ; 15.232 ; 15.702 ; 15.345 ;
; b[24]      ; output[24]  ; 14.251 ; 13.860 ; 14.328 ; 13.937 ;
; b[24]      ; output[25]  ; 16.867 ; 15.928 ; 16.980 ; 16.041 ;
; b[24]      ; output[26]  ; 16.252 ; 15.710 ; 16.329 ; 15.787 ;
; b[24]      ; output[27]  ; 17.577 ; 16.973 ; 17.690 ; 17.086 ;
; b[24]      ; output[28]  ; 19.240 ; 18.579 ; 19.317 ; 18.656 ;
; b[24]      ; output[29]  ; 16.099 ; 15.552 ; 16.212 ; 15.665 ;
; b[24]      ; output[30]  ; 17.199 ; 16.238 ; 17.276 ; 16.315 ;
; b[24]      ; output[31]  ; 15.782 ; 15.014 ; 15.895 ; 15.127 ;
; b[25]      ; output[0]   ; 15.429 ; 15.087 ; 15.539 ; 15.197 ;
; b[25]      ; output[25]  ; 16.243 ; 15.291 ; 16.353 ; 15.401 ;
; b[25]      ; output[26]  ; 16.110 ; 15.568 ; 16.220 ; 15.678 ;
; b[25]      ; output[27]  ; 17.334 ; 16.730 ; 17.444 ; 16.840 ;
; b[25]      ; output[28]  ; 19.098 ; 18.437 ; 19.208 ; 18.547 ;
; b[25]      ; output[29]  ; 15.856 ; 15.309 ; 15.966 ; 15.419 ;
; b[25]      ; output[30]  ; 17.057 ; 16.096 ; 17.167 ; 16.206 ;
; b[25]      ; output[31]  ; 15.539 ; 14.824 ; 15.649 ; 14.934 ;
; b[26]      ; output[0]   ; 16.030 ; 15.688 ; 15.919 ; 15.577 ;
; b[26]      ; output[26]  ; 16.221 ; 15.679 ; 16.110 ; 15.568 ;
; b[26]      ; output[27]  ; 17.935 ; 17.331 ; 17.855 ; 17.251 ;
; b[26]      ; output[28]  ; 19.699 ; 19.038 ; 19.588 ; 18.927 ;
; b[26]      ; output[29]  ; 16.457 ; 15.910 ; 16.377 ; 15.830 ;
; b[26]      ; output[30]  ; 17.658 ; 16.697 ; 17.547 ; 16.586 ;
; b[26]      ; output[31]  ; 16.140 ; 15.425 ; 16.060 ; 15.314 ;
; b[27]      ; output[0]   ; 15.522 ; 15.180 ; 15.601 ; 15.259 ;
; b[27]      ; output[27]  ; 17.046 ; 16.442 ; 17.125 ; 16.521 ;
; b[27]      ; output[28]  ; 19.191 ; 18.530 ; 19.270 ; 18.609 ;
; b[27]      ; output[29]  ; 15.949 ; 15.402 ; 16.028 ; 15.481 ;
; b[27]      ; output[30]  ; 17.150 ; 16.189 ; 17.229 ; 16.268 ;
; b[27]      ; output[31]  ; 15.632 ; 14.917 ; 15.711 ; 14.996 ;
; b[28]      ; output[0]   ; 15.746 ; 15.404 ; 15.748 ; 15.406 ;
; b[28]      ; output[28]  ; 18.925 ; 18.264 ; 18.927 ; 18.266 ;
; b[28]      ; output[29]  ; 16.173 ; 15.626 ; 16.190 ; 15.643 ;
; b[28]      ; output[30]  ; 17.374 ; 16.413 ; 17.376 ; 16.415 ;
; b[28]      ; output[31]  ; 15.856 ; 15.141 ; 15.873 ; 15.143 ;
; b[29]      ; output[0]   ; 14.853 ; 14.511 ; 14.991 ; 14.649 ;
; b[29]      ; output[29]  ; 14.899 ; 14.352 ; 15.037 ; 14.490 ;
; b[29]      ; output[30]  ; 16.481 ; 15.520 ; 16.619 ; 15.658 ;
; b[29]      ; output[31]  ; 14.963 ; 14.248 ; 15.101 ; 14.386 ;
; b[30]      ; output[0]   ; 15.406 ; 15.064 ; 15.549 ; 15.201 ;
; b[30]      ; output[30]  ; 16.544 ; 15.583 ; 16.681 ; 15.720 ;
; b[30]      ; output[31]  ; 15.569 ; 14.801 ; 15.742 ; 14.974 ;
; b[31]      ; output[0]   ; 15.521 ; 15.179 ; 15.536 ; 15.194 ;
; b[31]      ; output[31]  ; 15.250 ; 14.469 ; 15.265 ; 14.484 ;
; op[0]      ; output[0]   ; 18.676 ; 18.411 ; 18.466 ; 18.201 ;
; op[0]      ; output[1]   ; 18.495 ; 18.133 ; 18.233 ; 17.871 ;
; op[0]      ; output[2]   ; 15.602 ; 15.745 ; 15.392 ; 15.535 ;
; op[0]      ; output[3]   ; 21.234 ; 20.339 ; 21.024 ; 20.129 ;
; op[0]      ; output[4]   ; 16.598 ; 16.123 ; 16.388 ; 15.913 ;
; op[0]      ; output[5]   ; 19.009 ; 17.862 ; 18.799 ; 17.652 ;
; op[0]      ; output[6]   ; 17.818 ; 16.405 ; 17.608 ; 16.195 ;
; op[0]      ; output[7]   ; 14.932 ; 14.686 ; 14.722 ; 14.476 ;
; op[0]      ; output[8]   ; 19.184 ; 18.330 ; 18.974 ; 18.120 ;
; op[0]      ; output[9]   ; 16.973 ; 16.003 ; 16.763 ; 15.793 ;
; op[0]      ; output[10]  ; 17.938 ; 16.639 ; 17.728 ; 16.429 ;
; op[0]      ; output[11]  ; 18.307 ; 17.874 ; 18.097 ; 17.664 ;
; op[0]      ; output[12]  ; 17.729 ; 16.686 ; 17.519 ; 16.476 ;
; op[0]      ; output[13]  ; 16.633 ; 16.206 ; 16.423 ; 15.996 ;
; op[0]      ; output[14]  ; 15.577 ; 15.324 ; 15.367 ; 15.114 ;
; op[0]      ; output[15]  ; 18.686 ; 18.236 ; 18.476 ; 18.026 ;
; op[0]      ; output[16]  ; 18.939 ; 18.366 ; 18.729 ; 18.156 ;
; op[0]      ; output[17]  ; 17.259 ; 16.353 ; 17.049 ; 16.143 ;
; op[0]      ; output[18]  ; 18.761 ; 18.211 ; 18.551 ; 18.001 ;
; op[0]      ; output[19]  ; 19.190 ; 18.228 ; 18.980 ; 18.018 ;
; op[0]      ; output[20]  ; 19.616 ; 19.140 ; 19.406 ; 18.930 ;
; op[0]      ; output[21]  ; 20.041 ; 19.373 ; 19.831 ; 19.163 ;
; op[0]      ; output[22]  ; 17.331 ; 17.037 ; 17.121 ; 16.827 ;
; op[0]      ; output[23]  ; 19.676 ; 18.885 ; 19.466 ; 18.675 ;
; op[0]      ; output[24]  ; 17.171 ; 16.780 ; 16.961 ; 16.570 ;
; op[0]      ; output[25]  ; 19.196 ; 18.310 ; 18.986 ; 18.100 ;
; op[0]      ; output[26]  ; 18.682 ; 18.140 ; 18.472 ; 17.930 ;
; op[0]      ; output[27]  ; 19.906 ; 19.302 ; 19.696 ; 19.092 ;
; op[0]      ; output[28]  ; 21.670 ; 21.009 ; 21.460 ; 20.799 ;
; op[0]      ; output[29]  ; 18.428 ; 17.881 ; 18.218 ; 17.671 ;
; op[0]      ; output[30]  ; 19.629 ; 18.668 ; 19.419 ; 18.458 ;
; op[0]      ; output[31]  ; 18.111 ; 17.396 ; 17.901 ; 17.186 ;
; op[1]      ; output[0]   ; 15.931 ; 15.666 ; 16.090 ; 15.825 ;
; op[1]      ; output[1]   ; 15.604 ; 15.242 ; 15.548 ; 15.186 ;
; op[1]      ; output[2]   ; 12.711 ; 12.854 ; 12.706 ; 12.849 ;
; op[1]      ; output[3]   ; 18.343 ; 17.448 ; 18.338 ; 17.443 ;
; op[1]      ; output[4]   ; 13.707 ; 13.232 ; 13.764 ; 13.289 ;
; op[1]      ; output[5]   ; 16.181 ; 15.034 ; 16.317 ; 15.170 ;
; op[1]      ; output[6]   ; 14.974 ; 13.561 ; 15.126 ; 13.713 ;
; op[1]      ; output[7]   ; 12.187 ; 11.941 ; 12.346 ; 12.100 ;
; op[1]      ; output[8]   ; 16.439 ; 15.585 ; 16.598 ; 15.744 ;
; op[1]      ; output[9]   ; 14.487 ; 13.517 ; 14.767 ; 13.797 ;
; op[1]      ; output[10]  ; 15.193 ; 13.894 ; 15.352 ; 14.053 ;
; op[1]      ; output[11]  ; 15.562 ; 15.129 ; 15.721 ; 15.288 ;
; op[1]      ; output[12]  ; 14.984 ; 13.941 ; 15.143 ; 14.100 ;
; op[1]      ; output[13]  ; 14.613 ; 14.186 ; 14.893 ; 14.466 ;
; op[1]      ; output[14]  ; 12.832 ; 12.579 ; 12.991 ; 12.738 ;
; op[1]      ; output[15]  ; 15.941 ; 15.491 ; 16.100 ; 15.650 ;
; op[1]      ; output[16]  ; 16.194 ; 15.621 ; 16.353 ; 15.780 ;
; op[1]      ; output[17]  ; 14.514 ; 13.608 ; 14.673 ; 13.767 ;
; op[1]      ; output[18]  ; 16.016 ; 15.466 ; 16.175 ; 15.625 ;
; op[1]      ; output[19]  ; 16.445 ; 15.483 ; 16.604 ; 15.642 ;
; op[1]      ; output[20]  ; 16.871 ; 16.395 ; 17.030 ; 16.554 ;
; op[1]      ; output[21]  ; 17.296 ; 16.628 ; 17.455 ; 16.787 ;
; op[1]      ; output[22]  ; 14.586 ; 14.292 ; 14.745 ; 14.451 ;
; op[1]      ; output[23]  ; 16.931 ; 16.140 ; 17.090 ; 16.299 ;
; op[1]      ; output[24]  ; 14.426 ; 14.035 ; 14.585 ; 14.194 ;
; op[1]      ; output[25]  ; 16.451 ; 15.565 ; 16.610 ; 15.724 ;
; op[1]      ; output[26]  ; 15.937 ; 15.395 ; 16.096 ; 15.554 ;
; op[1]      ; output[27]  ; 17.161 ; 16.557 ; 17.320 ; 16.716 ;
; op[1]      ; output[28]  ; 18.925 ; 18.264 ; 19.084 ; 18.423 ;
; op[1]      ; output[29]  ; 15.683 ; 15.136 ; 15.842 ; 15.295 ;
; op[1]      ; output[30]  ; 16.884 ; 15.923 ; 17.043 ; 16.082 ;
; op[1]      ; output[31]  ; 15.366 ; 14.651 ; 15.525 ; 14.810 ;
; op[2]      ; output[0]   ; 18.768 ; 18.503 ; 18.657 ; 18.392 ;
; op[2]      ; output[1]   ; 17.920 ; 17.558 ; 17.863 ; 17.501 ;
; op[2]      ; output[2]   ; 14.892 ; 15.035 ; 14.884 ; 15.027 ;
; op[2]      ; output[3]   ; 20.715 ; 19.820 ; 20.602 ; 19.707 ;
; op[2]      ; output[4]   ; 16.465 ; 15.990 ; 16.346 ; 15.871 ;
; op[2]      ; output[5]   ; 19.018 ; 17.871 ; 18.900 ; 17.753 ;
; op[2]      ; output[6]   ; 17.827 ; 16.414 ; 17.698 ; 16.285 ;
; op[2]      ; output[7]   ; 15.024 ; 14.778 ; 14.913 ; 14.667 ;
; op[2]      ; output[8]   ; 19.276 ; 18.422 ; 19.165 ; 18.311 ;
; op[2]      ; output[9]   ; 17.065 ; 16.095 ; 16.954 ; 15.984 ;
; op[2]      ; output[10]  ; 18.030 ; 16.731 ; 17.919 ; 16.620 ;
; op[2]      ; output[11]  ; 18.399 ; 17.966 ; 18.288 ; 17.855 ;
; op[2]      ; output[12]  ; 17.821 ; 16.778 ; 17.710 ; 16.667 ;
; op[2]      ; output[13]  ; 16.725 ; 16.298 ; 16.614 ; 16.187 ;
; op[2]      ; output[14]  ; 15.669 ; 15.416 ; 15.558 ; 15.305 ;
; op[2]      ; output[15]  ; 18.778 ; 18.328 ; 18.667 ; 18.217 ;
; op[2]      ; output[16]  ; 19.031 ; 18.458 ; 18.920 ; 18.347 ;
; op[2]      ; output[17]  ; 17.351 ; 16.445 ; 17.240 ; 16.334 ;
; op[2]      ; output[18]  ; 18.853 ; 18.303 ; 18.742 ; 18.192 ;
; op[2]      ; output[19]  ; 19.282 ; 18.320 ; 19.171 ; 18.209 ;
; op[2]      ; output[20]  ; 19.708 ; 19.232 ; 19.597 ; 19.121 ;
; op[2]      ; output[21]  ; 20.133 ; 19.465 ; 20.022 ; 19.354 ;
; op[2]      ; output[22]  ; 17.423 ; 17.129 ; 17.312 ; 17.018 ;
; op[2]      ; output[23]  ; 19.768 ; 18.977 ; 19.657 ; 18.866 ;
; op[2]      ; output[24]  ; 17.263 ; 16.872 ; 17.152 ; 16.761 ;
; op[2]      ; output[25]  ; 19.288 ; 18.402 ; 19.177 ; 18.291 ;
; op[2]      ; output[26]  ; 18.774 ; 18.232 ; 18.663 ; 18.121 ;
; op[2]      ; output[27]  ; 19.998 ; 19.394 ; 19.887 ; 19.283 ;
; op[2]      ; output[28]  ; 21.762 ; 21.101 ; 21.651 ; 20.990 ;
; op[2]      ; output[29]  ; 18.520 ; 17.973 ; 18.409 ; 17.862 ;
; op[2]      ; output[30]  ; 19.721 ; 18.760 ; 19.610 ; 18.649 ;
; op[2]      ; output[31]  ; 18.203 ; 17.488 ; 18.092 ; 17.377 ;
; op[3]      ; output[0]   ; 12.807 ; 12.536 ; 12.927 ; 12.644 ;
; op[3]      ; output[1]   ; 15.973 ; 15.435 ; 16.466 ; 16.104 ;
; op[3]      ; output[2]   ; 12.948 ; 12.731 ; 13.029 ; 12.812 ;
; op[3]      ; output[3]   ; 17.810 ; 16.724 ; 18.327 ; 17.432 ;
; op[3]      ; output[4]   ; 13.572 ; 13.150 ; 13.930 ; 13.514 ;
; op[3]      ; output[5]   ; 16.922 ; 15.775 ; 17.002 ; 15.855 ;
; op[3]      ; output[6]   ; 15.510 ; 14.460 ; 15.591 ; 14.541 ;
; op[3]      ; output[7]   ; 13.263 ; 13.017 ; 13.565 ; 13.319 ;
; op[3]      ; output[8]   ; 16.749 ; 16.299 ; 17.158 ; 16.729 ;
; op[3]      ; output[9]   ; 15.896 ; 14.926 ; 16.234 ; 15.264 ;
; op[3]      ; output[10]  ; 15.829 ; 15.001 ; 16.027 ; 15.261 ;
; op[3]      ; output[11]  ; 16.595 ; 16.162 ; 16.950 ; 16.517 ;
; op[3]      ; output[12]  ; 16.108 ; 15.172 ; 16.189 ; 15.253 ;
; op[3]      ; output[13]  ; 16.027 ; 15.600 ; 16.360 ; 15.933 ;
; op[3]      ; output[14]  ; 13.618 ; 13.359 ; 13.699 ; 13.440 ;
; op[3]      ; output[15]  ; 16.399 ; 15.949 ; 16.479 ; 16.029 ;
; op[3]      ; output[16]  ; 16.170 ; 15.591 ; 16.709 ; 16.136 ;
; op[3]      ; output[17]  ; 13.405 ; 12.706 ; 13.486 ; 12.787 ;
; op[3]      ; output[18]  ; 14.455 ; 13.997 ; 14.789 ; 14.239 ;
; op[3]      ; output[19]  ; 15.071 ; 14.475 ; 15.151 ; 14.555 ;
; op[3]      ; output[20]  ; 16.459 ; 15.204 ; 16.209 ; 16.209 ;
; op[3]      ; output[21]  ; 15.940 ; 15.272 ; 16.268 ; 15.532 ;
; op[3]      ; output[22]  ; 13.791 ; 13.296 ; 13.871 ; 13.376 ;
; op[3]      ; output[23]  ; 14.892 ; 16.487 ; 17.786 ; 14.406 ;
; op[3]      ; output[24]  ; 14.361 ; 14.077 ; 14.957 ; 14.566 ;
; op[3]      ; output[25]  ; 14.394 ; 13.919 ; 14.474 ; 13.999 ;
; op[3]      ; output[26]  ; 15.212 ; 14.672 ; 15.575 ; 15.033 ;
; op[3]      ; output[27]  ; 15.076 ; 14.501 ; 15.226 ; 14.622 ;
; op[3]      ; output[28]  ; 16.980 ; 16.307 ; 17.667 ; 17.006 ;
; op[3]      ; output[29]  ; 14.606 ; 14.059 ; 14.473 ; 14.000 ;
; op[3]      ; output[30]  ; 16.731 ; 15.770 ; 16.821 ; 15.934 ;
; op[3]      ; output[31]  ; 14.814 ; 13.780 ; 14.103 ; 14.395 ;
+------------+-------------+--------+--------+--------+--------+


+--------------------------------------------------------------+
; Minimum Propagation Delay                                    ;
+------------+-------------+--------+--------+--------+--------+
; Input Port ; Output Port ; RR     ; RF     ; FR     ; FF     ;
+------------+-------------+--------+--------+--------+--------+
; a[0]       ; output[0]   ; 9.746  ; 9.458  ; 9.868  ; 9.617  ;
; a[0]       ; output[1]   ; 14.059 ; 13.744 ; 14.147 ; 13.660 ;
; a[0]       ; output[2]   ; 11.679 ; 12.902 ; 13.003 ; 11.379 ;
; a[0]       ; output[3]   ; 16.404 ; 15.420 ; 16.349 ; 15.398 ;
; a[0]       ; output[4]   ; 13.223 ; 13.925 ; 14.164 ; 12.777 ;
; a[0]       ; output[5]   ; 16.307 ; 15.204 ; 16.007 ; 14.899 ;
; a[0]       ; output[6]   ; 14.438 ; 14.366 ; 15.532 ; 13.252 ;
; a[0]       ; output[7]   ; 12.965 ; 12.672 ; 12.922 ; 12.576 ;
; a[0]       ; output[8]   ; 16.243 ; 16.384 ; 17.005 ; 15.488 ;
; a[0]       ; output[9]   ; 14.877 ; 13.940 ; 14.781 ; 13.844 ;
; a[0]       ; output[10]  ; 15.180 ; 14.633 ; 15.697 ; 13.984 ;
; a[0]       ; output[11]  ; 15.944 ; 15.430 ; 15.848 ; 15.334 ;
; a[0]       ; output[12]  ; 14.580 ; 14.612 ; 15.385 ; 13.458 ;
; a[0]       ; output[13]  ; 14.147 ; 13.805 ; 14.051 ; 13.709 ;
; a[0]       ; output[14]  ; 12.735 ; 13.259 ; 13.353 ; 12.457 ;
; a[0]       ; output[15]  ; 15.507 ; 14.960 ; 15.395 ; 14.843 ;
; a[0]       ; output[16]  ; 14.657 ; 16.034 ; 16.436 ; 13.877 ;
; a[0]       ; output[17]  ; 13.264 ; 14.386 ; 15.260 ; 12.575 ;
; a[0]       ; output[18]  ; 14.095 ; 15.787 ; 16.171 ; 13.343 ;
; a[0]       ; output[19]  ; 14.675 ; 16.101 ; 17.022 ; 13.875 ;
; a[0]       ; output[20]  ; 14.604 ; 16.166 ; 16.620 ; 13.947 ;
; a[0]       ; output[21]  ; 15.634 ; 14.995 ; 15.532 ; 14.888 ;
; a[0]       ; output[22]  ; 12.913 ; 14.212 ; 14.484 ; 12.293 ;
; a[0]       ; output[23]  ; 16.267 ; 16.768 ; 17.537 ; 15.477 ;
; a[0]       ; output[24]  ; 13.931 ; 14.528 ; 14.744 ; 13.145 ;
; a[0]       ; output[25]  ; 14.886 ; 16.222 ; 17.036 ; 14.157 ;
; a[0]       ; output[26]  ; 15.180 ; 15.745 ; 16.208 ; 14.312 ;
; a[0]       ; output[27]  ; 15.789 ; 15.212 ; 15.651 ; 15.107 ;
; a[0]       ; output[28]  ; 17.006 ; 16.449 ; 16.837 ; 16.091 ;
; a[0]       ; output[29]  ; 16.146 ; 15.610 ; 15.804 ; 15.268 ;
; a[0]       ; output[30]  ; 16.717 ; 15.851 ; 16.405 ; 15.471 ;
; a[0]       ; output[31]  ; 15.745 ; 15.489 ; 16.121 ; 15.017 ;
; a[1]       ; output[0]   ; 12.953 ; 12.404 ; 12.926 ; 12.428 ;
; a[1]       ; output[1]   ; 12.658 ; 12.192 ; 12.647 ; 12.216 ;
; a[1]       ; output[2]   ; 12.052 ; 11.795 ; 12.053 ; 11.796 ;
; a[1]       ; output[3]   ; 16.772 ; 15.821 ; 16.698 ; 15.747 ;
; a[1]       ; output[4]   ; 13.213 ; 12.818 ; 13.214 ; 12.819 ;
; a[1]       ; output[5]   ; 15.464 ; 14.356 ; 15.525 ; 14.417 ;
; a[1]       ; output[6]   ; 14.612 ; 13.259 ; 14.582 ; 13.260 ;
; a[1]       ; output[7]   ; 11.911 ; 11.565 ; 11.972 ; 11.626 ;
; a[1]       ; output[8]   ; 16.085 ; 15.277 ; 16.055 ; 15.278 ;
; a[1]       ; output[9]   ; 13.770 ; 12.833 ; 13.831 ; 12.894 ;
; a[1]       ; output[10]  ; 14.777 ; 13.526 ; 14.747 ; 13.527 ;
; a[1]       ; output[11]  ; 14.837 ; 14.323 ; 14.898 ; 14.384 ;
; a[1]       ; output[12]  ; 14.434 ; 13.505 ; 14.435 ; 13.506 ;
; a[1]       ; output[13]  ; 13.040 ; 12.698 ; 13.101 ; 12.759 ;
; a[1]       ; output[14]  ; 12.402 ; 12.152 ; 12.403 ; 12.153 ;
; a[1]       ; output[15]  ; 14.621 ; 14.069 ; 14.682 ; 14.130 ;
; a[1]       ; output[16]  ; 15.485 ; 14.927 ; 15.486 ; 14.928 ;
; a[1]       ; output[17]  ; 13.786 ; 13.279 ; 14.310 ; 12.893 ;
; a[1]       ; output[18]  ; 15.220 ; 14.680 ; 15.221 ; 14.506 ;
; a[1]       ; output[19]  ; 15.174 ; 14.994 ; 16.072 ; 14.224 ;
; a[1]       ; output[20]  ; 15.669 ; 15.059 ; 15.670 ; 15.060 ;
; a[1]       ; output[21]  ; 16.085 ; 15.441 ; 15.850 ; 15.206 ;
; a[1]       ; output[22]  ; 13.533 ; 13.105 ; 13.534 ; 13.106 ;
; a[1]       ; output[23]  ; 16.495 ; 15.661 ; 16.587 ; 15.722 ;
; a[1]       ; output[24]  ; 13.793 ; 13.421 ; 13.794 ; 13.422 ;
; a[1]       ; output[25]  ; 15.408 ; 15.115 ; 16.086 ; 14.475 ;
; a[1]       ; output[26]  ; 15.257 ; 14.638 ; 15.258 ; 14.639 ;
; a[1]       ; output[27]  ; 16.288 ; 15.711 ; 16.000 ; 15.456 ;
; a[1]       ; output[28]  ; 17.914 ; 17.168 ; 17.915 ; 17.169 ;
; a[1]       ; output[29]  ; 15.039 ; 14.503 ; 15.100 ; 14.564 ;
; a[1]       ; output[30]  ; 16.032 ; 15.098 ; 16.033 ; 15.099 ;
; a[1]       ; output[31]  ; 15.079 ; 14.382 ; 15.171 ; 14.443 ;
; a[2]       ; output[0]   ; 14.220 ; 13.656 ; 14.176 ; 13.581 ;
; a[2]       ; output[1]   ; 15.843 ; 15.096 ; 15.930 ; 14.994 ;
; a[2]       ; output[2]   ; 10.225 ; 10.231 ; 10.537 ; 10.034 ;
; a[2]       ; output[3]   ; 16.912 ; 15.928 ; 16.687 ; 15.736 ;
; a[2]       ; output[4]   ; 13.816 ; 13.421 ; 13.772 ; 13.377 ;
; a[2]       ; output[5]   ; 16.067 ; 14.959 ; 16.083 ; 14.975 ;
; a[2]       ; output[6]   ; 15.215 ; 13.862 ; 15.140 ; 13.818 ;
; a[2]       ; output[7]   ; 12.514 ; 12.168 ; 12.530 ; 12.184 ;
; a[2]       ; output[8]   ; 16.688 ; 15.880 ; 16.613 ; 15.836 ;
; a[2]       ; output[9]   ; 14.373 ; 13.436 ; 14.389 ; 13.452 ;
; a[2]       ; output[10]  ; 15.380 ; 14.129 ; 15.305 ; 14.085 ;
; a[2]       ; output[11]  ; 15.440 ; 14.926 ; 15.456 ; 14.942 ;
; a[2]       ; output[12]  ; 15.037 ; 14.108 ; 14.993 ; 14.064 ;
; a[2]       ; output[13]  ; 13.643 ; 13.301 ; 13.659 ; 13.317 ;
; a[2]       ; output[14]  ; 13.005 ; 12.755 ; 12.961 ; 12.711 ;
; a[2]       ; output[15]  ; 15.224 ; 14.672 ; 15.240 ; 14.688 ;
; a[2]       ; output[16]  ; 16.088 ; 15.530 ; 16.044 ; 15.486 ;
; a[2]       ; output[17]  ; 14.821 ; 13.882 ; 14.868 ; 13.898 ;
; a[2]       ; output[18]  ; 15.742 ; 15.283 ; 15.779 ; 14.652 ;
; a[2]       ; output[19]  ; 15.183 ; 15.597 ; 16.630 ; 14.213 ;
; a[2]       ; output[20]  ; 16.272 ; 15.662 ; 16.228 ; 15.618 ;
; a[2]       ; output[21]  ; 16.688 ; 16.044 ; 16.704 ; 16.060 ;
; a[2]       ; output[22]  ; 14.136 ; 13.708 ; 14.092 ; 13.602 ;
; a[2]       ; output[23]  ; 16.775 ; 16.264 ; 17.145 ; 15.815 ;
; a[2]       ; output[24]  ; 14.396 ; 14.024 ; 14.352 ; 13.980 ;
; a[2]       ; output[25]  ; 16.597 ; 15.718 ; 16.644 ; 15.734 ;
; a[2]       ; output[26]  ; 15.860 ; 15.241 ; 15.816 ; 15.197 ;
; a[2]       ; output[27]  ; 16.297 ; 15.720 ; 15.989 ; 15.445 ;
; a[2]       ; output[28]  ; 18.517 ; 17.771 ; 18.473 ; 17.727 ;
; a[2]       ; output[29]  ; 15.642 ; 15.106 ; 15.658 ; 15.122 ;
; a[2]       ; output[30]  ; 16.635 ; 15.701 ; 16.591 ; 15.657 ;
; a[2]       ; output[31]  ; 15.682 ; 14.985 ; 15.729 ; 15.001 ;
; a[3]       ; output[0]   ; 14.087 ; 13.523 ; 14.086 ; 13.491 ;
; a[3]       ; output[1]   ; 16.503 ;        ;        ; 15.567 ;
; a[3]       ; output[2]   ; 14.843 ; 14.586 ; 14.192 ; 13.935 ;
; a[3]       ; output[3]   ; 14.247 ; 13.254 ; 14.277 ; 13.319 ;
; a[3]       ; output[4]   ; 13.683 ; 13.288 ; 13.682 ; 13.287 ;
; a[3]       ; output[5]   ; 15.934 ; 14.826 ; 15.993 ; 14.885 ;
; a[3]       ; output[6]   ; 15.082 ; 13.729 ; 15.050 ; 13.728 ;
; a[3]       ; output[7]   ; 12.381 ; 12.035 ; 12.440 ; 12.094 ;
; a[3]       ; output[8]   ; 16.555 ; 15.747 ; 16.523 ; 15.746 ;
; a[3]       ; output[9]   ; 14.240 ; 13.303 ; 14.299 ; 13.362 ;
; a[3]       ; output[10]  ; 15.247 ; 13.996 ; 15.215 ; 13.995 ;
; a[3]       ; output[11]  ; 15.307 ; 14.793 ; 15.366 ; 14.852 ;
; a[3]       ; output[12]  ; 14.904 ; 13.975 ; 14.903 ; 13.974 ;
; a[3]       ; output[13]  ; 13.510 ; 13.168 ; 13.569 ; 13.227 ;
; a[3]       ; output[14]  ; 12.872 ; 12.622 ; 12.871 ; 12.621 ;
; a[3]       ; output[15]  ; 15.091 ; 14.539 ; 15.150 ; 14.598 ;
; a[3]       ; output[16]  ; 15.955 ; 15.397 ; 15.954 ; 15.396 ;
; a[3]       ; output[17]  ; 14.688 ; 13.749 ; 14.778 ; 13.808 ;
; a[3]       ; output[18]  ; 15.690 ; 15.150 ; 15.689 ; 15.149 ;
; a[3]       ; output[19]  ; 14.963 ; 15.464 ; 16.540 ; 14.032 ;
; a[3]       ; output[20]  ; 16.139 ; 15.529 ; 16.138 ; 15.528 ;
; a[3]       ; output[21]  ; 16.555 ; 15.911 ; 16.614 ; 15.970 ;
; a[3]       ; output[22]  ; 14.003 ; 13.575 ; 14.002 ; 13.574 ;
; a[3]       ; output[23]  ; 16.555 ; 16.131 ; 17.055 ; 15.634 ;
; a[3]       ; output[24]  ; 14.263 ; 13.891 ; 14.262 ; 13.890 ;
; a[3]       ; output[25]  ; 16.464 ; 15.585 ; 16.554 ; 15.644 ;
; a[3]       ; output[26]  ; 15.727 ; 15.108 ; 15.726 ; 15.107 ;
; a[3]       ; output[27]  ; 16.077 ; 15.500 ; 15.808 ; 15.264 ;
; a[3]       ; output[28]  ; 18.384 ; 17.638 ; 18.383 ; 17.637 ;
; a[3]       ; output[29]  ; 15.509 ; 14.973 ; 15.568 ; 15.032 ;
; a[3]       ; output[30]  ; 16.502 ; 15.568 ; 16.501 ; 15.567 ;
; a[3]       ; output[31]  ; 15.549 ; 14.852 ; 15.639 ; 14.911 ;
; a[4]       ; output[0]   ; 13.740 ; 13.176 ; 13.714 ; 13.119 ;
; a[4]       ; output[1]   ; 16.240 ;        ;        ; 15.298 ;
; a[4]       ; output[2]   ; 13.358 ; 13.101 ; 13.003 ; 12.746 ;
; a[4]       ; output[3]   ; 17.287 ; 16.215 ; 17.150 ; 15.889 ;
; a[4]       ; output[4]   ; 11.244 ; 11.614 ; 12.051 ; 10.902 ;
; a[4]       ; output[5]   ; 15.587 ; 14.479 ; 15.621 ; 14.513 ;
; a[4]       ; output[6]   ; 14.735 ; 13.382 ; 14.678 ; 13.356 ;
; a[4]       ; output[7]   ; 12.034 ; 11.688 ; 12.068 ; 11.722 ;
; a[4]       ; output[8]   ; 16.208 ; 15.400 ; 16.151 ; 15.374 ;
; a[4]       ; output[9]   ; 13.893 ; 12.956 ; 13.927 ; 12.990 ;
; a[4]       ; output[10]  ; 14.900 ; 13.649 ; 14.843 ; 13.623 ;
; a[4]       ; output[11]  ; 14.960 ; 14.446 ; 14.994 ; 14.480 ;
; a[4]       ; output[12]  ; 14.557 ; 13.628 ; 14.531 ; 13.602 ;
; a[4]       ; output[13]  ; 13.163 ; 12.821 ; 13.197 ; 12.855 ;
; a[4]       ; output[14]  ; 12.525 ; 12.275 ; 12.499 ; 12.249 ;
; a[4]       ; output[15]  ; 14.744 ; 14.192 ; 14.778 ; 14.226 ;
; a[4]       ; output[16]  ; 15.608 ; 15.050 ; 15.582 ; 15.024 ;
; a[4]       ; output[17]  ; 14.341 ; 13.402 ; 14.406 ; 13.436 ;
; a[4]       ; output[18]  ; 15.343 ; 14.803 ; 15.317 ; 14.777 ;
; a[4]       ; output[19]  ; 15.784 ; 15.117 ; 16.168 ; 14.732 ;
; a[4]       ; output[20]  ; 15.792 ; 15.182 ; 15.766 ; 15.156 ;
; a[4]       ; output[21]  ; 16.084 ; 15.445 ; 15.802 ; 15.158 ;
; a[4]       ; output[22]  ; 13.656 ; 13.228 ; 13.630 ; 13.202 ;
; a[4]       ; output[23]  ; 16.208 ; 15.784 ; 16.683 ; 15.222 ;
; a[4]       ; output[24]  ; 13.916 ; 13.544 ; 13.890 ; 13.518 ;
; a[4]       ; output[25]  ; 16.117 ; 15.238 ; 16.182 ; 15.272 ;
; a[4]       ; output[26]  ; 15.380 ; 14.761 ; 15.354 ; 14.735 ;
; a[4]       ; output[27]  ; 16.322 ; 15.745 ; 15.982 ; 15.438 ;
; a[4]       ; output[28]  ; 18.037 ; 17.291 ; 18.011 ; 17.265 ;
; a[4]       ; output[29]  ; 15.162 ; 14.626 ; 15.196 ; 14.660 ;
; a[4]       ; output[30]  ; 16.155 ; 15.221 ; 16.129 ; 15.195 ;
; a[4]       ; output[31]  ; 15.202 ; 14.505 ; 15.267 ; 14.539 ;
; a[5]       ; output[0]   ; 13.979 ; 13.415 ; 13.850 ; 13.255 ;
; a[5]       ; output[1]   ; 17.109 ;        ;        ; 15.941 ;
; a[5]       ; output[2]   ; 13.648 ; 13.391 ; 13.249 ; 12.992 ;
; a[5]       ; output[3]   ; 16.023 ;        ;        ; 14.710 ;
; a[5]       ; output[4]   ; 16.277 ; 15.882 ; 15.789 ; 15.394 ;
; a[5]       ; output[5]   ; 12.839 ; 11.724 ; 12.839 ; 11.719 ;
; a[5]       ; output[6]   ; 14.974 ; 13.621 ; 14.814 ; 13.492 ;
; a[5]       ; output[7]   ; 12.273 ; 11.927 ; 12.204 ; 11.858 ;
; a[5]       ; output[8]   ; 16.447 ; 15.639 ; 16.287 ; 15.510 ;
; a[5]       ; output[9]   ; 14.132 ; 13.195 ; 14.063 ; 13.126 ;
; a[5]       ; output[10]  ; 15.139 ; 13.888 ; 14.979 ; 13.759 ;
; a[5]       ; output[11]  ; 15.199 ; 14.685 ; 15.130 ; 14.616 ;
; a[5]       ; output[12]  ; 14.796 ; 13.867 ; 14.667 ; 13.738 ;
; a[5]       ; output[13]  ; 13.402 ; 13.060 ; 13.333 ; 12.991 ;
; a[5]       ; output[14]  ; 12.764 ; 12.514 ; 12.635 ; 12.385 ;
; a[5]       ; output[15]  ; 14.983 ; 14.431 ; 14.914 ; 14.362 ;
; a[5]       ; output[16]  ; 15.847 ; 15.289 ; 15.718 ; 15.160 ;
; a[5]       ; output[17]  ; 14.580 ; 13.641 ; 14.542 ; 13.572 ;
; a[5]       ; output[18]  ; 15.582 ; 15.042 ; 15.453 ; 14.913 ;
; a[5]       ; output[19]  ; 16.100 ; 15.356 ; 16.304 ; 14.951 ;
; a[5]       ; output[20]  ; 16.031 ; 15.421 ; 15.902 ; 15.292 ;
; a[5]       ; output[21]  ; 16.400 ; 15.761 ; 16.021 ; 15.377 ;
; a[5]       ; output[22]  ; 13.895 ; 13.467 ; 13.766 ; 13.131 ;
; a[5]       ; output[23]  ; 16.524 ; 16.023 ; 16.819 ; 15.441 ;
; a[5]       ; output[24]  ; 14.155 ; 13.783 ; 14.026 ; 13.654 ;
; a[5]       ; output[25]  ; 16.356 ; 15.477 ; 16.318 ; 15.408 ;
; a[5]       ; output[26]  ; 15.619 ; 15.000 ; 15.490 ; 14.871 ;
; a[5]       ; output[27]  ; 16.638 ; 16.061 ; 16.201 ; 15.657 ;
; a[5]       ; output[28]  ; 18.276 ; 17.530 ; 18.147 ; 17.401 ;
; a[5]       ; output[29]  ; 15.401 ; 14.865 ; 15.332 ; 14.796 ;
; a[5]       ; output[30]  ; 16.394 ; 15.460 ; 16.265 ; 15.331 ;
; a[5]       ; output[31]  ; 15.441 ; 14.744 ; 15.403 ; 14.675 ;
; a[6]       ; output[0]   ; 13.759 ; 13.156 ; 13.733 ; 13.172 ;
; a[6]       ; output[1]   ; 17.351 ;        ;        ; 16.257 ;
; a[6]       ; output[2]   ; 13.267 ; 13.015 ; 13.033 ; 12.776 ;
; a[6]       ; output[3]   ; 16.265 ;        ;        ; 15.026 ;
; a[6]       ; output[4]   ; 17.257 ; 16.862 ; 16.728 ; 16.333 ;
; a[6]       ; output[5]   ; 17.111 ; 16.014 ; 16.804 ; 15.740 ;
; a[6]       ; output[6]   ; 13.325 ; 12.315 ; 13.397 ; 12.387 ;
; a[6]       ; output[7]   ; 12.335 ; 11.989 ; 12.368 ; 12.022 ;
; a[6]       ; output[8]   ; 16.509 ; 15.701 ; 16.451 ; 15.674 ;
; a[6]       ; output[9]   ; 14.194 ; 13.257 ; 14.227 ; 13.290 ;
; a[6]       ; output[10]  ; 15.201 ; 13.950 ; 15.143 ; 13.923 ;
; a[6]       ; output[11]  ; 15.261 ; 14.747 ; 15.294 ; 14.780 ;
; a[6]       ; output[12]  ; 14.858 ; 13.929 ; 14.831 ; 13.902 ;
; a[6]       ; output[13]  ; 13.464 ; 13.122 ; 13.497 ; 13.155 ;
; a[6]       ; output[14]  ; 12.826 ; 12.576 ; 12.799 ; 12.549 ;
; a[6]       ; output[15]  ; 15.045 ; 14.493 ; 15.078 ; 14.526 ;
; a[6]       ; output[16]  ; 15.909 ; 15.351 ; 15.882 ; 15.324 ;
; a[6]       ; output[17]  ; 14.642 ; 13.703 ; 14.706 ; 13.736 ;
; a[6]       ; output[18]  ; 15.644 ; 15.104 ; 15.617 ; 15.077 ;
; a[6]       ; output[19]  ; 16.404 ; 15.418 ; 16.468 ; 15.451 ;
; a[6]       ; output[20]  ; 16.093 ; 15.483 ; 16.066 ; 15.456 ;
; a[6]       ; output[21]  ; 16.509 ; 15.865 ; 16.542 ; 15.898 ;
; a[6]       ; output[22]  ; 13.957 ; 13.529 ; 13.930 ; 13.484 ;
; a[6]       ; output[23]  ; 16.919 ; 16.085 ; 16.983 ; 16.040 ;
; a[6]       ; output[24]  ; 14.217 ; 13.845 ; 14.190 ; 13.818 ;
; a[6]       ; output[25]  ; 16.418 ; 15.539 ; 16.482 ; 15.572 ;
; a[6]       ; output[26]  ; 15.681 ; 15.062 ; 15.654 ; 15.035 ;
; a[6]       ; output[27]  ; 17.007 ; 16.463 ; 16.800 ; 16.256 ;
; a[6]       ; output[28]  ; 18.338 ; 17.592 ; 18.311 ; 17.565 ;
; a[6]       ; output[29]  ; 15.463 ; 14.927 ; 15.496 ; 14.960 ;
; a[6]       ; output[30]  ; 16.456 ; 15.522 ; 16.429 ; 15.495 ;
; a[6]       ; output[31]  ; 15.503 ; 14.806 ; 15.567 ; 14.839 ;
; a[7]       ; output[0]   ; 13.243 ; 12.644 ; 13.372 ; 12.824 ;
; a[7]       ; output[1]   ; 16.848 ;        ;        ; 15.814 ;
; a[7]       ; output[2]   ; 13.107 ; 12.855 ; 12.923 ; 12.666 ;
; a[7]       ; output[3]   ; 17.790 ; 16.718 ; 17.719 ; 16.458 ;
; a[7]       ; output[4]   ; 17.097 ; 16.702 ; 16.618 ; 16.223 ;
; a[7]       ; output[5]   ; 16.608 ; 15.511 ; 16.361 ; 15.297 ;
; a[7]       ; output[6]   ; 14.443 ; 13.358 ; 14.290 ; 13.200 ;
; a[7]       ; output[7]   ; 10.182 ; 10.114 ; 10.475 ; 9.956  ;
; a[7]       ; output[8]   ; 15.759 ; 14.951 ; 15.885 ; 15.108 ;
; a[7]       ; output[9]   ; 13.444 ; 12.507 ; 13.661 ; 12.724 ;
; a[7]       ; output[10]  ; 14.451 ; 13.200 ; 14.577 ; 13.357 ;
; a[7]       ; output[11]  ; 14.511 ; 13.997 ; 14.728 ; 14.214 ;
; a[7]       ; output[12]  ; 14.108 ; 13.179 ; 14.265 ; 13.336 ;
; a[7]       ; output[13]  ; 12.714 ; 12.372 ; 12.931 ; 12.589 ;
; a[7]       ; output[14]  ; 12.076 ; 11.826 ; 12.233 ; 11.983 ;
; a[7]       ; output[15]  ; 14.295 ; 13.743 ; 14.512 ; 13.960 ;
; a[7]       ; output[16]  ; 15.159 ; 14.601 ; 15.316 ; 14.758 ;
; a[7]       ; output[17]  ; 13.892 ; 12.953 ; 14.140 ; 13.170 ;
; a[7]       ; output[18]  ; 14.894 ; 14.354 ; 15.051 ; 14.511 ;
; a[7]       ; output[19]  ; 15.654 ; 14.668 ; 15.902 ; 14.885 ;
; a[7]       ; output[20]  ; 15.343 ; 14.733 ; 15.500 ; 14.890 ;
; a[7]       ; output[21]  ; 15.759 ; 15.115 ; 15.976 ; 15.332 ;
; a[7]       ; output[22]  ; 13.207 ; 12.779 ; 13.364 ; 12.936 ;
; a[7]       ; output[23]  ; 16.169 ; 15.335 ; 16.417 ; 15.552 ;
; a[7]       ; output[24]  ; 13.467 ; 13.095 ; 13.624 ; 13.252 ;
; a[7]       ; output[25]  ; 15.668 ; 14.789 ; 15.916 ; 15.006 ;
; a[7]       ; output[26]  ; 14.931 ; 14.312 ; 15.088 ; 14.469 ;
; a[7]       ; output[27]  ; 16.257 ; 15.713 ; 16.474 ; 15.930 ;
; a[7]       ; output[28]  ; 17.588 ; 16.842 ; 17.745 ; 16.999 ;
; a[7]       ; output[29]  ; 14.713 ; 14.177 ; 14.930 ; 14.394 ;
; a[7]       ; output[30]  ; 15.706 ; 14.772 ; 15.863 ; 14.929 ;
; a[7]       ; output[31]  ; 14.753 ; 14.056 ; 15.001 ; 14.273 ;
; a[8]       ; output[0]   ; 14.376 ; 13.902 ; 14.407 ; 13.873 ;
; a[8]       ; output[1]   ; 16.667 ;        ;        ; 15.575 ;
; a[8]       ; output[2]   ; 13.052 ; 12.800 ; 12.885 ; 12.628 ;
; a[8]       ; output[3]   ; 17.609 ; 16.537 ; 17.480 ; 16.219 ;
; a[8]       ; output[4]   ; 15.414 ; 15.039 ; 14.940 ; 14.545 ;
; a[8]       ; output[5]   ; 16.427 ; 15.330 ; 16.122 ; 15.058 ;
; a[8]       ; output[6]   ; 14.388 ; 13.303 ; 14.252 ; 13.162 ;
; a[8]       ; output[7]   ; 13.845 ; 13.462 ; 13.686 ; 13.124 ;
; a[8]       ; output[8]   ; 14.081 ; 13.618 ; 14.166 ; 13.708 ;
; a[8]       ; output[9]   ; 13.795 ; 12.858 ; 13.886 ; 12.949 ;
; a[8]       ; output[10]  ; 14.802 ; 13.551 ; 14.802 ; 13.582 ;
; a[8]       ; output[11]  ; 14.862 ; 14.348 ; 14.953 ; 14.439 ;
; a[8]       ; output[12]  ; 14.459 ; 13.530 ; 14.490 ; 13.561 ;
; a[8]       ; output[13]  ; 13.065 ; 12.723 ; 13.156 ; 12.814 ;
; a[8]       ; output[14]  ; 12.427 ; 12.177 ; 12.458 ; 12.208 ;
; a[8]       ; output[15]  ; 14.646 ; 14.094 ; 14.737 ; 14.185 ;
; a[8]       ; output[16]  ; 15.510 ; 14.952 ; 15.541 ; 14.983 ;
; a[8]       ; output[17]  ; 14.243 ; 13.304 ; 14.365 ; 13.395 ;
; a[8]       ; output[18]  ; 15.245 ; 14.705 ; 15.276 ; 14.736 ;
; a[8]       ; output[19]  ; 16.005 ; 15.019 ; 16.127 ; 15.110 ;
; a[8]       ; output[20]  ; 15.694 ; 15.084 ; 15.725 ; 15.115 ;
; a[8]       ; output[21]  ; 16.110 ; 15.466 ; 16.191 ; 15.547 ;
; a[8]       ; output[22]  ; 13.558 ; 13.130 ; 13.589 ; 13.161 ;
; a[8]       ; output[23]  ; 16.520 ; 15.686 ; 16.642 ; 15.777 ;
; a[8]       ; output[24]  ; 13.818 ; 13.446 ; 13.849 ; 13.477 ;
; a[8]       ; output[25]  ; 16.019 ; 15.140 ; 16.141 ; 15.231 ;
; a[8]       ; output[26]  ; 15.282 ; 14.663 ; 15.313 ; 14.694 ;
; a[8]       ; output[27]  ; 16.608 ; 16.064 ; 16.630 ; 16.086 ;
; a[8]       ; output[28]  ; 17.939 ; 17.193 ; 17.970 ; 17.224 ;
; a[8]       ; output[29]  ; 15.064 ; 14.528 ; 15.155 ; 14.619 ;
; a[8]       ; output[30]  ; 16.057 ; 15.123 ; 16.088 ; 15.154 ;
; a[8]       ; output[31]  ; 15.104 ; 14.407 ; 15.226 ; 14.498 ;
; a[9]       ; output[0]   ; 14.021 ; 13.547 ; 14.029 ; 13.524 ;
; a[9]       ; output[1]   ; 17.390 ;        ;        ; 16.225 ;
; a[9]       ; output[2]   ; 13.091 ; 12.839 ; 12.919 ; 12.662 ;
; a[9]       ; output[3]   ; 17.319 ; 16.247 ; 17.155 ; 15.894 ;
; a[9]       ; output[4]   ; 15.453 ; 15.078 ; 14.974 ; 14.579 ;
; a[9]       ; output[5]   ; 16.485 ; 15.388 ; 16.138 ; 15.074 ;
; a[9]       ; output[6]   ; 14.427 ; 13.342 ; 14.286 ; 13.196 ;
; a[9]       ; output[7]   ; 13.555 ; 13.172 ; 13.361 ; 12.799 ;
; a[9]       ; output[8]   ; 17.800 ; 17.190 ; 17.470 ; 16.806 ;
; a[9]       ; output[9]   ; 11.876 ; 10.975 ; 11.995 ; 11.041 ;
; a[9]       ; output[10]  ; 14.447 ; 13.196 ; 14.424 ; 13.204 ;
; a[9]       ; output[11]  ; 14.507 ; 13.993 ; 14.575 ; 14.061 ;
; a[9]       ; output[12]  ; 14.104 ; 13.175 ; 14.112 ; 13.183 ;
; a[9]       ; output[13]  ; 12.710 ; 12.368 ; 12.778 ; 12.436 ;
; a[9]       ; output[14]  ; 12.072 ; 11.822 ; 12.080 ; 11.830 ;
; a[9]       ; output[15]  ; 14.291 ; 13.739 ; 14.359 ; 13.807 ;
; a[9]       ; output[16]  ; 15.155 ; 14.597 ; 15.163 ; 14.605 ;
; a[9]       ; output[17]  ; 13.888 ; 12.949 ; 13.987 ; 13.017 ;
; a[9]       ; output[18]  ; 14.890 ; 14.350 ; 14.898 ; 14.358 ;
; a[9]       ; output[19]  ; 15.650 ; 14.664 ; 15.749 ; 14.732 ;
; a[9]       ; output[20]  ; 15.339 ; 14.729 ; 15.347 ; 14.737 ;
; a[9]       ; output[21]  ; 15.755 ; 15.111 ; 15.823 ; 15.179 ;
; a[9]       ; output[22]  ; 13.203 ; 12.775 ; 13.211 ; 12.783 ;
; a[9]       ; output[23]  ; 16.165 ; 15.331 ; 16.264 ; 15.399 ;
; a[9]       ; output[24]  ; 13.463 ; 13.091 ; 13.471 ; 13.099 ;
; a[9]       ; output[25]  ; 15.664 ; 14.785 ; 15.763 ; 14.853 ;
; a[9]       ; output[26]  ; 14.927 ; 14.308 ; 14.935 ; 14.316 ;
; a[9]       ; output[27]  ; 16.253 ; 15.709 ; 16.321 ; 15.777 ;
; a[9]       ; output[28]  ; 17.584 ; 16.838 ; 17.592 ; 16.846 ;
; a[9]       ; output[29]  ; 14.709 ; 14.173 ; 14.777 ; 14.241 ;
; a[9]       ; output[30]  ; 15.702 ; 14.768 ; 15.710 ; 14.776 ;
; a[9]       ; output[31]  ; 14.749 ; 14.052 ; 14.848 ; 14.120 ;
; a[10]      ; output[0]   ; 14.190 ; 13.716 ; 14.215 ; 13.710 ;
; a[10]      ; output[1]   ; 18.073 ;        ;        ; 16.932 ;
; a[10]      ; output[2]   ; 15.938 ; 15.686 ; 15.408 ; 15.151 ;
; a[10]      ; output[3]   ; 18.002 ; 16.930 ; 17.862 ; 16.601 ;
; a[10]      ; output[4]   ; 15.720 ; 15.345 ; 15.317 ; 14.922 ;
; a[10]      ; output[5]   ; 17.168 ; 16.071 ; 16.845 ; 15.781 ;
; a[10]      ; output[6]   ; 15.773 ;        ;        ; 14.476 ;
; a[10]      ; output[7]   ; 14.238 ; 13.855 ; 14.068 ; 13.506 ;
; a[10]      ; output[8]   ; 18.067 ; 17.457 ; 17.813 ; 17.149 ;
; a[10]      ; output[9]   ; 17.123 ; 16.298 ; 16.712 ; 15.698 ;
; a[10]      ; output[10]  ; 14.141 ; 13.083 ; 14.200 ; 13.109 ;
; a[10]      ; output[11]  ; 14.676 ; 14.162 ; 14.761 ; 14.247 ;
; a[10]      ; output[12]  ; 14.273 ; 13.344 ; 14.298 ; 13.369 ;
; a[10]      ; output[13]  ; 12.879 ; 12.537 ; 12.964 ; 12.622 ;
; a[10]      ; output[14]  ; 12.241 ; 11.991 ; 12.266 ; 12.016 ;
; a[10]      ; output[15]  ; 14.460 ; 13.908 ; 14.545 ; 13.993 ;
; a[10]      ; output[16]  ; 15.324 ; 14.766 ; 15.349 ; 14.791 ;
; a[10]      ; output[17]  ; 14.057 ; 13.118 ; 14.173 ; 13.203 ;
; a[10]      ; output[18]  ; 15.059 ; 14.519 ; 15.084 ; 14.544 ;
; a[10]      ; output[19]  ; 15.819 ; 14.833 ; 15.935 ; 14.918 ;
; a[10]      ; output[20]  ; 15.508 ; 14.898 ; 15.533 ; 14.923 ;
; a[10]      ; output[21]  ; 15.924 ; 15.280 ; 16.009 ; 15.365 ;
; a[10]      ; output[22]  ; 13.372 ; 12.944 ; 13.397 ; 12.969 ;
; a[10]      ; output[23]  ; 16.334 ; 15.500 ; 16.450 ; 15.585 ;
; a[10]      ; output[24]  ; 13.632 ; 13.260 ; 13.657 ; 13.285 ;
; a[10]      ; output[25]  ; 15.833 ; 14.954 ; 15.949 ; 15.039 ;
; a[10]      ; output[26]  ; 15.096 ; 14.477 ; 15.121 ; 14.502 ;
; a[10]      ; output[27]  ; 16.422 ; 15.878 ; 16.507 ; 15.963 ;
; a[10]      ; output[28]  ; 17.753 ; 17.007 ; 17.778 ; 17.032 ;
; a[10]      ; output[29]  ; 14.878 ; 14.342 ; 14.963 ; 14.427 ;
; a[10]      ; output[30]  ; 15.871 ; 14.937 ; 15.896 ; 14.962 ;
; a[10]      ; output[31]  ; 14.918 ; 14.221 ; 15.034 ; 14.306 ;
; a[11]      ; output[0]   ; 14.287 ; 14.162 ; 14.457 ; 13.480 ;
; a[11]      ; output[1]   ; 17.053 ;        ;        ; 15.866 ;
; a[11]      ; output[2]   ; 15.206 ; 14.954 ; 14.638 ; 14.381 ;
; a[11]      ; output[3]   ; 17.357 ;        ;        ; 15.846 ;
; a[11]      ; output[4]   ; 14.988 ; 14.613 ; 14.547 ; 14.152 ;
; a[11]      ; output[5]   ; 16.148 ; 15.051 ; 15.779 ; 14.715 ;
; a[11]      ; output[6]   ; 15.041 ;        ;        ; 13.706 ;
; a[11]      ; output[7]   ; 13.448 ; 13.065 ; 13.218 ; 12.656 ;
; a[11]      ; output[8]   ; 17.335 ; 16.725 ; 17.043 ; 16.379 ;
; a[11]      ; output[9]   ; 16.103 ; 15.278 ; 15.646 ; 14.632 ;
; a[11]      ; output[10]  ; 16.161 ; 15.219 ; 15.912 ; 14.781 ;
; a[11]      ; output[11]  ; 12.755 ; 12.974 ; 13.441 ; 12.122 ;
; a[11]      ; output[12]  ; 14.719 ; 13.790 ; 14.540 ; 13.611 ;
; a[11]      ; output[13]  ; 13.325 ; 12.983 ; 13.206 ; 12.864 ;
; a[11]      ; output[14]  ; 12.687 ; 12.437 ; 12.508 ; 12.258 ;
; a[11]      ; output[15]  ; 14.906 ; 14.354 ; 14.787 ; 14.235 ;
; a[11]      ; output[16]  ; 15.770 ; 15.212 ; 15.591 ; 15.033 ;
; a[11]      ; output[17]  ; 14.503 ; 13.564 ; 14.415 ; 13.445 ;
; a[11]      ; output[18]  ; 15.505 ; 14.965 ; 15.326 ; 14.786 ;
; a[11]      ; output[19]  ; 15.905 ; 15.279 ; 16.177 ; 14.807 ;
; a[11]      ; output[20]  ; 15.954 ; 15.344 ; 15.775 ; 15.165 ;
; a[11]      ; output[21]  ; 16.370 ; 15.726 ; 16.251 ; 15.607 ;
; a[11]      ; output[22]  ; 13.818 ; 13.390 ; 13.639 ; 13.211 ;
; a[11]      ; output[23]  ; 16.597 ; 15.946 ; 16.692 ; 15.540 ;
; a[11]      ; output[24]  ; 14.078 ; 13.706 ; 13.899 ; 13.527 ;
; a[11]      ; output[25]  ; 16.219 ; 15.400 ; 15.809 ; 15.238 ;
; a[11]      ; output[26]  ; 15.542 ; 14.923 ; 15.363 ; 14.744 ;
; a[11]      ; output[27]  ; 16.443 ; 15.866 ; 16.057 ; 15.513 ;
; a[11]      ; output[28]  ; 18.199 ; 17.453 ; 18.020 ; 17.274 ;
; a[11]      ; output[29]  ; 15.324 ; 14.788 ; 15.205 ; 14.669 ;
; a[11]      ; output[30]  ; 16.317 ; 15.383 ; 16.138 ; 15.204 ;
; a[11]      ; output[31]  ; 15.364 ; 14.667 ; 15.276 ; 14.548 ;
; a[12]      ; output[0]   ; 13.565 ; 13.091 ; 13.606 ; 13.101 ;
; a[12]      ; output[1]   ; 17.498 ;        ;        ; 16.321 ;
; a[12]      ; output[2]   ; 15.849 ; 15.597 ; 15.236 ; 14.979 ;
; a[12]      ; output[3]   ; 17.802 ;        ;        ; 16.301 ;
; a[12]      ; output[4]   ; 17.583 ; 17.188 ; 17.128 ; 16.733 ;
; a[12]      ; output[5]   ; 16.593 ; 15.496 ; 16.234 ; 15.170 ;
; a[12]      ; output[6]   ; 15.684 ;        ;        ; 14.304 ;
; a[12]      ; output[7]   ; 13.893 ; 13.510 ; 13.673 ; 13.111 ;
; a[12]      ; output[8]   ; 18.476 ; 17.866 ; 18.154 ; 17.490 ;
; a[12]      ; output[9]   ; 16.548 ; 15.723 ; 16.101 ; 15.087 ;
; a[12]      ; output[10]  ; 16.804 ; 15.862 ; 16.510 ; 15.379 ;
; a[12]      ; output[11]  ; 17.074 ;        ;        ; 15.994 ;
; a[12]      ; output[12]  ; 11.999 ; 11.538 ; 12.576 ; 11.146 ;
; a[12]      ; output[13]  ; 12.254 ; 11.912 ; 12.355 ; 12.013 ;
; a[12]      ; output[14]  ; 11.616 ; 11.366 ; 11.657 ; 11.407 ;
; a[12]      ; output[15]  ; 13.835 ; 13.283 ; 13.936 ; 13.384 ;
; a[12]      ; output[16]  ; 14.699 ; 14.141 ; 14.740 ; 14.182 ;
; a[12]      ; output[17]  ; 13.432 ; 12.493 ; 13.564 ; 12.594 ;
; a[12]      ; output[18]  ; 14.434 ; 13.894 ; 14.475 ; 13.935 ;
; a[12]      ; output[19]  ; 15.194 ; 14.208 ; 15.326 ; 14.309 ;
; a[12]      ; output[20]  ; 14.883 ; 14.273 ; 14.924 ; 14.314 ;
; a[12]      ; output[21]  ; 15.299 ; 14.655 ; 15.400 ; 14.756 ;
; a[12]      ; output[22]  ; 12.747 ; 12.319 ; 12.788 ; 12.360 ;
; a[12]      ; output[23]  ; 15.709 ; 14.875 ; 15.841 ; 14.976 ;
; a[12]      ; output[24]  ; 13.007 ; 12.635 ; 13.048 ; 12.676 ;
; a[12]      ; output[25]  ; 15.208 ; 14.329 ; 15.340 ; 14.430 ;
; a[12]      ; output[26]  ; 14.471 ; 13.852 ; 14.512 ; 13.893 ;
; a[12]      ; output[27]  ; 15.797 ; 15.253 ; 15.898 ; 15.354 ;
; a[12]      ; output[28]  ; 17.128 ; 16.382 ; 17.169 ; 16.423 ;
; a[12]      ; output[29]  ; 14.253 ; 13.717 ; 14.354 ; 13.818 ;
; a[12]      ; output[30]  ; 15.246 ; 14.312 ; 15.287 ; 14.353 ;
; a[12]      ; output[31]  ; 14.293 ; 13.596 ; 14.425 ; 13.697 ;
; a[13]      ; output[0]   ; 14.143 ; 13.669 ; 14.139 ; 13.634 ;
; a[13]      ; output[1]   ; 17.114 ;        ;        ; 16.139 ;
; a[13]      ; output[2]   ; 15.351 ; 15.099 ; 14.838 ; 14.581 ;
; a[13]      ; output[3]   ; 17.288 ;        ;        ; 15.927 ;
; a[13]      ; output[4]   ; 17.085 ; 16.690 ; 16.730 ; 16.335 ;
; a[13]      ; output[5]   ; 16.181 ;        ;        ; 14.916 ;
; a[13]      ; output[6]   ; 15.186 ;        ;        ; 13.906 ;
; a[13]      ; output[7]   ; 13.379 ; 12.996 ; 13.299 ; 12.737 ;
; a[13]      ; output[8]   ; 17.978 ; 17.368 ; 17.756 ; 17.092 ;
; a[13]      ; output[9]   ; 16.164 ; 15.339 ; 15.919 ; 14.905 ;
; a[13]      ; output[10]  ; 16.306 ; 15.364 ; 16.112 ; 14.981 ;
; a[13]      ; output[11]  ; 16.560 ;        ;        ; 15.620 ;
; a[13]      ; output[12]  ; 17.474 ; 16.503 ; 17.120 ; 16.191 ;
; a[13]      ; output[13]  ; 11.472 ; 11.104 ; 11.478 ; 11.088 ;
; a[13]      ; output[14]  ; 12.194 ; 11.944 ; 12.190 ; 11.940 ;
; a[13]      ; output[15]  ; 14.413 ; 13.861 ; 14.469 ; 13.917 ;
; a[13]      ; output[16]  ; 15.277 ; 14.719 ; 15.273 ; 14.715 ;
; a[13]      ; output[17]  ; 14.010 ; 13.071 ; 14.097 ; 13.127 ;
; a[13]      ; output[18]  ; 15.012 ; 14.472 ; 15.008 ; 14.468 ;
; a[13]      ; output[19]  ; 15.772 ; 14.786 ; 15.859 ; 14.842 ;
; a[13]      ; output[20]  ; 15.461 ; 14.851 ; 15.457 ; 14.847 ;
; a[13]      ; output[21]  ; 15.877 ; 15.233 ; 15.933 ; 15.289 ;
; a[13]      ; output[22]  ; 13.325 ; 12.897 ; 13.321 ; 12.893 ;
; a[13]      ; output[23]  ; 16.287 ; 15.453 ; 16.374 ; 15.509 ;
; a[13]      ; output[24]  ; 13.585 ; 13.213 ; 13.581 ; 13.209 ;
; a[13]      ; output[25]  ; 15.786 ; 14.907 ; 15.706 ; 14.963 ;
; a[13]      ; output[26]  ; 15.049 ; 14.430 ; 15.045 ; 14.426 ;
; a[13]      ; output[27]  ; 16.375 ; 15.831 ; 16.303 ; 15.759 ;
; a[13]      ; output[28]  ; 17.706 ; 16.960 ; 17.702 ; 16.956 ;
; a[13]      ; output[29]  ; 14.831 ; 14.295 ; 14.887 ; 14.351 ;
; a[13]      ; output[30]  ; 15.824 ; 14.890 ; 15.820 ; 14.886 ;
; a[13]      ; output[31]  ; 14.871 ; 14.174 ; 14.958 ; 14.230 ;
; a[14]      ; output[0]   ; 13.977 ; 13.503 ; 13.927 ; 13.422 ;
; a[14]      ; output[1]   ; 16.703 ;        ;        ; 15.697 ;
; a[14]      ; output[2]   ; 14.318 ; 14.066 ; 13.800 ; 13.543 ;
; a[14]      ; output[3]   ; 16.877 ;        ;        ; 15.485 ;
; a[14]      ; output[4]   ; 16.465 ; 16.070 ; 16.054 ; 15.659 ;
; a[14]      ; output[5]   ; 15.770 ;        ;        ; 14.474 ;
; a[14]      ; output[6]   ; 16.189 ; 15.104 ; 15.616 ; 14.526 ;
; a[14]      ; output[7]   ; 12.968 ; 12.585 ; 12.857 ; 12.295 ;
; a[14]      ; output[8]   ; 17.358 ; 16.748 ; 17.080 ; 16.416 ;
; a[14]      ; output[9]   ; 15.753 ; 14.928 ; 15.477 ; 14.463 ;
; a[14]      ; output[10]  ; 15.273 ; 14.331 ; 15.074 ; 13.943 ;
; a[14]      ; output[11]  ; 16.149 ;        ;        ; 15.178 ;
; a[14]      ; output[12]  ; 16.854 ; 15.883 ; 16.444 ; 15.515 ;
; a[14]      ; output[13]  ; 14.095 ;        ;        ; 13.493 ;
; a[14]      ; output[14]  ; 11.063 ; 11.214 ; 11.317 ; 10.738 ;
; a[14]      ; output[15]  ; 14.247 ; 13.695 ; 14.257 ; 13.705 ;
; a[14]      ; output[16]  ; 15.111 ; 14.553 ; 15.061 ; 14.503 ;
; a[14]      ; output[17]  ; 13.844 ; 12.905 ; 13.885 ; 12.915 ;
; a[14]      ; output[18]  ; 14.846 ; 14.306 ; 14.796 ; 14.256 ;
; a[14]      ; output[19]  ; 15.606 ; 14.620 ; 15.647 ; 14.630 ;
; a[14]      ; output[20]  ; 15.295 ; 14.685 ; 15.245 ; 14.635 ;
; a[14]      ; output[21]  ; 15.711 ; 15.067 ; 15.721 ; 15.077 ;
; a[14]      ; output[22]  ; 13.159 ; 12.731 ; 13.109 ; 12.681 ;
; a[14]      ; output[23]  ; 16.121 ; 15.287 ; 16.162 ; 15.297 ;
; a[14]      ; output[24]  ; 13.419 ; 13.047 ; 13.369 ; 12.997 ;
; a[14]      ; output[25]  ; 15.620 ; 14.741 ; 15.461 ; 14.751 ;
; a[14]      ; output[26]  ; 14.883 ; 14.264 ; 14.833 ; 14.214 ;
; a[14]      ; output[27]  ; 16.209 ; 15.665 ; 16.109 ; 15.565 ;
; a[14]      ; output[28]  ; 17.540 ; 16.794 ; 17.490 ; 16.744 ;
; a[14]      ; output[29]  ; 14.665 ; 14.129 ; 14.675 ; 14.139 ;
; a[14]      ; output[30]  ; 15.658 ; 14.724 ; 15.608 ; 14.674 ;
; a[14]      ; output[31]  ; 14.705 ; 14.008 ; 14.746 ; 14.018 ;
; a[15]      ; output[0]   ; 14.388 ; 13.914 ; 14.299 ; 13.794 ;
; a[15]      ; output[1]   ; 18.777 ;        ;        ; 17.394 ;
; a[15]      ; output[2]   ; 14.623 ; 14.371 ; 14.214 ; 13.957 ;
; a[15]      ; output[3]   ; 18.851 ;        ;        ; 17.077 ;
; a[15]      ; output[4]   ; 16.770 ; 16.375 ; 16.468 ; 16.073 ;
; a[15]      ; output[5]   ; 17.844 ;        ;        ; 16.171 ;
; a[15]      ; output[6]   ; 16.494 ; 15.409 ; 16.030 ; 14.940 ;
; a[15]      ; output[7]   ; 15.224 ;        ;        ; 14.129 ;
; a[15]      ; output[8]   ; 17.663 ; 17.053 ; 17.494 ; 16.830 ;
; a[15]      ; output[9]   ; 17.827 ; 17.002 ; 17.174 ; 16.160 ;
; a[15]      ; output[10]  ; 15.578 ; 14.636 ; 15.488 ; 14.357 ;
; a[15]      ; output[11]  ; 18.123 ;        ;        ; 16.770 ;
; a[15]      ; output[12]  ; 17.159 ; 16.188 ; 16.858 ; 15.929 ;
; a[15]      ; output[13]  ; 16.169 ;        ;        ; 15.190 ;
; a[15]      ; output[14]  ; 14.978 ; 14.733 ; 14.530 ; 14.280 ;
; a[15]      ; output[15]  ; 13.065 ; 12.603 ; 13.105 ; 12.537 ;
; a[15]      ; output[16]  ; 15.522 ; 14.964 ; 15.433 ; 14.875 ;
; a[15]      ; output[17]  ; 14.255 ; 13.316 ; 14.257 ; 13.287 ;
; a[15]      ; output[18]  ; 15.257 ; 14.717 ; 15.168 ; 14.628 ;
; a[15]      ; output[19]  ; 16.017 ; 15.031 ; 16.019 ; 15.002 ;
; a[15]      ; output[20]  ; 15.706 ; 15.096 ; 15.617 ; 15.007 ;
; a[15]      ; output[21]  ; 16.122 ; 15.478 ; 16.093 ; 15.449 ;
; a[15]      ; output[22]  ; 13.570 ; 13.142 ; 13.481 ; 13.053 ;
; a[15]      ; output[23]  ; 16.532 ; 15.698 ; 16.534 ; 15.669 ;
; a[15]      ; output[24]  ; 13.830 ; 13.458 ; 13.741 ; 13.369 ;
; a[15]      ; output[25]  ; 16.031 ; 15.152 ; 15.920 ; 15.123 ;
; a[15]      ; output[26]  ; 15.294 ; 14.675 ; 15.205 ; 14.586 ;
; a[15]      ; output[27]  ; 16.620 ; 16.076 ; 16.568 ; 16.024 ;
; a[15]      ; output[28]  ; 17.951 ; 17.205 ; 17.862 ; 17.116 ;
; a[15]      ; output[29]  ; 15.076 ; 14.540 ; 15.047 ; 14.511 ;
; a[15]      ; output[30]  ; 16.069 ; 15.135 ; 15.980 ; 15.046 ;
; a[15]      ; output[31]  ; 15.116 ; 14.419 ; 15.118 ; 14.390 ;
; a[16]      ; output[0]   ; 14.045 ; 13.571 ; 14.030 ; 13.525 ;
; a[16]      ; output[1]   ; 18.373 ;        ;        ; 17.181 ;
; a[16]      ; output[2]   ; 14.168 ; 13.916 ; 13.844 ; 13.587 ;
; a[16]      ; output[3]   ; 18.447 ;        ;        ; 16.864 ;
; a[16]      ; output[4]   ; 16.285 ; 15.890 ; 16.076 ; 15.681 ;
; a[16]      ; output[5]   ; 17.440 ;        ;        ; 15.958 ;
; a[16]      ; output[6]   ; 16.039 ; 14.954 ; 15.660 ; 14.570 ;
; a[16]      ; output[7]   ; 14.820 ;        ;        ; 13.916 ;
; a[16]      ; output[8]   ; 16.559 ;        ;        ; 15.878 ;
; a[16]      ; output[9]   ; 17.423 ; 16.598 ; 16.961 ; 15.947 ;
; a[16]      ; output[10]  ; 15.123 ; 14.181 ; 15.118 ; 13.987 ;
; a[16]      ; output[11]  ; 17.719 ;        ;        ; 16.557 ;
; a[16]      ; output[12]  ; 16.674 ; 15.703 ; 16.466 ; 15.537 ;
; a[16]      ; output[13]  ; 15.765 ;        ;        ; 14.977 ;
; a[16]      ; output[14]  ; 14.523 ; 14.278 ; 14.160 ; 13.910 ;
; a[16]      ; output[15]  ; 17.429 ;        ;        ; 16.371 ;
; a[16]      ; output[16]  ; 13.558 ; 13.252 ; 13.859 ; 12.942 ;
; a[16]      ; output[17]  ; 13.912 ; 12.973 ; 13.988 ; 13.018 ;
; a[16]      ; output[18]  ; 14.914 ; 14.374 ; 14.899 ; 14.359 ;
; a[16]      ; output[19]  ; 15.674 ; 14.688 ; 15.750 ; 14.733 ;
; a[16]      ; output[20]  ; 15.363 ; 14.753 ; 15.348 ; 14.738 ;
; a[16]      ; output[21]  ; 15.779 ; 15.135 ; 15.824 ; 15.180 ;
; a[16]      ; output[22]  ; 13.227 ; 12.799 ; 13.212 ; 12.784 ;
; a[16]      ; output[23]  ; 16.189 ; 15.355 ; 16.265 ; 15.400 ;
; a[16]      ; output[24]  ; 13.487 ; 13.115 ; 13.472 ; 13.100 ;
; a[16]      ; output[25]  ; 15.688 ; 14.809 ; 15.764 ; 14.854 ;
; a[16]      ; output[26]  ; 14.951 ; 14.332 ; 14.936 ; 14.317 ;
; a[16]      ; output[27]  ; 16.277 ; 15.733 ; 16.257 ; 15.713 ;
; a[16]      ; output[28]  ; 17.608 ; 16.862 ; 17.593 ; 16.847 ;
; a[16]      ; output[29]  ; 14.733 ; 14.197 ; 14.778 ; 14.242 ;
; a[16]      ; output[30]  ; 15.726 ; 14.792 ; 15.711 ; 14.777 ;
; a[16]      ; output[31]  ; 14.773 ; 14.076 ; 14.849 ; 14.121 ;
; a[17]      ; output[0]   ; 14.085 ; 13.611 ; 14.044 ; 13.539 ;
; a[17]      ; output[1]   ; 17.521 ;        ;        ; 16.344 ;
; a[17]      ; output[2]   ; 14.677 ; 14.425 ; 14.272 ; 14.015 ;
; a[17]      ; output[3]   ; 17.956 ;        ;        ; 16.367 ;
; a[17]      ; output[4]   ; 16.794 ; 16.399 ; 16.504 ; 16.109 ;
; a[17]      ; output[5]   ; 17.007 ;        ;        ; 15.508 ;
; a[17]      ; output[6]   ; 16.548 ; 15.463 ; 16.088 ; 14.998 ;
; a[17]      ; output[7]   ; 14.329 ;        ;        ; 13.419 ;
; a[17]      ; output[8]   ; 17.068 ;        ;        ; 16.306 ;
; a[17]      ; output[9]   ; 16.921 ; 16.096 ; 16.448 ; 15.434 ;
; a[17]      ; output[10]  ; 15.632 ; 14.690 ; 15.546 ; 14.415 ;
; a[17]      ; output[11]  ; 17.228 ;        ;        ; 16.060 ;
; a[17]      ; output[12]  ; 17.183 ; 16.212 ; 16.894 ; 15.965 ;
; a[17]      ; output[13]  ; 15.332 ;        ;        ; 14.527 ;
; a[17]      ; output[14]  ; 15.032 ; 14.787 ; 14.588 ; 14.338 ;
; a[17]      ; output[15]  ; 16.938 ;        ;        ; 15.874 ;
; a[17]      ; output[16]  ; 18.408 ; 17.855 ; 17.834 ; 17.276 ;
; a[17]      ; output[17]  ; 11.064 ; 10.495 ; 11.098 ; 10.524 ;
; a[17]      ; output[18]  ; 14.954 ; 14.414 ; 14.913 ; 14.373 ;
; a[17]      ; output[19]  ; 15.714 ; 14.728 ; 15.764 ; 14.747 ;
; a[17]      ; output[20]  ; 15.403 ; 14.793 ; 15.362 ; 14.752 ;
; a[17]      ; output[21]  ; 15.819 ; 15.175 ; 15.838 ; 15.194 ;
; a[17]      ; output[22]  ; 13.267 ; 12.839 ; 13.226 ; 12.798 ;
; a[17]      ; output[23]  ; 16.229 ; 15.395 ; 16.279 ; 15.414 ;
; a[17]      ; output[24]  ; 13.527 ; 13.155 ; 13.486 ; 13.114 ;
; a[17]      ; output[25]  ; 15.728 ; 14.849 ; 15.778 ; 14.868 ;
; a[17]      ; output[26]  ; 14.991 ; 14.372 ; 14.950 ; 14.331 ;
; a[17]      ; output[27]  ; 16.317 ; 15.773 ; 16.336 ; 15.792 ;
; a[17]      ; output[28]  ; 17.648 ; 16.902 ; 17.607 ; 16.861 ;
; a[17]      ; output[29]  ; 14.773 ; 14.237 ; 14.792 ; 14.256 ;
; a[17]      ; output[30]  ; 15.766 ; 14.832 ; 15.725 ; 14.791 ;
; a[17]      ; output[31]  ; 14.813 ; 14.116 ; 14.863 ; 14.135 ;
; a[18]      ; output[0]   ; 14.803 ; 15.021 ; 15.246 ; 14.203 ;
; a[18]      ; output[1]   ; 17.747 ;        ;        ; 16.618 ;
; a[18]      ; output[2]   ; 14.711 ; 14.459 ; 14.232 ; 13.975 ;
; a[18]      ; output[3]   ; 18.182 ;        ;        ; 16.641 ;
; a[18]      ; output[4]   ; 16.908 ; 16.513 ; 16.687 ; 16.292 ;
; a[18]      ; output[5]   ; 17.233 ;        ;        ; 15.782 ;
; a[18]      ; output[6]   ; 16.584 ; 15.499 ; 16.122 ; 15.032 ;
; a[18]      ; output[7]   ; 14.555 ;        ;        ; 13.693 ;
; a[18]      ; output[8]   ; 17.182 ;        ;        ; 16.489 ;
; a[18]      ; output[9]   ; 17.147 ; 16.322 ; 16.722 ; 15.708 ;
; a[18]      ; output[10]  ; 15.279 ;        ;        ; 14.036 ;
; a[18]      ; output[11]  ; 17.454 ;        ;        ; 16.334 ;
; a[18]      ; output[12]  ; 17.297 ; 16.326 ; 17.077 ; 16.148 ;
; a[18]      ; output[13]  ; 15.558 ;        ;        ; 14.801 ;
; a[18]      ; output[14]  ; 15.068 ; 14.823 ; 14.622 ; 14.372 ;
; a[18]      ; output[15]  ; 17.164 ;        ;        ; 16.148 ;
; a[18]      ; output[16]  ; 18.522 ; 17.969 ; 18.017 ; 17.459 ;
; a[18]      ; output[17]  ; 16.671 ;        ;        ; 15.464 ;
; a[18]      ; output[18]  ; 13.458 ; 13.367 ; 13.839 ; 12.891 ;
; a[18]      ; output[19]  ; 16.984 ; 16.138 ; 16.966 ; 15.841 ;
; a[18]      ; output[20]  ; 16.738 ; 16.203 ; 16.564 ; 15.763 ;
; a[18]      ; output[21]  ; 17.229 ; 16.585 ; 17.040 ; 16.396 ;
; a[18]      ; output[22]  ; 14.677 ; 14.249 ; 14.428 ; 14.000 ;
; a[18]      ; output[23]  ; 17.639 ; 16.805 ; 17.481 ; 16.616 ;
; a[18]      ; output[24]  ; 14.624 ; 14.565 ; 14.688 ; 13.808 ;
; a[18]      ; output[25]  ; 15.555 ; 16.259 ; 16.980 ; 14.569 ;
; a[18]      ; output[26]  ; 16.401 ; 15.782 ; 16.152 ; 15.533 ;
; a[18]      ; output[27]  ; 17.116 ; 16.539 ; 16.798 ; 16.254 ;
; a[18]      ; output[28]  ; 18.740 ; 18.183 ; 18.334 ; 17.588 ;
; a[18]      ; output[29]  ; 16.183 ; 15.647 ; 15.994 ; 15.458 ;
; a[18]      ; output[30]  ; 17.176 ; 16.242 ; 16.927 ; 15.993 ;
; a[18]      ; output[31]  ; 16.223 ; 15.526 ; 16.065 ; 15.337 ;
; a[19]      ; output[0]   ; 13.470 ; 12.996 ; 13.393 ; 12.888 ;
; a[19]      ; output[1]   ; 17.308 ;        ;        ; 16.138 ;
; a[19]      ; output[2]   ; 14.072 ; 13.820 ; 13.568 ; 13.311 ;
; a[19]      ; output[3]   ; 18.187 ;        ;        ; 16.624 ;
; a[19]      ; output[4]   ; 16.269 ; 15.874 ; 16.023 ; 15.628 ;
; a[19]      ; output[5]   ; 16.794 ;        ;        ; 15.302 ;
; a[19]      ; output[6]   ; 15.945 ; 14.860 ; 15.458 ; 14.368 ;
; a[19]      ; output[7]   ; 14.267 ;        ;        ; 13.429 ;
; a[19]      ; output[8]   ; 16.543 ;        ;        ; 15.825 ;
; a[19]      ; output[9]   ; 16.708 ; 15.883 ; 16.242 ; 15.228 ;
; a[19]      ; output[10]  ; 14.640 ;        ;        ; 13.372 ;
; a[19]      ; output[11]  ; 16.793 ;        ;        ; 15.703 ;
; a[19]      ; output[12]  ; 16.658 ; 15.687 ; 16.413 ; 15.484 ;
; a[19]      ; output[13]  ; 15.119 ;        ;        ; 14.321 ;
; a[19]      ; output[14]  ; 14.429 ; 14.184 ; 13.958 ; 13.708 ;
; a[19]      ; output[15]  ; 16.876 ;        ;        ; 15.884 ;
; a[19]      ; output[16]  ; 17.883 ; 17.330 ; 17.353 ; 16.795 ;
; a[19]      ; output[17]  ; 16.232 ;        ;        ; 14.984 ;
; a[19]      ; output[18]  ; 16.222 ; 15.747 ; 15.724 ; 15.184 ;
; a[19]      ; output[19]  ; 12.628 ; 11.916 ; 12.495 ; 11.818 ;
; a[19]      ; output[20]  ; 14.788 ; 14.178 ; 14.711 ; 14.101 ;
; a[19]      ; output[21]  ; 15.204 ; 14.560 ; 15.187 ; 14.543 ;
; a[19]      ; output[22]  ; 12.652 ; 12.224 ; 12.575 ; 12.147 ;
; a[19]      ; output[23]  ; 15.614 ; 14.780 ; 15.628 ; 14.763 ;
; a[19]      ; output[24]  ; 12.912 ; 12.540 ; 12.835 ; 12.463 ;
; a[19]      ; output[25]  ; 14.466 ; 14.234 ; 15.127 ; 13.543 ;
; a[19]      ; output[26]  ; 14.376 ; 13.757 ; 14.299 ; 13.680 ;
; a[19]      ; output[27]  ; 15.702 ; 15.158 ; 15.685 ; 15.141 ;
; a[19]      ; output[28]  ; 17.033 ; 16.287 ; 16.956 ; 16.210 ;
; a[19]      ; output[29]  ; 14.158 ; 13.622 ; 14.141 ; 13.605 ;
; a[19]      ; output[30]  ; 15.151 ; 14.217 ; 15.074 ; 14.140 ;
; a[19]      ; output[31]  ; 14.198 ; 13.501 ; 14.212 ; 13.484 ;
; a[20]      ; output[0]   ; 13.825 ; 13.351 ; 13.777 ; 13.272 ;
; a[20]      ; output[1]   ; 18.347 ;        ;        ; 17.034 ;
; a[20]      ; output[2]   ; 14.212 ; 13.960 ; 13.659 ; 13.402 ;
; a[20]      ; output[3]   ; 19.226 ;        ;        ; 17.520 ;
; a[20]      ; output[4]   ; 16.418 ; 16.043 ; 15.922 ; 15.527 ;
; a[20]      ; output[5]   ; 17.833 ;        ;        ; 16.198 ;
; a[20]      ; output[6]   ; 16.085 ; 15.000 ; 15.549 ; 14.459 ;
; a[20]      ; output[7]   ; 15.306 ;        ;        ; 14.325 ;
; a[20]      ; output[8]   ; 16.895 ;        ;        ; 15.961 ;
; a[20]      ; output[9]   ; 17.747 ; 16.922 ; 17.138 ; 16.124 ;
; a[20]      ; output[10]  ; 14.780 ;        ;        ; 13.463 ;
; a[20]      ; output[11]  ; 17.832 ;        ;        ; 16.599 ;
; a[20]      ; output[12]  ; 17.004 ; 16.033 ; 16.520 ; 15.591 ;
; a[20]      ; output[13]  ; 16.158 ;        ;        ; 15.217 ;
; a[20]      ; output[14]  ; 14.569 ; 14.324 ; 14.049 ; 13.799 ;
; a[20]      ; output[15]  ; 17.915 ;        ;        ; 16.780 ;
; a[20]      ; output[16]  ; 18.235 ; 17.682 ; 17.489 ; 16.931 ;
; a[20]      ; output[17]  ; 17.271 ;        ;        ; 15.880 ;
; a[20]      ; output[18]  ; 16.362 ; 15.887 ; 15.815 ; 15.275 ;
; a[20]      ; output[19]  ; 18.318 ;        ;        ; 16.941 ;
; a[20]      ; output[20]  ; 13.348 ; 13.080 ; 13.723 ; 12.766 ;
; a[20]      ; output[21]  ; 15.559 ; 14.915 ; 15.571 ; 14.927 ;
; a[20]      ; output[22]  ; 13.007 ; 12.579 ; 12.959 ; 12.531 ;
; a[20]      ; output[23]  ; 15.969 ; 15.135 ; 16.012 ; 15.147 ;
; a[20]      ; output[24]  ; 13.267 ; 12.895 ; 13.219 ; 12.847 ;
; a[20]      ; output[25]  ; 15.016 ; 14.589 ; 15.511 ; 14.071 ;
; a[20]      ; output[26]  ; 14.731 ; 14.112 ; 14.683 ; 14.064 ;
; a[20]      ; output[27]  ; 15.279 ; 14.702 ; 15.030 ; 14.486 ;
; a[20]      ; output[28]  ; 17.388 ; 16.642 ; 17.340 ; 16.594 ;
; a[20]      ; output[29]  ; 14.513 ; 13.977 ; 14.525 ; 13.989 ;
; a[20]      ; output[30]  ; 15.506 ; 14.572 ; 15.458 ; 14.524 ;
; a[20]      ; output[31]  ; 14.553 ; 13.856 ; 14.596 ; 13.868 ;
; a[21]      ; output[0]   ; 13.301 ; 12.827 ; 13.282 ; 12.777 ;
; a[21]      ; output[1]   ; 17.295 ;        ;        ; 16.135 ;
; a[21]      ; output[2]   ; 14.436 ; 14.184 ; 13.832 ; 13.575 ;
; a[21]      ; output[3]   ; 18.061 ;        ;        ; 16.459 ;
; a[21]      ; output[4]   ; 16.642 ; 16.267 ; 16.095 ; 15.700 ;
; a[21]      ; output[5]   ; 17.388 ;        ;        ; 15.947 ;
; a[21]      ; output[6]   ; 16.309 ; 15.224 ; 15.722 ; 14.632 ;
; a[21]      ; output[7]   ; 14.141 ;        ;        ; 13.264 ;
; a[21]      ; output[8]   ; 17.119 ;        ;        ; 16.134 ;
; a[21]      ; output[9]   ; 16.695 ; 15.870 ; 16.239 ; 15.225 ;
; a[21]      ; output[10]  ; 15.004 ;        ;        ; 13.636 ;
; a[21]      ; output[11]  ; 16.667 ;        ;        ; 15.538 ;
; a[21]      ; output[12]  ; 17.228 ; 16.257 ; 16.693 ; 15.764 ;
; a[21]      ; output[13]  ; 14.816 ;        ;        ; 14.004 ;
; a[21]      ; output[14]  ; 14.793 ; 14.548 ; 14.222 ; 13.972 ;
; a[21]      ; output[15]  ; 16.750 ;        ;        ; 15.719 ;
; a[21]      ; output[16]  ; 18.459 ; 17.906 ; 17.662 ; 17.104 ;
; a[21]      ; output[17]  ; 16.219 ;        ;        ; 14.981 ;
; a[21]      ; output[18]  ; 16.586 ; 16.111 ; 15.988 ; 15.448 ;
; a[21]      ; output[19]  ; 17.153 ;        ;        ; 15.880 ;
; a[21]      ; output[20]  ; 18.783 ; 18.214 ; 17.995 ; 17.385 ;
; a[21]      ; output[21]  ; 12.958 ; 12.317 ; 12.949 ; 12.343 ;
; a[21]      ; output[22]  ; 12.483 ; 12.055 ; 12.464 ; 12.036 ;
; a[21]      ; output[23]  ; 15.445 ; 14.611 ; 15.517 ; 14.652 ;
; a[21]      ; output[24]  ; 12.743 ; 12.371 ; 12.724 ; 12.352 ;
; a[21]      ; output[25]  ; 14.944 ; 14.065 ; 15.016 ; 14.106 ;
; a[21]      ; output[26]  ; 14.207 ; 13.588 ; 14.188 ; 13.569 ;
; a[21]      ; output[27]  ; 15.498 ; 14.921 ; 15.222 ; 14.678 ;
; a[21]      ; output[28]  ; 16.864 ; 16.118 ; 16.845 ; 16.099 ;
; a[21]      ; output[29]  ; 13.989 ; 13.453 ; 14.030 ; 13.494 ;
; a[21]      ; output[30]  ; 14.982 ; 14.048 ; 14.963 ; 14.029 ;
; a[21]      ; output[31]  ; 14.029 ; 13.332 ; 14.101 ; 13.373 ;
; a[22]      ; output[0]   ; 12.984 ; 12.510 ; 12.994 ; 12.489 ;
; a[22]      ; output[1]   ; 17.097 ;        ;        ; 16.002 ;
; a[22]      ; output[2]   ; 13.971 ; 13.719 ; 13.568 ; 13.311 ;
; a[22]      ; output[3]   ; 17.863 ;        ;        ; 16.326 ;
; a[22]      ; output[4]   ; 16.713 ; 16.338 ; 16.200 ; 15.805 ;
; a[22]      ; output[5]   ; 17.190 ;        ;        ; 15.814 ;
; a[22]      ; output[6]   ; 15.965 ;        ;        ; 14.505 ;
; a[22]      ; output[7]   ; 13.943 ;        ;        ; 13.131 ;
; a[22]      ; output[8]   ; 17.190 ;        ;        ; 16.239 ;
; a[22]      ; output[9]   ; 16.497 ; 15.672 ; 16.106 ; 15.092 ;
; a[22]      ; output[10]  ; 14.539 ;        ;        ; 13.372 ;
; a[22]      ; output[11]  ; 16.469 ;        ;        ; 15.405 ;
; a[22]      ; output[12]  ; 17.299 ; 16.328 ; 16.798 ; 15.869 ;
; a[22]      ; output[13]  ; 14.618 ;        ;        ; 13.871 ;
; a[22]      ; output[14]  ; 14.372 ; 14.127 ; 13.932 ; 13.682 ;
; a[22]      ; output[15]  ; 16.552 ;        ;        ; 15.586 ;
; a[22]      ; output[16]  ; 18.530 ; 17.977 ; 17.767 ; 17.209 ;
; a[22]      ; output[17]  ; 16.021 ;        ;        ; 14.848 ;
; a[22]      ; output[18]  ; 16.121 ; 15.646 ; 15.724 ; 15.184 ;
; a[22]      ; output[19]  ; 16.955 ;        ;        ; 15.747 ;
; a[22]      ; output[20]  ; 18.854 ; 18.285 ; 18.100 ; 17.490 ;
; a[22]      ; output[21]  ; 17.246 ;        ;        ; 16.174 ;
; a[22]      ; output[22]  ; 10.868 ; 10.626 ; 11.102 ; 10.499 ;
; a[22]      ; output[23]  ; 15.128 ; 14.294 ; 15.229 ; 14.364 ;
; a[22]      ; output[24]  ; 12.426 ; 12.054 ; 12.436 ; 12.064 ;
; a[22]      ; output[25]  ; 14.627 ; 13.748 ; 14.728 ; 13.818 ;
; a[22]      ; output[26]  ; 13.890 ; 13.271 ; 13.900 ; 13.281 ;
; a[22]      ; output[27]  ; 15.216 ; 14.672 ; 15.227 ; 14.683 ;
; a[22]      ; output[28]  ; 16.547 ; 15.801 ; 16.557 ; 15.811 ;
; a[22]      ; output[29]  ; 13.672 ; 13.136 ; 13.742 ; 13.206 ;
; a[22]      ; output[30]  ; 14.665 ; 13.731 ; 14.675 ; 13.741 ;
; a[22]      ; output[31]  ; 13.712 ; 13.015 ; 13.813 ; 13.085 ;
; a[23]      ; output[0]   ; 13.771 ; 13.297 ; 13.608 ; 13.103 ;
; a[23]      ; output[1]   ; 17.348 ;        ;        ; 16.206 ;
; a[23]      ; output[2]   ; 14.364 ; 14.112 ; 13.834 ; 13.577 ;
; a[23]      ; output[3]   ; 18.318 ;        ;        ; 16.746 ;
; a[23]      ; output[4]   ; 17.106 ; 16.731 ; 16.466 ; 16.071 ;
; a[23]      ; output[5]   ; 17.441 ;        ;        ; 16.018 ;
; a[23]      ; output[6]   ; 16.358 ;        ;        ; 14.771 ;
; a[23]      ; output[7]   ; 14.324 ;        ;        ; 13.418 ;
; a[23]      ; output[8]   ; 17.583 ;        ;        ; 16.505 ;
; a[23]      ; output[9]   ; 16.748 ; 15.923 ; 16.310 ; 15.296 ;
; a[23]      ; output[10]  ; 14.932 ;        ;        ; 13.638 ;
; a[23]      ; output[11]  ; 16.924 ;        ;        ; 15.825 ;
; a[23]      ; output[12]  ; 17.692 ; 16.721 ; 17.064 ; 16.135 ;
; a[23]      ; output[13]  ; 14.869 ;        ;        ; 14.075 ;
; a[23]      ; output[14]  ; 14.765 ; 14.520 ; 14.198 ; 13.948 ;
; a[23]      ; output[15]  ; 16.552 ;        ;        ; 15.520 ;
; a[23]      ; output[16]  ; 18.923 ; 18.370 ; 18.033 ; 17.475 ;
; a[23]      ; output[17]  ; 16.272 ;        ;        ; 15.052 ;
; a[23]      ; output[18]  ; 16.514 ; 16.039 ; 15.990 ; 15.450 ;
; a[23]      ; output[19]  ; 17.410 ;        ;        ; 16.167 ;
; a[23]      ; output[20]  ; 19.247 ; 18.678 ; 18.366 ; 17.756 ;
; a[23]      ; output[21]  ; 17.497 ;        ;        ; 16.378 ;
; a[23]      ; output[22]  ; 16.184 ; 15.761 ; 15.370 ; 14.942 ;
; a[23]      ; output[23]  ; 12.566 ; 12.057 ; 12.633 ; 12.089 ;
; a[23]      ; output[24]  ; 13.213 ; 12.841 ; 13.050 ; 12.678 ;
; a[23]      ; output[25]  ; 15.414 ; 14.535 ; 15.342 ; 14.432 ;
; a[23]      ; output[26]  ; 14.677 ; 14.058 ; 14.514 ; 13.895 ;
; a[23]      ; output[27]  ; 15.797 ; 15.220 ; 15.499 ; 14.955 ;
; a[23]      ; output[28]  ; 17.334 ; 16.588 ; 17.171 ; 16.425 ;
; a[23]      ; output[29]  ; 14.459 ; 13.923 ; 14.356 ; 13.820 ;
; a[23]      ; output[30]  ; 15.452 ; 14.518 ; 15.289 ; 14.355 ;
; a[23]      ; output[31]  ; 14.499 ; 13.802 ; 14.427 ; 13.699 ;
; a[24]      ; output[0]   ; 13.883 ; 13.373 ; 13.685 ; 13.214 ;
; a[24]      ; output[1]   ; 16.932 ;        ;        ; 15.931 ;
; a[24]      ; output[2]   ; 14.130 ; 13.878 ; 13.743 ; 13.486 ;
; a[24]      ; output[3]   ; 17.902 ;        ;        ; 16.471 ;
; a[24]      ; output[4]   ; 16.384 ; 16.009 ; 15.907 ; 15.512 ;
; a[24]      ; output[5]   ; 17.025 ;        ;        ; 15.743 ;
; a[24]      ; output[6]   ; 16.124 ;        ;        ; 14.680 ;
; a[24]      ; output[7]   ; 13.908 ;        ;        ; 13.143 ;
; a[24]      ; output[8]   ; 17.470 ; 16.860 ; 17.231 ; 16.567 ;
; a[24]      ; output[9]   ; 16.332 ; 15.507 ; 16.035 ; 15.021 ;
; a[24]      ; output[10]  ; 14.698 ;        ;        ; 13.547 ;
; a[24]      ; output[11]  ; 16.508 ;        ;        ; 15.550 ;
; a[24]      ; output[12]  ; 16.970 ; 15.999 ; 16.505 ; 15.576 ;
; a[24]      ; output[13]  ; 14.453 ;        ;        ; 13.800 ;
; a[24]      ; output[14]  ; 14.531 ; 14.286 ; 14.107 ; 13.857 ;
; a[24]      ; output[15]  ; 16.136 ;        ;        ; 15.245 ;
; a[24]      ; output[16]  ; 18.193 ; 17.640 ; 17.486 ; 16.928 ;
; a[24]      ; output[17]  ; 15.856 ;        ;        ; 14.777 ;
; a[24]      ; output[18]  ; 16.280 ; 15.805 ; 15.899 ; 15.359 ;
; a[24]      ; output[19]  ; 16.994 ;        ;        ; 15.892 ;
; a[24]      ; output[20]  ; 18.525 ; 17.956 ; 17.807 ; 17.197 ;
; a[24]      ; output[21]  ; 17.081 ;        ;        ; 16.103 ;
; a[24]      ; output[22]  ; 15.950 ; 15.527 ; 15.279 ; 14.851 ;
; a[24]      ; output[23]  ; 17.527 ;        ;        ; 16.406 ;
; a[24]      ; output[24]  ; 11.156 ; 11.549 ; 11.861 ; 10.813 ;
; a[24]      ; output[25]  ; 15.756 ; 14.931 ; 15.339 ; 14.768 ;
; a[24]      ; output[26]  ; 15.073 ; 14.454 ; 14.860 ; 14.241 ;
; a[24]      ; output[27]  ; 16.399 ; 15.855 ; 16.246 ; 15.702 ;
; a[24]      ; output[28]  ; 17.730 ; 16.984 ; 17.517 ; 16.771 ;
; a[24]      ; output[29]  ; 14.855 ; 14.319 ; 14.702 ; 14.166 ;
; a[24]      ; output[30]  ; 15.848 ; 14.914 ; 15.635 ; 14.701 ;
; a[24]      ; output[31]  ; 14.895 ; 14.198 ; 14.773 ; 14.045 ;
; a[25]      ; output[0]   ; 13.760 ; 13.258 ; 13.775 ; 13.322 ;
; a[25]      ; output[1]   ; 17.416 ;        ;        ; 16.281 ;
; a[25]      ; output[2]   ; 14.270 ; 14.018 ; 13.873 ; 13.616 ;
; a[25]      ; output[3]   ; 18.202 ;        ;        ; 16.672 ;
; a[25]      ; output[4]   ; 16.524 ; 16.149 ; 16.037 ; 15.642 ;
; a[25]      ; output[5]   ; 17.196 ;        ;        ; 15.793 ;
; a[25]      ; output[6]   ; 16.264 ;        ;        ; 14.810 ;
; a[25]      ; output[7]   ; 14.208 ;        ;        ; 13.344 ;
; a[25]      ; output[8]   ; 17.610 ; 17.000 ; 17.361 ; 16.697 ;
; a[25]      ; output[9]   ; 16.084 ;        ;        ; 14.717 ;
; a[25]      ; output[10]  ; 14.838 ;        ;        ; 13.677 ;
; a[25]      ; output[11]  ; 16.808 ;        ;        ; 15.751 ;
; a[25]      ; output[12]  ; 17.110 ; 16.139 ; 16.635 ; 15.706 ;
; a[25]      ; output[13]  ; 14.624 ;        ;        ; 13.850 ;
; a[25]      ; output[14]  ; 14.671 ; 14.426 ; 14.237 ; 13.987 ;
; a[25]      ; output[15]  ; 16.436 ;        ;        ; 15.446 ;
; a[25]      ; output[16]  ; 18.333 ; 17.780 ; 17.616 ; 17.058 ;
; a[25]      ; output[17]  ; 16.340 ;        ;        ; 15.127 ;
; a[25]      ; output[18]  ; 16.420 ; 15.945 ; 16.029 ; 15.489 ;
; a[25]      ; output[19]  ; 17.294 ;        ;        ; 16.093 ;
; a[25]      ; output[20]  ; 18.665 ; 18.096 ; 17.937 ; 17.327 ;
; a[25]      ; output[21]  ; 17.252 ;        ;        ; 16.153 ;
; a[25]      ; output[22]  ; 16.090 ; 15.667 ; 15.409 ; 14.981 ;
; a[25]      ; output[23]  ; 17.827 ;        ;        ; 16.607 ;
; a[25]      ; output[24]  ; 14.977 ; 14.657 ; 14.567 ; 14.195 ;
; a[25]      ; output[25]  ; 12.086 ; 11.687 ; 12.223 ; 11.758 ;
; a[25]      ; output[26]  ; 14.607 ; 13.988 ; 14.624 ; 14.005 ;
; a[25]      ; output[27]  ; 15.933 ; 15.389 ; 16.010 ; 15.466 ;
; a[25]      ; output[28]  ; 16.823 ; 16.266 ; 16.515 ; 15.769 ;
; a[25]      ; output[29]  ; 14.389 ; 13.853 ; 14.466 ; 13.930 ;
; a[25]      ; output[30]  ; 15.382 ; 14.448 ; 15.399 ; 14.465 ;
; a[25]      ; output[31]  ; 14.429 ; 13.732 ; 14.537 ; 13.809 ;
; a[26]      ; output[0]   ; 13.566 ; 13.069 ; 13.473 ; 13.015 ;
; a[26]      ; output[1]   ; 17.636 ;        ;        ; 16.405 ;
; a[26]      ; output[2]   ; 14.970 ; 14.718 ; 14.352 ; 14.095 ;
; a[26]      ; output[3]   ; 18.422 ;        ;        ; 16.796 ;
; a[26]      ; output[4]   ; 17.274 ; 16.899 ; 16.650 ; 16.255 ;
; a[26]      ; output[5]   ; 17.416 ;        ;        ; 15.917 ;
; a[26]      ; output[6]   ; 16.986 ;        ;        ; 15.325 ;
; a[26]      ; output[7]   ; 14.428 ;        ;        ; 13.468 ;
; a[26]      ; output[8]   ; 18.360 ; 17.750 ; 17.974 ; 17.310 ;
; a[26]      ; output[9]   ; 16.304 ;        ;        ; 14.841 ;
; a[26]      ; output[10]  ; 16.045 ; 15.103 ; 15.806 ; 14.675 ;
; a[26]      ; output[11]  ; 17.028 ;        ;        ; 15.875 ;
; a[26]      ; output[12]  ; 17.860 ; 16.889 ; 17.248 ; 16.319 ;
; a[26]      ; output[13]  ; 14.844 ;        ;        ; 13.974 ;
; a[26]      ; output[14]  ; 15.393 ; 15.148 ; 14.752 ; 14.502 ;
; a[26]      ; output[15]  ; 16.656 ;        ;        ; 15.570 ;
; a[26]      ; output[16]  ; 19.083 ; 18.530 ; 18.229 ; 17.671 ;
; a[26]      ; output[17]  ; 16.560 ;        ;        ; 15.251 ;
; a[26]      ; output[18]  ; 17.120 ; 16.645 ; 16.508 ; 15.968 ;
; a[26]      ; output[19]  ; 17.514 ;        ;        ; 16.217 ;
; a[26]      ; output[20]  ; 19.415 ; 18.846 ; 18.550 ; 17.940 ;
; a[26]      ; output[21]  ; 17.472 ;        ;        ; 16.277 ;
; a[26]      ; output[22]  ; 16.812 ; 16.389 ; 15.924 ; 15.496 ;
; a[26]      ; output[23]  ; 18.047 ;        ;        ; 16.731 ;
; a[26]      ; output[24]  ; 15.727 ; 15.407 ; 15.180 ; 14.808 ;
; a[26]      ; output[25]  ; 17.334 ;        ;        ; 15.988 ;
; a[26]      ; output[26]  ; 12.559 ; 12.819 ; 13.247 ; 11.883 ;
; a[26]      ; output[27]  ; 15.933 ; 15.389 ; 15.885 ; 15.341 ;
; a[26]      ; output[28]  ; 17.043 ; 16.486 ; 16.658 ; 15.912 ;
; a[26]      ; output[29]  ; 14.389 ; 13.853 ; 14.341 ; 13.805 ;
; a[26]      ; output[30]  ; 15.382 ; 14.448 ; 15.274 ; 14.340 ;
; a[26]      ; output[31]  ; 14.429 ; 13.732 ; 14.412 ; 13.684 ;
; a[27]      ; output[0]   ; 13.012 ; 12.499 ; 13.027 ; 12.564 ;
; a[27]      ; output[1]   ; 17.982 ;        ;        ; 16.874 ;
; a[27]      ; output[2]   ; 14.028 ; 13.776 ; 13.680 ; 13.423 ;
; a[27]      ; output[3]   ; 18.787 ;        ;        ; 17.297 ;
; a[27]      ; output[4]   ; 16.332 ; 15.957 ; 15.978 ; 15.583 ;
; a[27]      ; output[5]   ; 17.762 ;        ;        ; 16.386 ;
; a[27]      ; output[6]   ; 16.044 ;        ;        ; 14.653 ;
; a[27]      ; output[7]   ; 14.804 ;        ;        ; 13.995 ;
; a[27]      ; output[8]   ; 17.418 ; 16.808 ; 17.302 ; 16.638 ;
; a[27]      ; output[9]   ; 16.650 ;        ;        ; 15.310 ;
; a[27]      ; output[10]  ; 15.103 ; 14.161 ; 15.134 ; 14.003 ;
; a[27]      ; output[11]  ; 16.706 ;        ;        ; 15.690 ;
; a[27]      ; output[12]  ; 16.918 ; 15.947 ; 16.576 ; 15.647 ;
; a[27]      ; output[13]  ; 15.190 ;        ;        ; 14.443 ;
; a[27]      ; output[14]  ; 14.451 ; 14.206 ; 14.080 ; 13.830 ;
; a[27]      ; output[15]  ; 17.032 ;        ;        ; 16.097 ;
; a[27]      ; output[16]  ; 18.141 ; 17.588 ; 17.557 ; 16.999 ;
; a[27]      ; output[17]  ; 16.906 ;        ;        ; 15.720 ;
; a[27]      ; output[18]  ; 16.178 ; 15.703 ; 15.836 ; 15.296 ;
; a[27]      ; output[19]  ; 17.879 ;        ;        ; 16.718 ;
; a[27]      ; output[20]  ; 18.473 ; 17.904 ; 17.878 ; 17.268 ;
; a[27]      ; output[21]  ; 17.818 ;        ;        ; 16.746 ;
; a[27]      ; output[22]  ; 15.870 ; 15.447 ; 15.252 ; 14.824 ;
; a[27]      ; output[23]  ; 18.423 ;        ;        ; 17.258 ;
; a[27]      ; output[24]  ; 14.785 ; 14.465 ; 14.508 ; 14.136 ;
; a[27]      ; output[25]  ; 17.680 ;        ;        ; 16.457 ;
; a[27]      ; output[26]  ; 17.425 ; 16.985 ; 16.827 ; 16.208 ;
; a[27]      ; output[27]  ; 13.005 ; 12.420 ; 13.119 ; 12.536 ;
; a[27]      ; output[28]  ; 16.720 ; 15.974 ; 16.752 ; 16.006 ;
; a[27]      ; output[29]  ; 13.845 ; 13.309 ; 13.937 ; 13.401 ;
; a[27]      ; output[30]  ; 14.838 ; 13.904 ; 14.870 ; 13.936 ;
; a[27]      ; output[31]  ; 13.885 ; 13.188 ; 14.008 ; 13.280 ;
; a[28]      ; output[0]   ; 13.417 ; 12.910 ; 13.425 ; 12.887 ;
; a[28]      ; output[1]   ; 18.256 ;        ;        ; 17.064 ;
; a[28]      ; output[2]   ; 14.296 ; 14.044 ; 13.905 ; 13.648 ;
; a[28]      ; output[3]   ; 19.061 ;        ;        ; 17.487 ;
; a[28]      ; output[4]   ; 16.712 ; 16.337 ; 16.315 ; 15.920 ;
; a[28]      ; output[5]   ; 18.036 ;        ;        ; 16.576 ;
; a[28]      ; output[6]   ; 16.312 ;        ;        ; 14.878 ;
; a[28]      ; output[7]   ; 15.078 ;        ;        ; 14.185 ;
; a[28]      ; output[8]   ; 18.314 ; 17.704 ; 18.123 ; 17.459 ;
; a[28]      ; output[9]   ; 16.924 ;        ;        ; 15.500 ;
; a[28]      ; output[10]  ; 15.371 ; 14.429 ; 15.359 ; 14.228 ;
; a[28]      ; output[11]  ; 16.980 ;        ;        ; 15.880 ;
; a[28]      ; output[12]  ; 16.668 ; 15.697 ; 16.245 ; 15.316 ;
; a[28]      ; output[13]  ; 15.464 ;        ;        ; 14.633 ;
; a[28]      ; output[14]  ; 14.719 ; 14.474 ; 14.305 ; 14.055 ;
; a[28]      ; output[15]  ; 17.306 ;        ;        ; 16.287 ;
; a[28]      ; output[16]  ; 19.037 ; 18.484 ; 18.378 ; 17.820 ;
; a[28]      ; output[17]  ; 17.180 ;        ;        ; 15.910 ;
; a[28]      ; output[18]  ; 16.446 ; 15.971 ; 16.061 ; 15.521 ;
; a[28]      ; output[19]  ; 18.153 ;        ;        ; 16.908 ;
; a[28]      ; output[20]  ; 18.853 ; 18.284 ; 18.215 ; 17.605 ;
; a[28]      ; output[21]  ; 18.092 ;        ;        ; 16.936 ;
; a[28]      ; output[22]  ; 16.138 ; 15.715 ; 15.477 ; 15.049 ;
; a[28]      ; output[23]  ; 18.697 ;        ;        ; 17.448 ;
; a[28]      ; output[24]  ; 15.681 ; 15.361 ; 15.329 ; 14.957 ;
; a[28]      ; output[25]  ; 17.954 ;        ;        ; 16.647 ;
; a[28]      ; output[26]  ; 17.693 ; 17.253 ; 17.052 ; 16.433 ;
; a[28]      ; output[27]  ; 17.458 ;        ;        ; 16.288 ;
; a[28]      ; output[28]  ; 13.465 ; 13.136 ; 13.896 ; 12.874 ;
; a[28]      ; output[29]  ; 13.963 ; 13.427 ; 14.031 ; 13.495 ;
; a[28]      ; output[30]  ; 14.956 ; 14.022 ; 14.964 ; 14.030 ;
; a[28]      ; output[31]  ; 14.003 ; 13.306 ; 14.102 ; 13.374 ;
; a[29]      ; output[0]   ; 12.934 ; 12.427 ; 12.922 ; 12.384 ;
; a[29]      ; output[1]   ; 16.465 ;        ;        ; 15.389 ;
; a[29]      ; output[2]   ; 14.152 ; 13.900 ; 13.669 ; 13.412 ;
; a[29]      ; output[3]   ; 17.568 ;        ;        ; 16.096 ;
; a[29]      ; output[4]   ; 16.568 ; 16.193 ; 16.079 ; 15.684 ;
; a[29]      ; output[5]   ; 15.547 ;        ;        ; 14.286 ;
; a[29]      ; output[6]   ; 16.168 ;        ;        ; 14.642 ;
; a[29]      ; output[7]   ; 13.585 ;        ;        ; 12.794 ;
; a[29]      ; output[8]   ; 18.170 ; 17.560 ; 17.887 ; 17.223 ;
; a[29]      ; output[9]   ; 15.133 ;        ;        ; 13.825 ;
; a[29]      ; output[10]  ; 15.227 ; 14.285 ; 15.123 ; 13.992 ;
; a[29]      ; output[11]  ; 15.487 ;        ;        ; 14.489 ;
; a[29]      ; output[12]  ; 16.524 ; 15.553 ; 16.009 ; 15.080 ;
; a[29]      ; output[13]  ; 12.883 ;        ;        ; 12.368 ;
; a[29]      ; output[14]  ; 14.575 ; 14.330 ; 14.069 ; 13.819 ;
; a[29]      ; output[15]  ; 15.813 ;        ;        ; 14.896 ;
; a[29]      ; output[16]  ; 18.893 ; 18.340 ; 18.142 ; 17.584 ;
; a[29]      ; output[17]  ; 15.389 ;        ;        ; 14.235 ;
; a[29]      ; output[18]  ; 16.302 ; 15.827 ; 15.825 ; 15.285 ;
; a[29]      ; output[19]  ; 16.660 ;        ;        ; 15.517 ;
; a[29]      ; output[20]  ; 18.709 ; 18.140 ; 17.979 ; 17.369 ;
; a[29]      ; output[21]  ; 15.603 ;        ;        ; 14.646 ;
; a[29]      ; output[22]  ; 15.994 ; 15.571 ; 15.241 ; 14.813 ;
; a[29]      ; output[23]  ; 17.204 ;        ;        ; 16.057 ;
; a[29]      ; output[24]  ; 15.537 ; 15.217 ; 15.093 ; 14.721 ;
; a[29]      ; output[25]  ; 16.163 ;        ;        ; 14.972 ;
; a[29]      ; output[26]  ; 17.549 ; 17.109 ; 16.816 ; 16.197 ;
; a[29]      ; output[27]  ; 15.965 ;        ;        ; 14.897 ;
; a[29]      ; output[28]  ; 16.728 ;        ;        ; 15.629 ;
; a[29]      ; output[29]  ; 11.466 ; 10.928 ; 11.456 ; 10.955 ;
; a[29]      ; output[30]  ; 14.473 ; 13.539 ; 14.461 ; 13.527 ;
; a[29]      ; output[31]  ; 13.520 ; 12.823 ; 13.599 ; 12.871 ;
; a[30]      ; output[0]   ; 13.596 ; 13.053 ; 13.478 ; 12.974 ;
; a[30]      ; output[1]   ; 16.864 ;        ;        ; 15.919 ;
; a[30]      ; output[2]   ; 13.300 ; 13.048 ; 13.081 ; 12.824 ;
; a[30]      ; output[3]   ; 17.967 ;        ;        ; 16.626 ;
; a[30]      ; output[4]   ; 16.193 ; 15.818 ; 15.940 ; 15.545 ;
; a[30]      ; output[5]   ; 15.946 ;        ;        ; 14.816 ;
; a[30]      ; output[6]   ; 14.821 ;        ;        ; 13.529 ;
; a[30]      ; output[7]   ; 13.984 ;        ;        ; 13.324 ;
; a[30]      ; output[8]   ; 17.795 ; 17.185 ; 17.748 ; 17.084 ;
; a[30]      ; output[9]   ; 15.532 ;        ;        ; 14.355 ;
; a[30]      ; output[10]  ; 14.375 ; 13.433 ; 14.535 ; 13.404 ;
; a[30]      ; output[11]  ; 15.886 ;        ;        ; 15.019 ;
; a[30]      ; output[12]  ; 16.149 ; 15.178 ; 15.870 ; 14.941 ;
; a[30]      ; output[13]  ; 13.282 ;        ;        ; 12.898 ;
; a[30]      ; output[14]  ; 12.741 ; 12.496 ; 12.513 ; 12.263 ;
; a[30]      ; output[15]  ; 16.212 ;        ;        ; 15.426 ;
; a[30]      ; output[16]  ; 18.518 ; 17.965 ; 18.003 ; 17.445 ;
; a[30]      ; output[17]  ; 15.788 ;        ;        ; 14.765 ;
; a[30]      ; output[18]  ; 15.450 ; 14.975 ; 15.237 ; 14.697 ;
; a[30]      ; output[19]  ; 17.059 ;        ;        ; 16.047 ;
; a[30]      ; output[20]  ; 18.334 ; 17.765 ; 17.840 ; 17.230 ;
; a[30]      ; output[21]  ; 16.002 ;        ;        ; 15.176 ;
; a[30]      ; output[22]  ; 14.647 ; 14.224 ; 14.128 ; 13.700 ;
; a[30]      ; output[23]  ; 17.603 ;        ;        ; 16.587 ;
; a[30]      ; output[24]  ; 15.162 ; 14.842 ; 14.954 ; 14.582 ;
; a[30]      ; output[25]  ; 16.562 ;        ;        ; 15.502 ;
; a[30]      ; output[26]  ; 16.697 ; 16.257 ; 16.228 ; 15.609 ;
; a[30]      ; output[27]  ; 16.364 ;        ;        ; 15.427 ;
; a[30]      ; output[28]  ; 16.353 ;        ;        ; 15.490 ;
; a[30]      ; output[29]  ; 13.415 ;        ;        ; 12.867 ;
; a[30]      ; output[30]  ; 12.937 ; 12.497 ; 13.441 ; 11.968 ;
; a[30]      ; output[31]  ; 14.466 ; 13.769 ; 14.424 ; 13.696 ;
; a[31]      ; output[0]   ; 10.028 ; 10.314 ; 11.053 ; 9.732  ;
; a[31]      ; output[1]   ; 13.708 ;        ;        ; 12.902 ;
; a[31]      ; output[2]   ; 10.933 ; 10.681 ; 10.806 ; 10.549 ;
; a[31]      ; output[3]   ; 13.817 ;        ;        ; 12.791 ;
; a[31]      ; output[4]   ; 12.207 ; 11.832 ; 12.194 ; 11.799 ;
; a[31]      ; output[5]   ; 13.043 ;        ;        ; 11.976 ;
; a[31]      ; output[6]   ; 12.122 ;        ;        ; 10.921 ;
; a[31]      ; output[7]   ; 9.339  ;        ;        ; 9.033  ;
; a[31]      ; output[8]   ; 12.327 ; 14.824 ; 15.492 ; 11.894 ;
; a[31]      ; output[9]   ; 10.390 ;        ;        ; 9.629  ;
; a[31]      ; output[10]  ; 10.056 ; 11.066 ; 12.260 ; 9.176  ;
; a[31]      ; output[11]  ; 11.516 ;        ;        ; 10.914 ;
; a[31]      ; output[12]  ; 11.929 ; 10.958 ; 11.874 ; 10.945 ;
; a[31]      ; output[13]  ; 10.337 ;        ;        ; 10.012 ;
; a[31]      ; output[14]  ; 10.312 ; 10.067 ; 10.232 ; 9.982  ;
; a[31]      ; output[15]  ; 10.305 ;        ;        ; 9.975  ;
; a[31]      ; output[16]  ; 12.279 ; 11.726 ; 12.261 ; 11.703 ;
; a[31]      ; output[17]  ; 10.024 ;        ;        ; 9.441  ;
; a[31]      ; output[18]  ; 10.591 ; 10.116 ; 10.748 ; 10.208 ;
; a[31]      ; output[19]  ; 11.062 ;        ;        ; 10.569 ;
; a[31]      ; output[20]  ; 12.580 ; 12.011 ; 12.489 ; 11.879 ;
; a[31]      ; output[21]  ; 11.430 ;        ;        ; 10.799 ;
; a[31]      ; output[22]  ; 9.551  ; 9.128  ; 9.496  ; 9.068  ;
; a[31]      ; output[23]  ; 12.526 ;        ;        ; 11.766 ;
; a[31]      ; output[24]  ; 10.271 ; 9.951  ; 10.307 ; 9.935  ;
; a[31]      ; output[25]  ; 11.419 ;        ;        ; 10.775 ;
; a[31]      ; output[26]  ; 11.931 ; 11.491 ; 11.923 ; 11.304 ;
; a[31]      ; output[27]  ; 11.998 ;        ;        ; 11.324 ;
; a[31]      ; output[28]  ; 12.257 ;        ;        ; 11.545 ;
; a[31]      ; output[29]  ; 9.813  ;        ;        ; 9.491  ;
; a[31]      ; output[30]  ; 10.951 ;        ;        ; 10.116 ;
; a[31]      ; output[31]  ; 9.591  ; 9.081  ; 9.754  ; 9.279  ;
; b[0]       ; output[0]   ; 11.046 ; 10.776 ; 10.991 ; 10.739 ;
; b[0]       ; output[1]   ; 14.213 ; 13.726 ; 14.293 ; 13.806 ;
; b[0]       ; output[2]   ; 12.923 ; 11.657 ; 12.216 ; 12.490 ;
; b[0]       ; output[3]   ; 16.253 ; 14.913 ; 16.379 ; 15.034 ;
; b[0]       ; output[4]   ; 14.677 ; 13.302 ; 13.924 ; 14.439 ;
; b[0]       ; output[5]   ; 16.073 ; 14.965 ; 16.153 ; 15.045 ;
; b[0]       ; output[6]   ; 14.290 ; 13.200 ; 14.408 ; 13.318 ;
; b[0]       ; output[7]   ; 12.996 ; 12.650 ; 13.075 ; 12.729 ;
; b[0]       ; output[8]   ; 16.834 ; 15.781 ; 16.654 ; 16.175 ;
; b[0]       ; output[9]   ; 15.118 ; 14.181 ; 15.198 ; 14.261 ;
; b[0]       ; output[10]  ; 14.355 ; 13.261 ; 14.450 ; 13.351 ;
; b[0]       ; output[11]  ; 16.272 ; 15.220 ; 16.330 ; 15.319 ;
; b[0]       ; output[12]  ; 15.725 ; 13.983 ; 15.281 ; 14.889 ;
; b[0]       ; output[13]  ; 13.668 ; 13.099 ; 13.726 ; 13.198 ;
; b[0]       ; output[14]  ; 13.661 ; 12.735 ; 13.272 ; 13.173 ;
; b[0]       ; output[15]  ; 15.463 ; 14.911 ; 15.542 ; 14.990 ;
; b[0]       ; output[16]  ; 16.949 ; 15.080 ; 16.346 ; 16.548 ;
; b[0]       ; output[17]  ; 13.523 ; 12.641 ; 13.608 ; 12.721 ;
; b[0]       ; output[18]  ; 15.094 ; 13.621 ; 14.632 ; 14.454 ;
; b[0]       ; output[19]  ; 14.936 ; 13.943 ; 15.020 ; 14.022 ;
; b[0]       ; output[20]  ; 16.394 ; 14.472 ; 15.305 ; 15.452 ;
; b[0]       ; output[21]  ; 15.598 ; 14.954 ; 15.678 ; 15.034 ;
; b[0]       ; output[22]  ; 14.284 ; 12.571 ; 13.450 ; 13.404 ;
; b[0]       ; output[23]  ; 16.528 ; 15.545 ; 16.612 ; 15.624 ;
; b[0]       ; output[24]  ; 14.280 ; 13.381 ; 14.342 ; 13.497 ;
; b[0]       ; output[25]  ; 14.679 ; 13.889 ; 14.799 ; 13.874 ;
; b[0]       ; output[26]  ; 15.315 ; 14.412 ; 15.436 ; 14.528 ;
; b[0]       ; output[27]  ; 15.414 ; 14.870 ; 15.542 ; 14.998 ;
; b[0]       ; output[28]  ; 16.336 ; 15.345 ; 16.434 ; 15.438 ;
; b[0]       ; output[29]  ; 13.801 ; 13.068 ; 13.859 ; 13.167 ;
; b[0]       ; output[30]  ; 14.549 ; 13.541 ; 14.939 ; 13.868 ;
; b[0]       ; output[31]  ; 15.972 ; 15.085 ; 16.090 ; 15.127 ;
; b[1]       ; output[0]   ; 13.598 ; 11.762 ; 12.431 ; 13.133 ;
; b[1]       ; output[1]   ; 12.987 ; 12.614 ; 13.137 ; 12.646 ;
; b[1]       ; output[2]   ; 11.987 ; 11.503 ; 12.120 ; 11.631 ;
; b[1]       ; output[3]   ; 16.171 ; 15.220 ; 16.492 ; 15.363 ;
; b[1]       ; output[4]   ; 13.967 ; 13.572 ; 14.200 ; 13.805 ;
; b[1]       ; output[5]   ; 16.069 ; 14.820 ; 16.233 ; 14.989 ;
; b[1]       ; output[6]   ; 14.003 ; 12.887 ; 14.207 ; 13.117 ;
; b[1]       ; output[7]   ; 12.750 ; 12.404 ; 12.994 ; 12.648 ;
; b[1]       ; output[8]   ; 16.391 ; 15.612 ; 16.599 ; 15.798 ;
; b[1]       ; output[9]   ; 15.309 ; 14.297 ; 15.464 ; 14.443 ;
; b[1]       ; output[10]  ; 14.370 ; 13.121 ; 14.419 ; 13.277 ;
; b[1]       ; output[11]  ; 15.712 ; 14.805 ; 15.841 ; 14.971 ;
; b[1]       ; output[12]  ; 15.613 ; 14.517 ; 15.762 ; 15.064 ;
; b[1]       ; output[13]  ; 13.396 ; 12.915 ; 13.632 ; 13.067 ;
; b[1]       ; output[14]  ; 12.963 ; 12.519 ; 13.067 ; 12.662 ;
; b[1]       ; output[15]  ; 15.217 ; 14.665 ; 15.415 ; 14.863 ;
; b[1]       ; output[16]  ; 16.744 ; 15.433 ; 16.717 ; 16.416 ;
; b[1]       ; output[17]  ; 15.577 ; 13.120 ; 14.064 ; 14.711 ;
; b[1]       ; output[18]  ; 14.403 ; 13.467 ; 14.536 ; 13.595 ;
; b[1]       ; output[19]  ; 15.371 ; 13.697 ; 14.763 ; 14.481 ;
; b[1]       ; output[20]  ; 15.945 ; 14.919 ; 15.786 ; 15.158 ;
; b[1]       ; output[21]  ; 15.985 ; 15.180 ; 16.189 ; 15.351 ;
; b[1]       ; output[22]  ; 13.221 ; 12.417 ; 13.354 ; 12.545 ;
; b[1]       ; output[23]  ; 16.423 ; 15.299 ; 16.355 ; 15.543 ;
; b[1]       ; output[24]  ; 13.695 ; 12.964 ; 13.894 ; 13.203 ;
; b[1]       ; output[25]  ; 14.346 ; 13.494 ; 14.439 ; 13.624 ;
; b[1]       ; output[26]  ; 14.155 ; 13.406 ; 14.337 ; 13.563 ;
; b[1]       ; output[27]  ; 14.838 ; 14.294 ; 15.056 ; 14.512 ;
; b[1]       ; output[28]  ; 16.722 ; 15.233 ; 16.274 ; 15.909 ;
; b[1]       ; output[29]  ; 12.595 ; 12.088 ; 12.822 ; 12.253 ;
; b[1]       ; output[30]  ; 14.902 ; 13.894 ; 15.310 ; 14.239 ;
; b[1]       ; output[31]  ; 15.858 ; 14.839 ; 15.833 ; 15.037 ;
; b[2]       ; output[0]   ; 12.761 ; 11.762 ; 12.352 ; 12.336 ;
; b[2]       ; output[1]   ; 14.686 ; 14.199 ; 14.927 ; 14.612 ;
; b[2]       ; output[2]   ; 10.964 ; 11.252 ; 11.418 ; 10.651 ;
; b[2]       ; output[3]   ; 15.753 ; 14.620 ; 15.844 ; 14.557 ;
; b[2]       ; output[4]   ; 13.559 ; 13.062 ; 13.691 ; 13.129 ;
; b[2]       ; output[5]   ; 14.342 ; 13.209 ; 14.400 ; 13.303 ;
; b[2]       ; output[6]   ; 14.454 ; 13.097 ; 14.367 ; 13.130 ;
; b[2]       ; output[7]   ; 12.145 ; 11.603 ; 12.152 ; 11.685 ;
; b[2]       ; output[8]   ; 15.186 ; 14.514 ; 15.288 ; 14.653 ;
; b[2]       ; output[9]   ; 14.427 ; 13.413 ; 14.500 ; 13.486 ;
; b[2]       ; output[10]  ; 13.544 ; 12.447 ; 13.618 ; 12.582 ;
; b[2]       ; output[11]  ; 14.888 ; 14.135 ; 14.894 ; 14.180 ;
; b[2]       ; output[12]  ; 14.916 ; 13.743 ; 15.048 ; 13.810 ;
; b[2]       ; output[13]  ; 12.667 ; 12.228 ; 12.725 ; 12.322 ;
; b[2]       ; output[14]  ; 12.697 ; 12.283 ; 12.700 ; 12.323 ;
; b[2]       ; output[15]  ; 14.472 ; 13.824 ; 14.527 ; 13.859 ;
; b[2]       ; output[16]  ; 16.042 ; 15.433 ; 16.181 ; 15.623 ;
; b[2]       ; output[17]  ; 14.345 ; 12.828 ; 13.757 ; 13.586 ;
; b[2]       ; output[18]  ; 14.799 ; 14.259 ; 14.934 ; 14.394 ;
; b[2]       ; output[19]  ; 15.046 ; 14.045 ; 15.086 ; 14.080 ;
; b[2]       ; output[20]  ; 14.772 ; 14.059 ; 14.921 ; 14.073 ;
; b[2]       ; output[21]  ; 15.320 ; 14.676 ; 15.215 ; 14.571 ;
; b[2]       ; output[22]  ; 12.929 ; 12.138 ; 12.925 ; 12.171 ;
; b[2]       ; output[23]  ; 15.737 ; 14.909 ; 15.756 ; 14.844 ;
; b[2]       ; output[24]  ; 13.244 ; 12.872 ; 13.380 ; 13.008 ;
; b[2]       ; output[25]  ; 14.644 ; 13.602 ; 14.431 ; 13.951 ;
; b[2]       ; output[26]  ; 14.623 ; 13.833 ; 14.642 ; 13.921 ;
; b[2]       ; output[27]  ; 15.002 ; 14.458 ; 15.037 ; 14.493 ;
; b[2]       ; output[28]  ; 15.844 ; 15.044 ; 15.972 ; 15.066 ;
; b[2]       ; output[29]  ; 12.883 ; 12.376 ; 12.973 ; 12.404 ;
; b[2]       ; output[30]  ; 14.902 ; 13.894 ; 15.231 ; 14.160 ;
; b[2]       ; output[31]  ; 15.179 ; 14.384 ; 15.184 ; 14.337 ;
; b[3]       ; output[0]   ; 13.389 ; 12.035 ; 12.500 ; 12.698 ;
; b[3]       ; output[1]   ; 13.903 ; 13.416 ; 14.188 ; 13.873 ;
; b[3]       ; output[2]   ; 10.437 ; 10.180 ; 10.565 ; 10.308 ;
; b[3]       ; output[3]   ; 14.067 ; 13.161 ; 14.194 ; 13.182 ;
; b[3]       ; output[4]   ; 13.968 ; 12.176 ; 12.533 ; 13.857 ;
; b[3]       ; output[5]   ; 14.370 ; 13.262 ; 14.427 ; 13.617 ;
; b[3]       ; output[6]   ; 13.249 ; 12.097 ; 13.291 ; 12.134 ;
; b[3]       ; output[7]   ; 11.307 ; 10.961 ; 11.513 ; 11.356 ;
; b[3]       ; output[8]   ; 15.648 ; 14.965 ; 15.602 ; 14.954 ;
; b[3]       ; output[9]   ; 13.769 ; 12.832 ; 13.858 ; 12.921 ;
; b[3]       ; output[10]  ; 13.649 ; 12.592 ; 13.486 ; 12.464 ;
; b[3]       ; output[11]  ; 14.694 ; 13.933 ; 14.593 ; 13.827 ;
; b[3]       ; output[12]  ; 13.952 ; 12.868 ; 13.890 ; 12.842 ;
; b[3]       ; output[13]  ; 11.809 ; 11.354 ; 11.867 ; 11.449 ;
; b[3]       ; output[14]  ; 11.539 ; 10.801 ; 11.093 ; 11.327 ;
; b[3]       ; output[15]  ; 13.768 ; 13.216 ; 13.848 ; 13.296 ;
; b[3]       ; output[16]  ; 16.660 ; 15.706 ; 16.512 ; 15.731 ;
; b[3]       ; output[17]  ; 12.957 ; 12.045 ; 13.018 ; 12.198 ;
; b[3]       ; output[18]  ; 12.593 ; 12.053 ; 12.721 ; 12.181 ;
; b[3]       ; output[19]  ; 13.745 ; 12.827 ; 13.823 ; 12.900 ;
; b[3]       ; output[20]  ; 13.819 ; 13.164 ; 13.756 ; 13.138 ;
; b[3]       ; output[21]  ; 13.895 ; 13.251 ; 14.047 ; 13.408 ;
; b[3]       ; output[22]  ; 11.969 ; 11.360 ; 12.011 ; 11.397 ;
; b[3]       ; output[23]  ; 14.465 ; 13.547 ; 14.538 ; 13.615 ;
; b[3]       ; output[24]  ; 12.888 ; 12.313 ; 13.151 ; 12.541 ;
; b[3]       ; output[25]  ; 13.637 ; 12.874 ; 13.731 ; 12.963 ;
; b[3]       ; output[26]  ; 13.770 ; 13.049 ; 13.975 ; 13.185 ;
; b[3]       ; output[27]  ; 14.035 ; 13.491 ; 14.102 ; 13.558 ;
; b[3]       ; output[28]  ; 15.061 ; 14.261 ; 15.233 ; 14.327 ;
; b[3]       ; output[29]  ; 13.269 ; 12.762 ; 13.244 ; 12.675 ;
; b[3]       ; output[30]  ; 14.749 ; 13.815 ; 14.851 ; 13.917 ;
; b[3]       ; output[31]  ; 13.828 ; 13.034 ; 13.906 ; 13.107 ;
; b[4]       ; output[0]   ; 10.921 ; 10.645 ; 11.018 ; 10.738 ;
; b[4]       ; output[1]   ; 13.261 ; 13.257 ; 13.757 ; 12.697 ;
; b[4]       ; output[2]   ; 11.577 ; 10.664 ; 11.212 ; 11.241 ;
; b[4]       ; output[3]   ; 14.218 ; 13.236 ; 14.253 ; 13.251 ;
; b[4]       ; output[4]   ; 11.213 ; 10.794 ; 11.328 ; 10.946 ;
; b[4]       ; output[5]   ; 15.130 ; 14.073 ; 15.066 ; 13.968 ;
; b[4]       ; output[6]   ; 13.852 ; 12.447 ; 13.564 ; 12.740 ;
; b[4]       ; output[7]   ; 11.994 ; 11.648 ; 11.975 ; 11.629 ;
; b[4]       ; output[8]   ; 15.454 ; 13.791 ; 14.546 ; 14.868 ;
; b[4]       ; output[9]   ; 12.804 ; 11.950 ; 12.978 ; 11.972 ;
; b[4]       ; output[10]  ; 13.109 ; 12.026 ; 13.150 ; 12.062 ;
; b[4]       ; output[11]  ; 13.747 ; 13.106 ; 13.960 ; 13.097 ;
; b[4]       ; output[12]  ; 14.252 ; 11.576 ; 12.663 ; 13.363 ;
; b[4]       ; output[13]  ; 11.282 ; 11.016 ; 11.598 ; 10.997 ;
; b[4]       ; output[14]  ; 11.873 ; 10.612 ; 10.872 ; 11.764 ;
; b[4]       ; output[15]  ; 12.300 ; 12.831 ; 13.597 ; 11.872 ;
; b[4]       ; output[16]  ; 14.474 ; 13.916 ; 14.573 ; 14.015 ;
; b[4]       ; output[17]  ; 11.805 ; 11.728 ; 12.589 ; 11.238 ;
; b[4]       ; output[18]  ; 13.699 ; 13.198 ; 13.652 ; 12.969 ;
; b[4]       ; output[19]  ; 13.297 ; 12.645 ; 13.440 ; 12.634 ;
; b[4]       ; output[20]  ; 12.743 ; 12.583 ; 13.336 ; 12.271 ;
; b[4]       ; output[21]  ; 13.666 ; 12.861 ; 13.764 ; 12.996 ;
; b[4]       ; output[22]  ; 11.285 ; 10.857 ; 11.391 ; 10.963 ;
; b[4]       ; output[23]  ; 14.745 ; 13.855 ; 14.796 ; 13.935 ;
; b[4]       ; output[24]  ; 13.180 ; 12.570 ; 13.142 ; 12.567 ;
; b[4]       ; output[25]  ; 13.823 ; 13.064 ; 13.938 ; 13.122 ;
; b[4]       ; output[26]  ; 14.004 ; 13.214 ; 14.024 ; 13.303 ;
; b[4]       ; output[27]  ; 14.223 ; 13.492 ; 14.416 ; 13.534 ;
; b[4]       ; output[28]  ; 14.557 ; 13.662 ; 14.652 ; 13.794 ;
; b[4]       ; output[29]  ; 11.926 ; 11.489 ; 12.115 ; 11.527 ;
; b[4]       ; output[30]  ; 13.476 ; 12.539 ; 13.625 ; 12.526 ;
; b[4]       ; output[31]  ; 13.583 ; 13.702 ; 14.506 ; 12.865 ;
; b[5]       ; output[0]   ; 14.621 ; 14.026 ; 14.729 ; 14.134 ;
; b[5]       ; output[5]   ; 13.027 ; 11.915 ; 13.152 ; 12.075 ;
; b[5]       ; output[6]   ; 15.585 ; 14.263 ; 15.693 ; 14.371 ;
; b[5]       ; output[7]   ; 12.975 ; 12.629 ; 13.083 ; 12.737 ;
; b[5]       ; output[8]   ; 17.058 ; 16.281 ; 17.166 ; 16.389 ;
; b[5]       ; output[9]   ; 14.834 ; 13.897 ; 14.942 ; 14.005 ;
; b[5]       ; output[10]  ; 15.750 ; 14.530 ; 15.858 ; 14.638 ;
; b[5]       ; output[11]  ; 15.901 ; 15.387 ; 16.009 ; 15.495 ;
; b[5]       ; output[12]  ; 15.438 ; 14.509 ; 15.546 ; 14.617 ;
; b[5]       ; output[13]  ; 14.104 ; 13.762 ; 14.212 ; 13.870 ;
; b[5]       ; output[14]  ; 13.406 ; 13.156 ; 13.514 ; 13.264 ;
; b[5]       ; output[15]  ; 15.685 ; 15.133 ; 15.793 ; 15.241 ;
; b[5]       ; output[16]  ; 16.489 ; 15.931 ; 16.597 ; 16.039 ;
; b[5]       ; output[17]  ; 15.313 ; 14.343 ; 15.421 ; 14.451 ;
; b[5]       ; output[18]  ; 16.224 ; 15.684 ; 16.332 ; 15.792 ;
; b[5]       ; output[19]  ; 17.075 ; 16.058 ; 17.183 ; 16.166 ;
; b[5]       ; output[20]  ; 16.673 ; 16.063 ; 16.781 ; 16.171 ;
; b[5]       ; output[21]  ; 17.149 ; 16.505 ; 17.257 ; 16.613 ;
; b[5]       ; output[22]  ; 14.537 ; 14.109 ; 14.645 ; 14.217 ;
; b[5]       ; output[23]  ; 17.590 ; 16.725 ; 17.698 ; 16.833 ;
; b[5]       ; output[24]  ; 14.797 ; 14.425 ; 14.905 ; 14.533 ;
; b[5]       ; output[25]  ; 17.089 ; 16.179 ; 17.197 ; 16.287 ;
; b[5]       ; output[26]  ; 16.261 ; 15.642 ; 16.369 ; 15.750 ;
; b[5]       ; output[27]  ; 17.647 ; 17.103 ; 17.755 ; 17.211 ;
; b[5]       ; output[28]  ; 18.918 ; 18.172 ; 19.026 ; 18.280 ;
; b[5]       ; output[29]  ; 16.103 ; 15.567 ; 16.211 ; 15.675 ;
; b[5]       ; output[30]  ; 17.036 ; 16.102 ; 17.144 ; 16.210 ;
; b[5]       ; output[31]  ; 16.174 ; 15.446 ; 16.282 ; 15.554 ;
; b[6]       ; output[0]   ; 14.615 ; 14.054 ; 14.709 ; 14.148 ;
; b[6]       ; output[6]   ; 12.769 ; 11.759 ; 12.796 ; 11.786 ;
; b[6]       ; output[7]   ; 13.238 ; 12.892 ; 13.332 ; 12.986 ;
; b[6]       ; output[8]   ; 17.321 ; 16.544 ; 17.415 ; 16.638 ;
; b[6]       ; output[9]   ; 15.097 ; 14.160 ; 15.191 ; 14.254 ;
; b[6]       ; output[10]  ; 16.013 ; 14.793 ; 16.107 ; 14.887 ;
; b[6]       ; output[11]  ; 16.164 ; 15.650 ; 16.258 ; 15.744 ;
; b[6]       ; output[12]  ; 15.701 ; 14.772 ; 15.795 ; 14.866 ;
; b[6]       ; output[13]  ; 14.367 ; 14.025 ; 14.461 ; 14.119 ;
; b[6]       ; output[14]  ; 13.669 ; 13.419 ; 13.763 ; 13.513 ;
; b[6]       ; output[15]  ; 15.948 ; 15.396 ; 16.042 ; 15.490 ;
; b[6]       ; output[16]  ; 16.752 ; 16.194 ; 16.846 ; 16.288 ;
; b[6]       ; output[17]  ; 15.576 ; 14.606 ; 15.670 ; 14.700 ;
; b[6]       ; output[18]  ; 16.487 ; 15.947 ; 16.581 ; 16.041 ;
; b[6]       ; output[19]  ; 17.338 ; 16.321 ; 17.432 ; 16.415 ;
; b[6]       ; output[20]  ; 16.936 ; 16.326 ; 17.030 ; 16.420 ;
; b[6]       ; output[21]  ; 17.412 ; 16.768 ; 17.506 ; 16.862 ;
; b[6]       ; output[22]  ; 14.800 ; 14.372 ; 14.894 ; 14.466 ;
; b[6]       ; output[23]  ; 17.853 ; 16.988 ; 17.947 ; 17.082 ;
; b[6]       ; output[24]  ; 15.060 ; 14.688 ; 15.154 ; 14.782 ;
; b[6]       ; output[25]  ; 17.352 ; 16.442 ; 17.446 ; 16.536 ;
; b[6]       ; output[26]  ; 16.524 ; 15.905 ; 16.618 ; 15.999 ;
; b[6]       ; output[27]  ; 17.910 ; 17.366 ; 18.004 ; 17.460 ;
; b[6]       ; output[28]  ; 19.181 ; 18.435 ; 19.275 ; 18.529 ;
; b[6]       ; output[29]  ; 16.366 ; 15.830 ; 16.460 ; 15.924 ;
; b[6]       ; output[30]  ; 17.299 ; 16.365 ; 17.393 ; 16.459 ;
; b[6]       ; output[31]  ; 16.437 ; 15.709 ; 16.531 ; 15.803 ;
; b[7]       ; output[0]   ; 14.173 ; 13.626 ; 14.241 ; 13.694 ;
; b[7]       ; output[7]   ; 10.269 ; 10.243 ; 10.506 ; 9.972  ;
; b[7]       ; output[8]   ; 16.678 ; 15.901 ; 16.746 ; 15.969 ;
; b[7]       ; output[9]   ; 14.454 ; 13.517 ; 14.522 ; 13.585 ;
; b[7]       ; output[10]  ; 15.370 ; 14.150 ; 15.438 ; 14.218 ;
; b[7]       ; output[11]  ; 15.521 ; 15.007 ; 15.589 ; 15.075 ;
; b[7]       ; output[12]  ; 15.058 ; 14.129 ; 15.126 ; 14.197 ;
; b[7]       ; output[13]  ; 13.724 ; 13.382 ; 13.792 ; 13.450 ;
; b[7]       ; output[14]  ; 13.026 ; 12.776 ; 13.094 ; 12.844 ;
; b[7]       ; output[15]  ; 15.305 ; 14.753 ; 15.373 ; 14.821 ;
; b[7]       ; output[16]  ; 16.109 ; 15.551 ; 16.177 ; 15.619 ;
; b[7]       ; output[17]  ; 14.933 ; 13.963 ; 15.001 ; 14.031 ;
; b[7]       ; output[18]  ; 15.844 ; 15.304 ; 15.912 ; 15.372 ;
; b[7]       ; output[19]  ; 16.695 ; 15.678 ; 16.763 ; 15.746 ;
; b[7]       ; output[20]  ; 16.293 ; 15.683 ; 16.361 ; 15.751 ;
; b[7]       ; output[21]  ; 16.769 ; 16.125 ; 16.837 ; 16.193 ;
; b[7]       ; output[22]  ; 14.157 ; 13.729 ; 14.225 ; 13.797 ;
; b[7]       ; output[23]  ; 17.210 ; 16.345 ; 17.278 ; 16.413 ;
; b[7]       ; output[24]  ; 14.417 ; 14.045 ; 14.485 ; 14.113 ;
; b[7]       ; output[25]  ; 16.709 ; 15.799 ; 16.777 ; 15.867 ;
; b[7]       ; output[26]  ; 15.881 ; 15.262 ; 15.949 ; 15.330 ;
; b[7]       ; output[27]  ; 17.267 ; 16.723 ; 17.335 ; 16.791 ;
; b[7]       ; output[28]  ; 18.538 ; 17.792 ; 18.606 ; 17.860 ;
; b[7]       ; output[29]  ; 15.723 ; 15.187 ; 15.791 ; 15.255 ;
; b[7]       ; output[30]  ; 16.656 ; 15.722 ; 16.724 ; 15.790 ;
; b[7]       ; output[31]  ; 15.794 ; 15.066 ; 15.862 ; 15.134 ;
; b[8]       ; output[0]   ; 15.565 ; 15.060 ; 15.688 ; 15.183 ;
; b[8]       ; output[8]   ; 14.486 ; 14.023 ; 14.599 ; 14.141 ;
; b[8]       ; output[9]   ; 15.044 ; 14.107 ; 15.167 ; 14.230 ;
; b[8]       ; output[10]  ; 15.960 ; 14.740 ; 16.083 ; 14.863 ;
; b[8]       ; output[11]  ; 16.111 ; 15.597 ; 16.234 ; 15.720 ;
; b[8]       ; output[12]  ; 15.648 ; 14.719 ; 15.771 ; 14.842 ;
; b[8]       ; output[13]  ; 14.314 ; 13.972 ; 14.437 ; 14.095 ;
; b[8]       ; output[14]  ; 13.616 ; 13.366 ; 13.739 ; 13.489 ;
; b[8]       ; output[15]  ; 15.895 ; 15.343 ; 16.018 ; 15.466 ;
; b[8]       ; output[16]  ; 16.699 ; 16.141 ; 16.822 ; 16.264 ;
; b[8]       ; output[17]  ; 15.523 ; 14.553 ; 15.646 ; 14.676 ;
; b[8]       ; output[18]  ; 16.434 ; 15.894 ; 16.557 ; 16.017 ;
; b[8]       ; output[19]  ; 17.285 ; 16.268 ; 17.408 ; 16.391 ;
; b[8]       ; output[20]  ; 16.883 ; 16.273 ; 17.006 ; 16.396 ;
; b[8]       ; output[21]  ; 17.359 ; 16.715 ; 17.482 ; 16.838 ;
; b[8]       ; output[22]  ; 14.747 ; 14.319 ; 14.870 ; 14.442 ;
; b[8]       ; output[23]  ; 17.800 ; 16.935 ; 17.923 ; 17.058 ;
; b[8]       ; output[24]  ; 15.007 ; 14.635 ; 15.130 ; 14.758 ;
; b[8]       ; output[25]  ; 17.299 ; 16.389 ; 17.422 ; 16.512 ;
; b[8]       ; output[26]  ; 16.471 ; 15.852 ; 16.594 ; 15.975 ;
; b[8]       ; output[27]  ; 17.857 ; 17.313 ; 17.980 ; 17.436 ;
; b[8]       ; output[28]  ; 19.128 ; 18.382 ; 19.251 ; 18.505 ;
; b[8]       ; output[29]  ; 16.313 ; 15.777 ; 16.436 ; 15.900 ;
; b[8]       ; output[30]  ; 17.246 ; 16.312 ; 17.369 ; 16.435 ;
; b[8]       ; output[31]  ; 16.384 ; 15.656 ; 16.507 ; 15.779 ;
; b[9]       ; output[0]   ; 14.999 ; 14.494 ; 15.095 ; 14.590 ;
; b[9]       ; output[9]   ; 12.049 ; 11.140 ; 12.194 ; 11.197 ;
; b[9]       ; output[10]  ; 15.394 ; 14.174 ; 15.490 ; 14.270 ;
; b[9]       ; output[11]  ; 15.545 ; 15.031 ; 15.641 ; 15.127 ;
; b[9]       ; output[12]  ; 15.082 ; 14.153 ; 15.178 ; 14.249 ;
; b[9]       ; output[13]  ; 13.748 ; 13.406 ; 13.844 ; 13.502 ;
; b[9]       ; output[14]  ; 13.050 ; 12.800 ; 13.146 ; 12.896 ;
; b[9]       ; output[15]  ; 15.329 ; 14.777 ; 15.425 ; 14.873 ;
; b[9]       ; output[16]  ; 16.133 ; 15.575 ; 16.229 ; 15.671 ;
; b[9]       ; output[17]  ; 14.957 ; 13.987 ; 15.053 ; 14.083 ;
; b[9]       ; output[18]  ; 15.868 ; 15.328 ; 15.964 ; 15.424 ;
; b[9]       ; output[19]  ; 16.719 ; 15.702 ; 16.815 ; 15.798 ;
; b[9]       ; output[20]  ; 16.317 ; 15.707 ; 16.413 ; 15.803 ;
; b[9]       ; output[21]  ; 16.793 ; 16.149 ; 16.889 ; 16.245 ;
; b[9]       ; output[22]  ; 14.181 ; 13.753 ; 14.277 ; 13.849 ;
; b[9]       ; output[23]  ; 17.234 ; 16.369 ; 17.330 ; 16.465 ;
; b[9]       ; output[24]  ; 14.441 ; 14.069 ; 14.537 ; 14.165 ;
; b[9]       ; output[25]  ; 16.733 ; 15.823 ; 16.829 ; 15.919 ;
; b[9]       ; output[26]  ; 15.905 ; 15.286 ; 16.001 ; 15.382 ;
; b[9]       ; output[27]  ; 17.291 ; 16.747 ; 17.387 ; 16.843 ;
; b[9]       ; output[28]  ; 18.562 ; 17.816 ; 18.658 ; 17.912 ;
; b[9]       ; output[29]  ; 15.747 ; 15.211 ; 15.843 ; 15.307 ;
; b[9]       ; output[30]  ; 16.680 ; 15.746 ; 16.776 ; 15.842 ;
; b[9]       ; output[31]  ; 15.818 ; 15.090 ; 15.914 ; 15.186 ;
; b[10]      ; output[0]   ; 14.305 ; 13.800 ; 14.458 ; 13.953 ;
; b[10]      ; output[10]  ; 13.355 ; 12.597 ; 13.423 ; 12.665 ;
; b[10]      ; output[11]  ; 14.851 ; 14.337 ; 15.004 ; 14.490 ;
; b[10]      ; output[12]  ; 14.388 ; 13.459 ; 14.541 ; 13.612 ;
; b[10]      ; output[13]  ; 13.054 ; 12.712 ; 13.207 ; 12.865 ;
; b[10]      ; output[14]  ; 12.356 ; 12.106 ; 12.509 ; 12.259 ;
; b[10]      ; output[15]  ; 14.635 ; 14.083 ; 14.788 ; 14.236 ;
; b[10]      ; output[16]  ; 15.439 ; 14.881 ; 15.592 ; 15.034 ;
; b[10]      ; output[17]  ; 14.263 ; 13.293 ; 14.416 ; 13.446 ;
; b[10]      ; output[18]  ; 15.174 ; 14.634 ; 15.327 ; 14.787 ;
; b[10]      ; output[19]  ; 16.025 ; 15.008 ; 16.178 ; 15.161 ;
; b[10]      ; output[20]  ; 15.623 ; 15.013 ; 15.776 ; 15.166 ;
; b[10]      ; output[21]  ; 16.099 ; 15.455 ; 16.252 ; 15.608 ;
; b[10]      ; output[22]  ; 13.487 ; 13.059 ; 13.640 ; 13.212 ;
; b[10]      ; output[23]  ; 16.540 ; 15.675 ; 16.693 ; 15.828 ;
; b[10]      ; output[24]  ; 13.747 ; 13.375 ; 13.900 ; 13.528 ;
; b[10]      ; output[25]  ; 16.039 ; 15.129 ; 16.192 ; 15.282 ;
; b[10]      ; output[26]  ; 15.211 ; 14.592 ; 15.364 ; 14.745 ;
; b[10]      ; output[27]  ; 16.597 ; 16.053 ; 16.750 ; 16.206 ;
; b[10]      ; output[28]  ; 17.868 ; 17.122 ; 18.021 ; 17.275 ;
; b[10]      ; output[29]  ; 15.053 ; 14.517 ; 15.206 ; 14.670 ;
; b[10]      ; output[30]  ; 15.986 ; 15.052 ; 16.139 ; 15.205 ;
; b[10]      ; output[31]  ; 15.124 ; 14.396 ; 15.277 ; 14.549 ;
; b[11]      ; output[0]   ; 14.564 ; 14.059 ; 14.715 ; 14.210 ;
; b[11]      ; output[11]  ; 12.345 ; 12.606 ; 13.263 ; 11.951 ;
; b[11]      ; output[12]  ; 14.647 ; 13.718 ; 14.798 ; 13.869 ;
; b[11]      ; output[13]  ; 13.313 ; 12.971 ; 13.464 ; 13.122 ;
; b[11]      ; output[14]  ; 12.615 ; 12.365 ; 12.766 ; 12.516 ;
; b[11]      ; output[15]  ; 14.894 ; 14.342 ; 15.045 ; 14.493 ;
; b[11]      ; output[16]  ; 15.698 ; 15.140 ; 15.849 ; 15.291 ;
; b[11]      ; output[17]  ; 14.522 ; 13.552 ; 14.648 ; 13.703 ;
; b[11]      ; output[18]  ; 15.433 ; 14.893 ; 15.584 ; 15.044 ;
; b[11]      ; output[19]  ; 16.284 ; 15.267 ; 16.410 ; 15.418 ;
; b[11]      ; output[20]  ; 15.882 ; 15.272 ; 16.033 ; 15.423 ;
; b[11]      ; output[21]  ; 16.358 ; 15.714 ; 16.509 ; 15.865 ;
; b[11]      ; output[22]  ; 13.746 ; 13.318 ; 13.897 ; 13.469 ;
; b[11]      ; output[23]  ; 16.799 ; 15.934 ; 16.925 ; 16.085 ;
; b[11]      ; output[24]  ; 14.006 ; 13.634 ; 14.157 ; 13.785 ;
; b[11]      ; output[25]  ; 16.298 ; 15.388 ; 16.424 ; 15.539 ;
; b[11]      ; output[26]  ; 15.470 ; 14.851 ; 15.621 ; 15.002 ;
; b[11]      ; output[27]  ; 16.856 ; 16.312 ; 17.007 ; 16.463 ;
; b[11]      ; output[28]  ; 18.127 ; 17.381 ; 18.278 ; 17.532 ;
; b[11]      ; output[29]  ; 15.312 ; 14.776 ; 15.463 ; 14.927 ;
; b[11]      ; output[30]  ; 16.245 ; 15.311 ; 16.396 ; 15.462 ;
; b[11]      ; output[31]  ; 15.383 ; 14.655 ; 15.509 ; 14.806 ;
; b[12]      ; output[0]   ; 14.736 ; 14.231 ; 14.858 ; 14.353 ;
; b[12]      ; output[12]  ; 12.311 ; 11.707 ; 12.692 ; 11.374 ;
; b[12]      ; output[13]  ; 13.485 ; 13.143 ; 13.607 ; 13.265 ;
; b[12]      ; output[14]  ; 12.787 ; 12.537 ; 12.909 ; 12.659 ;
; b[12]      ; output[15]  ; 15.066 ; 14.514 ; 15.188 ; 14.636 ;
; b[12]      ; output[16]  ; 15.870 ; 15.312 ; 15.992 ; 15.434 ;
; b[12]      ; output[17]  ; 14.694 ; 13.724 ; 14.816 ; 13.846 ;
; b[12]      ; output[18]  ; 15.605 ; 15.065 ; 15.727 ; 15.187 ;
; b[12]      ; output[19]  ; 16.456 ; 15.439 ; 16.578 ; 15.561 ;
; b[12]      ; output[20]  ; 16.054 ; 15.444 ; 16.176 ; 15.566 ;
; b[12]      ; output[21]  ; 16.530 ; 15.886 ; 16.652 ; 16.008 ;
; b[12]      ; output[22]  ; 13.918 ; 13.490 ; 14.040 ; 13.612 ;
; b[12]      ; output[23]  ; 16.971 ; 16.106 ; 17.093 ; 16.228 ;
; b[12]      ; output[24]  ; 14.178 ; 13.806 ; 14.300 ; 13.928 ;
; b[12]      ; output[25]  ; 16.470 ; 15.560 ; 16.592 ; 15.682 ;
; b[12]      ; output[26]  ; 15.642 ; 15.023 ; 15.764 ; 15.145 ;
; b[12]      ; output[27]  ; 17.028 ; 16.484 ; 17.150 ; 16.606 ;
; b[12]      ; output[28]  ; 18.299 ; 17.553 ; 18.421 ; 17.675 ;
; b[12]      ; output[29]  ; 15.484 ; 14.948 ; 15.606 ; 15.070 ;
; b[12]      ; output[30]  ; 16.417 ; 15.483 ; 16.539 ; 15.605 ;
; b[12]      ; output[31]  ; 15.555 ; 14.827 ; 15.677 ; 14.949 ;
; b[13]      ; output[0]   ; 14.581 ; 14.076 ; 14.679 ; 14.174 ;
; b[13]      ; output[13]  ; 10.637 ; 10.220 ; 10.740 ; 10.318 ;
; b[13]      ; output[14]  ; 12.632 ; 12.382 ; 12.730 ; 12.480 ;
; b[13]      ; output[15]  ; 14.911 ; 14.359 ; 15.009 ; 14.457 ;
; b[13]      ; output[16]  ; 15.715 ; 15.157 ; 15.813 ; 15.255 ;
; b[13]      ; output[17]  ; 14.539 ; 13.569 ; 14.637 ; 13.667 ;
; b[13]      ; output[18]  ; 15.450 ; 14.910 ; 15.548 ; 15.008 ;
; b[13]      ; output[19]  ; 16.301 ; 15.284 ; 16.399 ; 15.382 ;
; b[13]      ; output[20]  ; 15.899 ; 15.289 ; 15.997 ; 15.387 ;
; b[13]      ; output[21]  ; 16.375 ; 15.731 ; 16.473 ; 15.829 ;
; b[13]      ; output[22]  ; 13.763 ; 13.335 ; 13.861 ; 13.433 ;
; b[13]      ; output[23]  ; 16.816 ; 15.951 ; 16.914 ; 16.049 ;
; b[13]      ; output[24]  ; 14.023 ; 13.651 ; 14.121 ; 13.749 ;
; b[13]      ; output[25]  ; 16.315 ; 15.405 ; 16.413 ; 15.503 ;
; b[13]      ; output[26]  ; 15.487 ; 14.868 ; 15.585 ; 14.966 ;
; b[13]      ; output[27]  ; 16.873 ; 16.329 ; 16.971 ; 16.427 ;
; b[13]      ; output[28]  ; 18.144 ; 17.398 ; 18.242 ; 17.496 ;
; b[13]      ; output[29]  ; 15.329 ; 14.793 ; 15.427 ; 14.891 ;
; b[13]      ; output[30]  ; 16.262 ; 15.328 ; 16.360 ; 15.426 ;
; b[13]      ; output[31]  ; 15.400 ; 14.672 ; 15.498 ; 14.770 ;
; b[14]      ; output[0]   ; 14.182 ; 13.677 ; 14.270 ; 13.765 ;
; b[14]      ; output[14]  ; 10.099 ; 10.195 ; 10.520 ; 9.929  ;
; b[14]      ; output[15]  ; 14.512 ; 13.960 ; 14.600 ; 14.048 ;
; b[14]      ; output[16]  ; 15.316 ; 14.758 ; 15.404 ; 14.846 ;
; b[14]      ; output[17]  ; 14.140 ; 13.170 ; 14.228 ; 13.258 ;
; b[14]      ; output[18]  ; 15.051 ; 14.511 ; 15.139 ; 14.599 ;
; b[14]      ; output[19]  ; 15.902 ; 14.885 ; 15.990 ; 14.973 ;
; b[14]      ; output[20]  ; 15.500 ; 14.890 ; 15.588 ; 14.978 ;
; b[14]      ; output[21]  ; 15.976 ; 15.332 ; 16.064 ; 15.420 ;
; b[14]      ; output[22]  ; 13.364 ; 12.936 ; 13.452 ; 13.024 ;
; b[14]      ; output[23]  ; 16.417 ; 15.552 ; 16.505 ; 15.640 ;
; b[14]      ; output[24]  ; 13.624 ; 13.252 ; 13.712 ; 13.340 ;
; b[14]      ; output[25]  ; 15.916 ; 15.006 ; 16.004 ; 15.094 ;
; b[14]      ; output[26]  ; 15.088 ; 14.469 ; 15.176 ; 14.557 ;
; b[14]      ; output[27]  ; 16.474 ; 15.930 ; 16.562 ; 16.018 ;
; b[14]      ; output[28]  ; 17.745 ; 16.999 ; 17.833 ; 17.087 ;
; b[14]      ; output[29]  ; 14.930 ; 14.394 ; 15.018 ; 14.482 ;
; b[14]      ; output[30]  ; 15.863 ; 14.929 ; 15.951 ; 15.017 ;
; b[14]      ; output[31]  ; 15.001 ; 14.273 ; 15.089 ; 14.361 ;
; b[15]      ; output[0]   ; 14.776 ; 14.271 ; 14.877 ; 14.372 ;
; b[15]      ; output[15]  ; 12.409 ; 11.860 ; 12.471 ; 11.957 ;
; b[15]      ; output[16]  ; 15.910 ; 15.352 ; 16.011 ; 15.453 ;
; b[15]      ; output[17]  ; 14.734 ; 13.764 ; 14.835 ; 13.865 ;
; b[15]      ; output[18]  ; 15.645 ; 15.105 ; 15.746 ; 15.206 ;
; b[15]      ; output[19]  ; 16.496 ; 15.479 ; 16.597 ; 15.580 ;
; b[15]      ; output[20]  ; 16.094 ; 15.484 ; 16.195 ; 15.585 ;
; b[15]      ; output[21]  ; 16.570 ; 15.926 ; 16.671 ; 16.027 ;
; b[15]      ; output[22]  ; 13.958 ; 13.530 ; 14.059 ; 13.631 ;
; b[15]      ; output[23]  ; 17.011 ; 16.146 ; 17.112 ; 16.247 ;
; b[15]      ; output[24]  ; 14.218 ; 13.846 ; 14.319 ; 13.947 ;
; b[15]      ; output[25]  ; 16.510 ; 15.600 ; 16.611 ; 15.701 ;
; b[15]      ; output[26]  ; 15.682 ; 15.063 ; 15.783 ; 15.164 ;
; b[15]      ; output[27]  ; 17.068 ; 16.524 ; 17.169 ; 16.625 ;
; b[15]      ; output[28]  ; 18.339 ; 17.593 ; 18.440 ; 17.694 ;
; b[15]      ; output[29]  ; 15.524 ; 14.988 ; 15.625 ; 15.089 ;
; b[15]      ; output[30]  ; 16.457 ; 15.523 ; 16.558 ; 15.624 ;
; b[15]      ; output[31]  ; 15.595 ; 14.867 ; 15.696 ; 14.968 ;
; b[16]      ; output[0]   ; 14.525 ; 14.020 ; 14.539 ; 14.034 ;
; b[16]      ; output[16]  ; 12.830 ; 12.272 ; 12.888 ; 12.330 ;
; b[16]      ; output[17]  ; 14.483 ; 13.513 ; 14.488 ; 13.527 ;
; b[16]      ; output[18]  ; 15.394 ; 14.854 ; 15.408 ; 14.868 ;
; b[16]      ; output[19]  ; 16.245 ; 15.228 ; 16.250 ; 15.242 ;
; b[16]      ; output[20]  ; 15.843 ; 15.233 ; 15.857 ; 15.247 ;
; b[16]      ; output[21]  ; 16.319 ; 15.675 ; 16.333 ; 15.689 ;
; b[16]      ; output[22]  ; 13.707 ; 13.279 ; 13.721 ; 13.293 ;
; b[16]      ; output[23]  ; 16.760 ; 15.895 ; 16.765 ; 15.909 ;
; b[16]      ; output[24]  ; 13.967 ; 13.595 ; 13.981 ; 13.609 ;
; b[16]      ; output[25]  ; 16.259 ; 15.349 ; 16.264 ; 15.363 ;
; b[16]      ; output[26]  ; 15.431 ; 14.812 ; 15.445 ; 14.826 ;
; b[16]      ; output[27]  ; 16.817 ; 16.273 ; 16.831 ; 16.287 ;
; b[16]      ; output[28]  ; 18.088 ; 17.342 ; 18.102 ; 17.356 ;
; b[16]      ; output[29]  ; 15.273 ; 14.737 ; 15.287 ; 14.751 ;
; b[16]      ; output[30]  ; 16.206 ; 15.272 ; 16.220 ; 15.286 ;
; b[16]      ; output[31]  ; 15.344 ; 14.616 ; 15.349 ; 14.630 ;
; b[17]      ; output[0]   ; 13.790 ; 13.285 ; 13.922 ; 13.417 ;
; b[17]      ; output[17]  ; 10.911 ; 10.394 ; 11.022 ; 10.439 ;
; b[17]      ; output[18]  ; 14.659 ; 14.119 ; 14.791 ; 14.251 ;
; b[17]      ; output[19]  ; 15.510 ; 14.493 ; 15.642 ; 14.625 ;
; b[17]      ; output[20]  ; 15.108 ; 14.498 ; 15.240 ; 14.630 ;
; b[17]      ; output[21]  ; 15.584 ; 14.940 ; 15.716 ; 15.072 ;
; b[17]      ; output[22]  ; 12.972 ; 12.544 ; 13.104 ; 12.676 ;
; b[17]      ; output[23]  ; 16.025 ; 15.160 ; 16.157 ; 15.292 ;
; b[17]      ; output[24]  ; 13.232 ; 12.860 ; 13.364 ; 12.992 ;
; b[17]      ; output[25]  ; 15.524 ; 14.614 ; 15.656 ; 14.746 ;
; b[17]      ; output[26]  ; 14.696 ; 14.077 ; 14.828 ; 14.209 ;
; b[17]      ; output[27]  ; 16.082 ; 15.538 ; 16.214 ; 15.670 ;
; b[17]      ; output[28]  ; 17.353 ; 16.607 ; 17.485 ; 16.739 ;
; b[17]      ; output[29]  ; 14.538 ; 14.002 ; 14.670 ; 14.134 ;
; b[17]      ; output[30]  ; 15.471 ; 14.537 ; 15.603 ; 14.669 ;
; b[17]      ; output[31]  ; 14.609 ; 13.881 ; 14.741 ; 14.013 ;
; b[18]      ; output[0]   ; 14.929 ; 14.424 ; 15.068 ; 14.563 ;
; b[18]      ; output[18]  ; 12.047 ; 11.951 ; 12.634 ; 11.683 ;
; b[18]      ; output[19]  ; 16.649 ; 15.632 ; 16.788 ; 15.771 ;
; b[18]      ; output[20]  ; 16.247 ; 15.637 ; 16.386 ; 15.776 ;
; b[18]      ; output[21]  ; 16.723 ; 16.079 ; 16.862 ; 16.218 ;
; b[18]      ; output[22]  ; 14.111 ; 13.683 ; 14.250 ; 13.822 ;
; b[18]      ; output[23]  ; 17.164 ; 16.299 ; 17.303 ; 16.438 ;
; b[18]      ; output[24]  ; 14.371 ; 13.999 ; 14.510 ; 14.138 ;
; b[18]      ; output[25]  ; 16.663 ; 15.753 ; 16.802 ; 15.892 ;
; b[18]      ; output[26]  ; 15.835 ; 15.216 ; 15.974 ; 15.355 ;
; b[18]      ; output[27]  ; 17.221 ; 16.677 ; 17.360 ; 16.816 ;
; b[18]      ; output[28]  ; 18.492 ; 17.746 ; 18.631 ; 17.885 ;
; b[18]      ; output[29]  ; 15.677 ; 15.141 ; 15.816 ; 15.280 ;
; b[18]      ; output[30]  ; 16.610 ; 15.676 ; 16.749 ; 15.815 ;
; b[18]      ; output[31]  ; 15.748 ; 15.020 ; 15.887 ; 15.159 ;
; b[19]      ; output[0]   ; 14.604 ; 14.099 ; 14.655 ; 14.150 ;
; b[19]      ; output[19]  ; 12.406 ; 11.806 ; 12.497 ; 11.718 ;
; b[19]      ; output[20]  ; 15.922 ; 15.312 ; 15.973 ; 15.363 ;
; b[19]      ; output[21]  ; 16.398 ; 15.754 ; 16.449 ; 15.805 ;
; b[19]      ; output[22]  ; 13.786 ; 13.358 ; 13.837 ; 13.409 ;
; b[19]      ; output[23]  ; 16.839 ; 15.974 ; 16.890 ; 16.025 ;
; b[19]      ; output[24]  ; 14.046 ; 13.674 ; 14.097 ; 13.725 ;
; b[19]      ; output[25]  ; 16.338 ; 15.428 ; 16.389 ; 15.479 ;
; b[19]      ; output[26]  ; 15.510 ; 14.891 ; 15.561 ; 14.942 ;
; b[19]      ; output[27]  ; 16.896 ; 16.352 ; 16.947 ; 16.403 ;
; b[19]      ; output[28]  ; 18.167 ; 17.421 ; 18.218 ; 17.472 ;
; b[19]      ; output[29]  ; 15.352 ; 14.816 ; 15.403 ; 14.867 ;
; b[19]      ; output[30]  ; 16.285 ; 15.351 ; 16.336 ; 15.402 ;
; b[19]      ; output[31]  ; 15.423 ; 14.695 ; 15.474 ; 14.746 ;
; b[20]      ; output[0]   ; 13.519 ; 13.014 ; 13.666 ; 13.161 ;
; b[20]      ; output[20]  ; 12.464 ; 12.291 ; 13.001 ; 11.963 ;
; b[20]      ; output[21]  ; 15.313 ; 14.669 ; 15.460 ; 14.816 ;
; b[20]      ; output[22]  ; 12.701 ; 12.273 ; 12.848 ; 12.420 ;
; b[20]      ; output[23]  ; 15.754 ; 14.889 ; 15.876 ; 15.036 ;
; b[20]      ; output[24]  ; 12.961 ; 12.589 ; 13.108 ; 12.736 ;
; b[20]      ; output[25]  ; 15.253 ; 14.343 ; 15.375 ; 14.490 ;
; b[20]      ; output[26]  ; 14.425 ; 13.806 ; 14.572 ; 13.953 ;
; b[20]      ; output[27]  ; 15.811 ; 15.267 ; 15.958 ; 15.414 ;
; b[20]      ; output[28]  ; 17.082 ; 16.336 ; 17.229 ; 16.483 ;
; b[20]      ; output[29]  ; 14.267 ; 13.731 ; 14.414 ; 13.878 ;
; b[20]      ; output[30]  ; 15.200 ; 14.266 ; 15.347 ; 14.413 ;
; b[20]      ; output[31]  ; 14.338 ; 13.610 ; 14.460 ; 13.757 ;
; b[21]      ; output[0]   ; 14.443 ; 13.938 ; 14.665 ; 14.160 ;
; b[21]      ; output[21]  ; 12.763 ; 12.209 ; 12.989 ; 12.329 ;
; b[21]      ; output[22]  ; 13.625 ; 13.197 ; 13.847 ; 13.419 ;
; b[21]      ; output[23]  ; 16.678 ; 15.813 ; 16.900 ; 16.035 ;
; b[21]      ; output[24]  ; 13.885 ; 13.513 ; 14.107 ; 13.735 ;
; b[21]      ; output[25]  ; 16.177 ; 15.267 ; 16.399 ; 15.489 ;
; b[21]      ; output[26]  ; 15.349 ; 14.730 ; 15.571 ; 14.952 ;
; b[21]      ; output[27]  ; 16.735 ; 16.191 ; 16.957 ; 16.413 ;
; b[21]      ; output[28]  ; 18.006 ; 17.260 ; 18.228 ; 17.482 ;
; b[21]      ; output[29]  ; 15.191 ; 14.655 ; 15.413 ; 14.877 ;
; b[21]      ; output[30]  ; 16.124 ; 15.190 ; 16.346 ; 15.412 ;
; b[21]      ; output[31]  ; 15.262 ; 14.534 ; 15.484 ; 14.756 ;
; b[22]      ; output[0]   ; 13.621 ; 13.116 ; 13.798 ; 13.293 ;
; b[22]      ; output[22]  ; 10.177 ; 9.847  ; 10.455 ; 9.907  ;
; b[22]      ; output[23]  ; 15.856 ; 14.991 ; 16.033 ; 15.168 ;
; b[22]      ; output[24]  ; 13.063 ; 12.691 ; 13.240 ; 12.868 ;
; b[22]      ; output[25]  ; 15.355 ; 14.445 ; 15.532 ; 14.622 ;
; b[22]      ; output[26]  ; 14.527 ; 13.908 ; 14.704 ; 14.085 ;
; b[22]      ; output[27]  ; 15.913 ; 15.369 ; 16.090 ; 15.546 ;
; b[22]      ; output[28]  ; 17.184 ; 16.438 ; 17.361 ; 16.615 ;
; b[22]      ; output[29]  ; 14.369 ; 13.833 ; 14.546 ; 14.010 ;
; b[22]      ; output[30]  ; 15.302 ; 14.368 ; 15.479 ; 14.545 ;
; b[22]      ; output[31]  ; 14.440 ; 13.712 ; 14.617 ; 13.889 ;
; b[23]      ; output[0]   ; 14.023 ; 13.518 ; 14.172 ; 13.667 ;
; b[23]      ; output[23]  ; 12.421 ; 11.912 ; 12.617 ; 12.073 ;
; b[23]      ; output[24]  ; 13.465 ; 13.093 ; 13.614 ; 13.242 ;
; b[23]      ; output[25]  ; 15.757 ; 14.847 ; 15.906 ; 14.996 ;
; b[23]      ; output[26]  ; 14.929 ; 14.310 ; 15.078 ; 14.459 ;
; b[23]      ; output[27]  ; 16.315 ; 15.771 ; 16.464 ; 15.920 ;
; b[23]      ; output[28]  ; 17.586 ; 16.840 ; 17.735 ; 16.989 ;
; b[23]      ; output[29]  ; 14.771 ; 14.235 ; 14.920 ; 14.384 ;
; b[23]      ; output[30]  ; 15.704 ; 14.770 ; 15.853 ; 14.919 ;
; b[23]      ; output[31]  ; 14.842 ; 14.114 ; 14.991 ; 14.263 ;
; b[24]      ; output[0]   ; 13.876 ; 13.405 ; 13.990 ; 13.519 ;
; b[24]      ; output[24]  ; 10.736 ; 11.079 ; 11.557 ; 10.490 ;
; b[24]      ; output[25]  ; 15.891 ; 14.981 ; 16.005 ; 15.095 ;
; b[24]      ; output[26]  ; 15.063 ; 14.444 ; 15.177 ; 14.558 ;
; b[24]      ; output[27]  ; 16.449 ; 15.905 ; 16.563 ; 16.019 ;
; b[24]      ; output[28]  ; 17.720 ; 16.974 ; 17.834 ; 17.088 ;
; b[24]      ; output[29]  ; 14.905 ; 14.369 ; 15.019 ; 14.483 ;
; b[24]      ; output[30]  ; 15.838 ; 14.904 ; 15.952 ; 15.018 ;
; b[24]      ; output[31]  ; 14.976 ; 14.248 ; 15.090 ; 14.362 ;
; b[25]      ; output[0]   ; 13.960 ; 13.515 ; 14.092 ; 13.647 ;
; b[25]      ; output[25]  ; 11.402 ; 10.951 ; 11.494 ; 11.038 ;
; b[25]      ; output[26]  ; 14.817 ; 14.198 ; 14.949 ; 14.330 ;
; b[25]      ; output[27]  ; 16.203 ; 15.659 ; 16.335 ; 15.791 ;
; b[25]      ; output[28]  ; 17.474 ; 16.728 ; 17.606 ; 16.860 ;
; b[25]      ; output[29]  ; 14.659 ; 14.123 ; 14.791 ; 14.255 ;
; b[25]      ; output[30]  ; 15.592 ; 14.658 ; 15.724 ; 14.790 ;
; b[25]      ; output[31]  ; 14.730 ; 14.002 ; 14.831 ; 14.134 ;
; b[26]      ; output[0]   ; 14.366 ; 13.908 ; 14.296 ; 13.838 ;
; b[26]      ; output[26]  ; 11.892 ; 12.150 ; 12.692 ; 11.279 ;
; b[26]      ; output[27]  ; 16.790 ; 16.246 ; 16.720 ; 16.176 ;
; b[26]      ; output[28]  ; 18.061 ; 17.315 ; 17.991 ; 17.245 ;
; b[26]      ; output[29]  ; 15.246 ; 14.710 ; 15.176 ; 14.640 ;
; b[26]      ; output[30]  ; 16.179 ; 15.245 ; 16.109 ; 15.175 ;
; b[26]      ; output[31]  ; 15.317 ; 14.589 ; 15.247 ; 14.519 ;
; b[27]      ; output[0]   ; 13.849 ; 13.385 ; 13.964 ; 13.500 ;
; b[27]      ; output[27]  ; 13.160 ; 12.540 ; 13.240 ; 12.657 ;
; b[27]      ; output[28]  ; 17.582 ; 16.836 ; 17.697 ; 16.951 ;
; b[27]      ; output[29]  ; 14.767 ; 14.231 ; 14.882 ; 14.346 ;
; b[27]      ; output[30]  ; 15.700 ; 14.766 ; 15.815 ; 14.881 ;
; b[27]      ; output[31]  ; 14.838 ; 14.110 ; 14.953 ; 14.225 ;
; b[28]      ; output[0]   ; 14.347 ; 13.809 ; 14.389 ; 13.851 ;
; b[28]      ; output[28]  ; 12.840 ; 12.369 ; 13.185 ; 12.227 ;
; b[28]      ; output[29]  ; 14.953 ; 14.417 ; 14.995 ; 14.459 ;
; b[28]      ; output[30]  ; 15.886 ; 14.952 ; 15.928 ; 14.994 ;
; b[28]      ; output[31]  ; 15.024 ; 14.296 ; 15.066 ; 14.338 ;
; b[29]      ; output[0]   ; 13.522 ; 12.984 ; 13.681 ; 13.143 ;
; b[29]      ; output[29]  ; 11.187 ; 10.862 ; 11.471 ; 10.815 ;
; b[29]      ; output[30]  ; 15.061 ; 14.127 ; 15.220 ; 14.286 ;
; b[29]      ; output[31]  ; 14.199 ; 13.471 ; 14.303 ; 13.606 ;
; b[30]      ; output[0]   ; 13.811 ; 13.307 ; 13.982 ; 13.478 ;
; b[30]      ; output[30]  ; 12.760 ; 11.729 ; 12.896 ; 11.902 ;
; b[30]      ; output[31]  ; 14.769 ; 14.041 ; 14.940 ; 14.212 ;
; b[31]      ; output[0]   ; 14.056 ; 12.037 ; 12.482 ; 13.538 ;
; b[31]      ; output[31]  ; 12.162 ; 11.745 ; 12.207 ; 11.672 ;
; op[0]      ; output[0]   ; 10.979 ; 10.850 ; 11.037 ; 10.908 ;
; op[0]      ; output[1]   ; 13.128 ; 12.655 ; 13.186 ; 12.713 ;
; op[0]      ; output[2]   ; 10.962 ; 10.705 ; 11.020 ; 10.763 ;
; op[0]      ; output[3]   ; 14.775 ; 13.588 ; 14.838 ; 13.646 ;
; op[0]      ; output[4]   ; 12.237 ; 11.812 ; 12.412 ; 11.986 ;
; op[0]      ; output[5]   ; 14.461 ; 13.313 ; 14.330 ; 13.265 ;
; op[0]      ; output[6]   ; 13.930 ; 12.920 ; 13.988 ; 12.978 ;
; op[0]      ; output[7]   ; 11.909 ; 11.500 ; 11.607 ; 11.370 ;
; op[0]      ; output[8]   ; 15.214 ; 14.599 ; 15.272 ; 14.657 ;
; op[0]      ; output[9]   ; 13.006 ; 12.077 ; 12.871 ; 11.977 ;
; op[0]      ; output[10]  ; 13.850 ; 13.092 ; 13.956 ; 13.198 ;
; op[0]      ; output[11]  ; 13.588 ; 12.918 ; 13.651 ; 12.976 ;
; op[0]      ; output[12]  ; 13.139 ; 12.162 ; 13.241 ; 12.269 ;
; op[0]      ; output[13]  ; 12.252 ; 11.855 ; 12.310 ; 11.913 ;
; op[0]      ; output[14]  ; 11.526 ; 11.327 ; 11.748 ; 11.504 ;
; op[0]      ; output[15]  ; 12.727 ; 12.171 ; 12.785 ; 12.229 ;
; op[0]      ; output[16]  ; 13.857 ; 13.342 ; 14.058 ; 13.508 ;
; op[0]      ; output[17]  ; 11.755 ; 11.325 ; 11.974 ; 11.524 ;
; op[0]      ; output[18]  ; 12.705 ; 12.195 ; 12.898 ; 12.379 ;
; op[0]      ; output[19]  ; 12.595 ; 11.956 ; 12.653 ; 12.014 ;
; op[0]      ; output[20]  ; 13.735 ; 13.261 ; 13.793 ; 13.388 ;
; op[0]      ; output[21]  ; 13.824 ; 13.158 ; 13.882 ; 13.216 ;
; op[0]      ; output[22]  ; 11.825 ; 11.213 ; 11.878 ; 11.271 ;
; op[0]      ; output[23]  ; 12.957 ; 12.405 ; 12.951 ; 12.404 ;
; op[0]      ; output[24]  ; 11.729 ; 11.374 ; 11.787 ; 11.432 ;
; op[0]      ; output[25]  ; 11.902 ; 11.506 ; 11.960 ; 11.564 ;
; op[0]      ; output[26]  ; 13.309 ; 12.490 ; 13.372 ; 12.548 ;
; op[0]      ; output[27]  ; 13.682 ; 13.057 ; 13.740 ; 13.115 ;
; op[0]      ; output[28]  ; 14.187 ; 13.515 ; 14.066 ; 13.429 ;
; op[0]      ; output[29]  ; 12.399 ; 11.856 ; 12.457 ; 11.914 ;
; op[0]      ; output[30]  ; 13.334 ; 12.464 ; 13.162 ; 12.238 ;
; op[0]      ; output[31]  ; 11.957 ; 11.395 ; 12.020 ; 11.453 ;
; op[1]      ; output[0]   ; 9.126  ; 8.952  ; 9.231  ; 9.057  ;
; op[1]      ; output[1]   ; 11.338 ; 10.945 ; 11.442 ; 11.049 ;
; op[1]      ; output[2]   ; 8.633  ; 8.426  ; 8.738  ; 8.531  ;
; op[1]      ; output[3]   ; 12.936 ; 11.951 ; 13.040 ; 12.055 ;
; op[1]      ; output[4]   ; 9.757  ; 9.332  ; 9.862  ; 9.437  ;
; op[1]      ; output[5]   ; 11.831 ; 10.766 ; 11.935 ; 10.870 ;
; op[1]      ; output[6]   ; 11.675 ; 10.633 ; 11.780 ; 10.738 ;
; op[1]      ; output[7]   ; 9.108  ; 8.871  ; 9.212  ; 8.975  ;
; op[1]      ; output[8]   ; 12.750 ; 12.287 ; 12.855 ; 12.392 ;
; op[1]      ; output[9]   ; 10.372 ; 9.478  ; 10.476 ; 9.582  ;
; op[1]      ; output[10]  ; 11.370 ; 10.612 ; 11.475 ; 10.717 ;
; op[1]      ; output[11]  ; 11.431 ; 10.917 ; 11.539 ; 11.025 ;
; op[1]      ; output[12]  ; 10.659 ; 9.682  ; 10.764 ; 9.787  ;
; op[1]      ; output[13]  ; 10.038 ; 9.622  ; 10.142 ; 9.726  ;
; op[1]      ; output[14]  ; 9.046  ; 8.847  ; 9.151  ; 8.952  ;
; op[1]      ; output[15]  ; 10.731 ; 10.230 ; 10.835 ; 10.334 ;
; op[1]      ; output[16]  ; 11.377 ; 10.862 ; 11.482 ; 10.967 ;
; op[1]      ; output[17]  ; 9.275  ; 8.845  ; 9.380  ; 8.950  ;
; op[1]      ; output[18]  ; 10.225 ; 9.715  ; 10.330 ; 9.820  ;
; op[1]      ; output[19]  ; 11.066 ; 10.395 ; 11.170 ; 10.499 ;
; op[1]      ; output[20]  ; 11.357 ; 10.781 ; 11.462 ; 10.886 ;
; op[1]      ; output[21]  ; 11.409 ; 10.816 ; 11.513 ; 10.920 ;
; op[1]      ; output[22]  ; 9.379  ; 8.951  ; 9.483  ; 9.055  ;
; op[1]      ; output[23]  ; 10.477 ; 9.925  ; 10.582 ; 10.030 ;
; op[1]      ; output[24]  ; 9.320  ; 8.968  ; 9.425  ; 9.073  ;
; op[1]      ; output[25]  ; 10.394 ; 9.998  ; 10.560 ; 10.164 ;
; op[1]      ; output[26]  ; 10.932 ; 10.362 ; 11.036 ; 10.466 ;
; op[1]      ; output[27]  ; 11.676 ; 11.098 ; 11.780 ; 11.202 ;
; op[1]      ; output[28]  ; 11.567 ; 10.930 ; 11.671 ; 11.034 ;
; op[1]      ; output[29]  ; 10.130 ; 9.604  ; 10.234 ; 9.708  ;
; op[1]      ; output[30]  ; 10.663 ; 9.739  ; 10.767 ; 9.843  ;
; op[1]      ; output[31]  ; 10.078 ; 9.645  ; 10.182 ; 9.749  ;
; op[2]      ; output[0]   ; 11.080 ; 10.951 ; 11.443 ; 11.019 ;
; op[2]      ; output[1]   ; 13.229 ; 12.756 ; 13.400 ; 12.932 ;
; op[2]      ; output[2]   ; 11.063 ; 10.806 ; 11.269 ; 11.035 ;
; op[2]      ; output[3]   ; 14.939 ; 13.689 ; 14.891 ; 14.119 ;
; op[2]      ; output[4]   ; 12.307 ; 11.882 ; 12.477 ; 12.057 ;
; op[2]      ; output[5]   ; 14.373 ; 13.308 ; 14.254 ; 13.189 ;
; op[2]      ; output[6]   ; 14.031 ; 13.021 ; 14.230 ; 13.220 ;
; op[2]      ; output[7]   ; 11.650 ; 11.413 ; 11.531 ; 11.294 ;
; op[2]      ; output[8]   ; 15.300 ; 14.700 ; 15.499 ; 14.863 ;
; op[2]      ; output[9]   ; 12.914 ; 12.020 ; 12.795 ; 11.901 ;
; op[2]      ; output[10]  ; 13.920 ; 13.162 ; 13.998 ; 13.240 ;
; op[2]      ; output[11]  ; 13.706 ; 13.019 ; 13.704 ; 13.344 ;
; op[2]      ; output[12]  ; 13.209 ; 12.232 ; 13.283 ; 12.311 ;
; op[2]      ; output[13]  ; 12.353 ; 11.956 ; 12.461 ; 12.045 ;
; op[2]      ; output[14]  ; 11.596 ; 11.397 ; 11.790 ; 11.546 ;
; op[2]      ; output[15]  ; 12.828 ; 12.272 ; 12.854 ; 12.303 ;
; op[2]      ; output[16]  ; 13.927 ; 13.412 ; 14.100 ; 13.550 ;
; op[2]      ; output[17]  ; 11.825 ; 11.395 ; 12.017 ; 11.592 ;
; op[2]      ; output[18]  ; 12.775 ; 12.265 ; 12.940 ; 12.435 ;
; op[2]      ; output[19]  ; 12.696 ; 12.057 ; 12.903 ; 12.228 ;
; op[2]      ; output[20]  ; 13.836 ; 13.331 ; 14.057 ; 13.441 ;
; op[2]      ; output[21]  ; 13.925 ; 13.259 ; 13.832 ; 13.239 ;
; op[2]      ; output[22]  ; 11.921 ; 11.314 ; 11.802 ; 11.374 ;
; op[2]      ; output[23]  ; 13.027 ; 12.475 ; 12.993 ; 12.446 ;
; op[2]      ; output[24]  ; 11.830 ; 11.475 ; 12.004 ; 11.617 ;
; op[2]      ; output[25]  ; 12.003 ; 11.607 ; 12.209 ; 11.777 ;
; op[2]      ; output[26]  ; 13.474 ; 12.591 ; 13.355 ; 12.785 ;
; op[2]      ; output[27]  ; 13.783 ; 13.158 ; 13.968 ; 13.348 ;
; op[2]      ; output[28]  ; 14.109 ; 13.472 ; 13.990 ; 13.353 ;
; op[2]      ; output[29]  ; 12.500 ; 11.957 ; 12.553 ; 12.027 ;
; op[2]      ; output[30]  ; 13.205 ; 12.281 ; 13.086 ; 12.162 ;
; op[2]      ; output[31]  ; 12.263 ; 11.496 ; 12.073 ; 11.778 ;
; op[3]      ; output[0]   ; 10.939 ; 10.810 ; 11.399 ; 10.975 ;
; op[3]      ; output[1]   ; 13.088 ; 12.615 ; 13.356 ; 12.888 ;
; op[3]      ; output[2]   ; 10.760 ; 10.553 ; 10.915 ; 10.708 ;
; op[3]      ; output[3]   ; 14.798 ; 13.548 ; 14.847 ; 14.075 ;
; op[3]      ; output[4]   ; 11.884 ; 11.459 ; 12.039 ; 11.614 ;
; op[3]      ; output[5]   ; 13.973 ; 12.908 ; 14.076 ; 13.011 ;
; op[3]      ; output[6]   ; 13.802 ; 12.760 ; 13.957 ; 12.915 ;
; op[3]      ; output[7]   ; 11.250 ; 11.013 ; 11.353 ; 11.116 ;
; op[3]      ; output[8]   ; 14.877 ; 14.414 ; 15.032 ; 14.569 ;
; op[3]      ; output[9]   ; 12.514 ; 11.620 ; 12.617 ; 11.723 ;
; op[3]      ; output[10]  ; 13.497 ; 12.739 ; 13.652 ; 12.894 ;
; op[3]      ; output[11]  ; 13.565 ; 12.878 ; 13.660 ; 13.151 ;
; op[3]      ; output[12]  ; 12.786 ; 11.809 ; 12.941 ; 11.964 ;
; op[3]      ; output[13]  ; 12.180 ; 11.764 ; 12.283 ; 11.867 ;
; op[3]      ; output[14]  ; 11.173 ; 10.974 ; 11.328 ; 11.129 ;
; op[3]      ; output[15]  ; 12.687 ; 12.131 ; 12.810 ; 12.259 ;
; op[3]      ; output[16]  ; 13.504 ; 12.989 ; 13.659 ; 13.144 ;
; op[3]      ; output[17]  ; 11.402 ; 10.972 ; 11.557 ; 11.127 ;
; op[3]      ; output[18]  ; 12.352 ; 11.842 ; 12.507 ; 11.997 ;
; op[3]      ; output[19]  ; 12.555 ; 11.916 ; 12.859 ; 12.184 ;
; op[3]      ; output[20]  ; 13.484 ; 12.908 ; 13.639 ; 13.063 ;
; op[3]      ; output[21]  ; 13.551 ; 12.958 ; 13.654 ; 13.061 ;
; op[3]      ; output[22]  ; 11.521 ; 11.093 ; 11.624 ; 11.196 ;
; op[3]      ; output[23]  ; 12.604 ; 12.052 ; 12.693 ; 12.146 ;
; op[3]      ; output[24]  ; 11.447 ; 11.095 ; 11.602 ; 11.250 ;
; op[3]      ; output[25]  ; 11.862 ; 11.466 ; 12.165 ; 11.733 ;
; op[3]      ; output[26]  ; 13.074 ; 12.450 ; 13.177 ; 12.607 ;
; op[3]      ; output[27]  ; 13.642 ; 13.017 ; 13.921 ; 13.304 ;
; op[3]      ; output[28]  ; 13.709 ; 13.072 ; 13.812 ; 13.175 ;
; op[3]      ; output[29]  ; 12.272 ; 11.746 ; 12.375 ; 11.849 ;
; op[3]      ; output[30]  ; 12.805 ; 11.881 ; 12.908 ; 11.984 ;
; op[3]      ; output[31]  ; 12.122 ; 11.355 ; 12.029 ; 11.734 ;
+------------+-------------+--------+--------+--------+--------+


---------------------------------------------
; Slow 1200mV 0C Model Metastability Report ;
---------------------------------------------
No synchronizer chains to report.


--------------------------------------
; Fast 1200mV 0C Model Setup Summary ;
--------------------------------------
No paths to report.


-------------------------------------
; Fast 1200mV 0C Model Hold Summary ;
-------------------------------------
No paths to report.


-----------------------------------------
; Fast 1200mV 0C Model Recovery Summary ;
-----------------------------------------
No paths to report.


----------------------------------------
; Fast 1200mV 0C Model Removal Summary ;
----------------------------------------
No paths to report.


----------------------------------------------------
; Fast 1200mV 0C Model Minimum Pulse Width Summary ;
----------------------------------------------------
No paths to report.


+--------------------------------------------------------------+
; Propagation Delay                                            ;
+------------+-------------+--------+--------+--------+--------+
; Input Port ; Output Port ; RR     ; RF     ; FR     ; FF     ;
+------------+-------------+--------+--------+--------+--------+
; a[0]       ; output[0]   ; 8.280  ; 8.480  ; 9.141  ; 9.366  ;
; a[0]       ; output[1]   ; 8.297  ; 8.535  ; 9.158  ; 9.396  ;
; a[0]       ; output[2]   ; 6.966  ; 7.019  ; 7.767  ; 7.795  ;
; a[0]       ; output[3]   ; 9.466  ; 9.698  ; 10.327 ; 10.559 ;
; a[0]       ; output[4]   ; 7.244  ; 7.491  ; 8.045  ; 8.292  ;
; a[0]       ; output[5]   ; 8.211  ; 8.440  ; 9.072  ; 9.301  ;
; a[0]       ; output[6]   ; 7.546  ; 7.797  ; 8.322  ; 8.598  ;
; a[0]       ; output[7]   ; 6.611  ; 6.753  ; 7.472  ; 7.614  ;
; a[0]       ; output[8]   ; 8.620  ; 8.991  ; 9.396  ; 9.792  ;
; a[0]       ; output[9]   ; 7.299  ; 7.482  ; 8.160  ; 8.343  ;
; a[0]       ; output[10]  ; 7.625  ; 7.930  ; 8.401  ; 8.731  ;
; a[0]       ; output[11]  ; 8.155  ; 8.392  ; 9.117  ; 9.345  ;
; a[0]       ; output[12]  ; 7.672  ; 7.894  ; 8.473  ; 8.695  ;
; a[0]       ; output[13]  ; 7.864  ; 8.096  ; 8.872  ; 9.122  ;
; a[0]       ; output[14]  ; 6.909  ; 7.064  ; 7.710  ; 7.865  ;
; a[0]       ; output[15]  ; 8.345  ; 8.557  ; 9.206  ; 9.418  ;
; a[0]       ; output[16]  ; 8.427  ; 8.685  ; 9.228  ; 9.486  ;
; a[0]       ; output[17]  ; 7.434  ; 7.765  ; 8.320  ; 8.626  ;
; a[0]       ; output[18]  ; 8.343  ; 8.554  ; 9.144  ; 9.355  ;
; a[0]       ; output[19]  ; 8.412  ; 8.863  ; 9.298  ; 9.724  ;
; a[0]       ; output[20]  ; 8.807  ; 8.961  ; 9.608  ; 9.737  ;
; a[0]       ; output[21]  ; 8.923  ; 9.182  ; 9.784  ; 10.043 ;
; a[0]       ; output[22]  ; 7.743  ; 7.825  ; 8.544  ; 8.601  ;
; a[0]       ; output[23]  ; 8.680  ; 9.094  ; 9.566  ; 9.955  ;
; a[0]       ; output[24]  ; 7.643  ; 7.832  ; 8.444  ; 8.633  ;
; a[0]       ; output[25]  ; 8.437  ; 8.787  ; 9.323  ; 9.648  ;
; a[0]       ; output[26]  ; 8.367  ; 8.586  ; 9.168  ; 9.387  ;
; a[0]       ; output[27]  ; 8.906  ; 9.207  ; 9.767  ; 10.068 ;
; a[0]       ; output[28]  ; 9.753  ; 10.023 ; 10.554 ; 10.824 ;
; a[0]       ; output[29]  ; 8.245  ; 8.421  ; 9.106  ; 9.282  ;
; a[0]       ; output[30]  ; 8.562  ; 8.730  ; 9.363  ; 9.531  ;
; a[0]       ; output[31]  ; 8.052  ; 8.335  ; 8.938  ; 9.196  ;
; a[1]       ; output[0]   ; 7.839  ; 8.039  ; 8.479  ; 8.704  ;
; a[1]       ; output[1]   ; 7.649  ; 8.056  ; 8.360  ; 8.739  ;
; a[1]       ; output[2]   ; 6.525  ; 6.578  ; 7.105  ; 7.394  ;
; a[1]       ; output[3]   ; 9.025  ; 9.257  ; 9.665  ; 9.897  ;
; a[1]       ; output[4]   ; 7.648  ; 7.050  ; 7.383  ; 8.783  ;
; a[1]       ; output[5]   ; 7.937  ; 8.173  ; 8.829  ; 9.058  ;
; a[1]       ; output[6]   ; 7.497  ; 7.356  ; 7.660  ; 8.536  ;
; a[1]       ; output[7]   ; 6.610  ; 6.765  ; 7.518  ; 7.660  ;
; a[1]       ; output[8]   ; 8.665  ; 8.550  ; 8.734  ; 9.813  ;
; a[1]       ; output[9]   ; 7.424  ; 7.614  ; 8.319  ; 8.502  ;
; a[1]       ; output[10]  ; 7.853  ; 7.489  ; 7.739  ; 8.964  ;
; a[1]       ; output[11]  ; 8.331  ; 8.568  ; 9.303  ; 9.531  ;
; a[1]       ; output[12]  ; 8.115  ; 7.453  ; 7.811  ; 9.248  ;
; a[1]       ; output[13]  ; 8.046  ; 8.278  ; 9.046  ; 9.296  ;
; a[1]       ; output[14]  ; 6.917  ; 6.623  ; 7.048  ; 7.991  ;
; a[1]       ; output[15]  ; 8.063  ; 8.368  ; 9.027  ; 9.239  ;
; a[1]       ; output[16]  ; 8.931  ; 8.244  ; 8.566  ; 10.186 ;
; a[1]       ; output[17]  ; 6.993  ; 7.324  ; 7.658  ; 7.964  ;
; a[1]       ; output[18]  ; 7.902  ; 8.113  ; 8.482  ; 8.693  ;
; a[1]       ; output[19]  ; 7.971  ; 8.422  ; 8.636  ; 9.062  ;
; a[1]       ; output[20]  ; 8.366  ; 8.520  ; 8.946  ; 9.444  ;
; a[1]       ; output[21]  ; 8.482  ; 8.741  ; 9.122  ; 9.381  ;
; a[1]       ; output[22]  ; 7.302  ; 7.384  ; 7.882  ; 7.939  ;
; a[1]       ; output[23]  ; 8.239  ; 8.653  ; 8.904  ; 9.293  ;
; a[1]       ; output[24]  ; 7.310  ; 7.391  ; 7.782  ; 8.382  ;
; a[1]       ; output[25]  ; 7.996  ; 8.346  ; 8.661  ; 8.986  ;
; a[1]       ; output[26]  ; 8.011  ; 8.145  ; 8.506  ; 9.128  ;
; a[1]       ; output[27]  ; 8.465  ; 8.766  ; 9.105  ; 9.406  ;
; a[1]       ; output[28]  ; 9.405  ; 9.688  ; 10.457 ; 10.727 ;
; a[1]       ; output[29]  ; 8.061  ; 8.217  ; 9.015  ; 9.191  ;
; a[1]       ; output[30]  ; 8.552  ; 8.700  ; 9.585  ; 9.753  ;
; a[1]       ; output[31]  ; 7.886  ; 7.894  ; 8.276  ; 9.009  ;
; a[2]       ; output[0]   ; 8.078  ; 8.278  ; 8.928  ; 9.153  ;
; a[2]       ; output[1]   ; 7.745  ; 8.152  ; 8.512  ; 8.891  ;
; a[2]       ; output[2]   ; 7.464  ; 7.550  ; 8.375  ; 8.404  ;
; a[2]       ; output[3]   ; 9.264  ; 9.496  ; 10.114 ; 10.346 ;
; a[2]       ; output[4]   ; 7.742  ; 7.289  ; 7.832  ; 8.935  ;
; a[2]       ; output[5]   ; 8.711  ; 8.947  ; 9.750  ; 9.979  ;
; a[2]       ; output[6]   ; 7.591  ; 7.595  ; 8.109  ; 8.688  ;
; a[2]       ; output[7]   ; 6.614  ; 6.769  ; 7.562  ; 7.704  ;
; a[2]       ; output[8]   ; 8.759  ; 8.789  ; 9.183  ; 9.965  ;
; a[2]       ; output[9]   ; 9.113  ; 9.303  ; 10.248 ; 10.431 ;
; a[2]       ; output[10]  ; 7.947  ; 7.728  ; 8.188  ; 9.116  ;
; a[2]       ; output[11]  ; 8.335  ; 8.572  ; 9.347  ; 9.575  ;
; a[2]       ; output[12]  ; 8.209  ; 7.692  ; 8.260  ; 9.400  ;
; a[2]       ; output[13]  ; 8.812  ; 9.044  ; 9.957  ; 10.207 ;
; a[2]       ; output[14]  ; 7.011  ; 6.862  ; 7.497  ; 8.143  ;
; a[2]       ; output[15]  ; 8.143  ; 8.372  ; 9.071  ; 9.283  ;
; a[2]       ; output[16]  ; 9.025  ; 8.483  ; 9.015  ; 10.338 ;
; a[2]       ; output[17]  ; 8.714  ; 7.563  ; 8.107  ; 10.065 ;
; a[2]       ; output[18]  ; 8.141  ; 8.352  ; 8.931  ; 9.142  ;
; a[2]       ; output[19]  ; 8.210  ; 8.661  ; 9.085  ; 9.511  ;
; a[2]       ; output[20]  ; 8.605  ; 8.759  ; 9.395  ; 9.596  ;
; a[2]       ; output[21]  ; 8.836  ; 9.102  ; 9.854  ; 10.113 ;
; a[2]       ; output[22]  ; 7.541  ; 7.623  ; 8.331  ; 8.388  ;
; a[2]       ; output[23]  ; 8.478  ; 8.892  ; 9.353  ; 9.742  ;
; a[2]       ; output[24]  ; 7.441  ; 7.630  ; 8.231  ; 8.534  ;
; a[2]       ; output[25]  ; 9.121  ; 8.585  ; 9.110  ; 10.433 ;
; a[2]       ; output[26]  ; 8.165  ; 8.384  ; 8.955  ; 9.280  ;
; a[2]       ; output[27]  ; 8.704  ; 9.005  ; 9.554  ; 9.855  ;
; a[2]       ; output[28]  ; 9.551  ; 9.821  ; 10.609 ; 10.879 ;
; a[2]       ; output[29]  ; 8.827  ; 8.983  ; 9.926  ; 10.102 ;
; a[2]       ; output[30]  ; 8.646  ; 8.794  ; 9.737  ; 9.905  ;
; a[2]       ; output[31]  ; 7.890  ; 8.133  ; 8.725  ; 9.053  ;
; a[3]       ; output[0]   ; 8.066  ; 8.266  ; 8.762  ; 8.987  ;
; a[3]       ; output[1]   ; 7.996  ;        ;        ; 9.167  ;
; a[3]       ; output[2]   ; 7.391  ; 7.477  ; 8.283  ; 8.312  ;
; a[3]       ; output[3]   ; 9.036  ; 9.268  ; 9.770  ; 10.002 ;
; a[3]       ; output[4]   ; 7.870  ; 7.277  ; 7.666  ; 9.060  ;
; a[3]       ; output[5]   ; 8.578  ; 8.814  ; 9.577  ; 9.806  ;
; a[3]       ; output[6]   ; 7.767  ; 7.583  ; 7.943  ; 8.882  ;
; a[3]       ; output[7]   ; 6.481  ; 6.636  ; 7.389  ; 7.531  ;
; a[3]       ; output[8]   ; 8.887  ; 8.777  ; 9.017  ; 10.090 ;
; a[3]       ; output[9]   ; 8.980  ; 9.170  ; 10.075 ; 10.258 ;
; a[3]       ; output[10]  ; 8.443  ; 7.716  ; 8.022  ; 9.675  ;
; a[3]       ; output[11]  ; 8.202  ; 8.439  ; 9.174  ; 9.402  ;
; a[3]       ; output[12]  ; 8.337  ; 7.680  ; 8.094  ; 9.525  ;
; a[3]       ; output[13]  ; 8.679  ; 8.911  ; 9.784  ; 10.034 ;
; a[3]       ; output[14]  ; 7.176  ; 6.850  ; 7.331  ; 8.325  ;
; a[3]       ; output[15]  ; 8.131  ; 8.343  ; 8.898  ; 9.110  ;
; a[3]       ; output[16]  ; 9.153  ; 8.471  ; 8.849  ; 10.463 ;
; a[3]       ; output[17]  ; 8.581  ; 7.551  ; 7.941  ; 9.892  ;
; a[3]       ; output[18]  ; 8.395  ; 8.340  ; 8.765  ; 9.597  ;
; a[3]       ; output[19]  ; 8.198  ; 8.649  ; 8.919  ; 9.345  ;
; a[3]       ; output[20]  ; 8.593  ; 8.747  ; 9.229  ; 9.721  ;
; a[3]       ; output[21]  ; 8.709  ; 8.969  ; 9.681  ; 9.940  ;
; a[3]       ; output[22]  ; 7.529  ; 7.611  ; 8.165  ; 8.275  ;
; a[3]       ; output[23]  ; 8.466  ; 8.880  ; 9.187  ; 9.576  ;
; a[3]       ; output[24]  ; 7.532  ; 7.618  ; 8.065  ; 8.659  ;
; a[3]       ; output[25]  ; 8.988  ; 8.573  ; 8.944  ; 10.260 ;
; a[3]       ; output[26]  ; 8.601  ; 8.372  ; 8.789  ; 9.839  ;
; a[3]       ; output[27]  ; 8.692  ; 8.993  ; 9.388  ; 9.689  ;
; a[3]       ; output[28]  ; 9.627  ; 9.910  ; 10.734 ; 11.004 ;
; a[3]       ; output[29]  ; 8.694  ; 8.850  ; 9.753  ; 9.929  ;
; a[3]       ; output[30]  ; 8.811  ; 8.959  ; 9.919  ; 10.087 ;
; a[3]       ; output[31]  ; 7.838  ; 8.121  ; 8.559  ; 8.880  ;
; a[4]       ; output[0]   ; 7.819  ; 8.019  ; 8.634  ; 8.859  ;
; a[4]       ; output[1]   ; 7.879  ;        ;        ; 9.031  ;
; a[4]       ; output[2]   ; 6.789  ; 6.875  ; 7.600  ; 7.629  ;
; a[4]       ; output[3]   ; 8.341  ; 8.631  ; 9.152  ; 9.414  ;
; a[4]       ; output[4]   ; 7.856  ; 8.103  ; 8.708  ; 8.955  ;
; a[4]       ; output[5]   ; 7.875  ; 8.111  ; 8.767  ; 8.996  ;
; a[4]       ; output[6]   ; 7.676  ; 7.336  ; 7.815  ; 8.775  ;
; a[4]       ; output[7]   ; 6.323  ; 6.478  ; 7.193  ; 7.335  ;
; a[4]       ; output[8]   ; 8.796  ; 8.530  ; 8.889  ; 9.983  ;
; a[4]       ; output[9]   ; 8.277  ; 8.467  ; 9.265  ; 9.448  ;
; a[4]       ; output[10]  ; 8.352  ; 7.469  ; 7.894  ; 9.568  ;
; a[4]       ; output[11]  ; 8.341  ; 8.578  ; 9.322  ; 9.550  ;
; a[4]       ; output[12]  ; 8.246  ; 7.433  ; 7.966  ; 9.418  ;
; a[4]       ; output[13]  ; 7.976  ; 8.208  ; 8.974  ; 9.224  ;
; a[4]       ; output[14]  ; 7.085  ; 6.603  ; 7.203  ; 8.218  ;
; a[4]       ; output[15]  ; 7.884  ; 8.096  ; 8.699  ; 8.911  ;
; a[4]       ; output[16]  ; 9.062  ; 8.224  ; 8.721  ; 10.356 ;
; a[4]       ; output[17]  ; 7.878  ; 7.304  ; 7.813  ; 9.082  ;
; a[4]       ; output[18]  ; 8.304  ; 8.093  ; 8.637  ; 9.490  ;
; a[4]       ; output[19]  ; 7.951  ; 8.402  ; 8.791  ; 9.217  ;
; a[4]       ; output[20]  ; 8.432  ; 8.500  ; 9.101  ; 9.614  ;
; a[4]       ; output[21]  ; 8.462  ; 8.721  ; 9.277  ; 9.536  ;
; a[4]       ; output[22]  ; 7.282  ; 7.364  ; 8.037  ; 8.168  ;
; a[4]       ; output[23]  ; 8.219  ; 8.633  ; 9.059  ; 9.448  ;
; a[4]       ; output[24]  ; 7.441  ; 7.371  ; 7.937  ; 8.552  ;
; a[4]       ; output[25]  ; 8.285  ; 8.326  ; 8.816  ; 9.450  ;
; a[4]       ; output[26]  ; 8.510  ; 8.125  ; 8.661  ; 9.732  ;
; a[4]       ; output[27]  ; 8.445  ; 8.746  ; 9.260  ; 9.561  ;
; a[4]       ; output[28]  ; 9.536  ; 9.819  ; 10.627 ; 10.897 ;
; a[4]       ; output[29]  ; 7.991  ; 8.147  ; 8.943  ; 9.119  ;
; a[4]       ; output[30]  ; 8.720  ; 8.868  ; 9.812  ; 9.980  ;
; a[4]       ; output[31]  ; 7.591  ; 7.874  ; 8.431  ; 8.689  ;
; a[5]       ; output[0]   ; 7.958  ; 8.158  ; 8.617  ; 8.842  ;
; a[5]       ; output[1]   ; 8.257  ;        ;        ; 9.442  ;
; a[5]       ; output[2]   ; 6.933  ; 7.019  ; 7.753  ; 7.782  ;
; a[5]       ; output[3]   ; 7.744  ;        ;        ; 8.744  ;
; a[5]       ; output[4]   ; 8.000  ; 8.247  ; 8.861  ; 9.108  ;
; a[5]       ; output[5]   ; 8.027  ; 8.296  ; 8.911  ; 9.140  ;
; a[5]       ; output[6]   ; 7.309  ; 7.475  ; 7.798  ; 8.323  ;
; a[5]       ; output[7]   ; 6.475  ; 6.630  ; 7.337  ; 7.479  ;
; a[5]       ; output[8]   ; 8.782  ; 8.669  ; 8.872  ; 9.963  ;
; a[5]       ; output[9]   ; 8.429  ; 8.619  ; 9.409  ; 9.592  ;
; a[5]       ; output[10]  ; 7.985  ; 7.608  ; 7.877  ; 9.116  ;
; a[5]       ; output[11]  ; 8.493  ; 8.730  ; 9.466  ; 9.694  ;
; a[5]       ; output[12]  ; 8.278  ; 7.572  ; 7.949  ; 9.458  ;
; a[5]       ; output[13]  ; 8.128  ; 8.360  ; 9.118  ; 9.368  ;
; a[5]       ; output[14]  ; 6.718  ; 6.742  ; 7.186  ; 7.766  ;
; a[5]       ; output[15]  ; 8.023  ; 8.235  ; 8.813  ; 9.025  ;
; a[5]       ; output[16]  ; 9.048  ; 8.363  ; 8.704  ; 10.336 ;
; a[5]       ; output[17]  ; 8.030  ; 7.443  ; 7.796  ; 9.226  ;
; a[5]       ; output[18]  ; 8.021  ; 8.232  ; 8.620  ; 9.038  ;
; a[5]       ; output[19]  ; 8.090  ; 8.541  ; 8.774  ; 9.200  ;
; a[5]       ; output[20]  ; 8.485  ; 8.639  ; 9.084  ; 9.367  ;
; a[5]       ; output[21]  ; 8.601  ; 8.860  ; 9.260  ; 9.519  ;
; a[5]       ; output[22]  ; 7.421  ; 7.503  ; 8.020  ; 8.077  ;
; a[5]       ; output[23]  ; 8.358  ; 8.772  ; 9.042  ; 9.431  ;
; a[5]       ; output[24]  ; 7.427  ; 7.510  ; 7.920  ; 8.532  ;
; a[5]       ; output[25]  ; 8.437  ; 8.465  ; 8.799  ; 9.594  ;
; a[5]       ; output[26]  ; 8.143  ; 8.264  ; 8.644  ; 9.280  ;
; a[5]       ; output[27]  ; 8.584  ; 8.885  ; 9.243  ; 9.544  ;
; a[5]       ; output[28]  ; 9.568  ; 9.851  ; 10.667 ; 10.937 ;
; a[5]       ; output[29]  ; 8.143  ; 8.299  ; 9.087  ; 9.263  ;
; a[5]       ; output[30]  ; 8.353  ; 8.501  ; 9.360  ; 9.528  ;
; a[5]       ; output[31]  ; 7.730  ; 8.013  ; 8.414  ; 8.795  ;
; a[6]       ; output[0]   ; 7.994  ; 8.194  ; 8.831  ; 9.056  ;
; a[6]       ; output[1]   ; 8.403  ;        ;        ; 9.636  ;
; a[6]       ; output[2]   ; 6.475  ; 6.868  ; 7.594  ; 7.509  ;
; a[6]       ; output[3]   ; 7.890  ;        ;        ; 8.938  ;
; a[6]       ; output[4]   ; 8.477  ; 8.724  ; 9.411  ; 9.658  ;
; a[6]       ; output[5]   ; 8.122  ; 8.442  ; 8.987  ; 9.326  ;
; a[6]       ; output[6]   ; 7.477  ; 7.344  ; 7.821  ; 8.536  ;
; a[6]       ; output[7]   ; 6.750  ; 6.905  ; 7.689  ; 7.831  ;
; a[6]       ; output[8]   ; 8.950  ; 8.705  ; 9.086  ; 10.176 ;
; a[6]       ; output[9]   ; 8.442  ; 8.632  ; 9.489  ; 9.672  ;
; a[6]       ; output[10]  ; 8.153  ; 7.644  ; 8.091  ; 9.329  ;
; a[6]       ; output[11]  ; 8.768  ; 9.005  ; 9.818  ; 10.046 ;
; a[6]       ; output[12]  ; 8.446  ; 7.608  ; 8.163  ; 9.671  ;
; a[6]       ; output[13]  ; 8.250  ; 8.482  ; 9.320  ; 9.570  ;
; a[6]       ; output[14]  ; 6.886  ; 6.778  ; 7.400  ; 7.979  ;
; a[6]       ; output[15]  ; 8.174  ; 8.479  ; 9.165  ; 9.377  ;
; a[6]       ; output[16]  ; 9.216  ; 8.399  ; 8.918  ; 10.549 ;
; a[6]       ; output[17]  ; 8.043  ; 7.479  ; 8.010  ; 9.306  ;
; a[6]       ; output[18]  ; 8.105  ; 8.268  ; 8.834  ; 9.251  ;
; a[6]       ; output[19]  ; 8.126  ; 8.577  ; 8.988  ; 9.414  ;
; a[6]       ; output[20]  ; 8.521  ; 8.675  ; 9.298  ; 9.580  ;
; a[6]       ; output[21]  ; 8.637  ; 8.896  ; 9.474  ; 9.733  ;
; a[6]       ; output[22]  ; 7.457  ; 7.539  ; 8.234  ; 8.291  ;
; a[6]       ; output[23]  ; 8.394  ; 8.808  ; 9.256  ; 9.645  ;
; a[6]       ; output[24]  ; 7.595  ; 7.546  ; 8.134  ; 8.745  ;
; a[6]       ; output[25]  ; 8.450  ; 8.501  ; 9.013  ; 9.674  ;
; a[6]       ; output[26]  ; 8.311  ; 8.300  ; 8.858  ; 9.493  ;
; a[6]       ; output[27]  ; 8.620  ; 8.921  ; 9.457  ; 9.758  ;
; a[6]       ; output[28]  ; 9.736  ; 10.019 ; 10.880 ; 11.150 ;
; a[6]       ; output[29]  ; 8.265  ; 8.421  ; 9.289  ; 9.465  ;
; a[6]       ; output[30]  ; 8.521  ; 8.669  ; 9.573  ; 9.741  ;
; a[6]       ; output[31]  ; 7.997  ; 8.049  ; 8.628  ; 9.147  ;
; a[7]       ; output[0]   ; 7.808  ; 7.955  ; 8.433  ; 8.999  ;
; a[7]       ; output[1]   ; 8.172  ;        ;        ; 9.364  ;
; a[7]       ; output[2]   ; 6.450  ; 6.843  ; 7.567  ; 7.482  ;
; a[7]       ; output[3]   ; 8.650  ; 8.940  ; 9.526  ; 9.788  ;
; a[7]       ; output[4]   ; 8.452  ; 8.699  ; 9.384  ; 9.631  ;
; a[7]       ; output[5]   ; 7.891  ; 8.211  ; 8.715  ; 9.054  ;
; a[7]       ; output[6]   ; 6.893  ; 7.081  ; 7.696  ; 7.877  ;
; a[7]       ; output[7]   ; 6.906  ; 7.130  ; 7.785  ; 8.000  ;
; a[7]       ; output[8]   ; 8.794  ; 8.466  ; 8.688  ; 9.986  ;
; a[7]       ; output[9]   ; 8.445  ; 8.635  ; 9.492  ; 9.675  ;
; a[7]       ; output[10]  ; 7.931  ; 7.405  ; 7.693  ; 9.066  ;
; a[7]       ; output[11]  ; 8.771  ; 9.008  ; 9.821  ; 10.049 ;
; a[7]       ; output[12]  ; 8.290  ; 7.369  ; 7.765  ; 9.481  ;
; a[7]       ; output[13]  ; 8.253  ; 8.485  ; 9.323  ; 9.573  ;
; a[7]       ; output[14]  ; 6.614  ; 6.539  ; 7.002  ; 7.655  ;
; a[7]       ; output[15]  ; 8.177  ; 8.482  ; 9.168  ; 9.380  ;
; a[7]       ; output[16]  ; 9.060  ; 8.160  ; 8.520  ; 10.359 ;
; a[7]       ; output[17]  ; 8.046  ; 7.240  ; 7.612  ; 9.309  ;
; a[7]       ; output[18]  ; 7.883  ; 8.029  ; 8.436  ; 8.988  ;
; a[7]       ; output[19]  ; 8.091  ; 8.338  ; 8.590  ; 9.348  ;
; a[7]       ; output[20]  ; 8.282  ; 8.436  ; 8.900  ; 9.390  ;
; a[7]       ; output[21]  ; 8.463  ; 8.729  ; 9.421  ; 9.680  ;
; a[7]       ; output[22]  ; 7.218  ; 7.300  ; 7.836  ; 7.993  ;
; a[7]       ; output[23]  ; 8.258  ; 8.569  ; 8.858  ; 9.467  ;
; a[7]       ; output[24]  ; 7.439  ; 7.307  ; 7.736  ; 8.555  ;
; a[7]       ; output[25]  ; 8.453  ; 8.262  ; 8.615  ; 9.677  ;
; a[7]       ; output[26]  ; 8.089  ; 8.061  ; 8.460  ; 9.230  ;
; a[7]       ; output[27]  ; 8.381  ; 8.682  ; 9.223  ; 9.524  ;
; a[7]       ; output[28]  ; 9.580  ; 9.863  ; 10.690 ; 10.960 ;
; a[7]       ; output[29]  ; 8.268  ; 8.424  ; 9.292  ; 9.468  ;
; a[7]       ; output[30]  ; 8.249  ; 8.397  ; 9.249  ; 9.417  ;
; a[7]       ; output[31]  ; 8.000  ; 7.810  ; 8.230  ; 9.150  ;
; a[8]       ; output[0]   ; 7.791  ; 7.991  ; 8.648  ; 8.873  ;
; a[8]       ; output[1]   ; 8.053  ;        ;        ; 9.241  ;
; a[8]       ; output[2]   ; 6.412  ; 6.805  ; 7.550  ; 7.465  ;
; a[8]       ; output[3]   ; 8.531  ; 8.821  ; 9.403  ; 9.665  ;
; a[8]       ; output[4]   ; 7.497  ; 7.680  ; 8.430  ; 8.677  ;
; a[8]       ; output[5]   ; 7.772  ; 8.092  ; 8.592  ; 8.931  ;
; a[8]       ; output[6]   ; 6.855  ; 7.043  ; 7.679  ; 7.860  ;
; a[8]       ; output[7]   ; 6.787  ; 7.011  ; 7.662  ; 7.877  ;
; a[8]       ; output[8]   ; 8.795  ; 9.135  ; 9.647  ; 10.014 ;
; a[8]       ; output[9]   ; 8.181  ; 8.371  ; 9.183  ; 9.366  ;
; a[8]       ; output[10]  ; 7.814  ; 7.441  ; 7.908  ; 8.946  ;
; a[8]       ; output[11]  ; 8.683  ; 8.920  ; 9.735  ; 9.963  ;
; a[8]       ; output[12]  ; 8.173  ; 7.405  ; 7.980  ; 9.361  ;
; a[8]       ; output[13]  ; 7.989  ; 8.221  ; 9.014  ; 9.264  ;
; a[8]       ; output[14]  ; 6.497  ; 6.575  ; 7.217  ; 7.535  ;
; a[8]       ; output[15]  ; 8.255  ; 8.560  ; 9.280  ; 9.492  ;
; a[8]       ; output[16]  ; 8.943  ; 8.196  ; 8.735  ; 10.239 ;
; a[8]       ; output[17]  ; 7.782  ; 7.276  ; 7.827  ; 9.000  ;
; a[8]       ; output[18]  ; 7.854  ; 8.065  ; 8.651  ; 8.868  ;
; a[8]       ; output[19]  ; 8.003  ; 8.374  ; 8.805  ; 9.262  ;
; a[8]       ; output[20]  ; 8.318  ; 8.472  ; 9.115  ; 9.270  ;
; a[8]       ; output[21]  ; 8.434  ; 8.693  ; 9.291  ; 9.550  ;
; a[8]       ; output[22]  ; 7.254  ; 7.336  ; 8.051  ; 8.108  ;
; a[8]       ; output[23]  ; 8.294  ; 8.605  ; 9.073  ; 9.519  ;
; a[8]       ; output[24]  ; 7.322  ; 7.343  ; 7.951  ; 8.435  ;
; a[8]       ; output[25]  ; 8.189  ; 8.298  ; 8.830  ; 9.368  ;
; a[8]       ; output[26]  ; 7.972  ; 8.097  ; 8.675  ; 9.110  ;
; a[8]       ; output[27]  ; 8.417  ; 8.718  ; 9.274  ; 9.575  ;
; a[8]       ; output[28]  ; 9.463  ; 9.746  ; 10.570 ; 10.840 ;
; a[8]       ; output[29]  ; 8.004  ; 8.160  ; 8.983  ; 9.159  ;
; a[8]       ; output[30]  ; 8.132  ; 8.280  ; 9.129  ; 9.297  ;
; a[8]       ; output[31]  ; 8.078  ; 7.846  ; 8.445  ; 9.262  ;
; a[9]       ; output[0]   ; 7.640  ; 7.840  ; 8.322  ; 8.547  ;
; a[9]       ; output[1]   ; 8.384  ;        ;        ; 9.591  ;
; a[9]       ; output[2]   ; 6.413  ; 6.806  ; 7.549  ; 7.464  ;
; a[9]       ; output[3]   ; 8.304  ; 8.594  ; 9.130  ; 9.392  ;
; a[9]       ; output[4]   ; 7.498  ; 7.681  ; 8.429  ; 8.676  ;
; a[9]       ; output[5]   ; 7.782  ; 8.102  ; 8.594  ; 8.933  ;
; a[9]       ; output[6]   ; 6.856  ; 7.044  ; 7.678  ; 7.859  ;
; a[9]       ; output[7]   ; 6.560  ; 6.784  ; 7.389  ; 7.604  ;
; a[9]       ; output[8]   ; 8.796  ; 9.136  ; 9.646  ; 10.013 ;
; a[9]       ; output[9]   ; 8.186  ; 8.376  ; 9.163  ; 9.346  ;
; a[9]       ; output[10]  ; 7.681  ; 7.290  ; 7.582  ; 8.788  ;
; a[9]       ; output[11]  ; 8.688  ; 8.925  ; 9.715  ; 9.943  ;
; a[9]       ; output[12]  ; 8.519  ; 7.254  ; 7.654  ; 9.769  ;
; a[9]       ; output[13]  ; 7.994  ; 8.226  ; 8.994  ; 9.244  ;
; a[9]       ; output[14]  ; 6.364  ; 6.424  ; 6.891  ; 7.377  ;
; a[9]       ; output[15]  ; 8.260  ; 8.565  ; 9.260  ; 9.472  ;
; a[9]       ; output[16]  ; 9.143  ; 8.045  ; 8.409  ; 10.459 ;
; a[9]       ; output[17]  ; 7.787  ; 7.125  ; 7.501  ; 8.980  ;
; a[9]       ; output[18]  ; 7.703  ; 7.914  ; 8.325  ; 8.710  ;
; a[9]       ; output[19]  ; 8.008  ; 8.223  ; 8.479  ; 9.242  ;
; a[9]       ; output[20]  ; 8.471  ; 8.321  ; 8.789  ; 9.678  ;
; a[9]       ; output[21]  ; 8.283  ; 8.542  ; 9.092  ; 9.351  ;
; a[9]       ; output[22]  ; 7.103  ; 7.185  ; 7.725  ; 7.782  ;
; a[9]       ; output[23]  ; 8.299  ; 8.454  ; 8.747  ; 9.499  ;
; a[9]       ; output[24]  ; 7.543  ; 7.817  ; 8.427  ; 8.688  ;
; a[9]       ; output[25]  ; 8.194  ; 8.147  ; 8.504  ; 9.348  ;
; a[9]       ; output[26]  ; 7.839  ; 7.946  ; 8.349  ; 8.952  ;
; a[9]       ; output[27]  ; 8.266  ; 8.567  ; 9.117  ; 9.418  ;
; a[9]       ; output[28]  ; 9.809  ; 10.092 ; 10.978 ; 11.248 ;
; a[9]       ; output[29]  ; 8.009  ; 8.165  ; 8.963  ; 9.139  ;
; a[9]       ; output[30]  ; 7.999  ; 8.147  ; 8.971  ; 9.139  ;
; a[9]       ; output[31]  ; 8.083  ; 7.695  ; 8.119  ; 9.242  ;
; a[10]      ; output[0]   ; 7.702  ; 7.902  ; 8.524  ; 8.749  ;
; a[10]      ; output[1]   ; 8.793  ;        ;        ; 10.068 ;
; a[10]      ; output[2]   ; 7.715  ; 8.108  ; 9.007  ; 8.922  ;
; a[10]      ; output[3]   ; 8.713  ; 9.003  ; 9.607  ; 9.869  ;
; a[10]      ; output[4]   ; 7.672  ; 7.855  ; 8.629  ; 8.876  ;
; a[10]      ; output[5]   ; 8.191  ; 8.511  ; 9.071  ; 9.410  ;
; a[10]      ; output[6]   ; 7.566  ;        ;        ; 8.682  ;
; a[10]      ; output[7]   ; 6.969  ; 7.193  ; 7.866  ; 8.081  ;
; a[10]      ; output[8]   ; 8.970  ; 9.310  ; 9.846  ; 10.213 ;
; a[10]      ; output[9]   ; 8.132  ; 8.413  ; 9.080  ; 9.333  ;
; a[10]      ; output[10]  ; 8.119  ; 8.269  ; 9.019  ; 9.298  ;
; a[10]      ; output[11]  ; 8.739  ; 8.976  ; 9.792  ; 10.020 ;
; a[10]      ; output[12]  ; 8.957  ; 7.316  ; 7.856  ; 10.279 ;
; a[10]      ; output[13]  ; 8.725  ; 8.957  ; 9.832  ; 10.082 ;
; a[10]      ; output[14]  ; 6.802  ; 6.486  ; 7.093  ; 7.887  ;
; a[10]      ; output[15]  ; 8.311  ; 8.616  ; 9.337  ; 9.549  ;
; a[10]      ; output[16]  ; 9.581  ; 8.107  ; 8.611  ; 10.969 ;
; a[10]      ; output[17]  ; 7.887  ; 7.187  ; 7.703  ; 9.140  ;
; a[10]      ; output[18]  ; 8.071  ; 7.976  ; 8.527  ; 9.220  ;
; a[10]      ; output[19]  ; 8.059  ; 8.285  ; 8.681  ; 9.319  ;
; a[10]      ; output[20]  ; 8.909  ; 8.383  ; 8.991  ; 10.188 ;
; a[10]      ; output[21]  ; 8.935  ; 9.201  ; 9.930  ; 10.189 ;
; a[10]      ; output[22]  ; 7.165  ; 7.247  ; 7.927  ; 8.225  ;
; a[10]      ; output[23]  ; 8.350  ; 8.516  ; 8.949  ; 9.576  ;
; a[10]      ; output[24]  ; 7.981  ; 8.255  ; 8.937  ; 9.198  ;
; a[10]      ; output[25]  ; 8.142  ; 8.390  ; 9.057  ; 9.324  ;
; a[10]      ; output[26]  ; 8.277  ; 8.008  ; 8.551  ; 9.462  ;
; a[10]      ; output[27]  ; 8.328  ; 8.629  ; 9.194  ; 9.495  ;
; a[10]      ; output[28]  ; 10.247 ; 10.530 ; 11.488 ; 11.758 ;
; a[10]      ; output[29]  ; 8.740  ; 8.896  ; 9.801  ; 9.977  ;
; a[10]      ; output[30]  ; 8.437  ; 8.585  ; 9.481  ; 9.649  ;
; a[10]      ; output[31]  ; 8.134  ; 7.757  ; 8.321  ; 9.319  ;
; a[11]      ; output[0]   ; 7.896  ; 8.096  ; 8.579  ; 8.804  ;
; a[11]      ; output[1]   ; 8.232  ;        ;        ; 9.389  ;
; a[11]      ; output[2]   ; 7.316  ; 7.709  ; 8.534  ; 8.449  ;
; a[11]      ; output[3]   ; 8.384  ;        ;        ; 9.440  ;
; a[11]      ; output[4]   ; 7.273  ; 7.456  ; 8.156  ; 8.403  ;
; a[11]      ; output[5]   ; 7.630  ; 7.950  ; 8.392  ; 8.731  ;
; a[11]      ; output[6]   ; 7.167  ;        ;        ; 8.209  ;
; a[11]      ; output[7]   ; 6.554  ; 6.778  ; 7.345  ; 7.560  ;
; a[11]      ; output[8]   ; 8.571  ; 8.911  ; 9.373  ; 9.740  ;
; a[11]      ; output[9]   ; 7.571  ; 7.852  ; 8.401  ; 8.654  ;
; a[11]      ; output[10]  ; 7.639  ; 7.870  ; 8.546  ; 8.764  ;
; a[11]      ; output[11]  ; 8.372  ; 8.609  ; 9.351  ; 9.579  ;
; a[11]      ; output[12]  ; 8.290  ; 7.510  ; 7.911  ; 9.493  ;
; a[11]      ; output[13]  ; 8.358  ; 8.590  ; 9.391  ; 9.641  ;
; a[11]      ; output[14]  ; 6.617  ; 6.680  ; 7.148  ; 7.668  ;
; a[11]      ; output[15]  ; 7.961  ; 8.249  ; 8.896  ; 9.108  ;
; a[11]      ; output[16]  ; 8.914  ; 8.301  ; 8.666  ; 10.183 ;
; a[11]      ; output[17]  ; 7.520  ; 7.381  ; 7.758  ; 8.699  ;
; a[11]      ; output[18]  ; 7.959  ; 8.170  ; 8.582  ; 8.793  ;
; a[11]      ; output[19]  ; 8.028  ; 8.479  ; 8.736  ; 9.162  ;
; a[11]      ; output[20]  ; 8.423  ; 8.577  ; 9.046  ; 9.402  ;
; a[11]      ; output[21]  ; 8.568  ; 8.834  ; 9.489  ; 9.748  ;
; a[11]      ; output[22]  ; 7.359  ; 7.441  ; 7.982  ; 8.039  ;
; a[11]      ; output[23]  ; 8.296  ; 8.710  ; 9.004  ; 9.393  ;
; a[11]      ; output[24]  ; 7.314  ; 7.588  ; 8.151  ; 8.412  ;
; a[11]      ; output[25]  ; 8.053  ; 8.403  ; 8.761  ; 9.086  ;
; a[11]      ; output[26]  ; 7.983  ; 8.202  ; 8.649  ; 8.929  ;
; a[11]      ; output[27]  ; 8.522  ; 8.823  ; 9.205  ; 9.506  ;
; a[11]      ; output[28]  ; 9.580  ; 9.863  ; 10.702 ; 10.972 ;
; a[11]      ; output[29]  ; 8.373  ; 8.529  ; 9.360  ; 9.536  ;
; a[11]      ; output[30]  ; 8.252  ; 8.400  ; 9.262  ; 9.430  ;
; a[11]      ; output[31]  ; 7.767  ; 7.951  ; 8.376  ; 8.878  ;
; a[12]      ; output[0]   ; 7.438  ; 7.578  ; 8.172  ; 8.616  ;
; a[12]      ; output[1]   ; 8.416  ;        ;        ; 9.631  ;
; a[12]      ; output[2]   ; 7.607  ; 8.000  ; 8.887  ; 8.802  ;
; a[12]      ; output[3]   ; 8.568  ;        ;        ; 9.682  ;
; a[12]      ; output[4]   ; 8.656  ; 8.903  ; 9.665  ; 9.912  ;
; a[12]      ; output[5]   ; 7.814  ; 8.134  ; 8.634  ; 8.973  ;
; a[12]      ; output[6]   ; 7.458  ;        ;        ; 8.562  ;
; a[12]      ; output[7]   ; 6.738  ; 6.962  ; 7.587  ; 7.802  ;
; a[12]      ; output[8]   ; 9.161  ; 9.501  ; 10.079 ; 10.446 ;
; a[12]      ; output[9]   ; 7.755  ; 8.036  ; 8.643  ; 8.896  ;
; a[12]      ; output[10]  ; 7.930  ; 8.161  ; 8.899  ; 9.117  ;
; a[12]      ; output[11]  ; 8.281  ;        ;        ; 9.439  ;
; a[12]      ; output[12]  ; 8.539  ; 8.723  ; 9.601  ; 9.823  ;
; a[12]      ; output[13]  ; 8.465  ; 8.697  ; 9.535  ; 9.785  ;
; a[12]      ; output[14]  ; 6.807  ; 6.162  ; 6.741  ; 7.897  ;
; a[12]      ; output[15]  ; 8.239  ; 8.544  ; 9.259  ; 9.471  ;
; a[12]      ; output[16]  ; 9.104  ; 7.783  ; 8.259  ; 10.412 ;
; a[12]      ; output[17]  ; 7.627  ; 6.863  ; 7.351  ; 8.843  ;
; a[12]      ; output[18]  ; 7.879  ; 7.652  ; 8.175  ; 9.011  ;
; a[12]      ; output[19]  ; 8.111  ; 7.961  ; 8.329  ; 9.385  ;
; a[12]      ; output[20]  ; 8.432  ; 8.059  ; 8.639  ; 9.631  ;
; a[12]      ; output[21]  ; 8.675  ; 8.941  ; 9.633  ; 9.892  ;
; a[12]      ; output[22]  ; 7.109  ; 6.923  ; 7.575  ; 8.235  ;
; a[12]      ; output[23]  ; 8.278  ; 8.192  ; 8.597  ; 9.498  ;
; a[12]      ; output[24]  ; 7.504  ; 7.778  ; 8.380  ; 8.641  ;
; a[12]      ; output[25]  ; 7.882  ; 8.130  ; 8.760  ; 9.027  ;
; a[12]      ; output[26]  ; 8.006  ; 8.293  ; 8.878  ; 9.158  ;
; a[12]      ; output[27]  ; 8.258  ; 8.559  ; 9.107  ; 9.408  ;
; a[12]      ; output[28]  ; 9.770  ; 10.053 ; 10.931 ; 11.201 ;
; a[12]      ; output[29]  ; 8.480  ; 8.636  ; 9.504  ; 9.680  ;
; a[12]      ; output[30]  ; 8.442  ; 8.590  ; 9.491  ; 9.659  ;
; a[12]      ; output[31]  ; 8.062  ; 7.433  ; 7.969  ; 9.241  ;
; a[13]      ; output[0]   ; 7.737  ; 7.937  ; 8.420  ; 8.645  ;
; a[13]      ; output[1]   ; 8.343  ;        ;        ; 9.524  ;
; a[13]      ; output[2]   ; 7.402  ; 7.795  ; 8.620  ; 8.535  ;
; a[13]      ; output[3]   ; 8.353  ;        ;        ; 9.415  ;
; a[13]      ; output[4]   ; 8.451  ; 8.698  ; 9.398  ; 9.645  ;
; a[13]      ; output[5]   ; 7.763  ;        ;        ; 8.894  ;
; a[13]      ; output[6]   ; 7.253  ;        ;        ; 8.295  ;
; a[13]      ; output[7]   ; 6.523  ; 6.747  ; 7.320  ; 7.535  ;
; a[13]      ; output[8]   ; 8.956  ; 9.296  ; 9.812  ; 10.179 ;
; a[13]      ; output[9]   ; 7.682  ; 7.963  ; 8.536  ; 8.789  ;
; a[13]      ; output[10]  ; 7.725  ; 7.956  ; 8.632  ; 8.850  ;
; a[13]      ; output[11]  ; 8.066  ;        ;        ; 9.172  ;
; a[13]      ; output[12]  ; 8.334  ; 8.518  ; 9.334  ; 9.556  ;
; a[13]      ; output[13]  ; 8.288  ; 8.520  ; 9.297  ; 9.547  ;
; a[13]      ; output[14]  ; 6.752  ; 6.521  ; 6.989  ; 7.803  ;
; a[13]      ; output[15]  ; 8.062  ; 8.367  ; 9.021  ; 9.233  ;
; a[13]      ; output[16]  ; 9.287  ; 8.142  ; 8.507  ; 10.579 ;
; a[13]      ; output[17]  ; 7.450  ; 7.222  ; 7.599  ; 8.605  ;
; a[13]      ; output[18]  ; 7.824  ; 8.011  ; 8.423  ; 8.917  ;
; a[13]      ; output[19]  ; 7.934  ; 8.320  ; 8.577  ; 9.147  ;
; a[13]      ; output[20]  ; 8.264  ; 8.418  ; 8.887  ; 9.272  ;
; a[13]      ; output[21]  ; 8.498  ; 8.764  ; 9.395  ; 9.654  ;
; a[13]      ; output[22]  ; 7.200  ; 7.282  ; 7.823  ; 8.141  ;
; a[13]      ; output[23]  ; 8.137  ; 8.551  ; 8.845  ; 9.260  ;
; a[13]      ; output[24]  ; 7.687  ; 7.961  ; 8.547  ; 8.808  ;
; a[13]      ; output[25]  ; 7.894  ; 8.244  ; 8.602  ; 8.927  ;
; a[13]      ; output[26]  ; 7.951  ; 8.238  ; 8.784  ; 9.064  ;
; a[13]      ; output[27]  ; 8.363  ; 8.664  ; 9.046  ; 9.347  ;
; a[13]      ; output[28]  ; 9.210  ; 9.480  ; 10.051 ; 10.321 ;
; a[13]      ; output[29]  ; 8.303  ; 8.459  ; 9.266  ; 9.442  ;
; a[13]      ; output[30]  ; 8.387  ; 8.535  ; 9.397  ; 9.565  ;
; a[13]      ; output[31]  ; 7.885  ; 7.792  ; 8.217  ; 9.003  ;
; a[14]      ; output[0]   ; 7.529  ; 7.729  ; 8.333  ; 8.558  ;
; a[14]      ; output[1]   ; 8.102  ;        ;        ; 9.254  ;
; a[14]      ; output[2]   ; 6.881  ; 7.274  ; 8.018  ; 7.933  ;
; a[14]      ; output[3]   ; 8.112  ;        ;        ; 9.145  ;
; a[14]      ; output[4]   ; 8.090  ; 8.337  ; 8.978  ; 9.225  ;
; a[14]      ; output[5]   ; 7.522  ;        ;        ; 8.624  ;
; a[14]      ; output[6]   ; 7.560  ; 7.748  ; 8.422  ; 8.603  ;
; a[14]      ; output[7]   ; 6.282  ; 6.506  ; 7.050  ; 7.265  ;
; a[14]      ; output[8]   ; 8.595  ; 8.935  ; 9.392  ; 9.759  ;
; a[14]      ; output[9]   ; 7.441  ; 7.722  ; 8.266  ; 8.519  ;
; a[14]      ; output[10]  ; 7.204  ; 7.435  ; 8.030  ; 8.248  ;
; a[14]      ; output[11]  ; 7.825  ;        ;        ; 8.902  ;
; a[14]      ; output[12]  ; 7.973  ; 8.157  ; 8.914  ; 9.136  ;
; a[14]      ; output[13]  ; 6.844  ;        ;        ; 7.942  ;
; a[14]      ; output[14]  ; 7.087  ; 7.249  ; 8.001  ; 8.156  ;
; a[14]      ; output[15]  ; 7.963  ; 8.268  ; 8.923  ; 9.135  ;
; a[14]      ; output[16]  ; 9.075  ; 7.934  ; 8.420  ; 10.339 ;
; a[14]      ; output[17]  ; 7.333  ; 7.014  ; 7.512  ; 8.475  ;
; a[14]      ; output[18]  ; 7.612  ; 7.803  ; 8.336  ; 8.677  ;
; a[14]      ; output[19]  ; 7.835  ; 8.112  ; 8.490  ; 9.049  ;
; a[14]      ; output[20]  ; 8.056  ; 8.210  ; 8.800  ; 9.032  ;
; a[14]      ; output[21]  ; 8.612  ; 8.878  ; 9.532  ; 9.791  ;
; a[14]      ; output[22]  ; 6.992  ; 7.074  ; 7.736  ; 7.901  ;
; a[14]      ; output[23]  ; 8.002  ; 8.343  ; 8.758  ; 9.162  ;
; a[14]      ; output[24]  ; 7.475  ; 7.749  ; 8.307  ; 8.568  ;
; a[14]      ; output[25]  ; 7.686  ; 8.036  ; 8.515  ; 8.840  ;
; a[14]      ; output[26]  ; 7.739  ; 8.026  ; 8.544  ; 8.824  ;
; a[14]      ; output[27]  ; 8.155  ; 8.456  ; 8.959  ; 9.260  ;
; a[14]      ; output[28]  ; 9.002  ; 9.272  ; 9.811  ; 10.081 ;
; a[14]      ; output[29]  ; 7.921  ; 8.077  ; 8.852  ; 9.028  ;
; a[14]      ; output[30]  ; 8.175  ; 8.323  ; 9.157  ; 9.325  ;
; a[14]      ; output[31]  ; 7.786  ; 7.584  ; 8.130  ; 8.905  ;
; a[15]      ; output[0]   ; 7.672  ; 7.915  ; 8.350  ; 8.578  ;
; a[15]      ; output[1]   ; 9.008  ;        ;        ; 10.297 ;
; a[15]      ; output[2]   ; 7.070  ; 7.463  ; 8.269  ; 8.184  ;
; a[15]      ; output[3]   ; 8.980  ;        ;        ; 10.164 ;
; a[15]      ; output[4]   ; 8.279  ; 8.526  ; 9.229  ; 9.476  ;
; a[15]      ; output[5]   ; 8.428  ;        ;        ; 9.667  ;
; a[15]      ; output[6]   ; 7.749  ; 7.937  ; 8.673  ; 8.854  ;
; a[15]      ; output[7]   ; 7.289  ;        ;        ; 8.418  ;
; a[15]      ; output[8]   ; 8.784  ; 9.124  ; 9.643  ; 10.010 ;
; a[15]      ; output[9]   ; 8.347  ; 8.628  ; 9.309  ; 9.562  ;
; a[15]      ; output[10]  ; 7.393  ; 7.624  ; 8.281  ; 8.499  ;
; a[15]      ; output[11]  ; 8.693  ;        ;        ; 9.921  ;
; a[15]      ; output[12]  ; 8.162  ; 8.346  ; 9.165  ; 9.387  ;
; a[15]      ; output[13]  ; 7.750  ;        ;        ; 8.985  ;
; a[15]      ; output[14]  ; 7.276  ; 7.438  ; 8.252  ; 8.407  ;
; a[15]      ; output[15]  ; 8.568  ; 8.486  ; 9.205  ; 9.831  ;
; a[15]      ; output[16]  ; 9.499  ; 8.207  ; 8.619  ; 10.838 ;
; a[15]      ; output[17]  ; 7.551  ; 7.287  ; 7.711  ; 8.757  ;
; a[15]      ; output[18]  ; 7.958  ; 8.076  ; 8.535  ; 9.106  ;
; a[15]      ; output[19]  ; 8.053  ; 8.385  ; 8.689  ; 9.331  ;
; a[15]      ; output[20]  ; 8.369  ; 8.483  ; 8.999  ; 9.531  ;
; a[15]      ; output[21]  ; 8.830  ; 9.096  ; 9.814  ; 10.073 ;
; a[15]      ; output[22]  ; 7.265  ; 7.347  ; 7.935  ; 8.353  ;
; a[15]      ; output[23]  ; 8.220  ; 8.616  ; 8.957  ; 9.444  ;
; a[15]      ; output[24]  ; 7.899  ; 8.173  ; 8.806  ; 9.067  ;
; a[15]      ; output[25]  ; 7.959  ; 8.309  ; 8.714  ; 9.039  ;
; a[15]      ; output[26]  ; 8.085  ; 8.372  ; 8.973  ; 9.253  ;
; a[15]      ; output[27]  ; 8.428  ; 8.729  ; 9.158  ; 9.459  ;
; a[15]      ; output[28]  ; 9.275  ; 9.546  ; 10.310 ; 10.580 ;
; a[15]      ; output[29]  ; 8.139  ; 8.295  ; 9.134  ; 9.310  ;
; a[15]      ; output[30]  ; 8.569  ; 8.717  ; 9.577  ; 9.745  ;
; a[15]      ; output[31]  ; 8.004  ; 7.857  ; 8.329  ; 9.187  ;
; a[16]      ; output[0]   ; 7.463  ; 7.706  ; 8.226  ; 8.462  ;
; a[16]      ; output[1]   ; 8.896  ;        ;        ; 10.148 ;
; a[16]      ; output[2]   ; 6.911  ; 7.304  ; 8.064  ; 7.979  ;
; a[16]      ; output[3]   ; 8.868  ;        ;        ; 10.015 ;
; a[16]      ; output[4]   ; 8.107  ; 8.354  ; 9.000  ; 9.247  ;
; a[16]      ; output[5]   ; 8.316  ;        ;        ; 9.518  ;
; a[16]      ; output[6]   ; 7.590  ; 7.778  ; 8.468  ; 8.649  ;
; a[16]      ; output[7]   ; 7.177  ;        ;        ; 8.269  ;
; a[16]      ; output[8]   ; 8.335  ;        ;        ; 9.487  ;
; a[16]      ; output[9]   ; 8.235  ; 8.516  ; 9.160  ; 9.413  ;
; a[16]      ; output[10]  ; 7.234  ; 7.465  ; 8.076  ; 8.294  ;
; a[16]      ; output[11]  ; 8.581  ;        ;        ; 9.772  ;
; a[16]      ; output[12]  ; 7.990  ; 8.174  ; 8.936  ; 9.158  ;
; a[16]      ; output[13]  ; 7.638  ;        ;        ; 8.836  ;
; a[16]      ; output[14]  ; 7.117  ; 7.279  ; 8.047  ; 8.202  ;
; a[16]      ; output[15]  ; 8.456  ;        ;        ; 9.682  ;
; a[16]      ; output[16]  ; 9.511  ; 8.973  ; 9.665  ; 10.828 ;
; a[16]      ; output[17]  ; 7.822  ; 7.078  ; 7.595  ; 9.022  ;
; a[16]      ; output[18]  ; 7.970  ; 7.867  ; 8.419  ; 9.096  ;
; a[16]      ; output[19]  ; 7.946  ; 8.176  ; 8.573  ; 9.178  ;
; a[16]      ; output[20]  ; 8.381  ; 8.274  ; 8.883  ; 9.521  ;
; a[16]      ; output[21]  ; 9.101  ; 9.367  ; 10.079 ; 10.338 ;
; a[16]      ; output[22]  ; 7.270  ; 7.138  ; 7.819  ; 8.343  ;
; a[16]      ; output[23]  ; 8.319  ; 8.407  ; 8.841  ; 9.514  ;
; a[16]      ; output[24]  ; 7.911  ; 8.185  ; 8.796  ; 9.057  ;
; a[16]      ; output[25]  ; 8.077  ; 8.325  ; 8.939  ; 9.206  ;
; a[16]      ; output[26]  ; 8.097  ; 8.384  ; 8.963  ; 9.243  ;
; a[16]      ; output[27]  ; 8.219  ; 8.520  ; 9.042  ; 9.343  ;
; a[16]      ; output[28]  ; 9.275  ; 9.558  ; 10.300 ; 10.570 ;
; a[16]      ; output[29]  ; 8.410  ; 8.566  ; 9.399  ; 9.575  ;
; a[16]      ; output[30]  ; 8.581  ; 8.729  ; 9.567  ; 9.735  ;
; a[16]      ; output[31]  ; 8.067  ; 7.648  ; 8.213  ; 9.226  ;
; a[17]      ; output[0]   ; 7.512  ; 7.755  ; 8.180  ; 8.398  ;
; a[17]      ; output[1]   ; 8.452  ;        ;        ; 9.706  ;
; a[17]      ; output[2]   ; 7.126  ; 7.519  ; 8.363  ; 8.278  ;
; a[17]      ; output[3]   ; 8.594  ;        ;        ; 9.747  ;
; a[17]      ; output[4]   ; 8.322  ; 8.569  ; 9.299  ; 9.546  ;
; a[17]      ; output[5]   ; 8.066  ;        ;        ; 9.276  ;
; a[17]      ; output[6]   ; 7.805  ; 7.993  ; 8.767  ; 8.948  ;
; a[17]      ; output[7]   ; 6.903  ;        ;        ; 8.001  ;
; a[17]      ; output[8]   ; 8.550  ;        ;        ; 9.786  ;
; a[17]      ; output[9]   ; 7.987  ; 8.268  ; 8.919  ; 9.172  ;
; a[17]      ; output[10]  ; 7.449  ; 7.680  ; 8.375  ; 8.593  ;
; a[17]      ; output[11]  ; 8.307  ;        ;        ; 9.504  ;
; a[17]      ; output[12]  ; 8.205  ; 8.389  ; 9.235  ; 9.457  ;
; a[17]      ; output[13]  ; 7.388  ;        ;        ; 8.594  ;
; a[17]      ; output[14]  ; 7.332  ; 7.494  ; 8.346  ; 8.501  ;
; a[17]      ; output[15]  ; 8.182  ;        ;        ; 9.414  ;
; a[17]      ; output[16]  ; 8.923  ; 9.188  ; 9.964  ; 10.222 ;
; a[17]      ; output[17]  ; 8.046  ; 6.911  ; 7.356  ; 9.311  ;
; a[17]      ; output[18]  ; 8.316  ; 7.916  ; 8.373  ; 9.542  ;
; a[17]      ; output[19]  ; 8.170  ; 8.225  ; 8.527  ; 9.467  ;
; a[17]      ; output[20]  ; 8.169  ; 8.323  ; 8.837  ; 9.124  ;
; a[17]      ; output[21]  ; 9.325  ; 9.591  ; 10.368 ; 10.627 ;
; a[17]      ; output[22]  ; 7.616  ; 7.187  ; 7.773  ; 8.789  ;
; a[17]      ; output[23]  ; 8.543  ; 8.456  ; 8.795  ; 9.803  ;
; a[17]      ; output[24]  ; 7.008  ; 7.194  ; 7.673  ; 8.093  ;
; a[17]      ; output[25]  ; 8.301  ; 8.549  ; 9.228  ; 9.495  ;
; a[17]      ; output[26]  ; 8.443  ; 8.730  ; 9.409  ; 9.689  ;
; a[17]      ; output[27]  ; 8.317  ; 8.618  ; 9.189  ; 9.490  ;
; a[17]      ; output[28]  ; 9.115  ; 9.385  ; 9.903  ; 10.173 ;
; a[17]      ; output[29]  ; 8.634  ; 8.790  ; 9.688  ; 9.864  ;
; a[17]      ; output[30]  ; 8.927  ; 9.075  ; 10.013 ; 10.181 ;
; a[17]      ; output[31]  ; 8.291  ; 7.697  ; 8.167  ; 9.515  ;
; a[18]      ; output[0]   ; 8.114  ; 8.357  ; 9.000  ; 9.218  ;
; a[18]      ; output[1]   ; 8.587  ;        ;        ; 9.838  ;
; a[18]      ; output[2]   ; 7.092  ; 7.485  ; 8.263  ; 8.178  ;
; a[18]      ; output[3]   ; 8.729  ;        ;        ; 9.879  ;
; a[18]      ; output[4]   ; 8.384  ; 8.631  ; 9.348  ; 9.595  ;
; a[18]      ; output[5]   ; 8.201  ;        ;        ; 9.408  ;
; a[18]      ; output[6]   ; 7.813  ; 8.001  ; 8.741  ; 8.922  ;
; a[18]      ; output[7]   ; 7.038  ;        ;        ; 8.133  ;
; a[18]      ; output[8]   ; 8.612  ;        ;        ; 9.835  ;
; a[18]      ; output[9]   ; 8.122  ; 8.403  ; 9.051  ; 9.304  ;
; a[18]      ; output[10]  ; 7.293  ;        ;        ; 8.360  ;
; a[18]      ; output[11]  ; 8.442  ;        ;        ; 9.636  ;
; a[18]      ; output[12]  ; 8.267  ; 8.451  ; 9.284  ; 9.506  ;
; a[18]      ; output[13]  ; 7.523  ;        ;        ; 8.726  ;
; a[18]      ; output[14]  ; 7.340  ; 7.502  ; 8.320  ; 8.475  ;
; a[18]      ; output[15]  ; 8.317  ;        ;        ; 9.546  ;
; a[18]      ; output[16]  ; 8.985  ; 9.250  ; 10.013 ; 10.271 ;
; a[18]      ; output[17]  ; 7.955  ;        ;        ; 9.174  ;
; a[18]      ; output[18]  ; 8.458  ; 8.353  ; 9.142  ; 9.685  ;
; a[18]      ; output[19]  ; 8.376  ; 8.827  ; 9.347  ; 9.773  ;
; a[18]      ; output[20]  ; 8.771  ; 8.925  ; 9.657  ; 9.786  ;
; a[18]      ; output[21]  ; 9.230  ; 9.496  ; 10.267 ; 10.526 ;
; a[18]      ; output[22]  ; 7.758  ; 7.789  ; 8.593  ; 8.932  ;
; a[18]      ; output[23]  ; 8.644  ; 9.058  ; 9.615  ; 10.004 ;
; a[18]      ; output[24]  ; 7.607  ; 7.796  ; 8.493  ; 8.682  ;
; a[18]      ; output[25]  ; 8.401  ; 8.751  ; 9.372  ; 9.697  ;
; a[18]      ; output[26]  ; 8.585  ; 8.872  ; 9.552  ; 9.832  ;
; a[18]      ; output[27]  ; 8.870  ; 9.171  ; 9.816  ; 10.117 ;
; a[18]      ; output[28]  ; 9.717  ; 9.987  ; 10.603 ; 10.873 ;
; a[18]      ; output[29]  ; 8.539  ; 8.695  ; 9.587  ; 9.763  ;
; a[18]      ; output[30]  ; 9.069  ; 9.217  ; 10.156 ; 10.324 ;
; a[18]      ; output[31]  ; 8.336  ; 8.299  ; 8.987  ; 9.566  ;
; a[19]      ; output[0]   ; 7.187  ; 7.430  ; 7.782  ; 8.000  ;
; a[19]      ; output[1]   ; 8.362  ;        ;        ; 9.562  ;
; a[19]      ; output[2]   ; 6.759  ; 7.152  ; 7.858  ; 7.773  ;
; a[19]      ; output[3]   ; 8.738  ;        ;        ; 9.898  ;
; a[19]      ; output[4]   ; 8.051  ; 8.298  ; 8.943  ; 9.190  ;
; a[19]      ; output[5]   ; 7.976  ;        ;        ; 9.132  ;
; a[19]      ; output[6]   ; 7.480  ; 7.668  ; 8.336  ; 8.517  ;
; a[19]      ; output[7]   ; 6.939  ;        ;        ; 8.014  ;
; a[19]      ; output[8]   ; 8.279  ;        ;        ; 9.430  ;
; a[19]      ; output[9]   ; 7.897  ; 8.178  ; 8.775  ; 9.028  ;
; a[19]      ; output[10]  ; 6.960  ;        ;        ; 7.955  ;
; a[19]      ; output[11]  ; 8.131  ;        ;        ; 9.275  ;
; a[19]      ; output[12]  ; 7.934  ; 8.118  ; 8.879  ; 9.101  ;
; a[19]      ; output[13]  ; 7.298  ;        ;        ; 8.450  ;
; a[19]      ; output[14]  ; 7.007  ; 7.169  ; 7.915  ; 8.070  ;
; a[19]      ; output[15]  ; 8.218  ;        ;        ; 9.427  ;
; a[19]      ; output[16]  ; 8.652  ; 8.917  ; 9.608  ; 9.866  ;
; a[19]      ; output[17]  ; 7.730  ;        ;        ; 8.898  ;
; a[19]      ; output[18]  ; 7.843  ; 8.020  ; 8.737  ; 8.948  ;
; a[19]      ; output[19]  ; 8.328  ; 7.684  ; 7.937  ; 9.584  ;
; a[19]      ; output[20]  ; 7.983  ; 7.998  ; 8.439  ; 9.081  ;
; a[19]      ; output[21]  ; 8.673  ; 8.939  ; 9.586  ; 9.845  ;
; a[19]      ; output[22]  ; 6.931  ; 6.862  ; 7.375  ; 7.992  ;
; a[19]      ; output[23]  ; 8.031  ; 8.131  ; 8.397  ; 9.173  ;
; a[19]      ; output[24]  ; 7.010  ; 6.869  ; 7.275  ; 8.050  ;
; a[19]      ; output[25]  ; 7.474  ; 7.824  ; 8.154  ; 8.479  ;
; a[19]      ; output[26]  ; 7.404  ; 7.623  ; 7.999  ; 8.259  ;
; a[19]      ; output[27]  ; 7.943  ; 8.244  ; 8.598  ; 8.899  ;
; a[19]      ; output[28]  ; 8.877  ; 9.160  ; 9.860  ; 10.130 ;
; a[19]      ; output[29]  ; 7.982  ; 8.138  ; 8.906  ; 9.082  ;
; a[19]      ; output[30]  ; 8.242  ; 8.390  ; 9.216  ; 9.384  ;
; a[19]      ; output[31]  ; 7.779  ; 7.372  ; 7.769  ; 8.885  ;
; a[20]      ; output[0]   ; 7.288  ; 7.531  ; 8.072  ; 8.290  ;
; a[20]      ; output[1]   ; 8.819  ;        ;        ; 10.113 ;
; a[20]      ; output[2]   ; 6.760  ; 7.153  ; 7.898  ; 7.813  ;
; a[20]      ; output[3]   ; 9.195  ;        ;        ; 10.449 ;
; a[20]      ; output[4]   ; 7.933  ; 8.116  ; 8.914  ; 9.161  ;
; a[20]      ; output[5]   ; 8.433  ;        ;        ; 9.683  ;
; a[20]      ; output[6]   ; 7.481  ; 7.669  ; 8.376  ; 8.557  ;
; a[20]      ; output[7]   ; 7.396  ;        ;        ; 8.565  ;
; a[20]      ; output[8]   ; 8.333  ;        ;        ; 9.507  ;
; a[20]      ; output[9]   ; 8.354  ; 8.635  ; 9.326  ; 9.579  ;
; a[20]      ; output[10]  ; 6.961  ;        ;        ; 7.995  ;
; a[20]      ; output[11]  ; 8.588  ;        ;        ; 9.826  ;
; a[20]      ; output[12]  ; 7.991  ; 8.175  ; 8.958  ; 9.180  ;
; a[20]      ; output[13]  ; 7.755  ;        ;        ; 9.001  ;
; a[20]      ; output[14]  ; 7.008  ; 7.170  ; 7.955  ; 8.110  ;
; a[20]      ; output[15]  ; 8.675  ;        ;        ; 9.978  ;
; a[20]      ; output[16]  ; 8.706  ; 8.971  ; 9.685  ; 9.943  ;
; a[20]      ; output[17]  ; 8.187  ;        ;        ; 9.449  ;
; a[20]      ; output[18]  ; 7.844  ; 8.021  ; 8.777  ; 8.988  ;
; a[20]      ; output[19]  ; 8.785  ;        ;        ; 10.135 ;
; a[20]      ; output[20]  ; 8.858  ; 9.393  ; 10.138 ; 10.097 ;
; a[20]      ; output[21]  ; 8.988  ; 9.254  ; 9.979  ; 10.238 ;
; a[20]      ; output[22]  ; 7.446  ; 6.963  ; 7.665  ; 8.605  ;
; a[20]      ; output[23]  ; 8.237  ; 8.232  ; 8.687  ; 9.432  ;
; a[20]      ; output[24]  ; 7.525  ; 6.970  ; 7.565  ; 8.663  ;
; a[20]      ; output[25]  ; 7.575  ; 7.925  ; 8.444  ; 8.769  ;
; a[20]      ; output[26]  ; 7.704  ; 7.724  ; 8.289  ; 8.872  ;
; a[20]      ; output[27]  ; 8.044  ; 8.345  ; 8.888  ; 9.189  ;
; a[20]      ; output[28]  ; 9.392  ; 9.675  ; 10.473 ; 10.743 ;
; a[20]      ; output[29]  ; 8.297  ; 8.453  ; 9.299  ; 9.475  ;
; a[20]      ; output[30]  ; 8.757  ; 8.905  ; 9.829  ; 9.997  ;
; a[20]      ; output[31]  ; 7.985  ; 7.473  ; 8.059  ; 9.144  ;
; a[21]      ; output[0]   ; 7.117  ; 7.360  ; 7.729  ; 8.092  ;
; a[21]      ; output[1]   ; 8.298  ;        ;        ; 9.508  ;
; a[21]      ; output[2]   ; 6.868  ; 7.261  ; 8.007  ; 7.922  ;
; a[21]      ; output[3]   ; 8.610  ;        ;        ; 9.758  ;
; a[21]      ; output[4]   ; 8.041  ; 8.224  ; 9.023  ; 9.270  ;
; a[21]      ; output[5]   ; 8.188  ;        ;        ; 9.403  ;
; a[21]      ; output[6]   ; 7.589  ; 7.777  ; 8.485  ; 8.666  ;
; a[21]      ; output[7]   ; 6.811  ;        ;        ; 7.874  ;
; a[21]      ; output[8]   ; 8.441  ;        ;        ; 9.616  ;
; a[21]      ; output[9]   ; 7.833  ; 8.114  ; 8.721  ; 8.974  ;
; a[21]      ; output[10]  ; 7.069  ;        ;        ; 8.104  ;
; a[21]      ; output[11]  ; 8.003  ;        ;        ; 9.135  ;
; a[21]      ; output[12]  ; 8.099  ; 8.283  ; 9.067  ; 9.289  ;
; a[21]      ; output[13]  ; 7.072  ;        ;        ; 8.208  ;
; a[21]      ; output[14]  ; 7.116  ; 7.278  ; 8.064  ; 8.219  ;
; a[21]      ; output[15]  ; 8.090  ;        ;        ; 9.287  ;
; a[21]      ; output[16]  ; 8.814  ; 9.079  ; 9.794  ; 10.052 ;
; a[21]      ; output[17]  ; 7.666  ;        ;        ; 8.844  ;
; a[21]      ; output[18]  ; 7.952  ; 8.129  ; 8.886  ; 9.097  ;
; a[21]      ; output[19]  ; 8.200  ;        ;        ; 9.444  ;
; a[21]      ; output[20]  ; 8.966  ; 9.501  ; 10.247 ; 10.206 ;
; a[21]      ; output[21]  ; 9.111  ; 9.377  ; 10.117 ; 10.376 ;
; a[21]      ; output[22]  ; 7.073  ; 6.792  ; 7.322  ; 8.146  ;
; a[21]      ; output[23]  ; 8.360  ; 8.061  ; 8.344  ; 9.570  ;
; a[21]      ; output[24]  ; 6.967  ; 7.241  ; 7.783  ; 8.044  ;
; a[21]      ; output[25]  ; 7.406  ; 7.754  ; 8.101  ; 8.491  ;
; a[21]      ; output[26]  ; 7.334  ; 7.553  ; 7.946  ; 8.413  ;
; a[21]      ; output[27]  ; 7.873  ; 8.174  ; 8.545  ; 8.846  ;
; a[21]      ; output[28]  ; 8.911  ; 9.181  ; 9.734  ; 10.004 ;
; a[21]      ; output[29]  ; 8.420  ; 8.576  ; 9.437  ; 9.613  ;
; a[21]      ; output[30]  ; 8.384  ; 8.532  ; 9.370  ; 9.538  ;
; a[21]      ; output[31]  ; 8.108  ; 7.302  ; 7.716  ; 9.282  ;
; a[22]      ; output[0]   ; 7.088  ; 6.956  ; 7.468  ; 8.193  ;
; a[22]      ; output[1]   ; 8.242  ;        ;        ; 9.455  ;
; a[22]      ; output[2]   ; 6.741  ; 7.134  ; 7.880  ; 7.795  ;
; a[22]      ; output[3]   ; 8.554  ;        ;        ; 9.705  ;
; a[22]      ; output[4]   ; 8.116  ; 8.299  ; 9.124  ; 9.371  ;
; a[22]      ; output[5]   ; 8.132  ;        ;        ; 9.350  ;
; a[22]      ; output[6]   ; 7.508  ;        ;        ; 8.585  ;
; a[22]      ; output[7]   ; 6.755  ;        ;        ; 7.821  ;
; a[22]      ; output[8]   ; 8.516  ;        ;        ; 9.717  ;
; a[22]      ; output[9]   ; 7.777  ; 8.058  ; 8.668  ; 8.921  ;
; a[22]      ; output[10]  ; 6.942  ;        ;        ; 7.977  ;
; a[22]      ; output[11]  ; 7.947  ;        ;        ; 9.082  ;
; a[22]      ; output[12]  ; 8.174  ; 8.358  ; 9.168  ; 9.390  ;
; a[22]      ; output[13]  ; 7.016  ;        ;        ; 8.155  ;
; a[22]      ; output[14]  ; 6.967  ; 7.129  ; 7.884  ; 8.039  ;
; a[22]      ; output[15]  ; 8.034  ;        ;        ; 9.234  ;
; a[22]      ; output[16]  ; 8.889  ; 9.154  ; 9.895  ; 10.153 ;
; a[22]      ; output[17]  ; 7.610  ;        ;        ; 8.791  ;
; a[22]      ; output[18]  ; 7.825  ; 8.002  ; 8.759  ; 8.970  ;
; a[22]      ; output[19]  ; 8.144  ;        ;        ; 9.391  ;
; a[22]      ; output[20]  ; 9.041  ; 9.576  ; 10.348 ; 10.307 ;
; a[22]      ; output[21]  ; 8.291  ;        ;        ; 9.520  ;
; a[22]      ; output[22]  ; 7.464  ; 7.941  ; 8.756  ; 8.628  ;
; a[22]      ; output[23]  ; 8.353  ; 7.831  ; 8.226  ; 9.573  ;
; a[22]      ; output[24]  ; 6.917  ; 7.191  ; 7.714  ; 7.975  ;
; a[22]      ; output[25]  ; 7.471  ; 7.719  ; 8.280  ; 8.547  ;
; a[22]      ; output[26]  ; 7.281  ; 7.323  ; 7.828  ; 8.344  ;
; a[22]      ; output[27]  ; 7.643  ; 7.944  ; 8.427  ; 8.728  ;
; a[22]      ; output[28]  ; 8.861  ; 9.131  ; 9.665  ; 9.935  ;
; a[22]      ; output[29]  ; 8.274  ; 8.450  ; 9.092  ; 9.268  ;
; a[22]      ; output[30]  ; 8.334  ; 8.482  ; 9.301  ; 9.469  ;
; a[22]      ; output[31]  ; 8.101  ; 7.072  ; 7.598  ; 9.285  ;
; a[23]      ; output[0]   ; 7.226  ; 7.370  ; 7.784  ; 8.325  ;
; a[23]      ; output[1]   ; 8.357  ;        ;        ; 9.557  ;
; a[23]      ; output[2]   ; 6.879  ; 7.272  ; 8.012  ; 7.927  ;
; a[23]      ; output[3]   ; 8.762  ;        ;        ; 9.924  ;
; a[23]      ; output[4]   ; 8.254  ; 8.437  ; 9.256  ; 9.503  ;
; a[23]      ; output[5]   ; 8.247  ;        ;        ; 9.452  ;
; a[23]      ; output[6]   ; 7.646  ;        ;        ; 8.717  ;
; a[23]      ; output[7]   ; 6.860  ;        ;        ; 7.912  ;
; a[23]      ; output[8]   ; 8.654  ;        ;        ; 9.849  ;
; a[23]      ; output[9]   ; 7.892  ; 8.173  ; 8.770  ; 9.023  ;
; a[23]      ; output[10]  ; 7.080  ;        ;        ; 8.109  ;
; a[23]      ; output[11]  ; 8.155  ;        ;        ; 9.301  ;
; a[23]      ; output[12]  ; 8.312  ; 8.496  ; 9.300  ; 9.522  ;
; a[23]      ; output[13]  ; 7.131  ;        ;        ; 8.257  ;
; a[23]      ; output[14]  ; 7.105  ; 7.267  ; 8.016  ; 8.171  ;
; a[23]      ; output[15]  ; 7.966  ;        ;        ; 9.133  ;
; a[23]      ; output[16]  ; 9.027  ; 9.292  ; 10.027 ; 10.285 ;
; a[23]      ; output[17]  ; 7.725  ;        ;        ; 8.893  ;
; a[23]      ; output[18]  ; 7.963  ; 8.140  ; 8.891  ; 9.102  ;
; a[23]      ; output[19]  ; 8.352  ;        ;        ; 9.610  ;
; a[23]      ; output[20]  ; 9.179  ; 9.714  ; 10.480 ; 10.439 ;
; a[23]      ; output[21]  ; 8.406  ;        ;        ; 9.622  ;
; a[23]      ; output[22]  ; 7.602  ; 8.079  ; 8.888  ; 8.760  ;
; a[23]      ; output[23]  ; 8.605  ; 8.029  ; 8.350  ; 9.858  ;
; a[23]      ; output[24]  ; 7.177  ; 7.451  ; 8.008  ; 8.269  ;
; a[23]      ; output[25]  ; 7.611  ; 7.938  ; 8.419  ; 8.686  ;
; a[23]      ; output[26]  ; 8.252  ; 8.539  ; 9.128  ; 9.408  ;
; a[23]      ; output[27]  ; 8.057  ; 8.358  ; 8.743  ; 9.044  ;
; a[23]      ; output[28]  ; 9.121  ; 9.391  ; 9.959  ; 10.229 ;
; a[23]      ; output[29]  ; 8.414  ; 8.590  ; 9.231  ; 9.407  ;
; a[23]      ; output[30]  ; 9.147  ; 9.295  ; 10.235 ; 10.403 ;
; a[23]      ; output[31]  ; 8.241  ; 7.486  ; 7.914  ; 9.424  ;
; a[24]      ; output[0]   ; 7.194  ; 7.466  ; 8.051  ; 8.288  ;
; a[24]      ; output[1]   ; 8.209  ;        ;        ; 9.416  ;
; a[24]      ; output[2]   ; 6.810  ; 7.203  ; 7.960  ; 7.875  ;
; a[24]      ; output[3]   ; 8.614  ;        ;        ; 9.783  ;
; a[24]      ; output[4]   ; 7.963  ; 8.146  ; 8.940  ; 9.187  ;
; a[24]      ; output[5]   ; 8.099  ;        ;        ; 9.311  ;
; a[24]      ; output[6]   ; 7.577  ;        ;        ; 8.665  ;
; a[24]      ; output[7]   ; 6.712  ;        ;        ; 7.771  ;
; a[24]      ; output[8]   ; 8.665  ; 9.005  ; 9.516  ; 9.883  ;
; a[24]      ; output[9]   ; 7.744  ; 8.025  ; 8.629  ; 8.882  ;
; a[24]      ; output[10]  ; 7.011  ;        ;        ; 8.057  ;
; a[24]      ; output[11]  ; 8.007  ;        ;        ; 9.160  ;
; a[24]      ; output[12]  ; 8.021  ; 8.205  ; 8.984  ; 9.206  ;
; a[24]      ; output[13]  ; 6.983  ;        ;        ; 8.116  ;
; a[24]      ; output[14]  ; 7.036  ; 7.198  ; 7.964  ; 8.119  ;
; a[24]      ; output[15]  ; 7.818  ;        ;        ; 8.992  ;
; a[24]      ; output[16]  ; 8.738  ; 9.003  ; 9.718  ; 9.976  ;
; a[24]      ; output[17]  ; 7.577  ;        ;        ; 8.752  ;
; a[24]      ; output[18]  ; 7.894  ; 8.071  ; 8.839  ; 9.050  ;
; a[24]      ; output[19]  ; 8.204  ;        ;        ; 9.469  ;
; a[24]      ; output[20]  ; 8.888  ; 9.423  ; 10.164 ; 10.123 ;
; a[24]      ; output[21]  ; 8.258  ;        ;        ; 9.481  ;
; a[24]      ; output[22]  ; 7.533  ; 8.010  ; 8.836  ; 8.708  ;
; a[24]      ; output[23]  ; 8.457  ;        ;        ; 9.717  ;
; a[24]      ; output[24]  ; 7.213  ; 7.364  ; 8.167  ; 8.356  ;
; a[24]      ; output[25]  ; 7.684  ; 8.034  ; 8.566  ; 8.891  ;
; a[24]      ; output[26]  ; 8.109  ; 8.396  ; 8.972  ; 9.252  ;
; a[24]      ; output[27]  ; 8.167  ; 8.468  ; 9.010  ; 9.311  ;
; a[24]      ; output[28]  ; 9.000  ; 9.270  ; 9.803  ; 10.073 ;
; a[24]      ; output[29]  ; 8.407  ; 8.583  ; 9.245  ; 9.421  ;
; a[24]      ; output[30]  ; 9.004  ; 9.152  ; 10.079 ; 10.247 ;
; a[24]      ; output[31]  ; 8.083  ; 7.582  ; 8.181  ; 9.253  ;
; a[25]      ; output[0]   ; 7.127  ; 7.399  ; 7.838  ; 8.078  ;
; a[25]      ; output[1]   ; 8.411  ;        ;        ; 9.618  ;
; a[25]      ; output[2]   ; 6.871  ; 7.264  ; 8.022  ; 7.937  ;
; a[25]      ; output[3]   ; 8.716  ;        ;        ; 9.884  ;
; a[25]      ; output[4]   ; 8.024  ; 8.207  ; 9.002  ; 9.249  ;
; a[25]      ; output[5]   ; 8.153  ;        ;        ; 9.356  ;
; a[25]      ; output[6]   ; 7.638  ;        ;        ; 8.727  ;
; a[25]      ; output[7]   ; 6.814  ;        ;        ; 7.872  ;
; a[25]      ; output[8]   ; 8.726  ; 9.066  ; 9.578  ; 9.945  ;
; a[25]      ; output[9]   ; 7.569  ;        ;        ; 8.700  ;
; a[25]      ; output[10]  ; 7.072  ;        ;        ; 8.119  ;
; a[25]      ; output[11]  ; 8.109  ;        ;        ; 9.261  ;
; a[25]      ; output[12]  ; 8.082  ; 8.266  ; 9.046  ; 9.268  ;
; a[25]      ; output[13]  ; 7.037  ;        ;        ; 8.161  ;
; a[25]      ; output[14]  ; 7.097  ; 7.259  ; 8.026  ; 8.181  ;
; a[25]      ; output[15]  ; 7.920  ;        ;        ; 9.093  ;
; a[25]      ; output[16]  ; 8.799  ; 9.064  ; 9.780  ; 10.038 ;
; a[25]      ; output[17]  ; 7.779  ;        ;        ; 8.954  ;
; a[25]      ; output[18]  ; 7.955  ; 8.132  ; 8.901  ; 9.112  ;
; a[25]      ; output[19]  ; 8.306  ;        ;        ; 9.570  ;
; a[25]      ; output[20]  ; 8.949  ; 9.484  ; 10.226 ; 10.185 ;
; a[25]      ; output[21]  ; 8.312  ;        ;        ; 9.526  ;
; a[25]      ; output[22]  ; 7.594  ; 8.071  ; 8.898  ; 8.770  ;
; a[25]      ; output[23]  ; 8.559  ;        ;        ; 9.818  ;
; a[25]      ; output[24]  ; 7.274  ; 7.425  ; 8.229  ; 8.418  ;
; a[25]      ; output[25]  ; 8.162  ; 7.927  ; 8.520  ; 9.306  ;
; a[25]      ; output[26]  ; 8.245  ; 8.532  ; 9.120  ; 9.400  ;
; a[25]      ; output[27]  ; 8.242  ; 8.543  ; 9.069  ; 9.370  ;
; a[25]      ; output[28]  ; 8.933  ; 9.203  ; 9.584  ; 9.854  ;
; a[25]      ; output[29]  ; 8.482  ; 8.658  ; 9.332  ; 9.508  ;
; a[25]      ; output[30]  ; 9.140  ; 9.288  ; 10.227 ; 10.395 ;
; a[25]      ; output[31]  ; 8.158  ; 7.515  ; 7.968  ; 9.340  ;
; a[26]      ; output[0]   ; 7.338  ; 7.254  ; 7.829  ; 8.462  ;
; a[26]      ; output[1]   ; 8.494  ;        ;        ; 9.701  ;
; a[26]      ; output[2]   ; 7.155  ; 7.548  ; 8.324  ; 8.239  ;
; a[26]      ; output[3]   ; 8.799  ;        ;        ; 9.967  ;
; a[26]      ; output[4]   ; 8.364  ; 8.547  ; 9.386  ; 9.633  ;
; a[26]      ; output[5]   ; 8.236  ;        ;        ; 9.439  ;
; a[26]      ; output[6]   ; 7.946  ;        ;        ; 9.063  ;
; a[26]      ; output[7]   ; 6.897  ;        ;        ; 7.955  ;
; a[26]      ; output[8]   ; 9.066  ; 9.406  ; 9.962  ; 10.329 ;
; a[26]      ; output[9]   ; 7.652  ;        ;        ; 8.783  ;
; a[26]      ; output[10]  ; 7.581  ; 7.812  ; 8.474  ; 8.692  ;
; a[26]      ; output[11]  ; 8.192  ;        ;        ; 9.344  ;
; a[26]      ; output[12]  ; 8.422  ; 8.606  ; 9.430  ; 9.652  ;
; a[26]      ; output[13]  ; 7.120  ;        ;        ; 8.244  ;
; a[26]      ; output[14]  ; 7.405  ; 7.567  ; 8.362  ; 8.517  ;
; a[26]      ; output[15]  ; 8.003  ;        ;        ; 9.176  ;
; a[26]      ; output[16]  ; 9.139  ; 9.404  ; 10.164 ; 10.422 ;
; a[26]      ; output[17]  ; 7.862  ;        ;        ; 9.037  ;
; a[26]      ; output[18]  ; 8.239  ; 8.416  ; 9.203  ; 9.414  ;
; a[26]      ; output[19]  ; 8.389  ;        ;        ; 9.653  ;
; a[26]      ; output[20]  ; 9.289  ; 9.824  ; 10.610 ; 10.569 ;
; a[26]      ; output[21]  ; 8.395  ;        ;        ; 9.609  ;
; a[26]      ; output[22]  ; 7.902  ; 8.379  ; 9.234  ; 9.106  ;
; a[26]      ; output[23]  ; 8.642  ;        ;        ; 9.901  ;
; a[26]      ; output[24]  ; 7.614  ; 7.765  ; 8.613  ; 8.802  ;
; a[26]      ; output[25]  ; 8.245  ;        ;        ; 9.389  ;
; a[26]      ; output[26]  ; 8.760  ; 8.988  ; 9.809  ; 10.028 ;
; a[26]      ; output[27]  ; 8.207  ; 8.508  ; 9.024  ; 9.325  ;
; a[26]      ; output[28]  ; 8.788  ; 9.058  ; 9.575  ; 9.845  ;
; a[26]      ; output[29]  ; 7.523  ; 7.679  ; 8.428  ; 8.604  ;
; a[26]      ; output[30]  ; 9.243  ; 9.391  ; 10.342 ; 10.510 ;
; a[26]      ; output[31]  ; 8.123  ; 7.370  ; 7.959  ; 9.295  ;
; a[27]      ; output[0]   ; 6.956  ; 7.121  ; 7.566  ; 8.052  ;
; a[27]      ; output[1]   ; 8.708  ;        ;        ; 9.972  ;
; a[27]      ; output[2]   ; 6.773  ; 7.166  ; 7.914  ; 7.829  ;
; a[27]      ; output[3]   ; 9.083  ;        ;        ; 10.316 ;
; a[27]      ; output[4]   ; 7.982  ; 8.165  ; 8.976  ; 9.223  ;
; a[27]      ; output[5]   ; 8.450  ;        ;        ; 9.710  ;
; a[27]      ; output[6]   ; 7.564  ;        ;        ; 8.653  ;
; a[27]      ; output[7]   ; 7.181  ;        ;        ; 8.311  ;
; a[27]      ; output[8]   ; 8.684  ; 9.024  ; 9.552  ; 9.919  ;
; a[27]      ; output[9]   ; 7.866  ;        ;        ; 9.054  ;
; a[27]      ; output[10]  ; 7.199  ; 7.430  ; 8.064  ; 8.282  ;
; a[27]      ; output[11]  ; 8.139  ;        ;        ; 9.305  ;
; a[27]      ; output[12]  ; 8.040  ; 8.224  ; 9.020  ; 9.242  ;
; a[27]      ; output[13]  ; 7.334  ;        ;        ; 8.515  ;
; a[27]      ; output[14]  ; 7.023  ; 7.185  ; 7.952  ; 8.107  ;
; a[27]      ; output[15]  ; 8.287  ;        ;        ; 9.532  ;
; a[27]      ; output[16]  ; 8.757  ; 9.022  ; 9.754  ; 10.012 ;
; a[27]      ; output[17]  ; 8.076  ;        ;        ; 9.308  ;
; a[27]      ; output[18]  ; 7.857  ; 8.034  ; 8.793  ; 9.004  ;
; a[27]      ; output[19]  ; 8.673  ;        ;        ; 10.002 ;
; a[27]      ; output[20]  ; 8.907  ; 9.442  ; 10.200 ; 10.159 ;
; a[27]      ; output[21]  ; 8.609  ;        ;        ; 9.880  ;
; a[27]      ; output[22]  ; 7.520  ; 7.997  ; 8.824  ; 8.696  ;
; a[27]      ; output[23]  ; 8.926  ;        ;        ; 10.257 ;
; a[27]      ; output[24]  ; 7.232  ; 7.383  ; 8.203  ; 8.392  ;
; a[27]      ; output[25]  ; 8.459  ;        ;        ; 9.660  ;
; a[27]      ; output[26]  ; 8.378  ; 8.606  ; 9.399  ; 9.618  ;
; a[27]      ; output[27]  ; 8.296  ; 8.509  ; 9.028  ; 9.534  ;
; a[27]      ; output[28]  ; 8.655  ; 8.925  ; 9.312  ; 9.582  ;
; a[27]      ; output[29]  ; 7.524  ; 7.680  ; 8.432  ; 8.608  ;
; a[27]      ; output[30]  ; 8.324  ; 8.492  ; 9.102  ; 9.270  ;
; a[27]      ; output[31]  ; 8.124  ; 7.237  ; 7.696  ; 9.299  ;
; a[28]      ; output[0]   ; 7.392  ; 7.109  ; 7.672  ; 8.533  ;
; a[28]      ; output[1]   ; 8.819  ;        ;        ; 10.094 ;
; a[28]      ; output[2]   ; 6.898  ; 7.291  ; 8.050  ; 7.965  ;
; a[28]      ; output[3]   ; 9.194  ;        ;        ; 10.438 ;
; a[28]      ; output[4]   ; 8.137  ; 8.320  ; 9.144  ; 9.391  ;
; a[28]      ; output[5]   ; 8.561  ;        ;        ; 9.832  ;
; a[28]      ; output[6]   ; 7.689  ;        ;        ; 8.789  ;
; a[28]      ; output[7]   ; 7.292  ;        ;        ; 8.433  ;
; a[28]      ; output[8]   ; 9.120  ; 9.460  ; 10.033 ; 10.400 ;
; a[28]      ; output[9]   ; 7.977  ;        ;        ; 9.176  ;
; a[28]      ; output[10]  ; 7.324  ; 7.555  ; 8.200  ; 8.418  ;
; a[28]      ; output[11]  ; 8.250  ;        ;        ; 9.427  ;
; a[28]      ; output[12]  ; 7.885  ; 8.069  ; 8.849  ; 9.071  ;
; a[28]      ; output[13]  ; 7.445  ;        ;        ; 8.637  ;
; a[28]      ; output[14]  ; 7.148  ; 7.310  ; 8.088  ; 8.243  ;
; a[28]      ; output[15]  ; 8.398  ;        ;        ; 9.654  ;
; a[28]      ; output[16]  ; 9.193  ; 9.458  ; 10.235 ; 10.493 ;
; a[28]      ; output[17]  ; 8.187  ;        ;        ; 9.430  ;
; a[28]      ; output[18]  ; 7.982  ; 8.159  ; 8.929  ; 9.140  ;
; a[28]      ; output[19]  ; 8.784  ;        ;        ; 10.124 ;
; a[28]      ; output[20]  ; 9.062  ; 9.597  ; 10.368 ; 10.327 ;
; a[28]      ; output[21]  ; 8.720  ;        ;        ; 10.002 ;
; a[28]      ; output[22]  ; 7.645  ; 8.122  ; 8.960  ; 8.832  ;
; a[28]      ; output[23]  ; 9.037  ;        ;        ; 10.379 ;
; a[28]      ; output[24]  ; 7.668  ; 7.819  ; 8.684  ; 8.873  ;
; a[28]      ; output[25]  ; 8.570  ;        ;        ; 9.782  ;
; a[28]      ; output[26]  ; 8.503  ; 8.731  ; 9.535  ; 9.754  ;
; a[28]      ; output[27]  ; 8.407  ;        ;        ; 9.656  ;
; a[28]      ; output[28]  ; 8.598  ; 8.868  ; 9.379  ; 9.649  ;
; a[28]      ; output[29]  ; 8.035  ; 8.211  ; 8.827  ; 9.003  ;
; a[28]      ; output[30]  ; 8.411  ; 8.579  ; 9.183  ; 9.351  ;
; a[28]      ; output[31]  ; 7.852  ; 8.264  ; 8.595  ; 8.987  ;
; a[29]      ; output[0]   ; 7.272  ; 6.891  ; 7.289  ; 8.404  ;
; a[29]      ; output[1]   ; 7.930  ;        ;        ; 9.067  ;
; a[29]      ; output[2]   ; 6.778  ; 7.171  ; 7.921  ; 7.836  ;
; a[29]      ; output[3]   ; 8.442  ;        ;        ; 9.558  ;
; a[29]      ; output[4]   ; 8.017  ; 8.200  ; 9.015  ; 9.262  ;
; a[29]      ; output[5]   ; 7.365  ;        ;        ; 8.444  ;
; a[29]      ; output[6]   ; 7.569  ;        ;        ; 8.660  ;
; a[29]      ; output[7]   ; 6.540  ;        ;        ; 7.553  ;
; a[29]      ; output[8]   ; 9.000  ; 9.340  ; 9.904  ; 10.271 ;
; a[29]      ; output[9]   ; 7.088  ;        ;        ; 8.149  ;
; a[29]      ; output[10]  ; 7.204  ; 7.435  ; 8.071  ; 8.289  ;
; a[29]      ; output[11]  ; 7.498  ;        ;        ; 8.547  ;
; a[29]      ; output[12]  ; 7.765  ; 7.949  ; 8.720  ; 8.942  ;
; a[29]      ; output[13]  ; 6.236  ;        ;        ; 7.262  ;
; a[29]      ; output[14]  ; 7.028  ; 7.190  ; 7.959  ; 8.114  ;
; a[29]      ; output[15]  ; 7.646  ;        ;        ; 8.774  ;
; a[29]      ; output[16]  ; 9.073  ; 9.338  ; 10.106 ; 10.364 ;
; a[29]      ; output[17]  ; 7.298  ;        ;        ; 8.403  ;
; a[29]      ; output[18]  ; 7.862  ; 8.039  ; 8.800  ; 9.011  ;
; a[29]      ; output[19]  ; 8.032  ;        ;        ; 9.244  ;
; a[29]      ; output[20]  ; 8.942  ; 9.477  ; 10.239 ; 10.198 ;
; a[29]      ; output[21]  ; 7.524  ;        ;        ; 8.614  ;
; a[29]      ; output[22]  ; 7.525  ; 8.002  ; 8.831  ; 8.703  ;
; a[29]      ; output[23]  ; 8.285  ;        ;        ; 9.499  ;
; a[29]      ; output[24]  ; 7.548  ; 7.699  ; 8.555  ; 8.744  ;
; a[29]      ; output[25]  ; 7.681  ;        ;        ; 8.755  ;
; a[29]      ; output[26]  ; 8.383  ; 8.611  ; 9.406  ; 9.625  ;
; a[29]      ; output[27]  ; 7.655  ;        ;        ; 8.776  ;
; a[29]      ; output[28]  ; 8.038  ;        ;        ; 9.215  ;
; a[29]      ; output[29]  ; 7.780  ; 7.956  ; 8.535  ; 8.711  ;
; a[29]      ; output[30]  ; 7.484  ; 7.632  ; 8.366  ; 8.534  ;
; a[29]      ; output[31]  ; 7.597  ; 8.009  ; 8.303  ; 8.695  ;
; a[30]      ; output[0]   ; 7.223  ; 7.258  ; 7.864  ; 8.343  ;
; a[30]      ; output[1]   ; 8.210  ;        ;        ; 9.407  ;
; a[30]      ; output[2]   ; 6.485  ; 6.878  ; 7.586  ; 7.501  ;
; a[30]      ; output[3]   ; 8.722  ;        ;        ; 9.898  ;
; a[30]      ; output[4]   ; 7.968  ; 8.151  ; 8.954  ; 9.201  ;
; a[30]      ; output[5]   ; 7.645  ;        ;        ; 8.784  ;
; a[30]      ; output[6]   ; 7.060  ;        ;        ; 8.075  ;
; a[30]      ; output[7]   ; 6.820  ;        ;        ; 7.893  ;
; a[30]      ; output[8]   ; 8.951  ; 9.291  ; 9.843  ; 10.210 ;
; a[30]      ; output[9]   ; 7.368  ;        ;        ; 8.489  ;
; a[30]      ; output[10]  ; 6.911  ; 7.142  ; 7.736  ; 7.954  ;
; a[30]      ; output[11]  ; 7.778  ;        ;        ; 8.887  ;
; a[30]      ; output[12]  ; 7.716  ; 7.900  ; 8.659  ; 8.881  ;
; a[30]      ; output[13]  ; 6.516  ;        ;        ; 7.602  ;
; a[30]      ; output[14]  ; 6.260  ; 6.422  ; 7.132  ; 7.287  ;
; a[30]      ; output[15]  ; 7.926  ;        ;        ; 9.114  ;
; a[30]      ; output[16]  ; 9.024  ; 9.289  ; 10.045 ; 10.303 ;
; a[30]      ; output[17]  ; 7.578  ;        ;        ; 8.743  ;
; a[30]      ; output[18]  ; 7.569  ; 7.746  ; 8.465  ; 8.676  ;
; a[30]      ; output[19]  ; 8.312  ;        ;        ; 9.584  ;
; a[30]      ; output[20]  ; 8.893  ; 9.428  ; 10.178 ; 10.137 ;
; a[30]      ; output[21]  ; 7.804  ;        ;        ; 8.954  ;
; a[30]      ; output[22]  ; 7.016  ; 7.493  ; 8.246  ; 8.118  ;
; a[30]      ; output[23]  ; 8.565  ;        ;        ; 9.839  ;
; a[30]      ; output[24]  ; 7.499  ; 7.650  ; 8.494  ; 8.683  ;
; a[30]      ; output[25]  ; 7.961  ;        ;        ; 9.095  ;
; a[30]      ; output[26]  ; 8.090  ; 8.318  ; 9.071  ; 9.290  ;
; a[30]      ; output[27]  ; 7.935  ;        ;        ; 9.116  ;
; a[30]      ; output[28]  ; 7.989  ;        ;        ; 9.154  ;
; a[30]      ; output[29]  ; 6.611  ;        ;        ; 7.634  ;
; a[30]      ; output[30]  ; 8.264  ; 8.432  ; 9.046  ; 9.214  ;
; a[30]      ; output[31]  ; 7.406  ; 7.374  ; 7.994  ; 8.525  ;
; a[31]      ; output[0]   ; 6.050  ; 5.929  ; 5.787  ; 6.666  ;
; a[31]      ; output[1]   ; 6.684  ;        ;        ; 7.333  ;
; a[31]      ; output[2]   ; 5.339  ; 5.732  ; 5.940  ; 5.855  ;
; a[31]      ; output[3]   ; 6.785  ;        ;        ; 7.370  ;
; a[31]      ; output[4]   ; 6.795  ; 6.978  ; 7.277  ; 7.524  ;
; a[31]      ; output[5]   ; 6.214  ;        ;        ; 6.841  ;
; a[31]      ; output[6]   ; 5.695  ;        ;        ; 6.194  ;
; a[31]      ; output[7]   ; 4.669  ;        ;        ; 5.115  ;
; a[31]      ; output[8]   ; 7.778  ; 8.118  ; 8.166  ; 8.533  ;
; a[31]      ; output[9]   ; 5.842  ;        ;        ; 6.415  ;
; a[31]      ; output[10]  ; 5.765  ; 5.996  ; 6.090  ; 6.308  ;
; a[31]      ; output[11]  ; 5.725  ;        ;        ; 6.232  ;
; a[31]      ; output[12]  ; 6.543  ; 6.727  ; 6.982  ; 7.204  ;
; a[31]      ; output[13]  ; 5.054  ;        ;        ; 5.624  ;
; a[31]      ; output[14]  ; 5.118  ; 5.280  ; 5.443  ; 5.598  ;
; a[31]      ; output[15]  ; 5.164  ;        ;        ; 5.647  ;
; a[31]      ; output[16]  ; 7.851  ; 8.116  ; 8.368  ; 8.626  ;
; a[31]      ; output[17]  ; 6.052  ;        ;        ; 6.669  ;
; a[31]      ; output[18]  ; 6.423  ; 6.600  ; 6.819  ; 7.030  ;
; a[31]      ; output[19]  ; 6.375  ;        ;        ; 7.056  ;
; a[31]      ; output[20]  ; 7.720  ; 8.255  ; 8.501  ; 8.460  ;
; a[31]      ; output[21]  ; 6.373  ;        ;        ; 7.011  ;
; a[31]      ; output[22]  ; 5.651  ; 6.128  ; 6.365  ; 6.237  ;
; a[31]      ; output[23]  ; 6.138  ;        ;        ; 6.738  ;
; a[31]      ; output[24]  ; 6.326  ; 6.477  ; 6.817  ; 7.006  ;
; a[31]      ; output[25]  ; 6.435  ;        ;        ; 7.021  ;
; a[31]      ; output[26]  ; 6.944  ; 7.172  ; 7.425  ; 7.644  ;
; a[31]      ; output[27]  ; 5.887  ;        ;        ; 6.465  ;
; a[31]      ; output[28]  ; 6.816  ;        ;        ; 7.477  ;
; a[31]      ; output[29]  ; 4.917  ;        ;        ; 5.336  ;
; a[31]      ; output[30]  ; 5.264  ;        ;        ; 5.702  ;
; a[31]      ; output[31]  ; 6.574  ; 6.986  ; 6.838  ; 7.230  ;
; b[0]       ; output[0]   ; 8.766  ; 8.991  ; 9.490  ; 9.715  ;
; b[0]       ; output[1]   ; 9.034  ; 9.575  ; 9.789  ; 10.350 ;
; b[0]       ; output[2]   ; 8.019  ; 7.934  ; 8.759  ; 8.674  ;
; b[0]       ; output[3]   ; 9.952  ; 10.184 ; 10.676 ; 10.908 ;
; b[0]       ; output[4]   ; 8.794  ; 9.041  ; 9.535  ; 9.782  ;
; b[0]       ; output[5]   ; 8.916  ; 9.291  ; 9.645  ; 10.019 ;
; b[0]       ; output[6]   ; 8.057  ; 8.246  ; 8.799  ; 9.021  ;
; b[0]       ; output[7]   ; 7.434  ; 7.892  ; 8.232  ; 8.620  ;
; b[0]       ; output[8]   ; 9.490  ; 9.857  ; 10.265 ; 10.632 ;
; b[0]       ; output[9]   ; 9.414  ; 9.597  ; 10.143 ; 10.326 ;
; b[0]       ; output[10]  ; 8.373  ; 8.878  ; 9.129  ; 9.627  ;
; b[0]       ; output[11]  ; 9.403  ; 9.631  ; 10.109 ; 10.337 ;
; b[0]       ; output[12]  ; 8.806  ; 9.378  ; 9.561  ; 10.126 ;
; b[0]       ; output[13]  ; 9.123  ; 9.373  ; 9.852  ; 10.102 ;
; b[0]       ; output[14]  ; 7.636  ; 7.791  ; 8.378  ; 8.533  ;
; b[0]       ; output[15]  ; 8.948  ; 9.160  ; 9.654  ; 9.884  ;
; b[0]       ; output[16]  ; 9.712  ; 10.388 ; 10.499 ; 11.101 ;
; b[0]       ; output[17]  ; 8.623  ; 9.231  ; 9.359  ; 9.960  ;
; b[0]       ; output[18]  ; 8.769  ; 8.980  ; 9.493  ; 9.704  ;
; b[0]       ; output[19]  ; 8.926  ; 9.583  ; 9.724  ; 10.311 ;
; b[0]       ; output[20]  ; 9.882  ; 9.841  ; 10.650 ; 10.609 ;
; b[0]       ; output[21]  ; 9.643  ; 9.902  ; 10.353 ; 10.612 ;
; b[0]       ; output[22]  ; 8.417  ; 8.317  ; 9.192  ; 9.076  ;
; b[0]       ; output[23]  ; 9.191  ; 9.838  ; 9.977  ; 10.566 ;
; b[0]       ; output[24]  ; 8.356  ; 8.617  ; 9.069  ; 9.330  ;
; b[0]       ; output[25]  ; 9.030  ; 9.599  ; 9.766  ; 10.328 ;
; b[0]       ; output[26]  ; 8.992  ; 9.211  ; 9.767  ; 9.986  ;
; b[0]       ; output[27]  ; 9.392  ; 9.693  ; 10.116 ; 10.417 ;
; b[0]       ; output[28]  ; 10.587 ; 10.857 ; 11.335 ; 11.605 ;
; b[0]       ; output[29]  ; 9.092  ; 9.268  ; 9.821  ; 9.997  ;
; b[0]       ; output[30]  ; 9.760  ; 9.928  ; 10.491 ; 10.659 ;
; b[0]       ; output[31]  ; 8.563  ; 8.930  ; 9.287  ; 9.636  ;
; b[1]       ; output[0]   ; 8.715  ; 8.940  ; 9.511  ; 9.736  ;
; b[1]       ; output[1]   ; 8.550  ; 8.922  ; 9.346  ; 9.712  ;
; b[1]       ; output[2]   ; 7.449  ; 7.426  ; 8.231  ; 8.204  ;
; b[1]       ; output[3]   ; 9.901  ; 10.133 ; 10.697 ; 10.929 ;
; b[1]       ; output[4]   ; 8.303  ; 8.550  ; 9.245  ; 9.492  ;
; b[1]       ; output[5]   ; 8.646  ; 8.875  ; 9.442  ; 9.671  ;
; b[1]       ; output[6]   ; 7.953  ; 8.204  ; 8.731  ; 8.982  ;
; b[1]       ; output[7]   ; 7.046  ; 7.188  ; 7.842  ; 7.984  ;
; b[1]       ; output[8]   ; 9.165  ; 9.505  ; 10.134 ; 10.501 ;
; b[1]       ; output[9]   ; 8.787  ; 8.970  ; 9.587  ; 9.770  ;
; b[1]       ; output[10]  ; 8.032  ; 8.337  ; 8.810  ; 9.115  ;
; b[1]       ; output[11]  ; 8.886  ; 9.114  ; 9.625  ; 9.853  ;
; b[1]       ; output[12]  ; 8.480  ; 8.974  ; 9.255  ; 9.768  ;
; b[1]       ; output[13]  ; 8.713  ; 8.963  ; 9.507  ; 9.757  ;
; b[1]       ; output[14]  ; 7.331  ; 7.486  ; 8.094  ; 8.249  ;
; b[1]       ; output[15]  ; 8.780  ; 8.992  ; 9.576  ; 9.788  ;
; b[1]       ; output[16]  ; 9.350  ; 9.960  ; 10.336 ; 10.717 ;
; b[1]       ; output[17]  ; 8.106  ; 8.604  ; 8.845  ; 9.404  ;
; b[1]       ; output[18]  ; 8.750  ; 8.961  ; 9.528  ; 9.739  ;
; b[1]       ; output[19]  ; 8.872  ; 9.298  ; 9.668  ; 10.094 ;
; b[1]       ; output[20]  ; 9.364  ; 9.642  ; 10.469 ; 10.428 ;
; b[1]       ; output[21]  ; 9.358  ; 9.617  ; 10.154 ; 10.413 ;
; b[1]       ; output[22]  ; 8.150  ; 8.232  ; 8.928  ; 9.010  ;
; b[1]       ; output[23]  ; 9.140  ; 9.529  ; 9.936  ; 10.325 ;
; b[1]       ; output[24]  ; 8.050  ; 8.239  ; 8.828  ; 9.017  ;
; b[1]       ; output[25]  ; 8.897  ; 9.222  ; 9.693  ; 10.018 ;
; b[1]       ; output[26]  ; 8.774  ; 8.993  ; 9.552  ; 9.771  ;
; b[1]       ; output[27]  ; 9.341  ; 9.642  ; 10.137 ; 10.438 ;
; b[1]       ; output[28]  ; 10.183 ; 10.453 ; 10.977 ; 11.247 ;
; b[1]       ; output[29]  ; 8.682  ; 8.858  ; 9.476  ; 9.652  ;
; b[1]       ; output[30]  ; 9.167  ; 9.335  ; 9.899  ; 10.067 ;
; b[1]       ; output[31]  ; 8.512  ; 8.770  ; 9.308  ; 9.566  ;
; b[2]       ; output[0]   ; 8.725  ; 8.950  ; 9.426  ; 9.651  ;
; b[2]       ; output[1]   ; 8.057  ; 8.414  ; 8.739  ; 9.259  ;
; b[2]       ; output[2]   ; 7.288  ; 7.317  ; 8.025  ; 8.054  ;
; b[2]       ; output[3]   ; 9.911  ; 10.143 ; 10.612 ; 10.844 ;
; b[2]       ; output[4]   ; 8.137  ; 8.384  ; 8.925  ; 9.172  ;
; b[2]       ; output[5]   ; 8.656  ; 8.885  ; 9.357  ; 9.586  ;
; b[2]       ; output[6]   ; 7.906  ; 8.182  ; 8.607  ; 8.883  ;
; b[2]       ; output[7]   ; 7.056  ; 7.198  ; 7.757  ; 7.899  ;
; b[2]       ; output[8]   ; 8.980  ; 9.376  ; 9.681  ; 10.077 ;
; b[2]       ; output[9]   ; 8.223  ; 8.406  ; 9.004  ; 9.187  ;
; b[2]       ; output[10]  ; 7.985  ; 8.315  ; 8.686  ; 9.016  ;
; b[2]       ; output[11]  ; 8.596  ; 8.824  ; 9.297  ; 9.525  ;
; b[2]       ; output[12]  ; 8.057  ; 8.279  ; 8.758  ; 8.980  ;
; b[2]       ; output[13]  ; 8.151  ; 8.401  ; 8.885  ; 9.135  ;
; b[2]       ; output[14]  ; 7.294  ; 7.449  ; 7.995  ; 8.150  ;
; b[2]       ; output[15]  ; 8.790  ; 9.002  ; 9.491  ; 9.703  ;
; b[2]       ; output[16]  ; 8.812  ; 9.070  ; 9.513  ; 9.784  ;
; b[2]       ; output[17]  ; 7.904  ; 8.210  ; 8.605  ; 8.911  ;
; b[2]       ; output[18]  ; 8.728  ; 8.939  ; 9.429  ; 9.640  ;
; b[2]       ; output[19]  ; 8.882  ; 9.308  ; 9.583  ; 10.009 ;
; b[2]       ; output[20]  ; 9.192  ; 9.321  ; 9.893  ; 10.022 ;
; b[2]       ; output[21]  ; 9.368  ; 9.627  ; 10.069 ; 10.328 ;
; b[2]       ; output[22]  ; 8.128  ; 8.185  ; 8.829  ; 8.886  ;
; b[2]       ; output[23]  ; 9.150  ; 9.539  ; 9.851  ; 10.240 ;
; b[2]       ; output[24]  ; 8.028  ; 8.217  ; 8.729  ; 8.918  ;
; b[2]       ; output[25]  ; 8.907  ; 9.232  ; 9.608  ; 9.933  ;
; b[2]       ; output[26]  ; 8.752  ; 8.971  ; 9.453  ; 9.672  ;
; b[2]       ; output[27]  ; 9.351  ; 9.652  ; 10.052 ; 10.353 ;
; b[2]       ; output[28]  ; 10.138 ; 10.408 ; 10.839 ; 11.109 ;
; b[2]       ; output[29]  ; 8.690  ; 8.866  ; 9.391  ; 9.567  ;
; b[2]       ; output[30]  ; 8.947  ; 9.115  ; 9.648  ; 9.816  ;
; b[2]       ; output[31]  ; 8.522  ; 8.780  ; 9.223  ; 9.481  ;
; b[3]       ; output[0]   ; 8.701  ; 8.926  ; 9.444  ; 9.669  ;
; b[3]       ; output[1]   ; 7.547  ; 7.907  ; 8.320  ; 8.699  ;
; b[3]       ; output[2]   ; 6.912  ; 6.941  ; 7.619  ; 7.648  ;
; b[3]       ; output[3]   ; 9.705  ; 9.937  ; 10.448 ; 10.680 ;
; b[3]       ; output[4]   ; 7.821  ; 8.068  ; 8.712  ; 8.959  ;
; b[3]       ; output[5]   ; 8.632  ; 8.861  ; 9.375  ; 9.604  ;
; b[3]       ; output[6]   ; 7.916  ; 8.167  ; 8.691  ; 8.942  ;
; b[3]       ; output[7]   ; 7.032  ; 7.174  ; 7.775  ; 7.917  ;
; b[3]       ; output[8]   ; 8.990  ; 9.361  ; 9.765  ; 10.136 ;
; b[3]       ; output[9]   ; 7.720  ; 7.903  ; 8.463  ; 8.646  ;
; b[3]       ; output[10]  ; 7.995  ; 8.300  ; 8.770  ; 9.075  ;
; b[3]       ; output[11]  ; 8.572  ; 8.800  ; 9.315  ; 9.543  ;
; b[3]       ; output[12]  ; 8.042  ; 8.264  ; 8.817  ; 9.039  ;
; b[3]       ; output[13]  ; 7.733  ; 7.983  ; 8.476  ; 8.726  ;
; b[3]       ; output[14]  ; 7.360  ; 7.515  ; 8.054  ; 8.209  ;
; b[3]       ; output[15]  ; 8.766  ; 8.978  ; 9.509  ; 9.721  ;
; b[3]       ; output[16]  ; 8.797  ; 9.055  ; 9.572  ; 9.830  ;
; b[3]       ; output[17]  ; 7.880  ; 8.186  ; 8.623  ; 8.929  ;
; b[3]       ; output[18]  ; 8.713  ; 8.924  ; 9.488  ; 9.699  ;
; b[3]       ; output[19]  ; 8.858  ; 9.284  ; 9.601  ; 10.027 ;
; b[3]       ; output[20]  ; 9.177  ; 9.331  ; 9.952  ; 10.106 ;
; b[3]       ; output[21]  ; 9.344  ; 9.603  ; 10.087 ; 10.346 ;
; b[3]       ; output[22]  ; 8.113  ; 8.195  ; 8.888  ; 8.970  ;
; b[3]       ; output[23]  ; 9.126  ; 9.515  ; 9.869  ; 10.258 ;
; b[3]       ; output[24]  ; 8.013  ; 8.202  ; 8.788  ; 8.977  ;
; b[3]       ; output[25]  ; 8.883  ; 9.208  ; 9.626  ; 9.951  ;
; b[3]       ; output[26]  ; 8.737  ; 8.956  ; 9.512  ; 9.731  ;
; b[3]       ; output[27]  ; 9.327  ; 9.628  ; 10.070 ; 10.371 ;
; b[3]       ; output[28]  ; 10.123 ; 10.393 ; 10.898 ; 11.168 ;
; b[3]       ; output[29]  ; 8.666  ; 8.842  ; 9.409  ; 9.585  ;
; b[3]       ; output[30]  ; 8.932  ; 9.100  ; 9.707  ; 9.875  ;
; b[3]       ; output[31]  ; 8.498  ; 8.756  ; 9.241  ; 9.499  ;
; b[4]       ; output[0]   ; 8.770  ; 8.995  ; 9.503  ; 9.728  ;
; b[4]       ; output[1]   ; 7.105  ; 7.401  ; 7.752  ; 8.066  ;
; b[4]       ; output[2]   ; 6.004  ; 6.122  ; 6.774  ; 6.873  ;
; b[4]       ; output[3]   ; 7.953  ; 8.185  ; 8.576  ; 8.901  ;
; b[4]       ; output[4]   ; 7.845  ; 8.092  ; 8.581  ; 8.828  ;
; b[4]       ; output[5]   ; 8.701  ; 8.930  ; 9.434  ; 9.663  ;
; b[4]       ; output[6]   ; 7.951  ; 8.227  ; 8.684  ; 8.960  ;
; b[4]       ; output[7]   ; 7.101  ; 7.243  ; 7.834  ; 7.976  ;
; b[4]       ; output[8]   ; 9.025  ; 9.421  ; 9.758  ; 10.154 ;
; b[4]       ; output[9]   ; 7.789  ; 7.972  ; 8.522  ; 8.705  ;
; b[4]       ; output[10]  ; 8.030  ; 8.360  ; 8.763  ; 9.093  ;
; b[4]       ; output[11]  ; 8.641  ; 8.869  ; 9.374  ; 9.602  ;
; b[4]       ; output[12]  ; 8.102  ; 8.324  ; 8.835  ; 9.057  ;
; b[4]       ; output[13]  ; 7.802  ; 8.052  ; 8.535  ; 8.785  ;
; b[4]       ; output[14]  ; 7.339  ; 7.494  ; 8.072  ; 8.227  ;
; b[4]       ; output[15]  ; 8.835  ; 9.047  ; 9.568  ; 9.780  ;
; b[4]       ; output[16]  ; 8.857  ; 9.115  ; 9.590  ; 9.848  ;
; b[4]       ; output[17]  ; 7.949  ; 8.255  ; 8.682  ; 8.988  ;
; b[4]       ; output[18]  ; 8.773  ; 8.984  ; 9.506  ; 9.717  ;
; b[4]       ; output[19]  ; 8.927  ; 9.353  ; 9.660  ; 10.086 ;
; b[4]       ; output[20]  ; 9.237  ; 9.366  ; 9.970  ; 10.099 ;
; b[4]       ; output[21]  ; 9.413  ; 9.672  ; 10.146 ; 10.405 ;
; b[4]       ; output[22]  ; 8.173  ; 8.230  ; 8.906  ; 8.963  ;
; b[4]       ; output[23]  ; 9.195  ; 9.584  ; 9.928  ; 10.317 ;
; b[4]       ; output[24]  ; 8.073  ; 8.262  ; 8.806  ; 8.995  ;
; b[4]       ; output[25]  ; 8.952  ; 9.277  ; 9.685  ; 10.010 ;
; b[4]       ; output[26]  ; 8.797  ; 9.016  ; 9.530  ; 9.749  ;
; b[4]       ; output[27]  ; 9.396  ; 9.697  ; 10.129 ; 10.430 ;
; b[4]       ; output[28]  ; 10.183 ; 10.453 ; 10.916 ; 11.186 ;
; b[4]       ; output[29]  ; 8.735  ; 8.911  ; 9.468  ; 9.644  ;
; b[4]       ; output[30]  ; 8.992  ; 9.160  ; 9.725  ; 9.893  ;
; b[4]       ; output[31]  ; 8.567  ; 8.825  ; 9.300  ; 9.558  ;
; b[5]       ; output[0]   ; 8.413  ; 8.638  ; 9.139  ; 9.364  ;
; b[5]       ; output[5]   ; 8.162  ; 8.391  ; 8.888  ; 9.117  ;
; b[5]       ; output[6]   ; 7.647  ; 7.898  ; 8.355  ; 8.606  ;
; b[5]       ; output[7]   ; 6.744  ; 6.886  ; 7.470  ; 7.612  ;
; b[5]       ; output[8]   ; 8.721  ; 9.092  ; 9.429  ; 9.800  ;
; b[5]       ; output[9]   ; 7.432  ; 7.615  ; 8.158  ; 8.341  ;
; b[5]       ; output[10]  ; 7.726  ; 8.031  ; 8.434  ; 8.739  ;
; b[5]       ; output[11]  ; 8.284  ; 8.512  ; 9.010  ; 9.238  ;
; b[5]       ; output[12]  ; 7.773  ; 7.995  ; 8.481  ; 8.703  ;
; b[5]       ; output[13]  ; 7.445  ; 7.695  ; 8.171  ; 8.421  ;
; b[5]       ; output[14]  ; 7.010  ; 7.165  ; 7.718  ; 7.873  ;
; b[5]       ; output[15]  ; 8.478  ; 8.690  ; 9.204  ; 9.416  ;
; b[5]       ; output[16]  ; 8.528  ; 8.786  ; 9.236  ; 9.494  ;
; b[5]       ; output[17]  ; 7.592  ; 7.898  ; 8.318  ; 8.624  ;
; b[5]       ; output[18]  ; 8.444  ; 8.655  ; 9.152  ; 9.363  ;
; b[5]       ; output[19]  ; 8.570  ; 8.996  ; 9.296  ; 9.722  ;
; b[5]       ; output[20]  ; 8.908  ; 9.062  ; 9.616  ; 9.770  ;
; b[5]       ; output[21]  ; 9.056  ; 9.315  ; 9.782  ; 10.041 ;
; b[5]       ; output[22]  ; 7.844  ; 7.926  ; 8.552  ; 8.634  ;
; b[5]       ; output[23]  ; 8.838  ; 9.227  ; 9.564  ; 9.953  ;
; b[5]       ; output[24]  ; 7.744  ; 7.933  ; 8.452  ; 8.641  ;
; b[5]       ; output[25]  ; 8.595  ; 8.920  ; 9.321  ; 9.646  ;
; b[5]       ; output[26]  ; 8.468  ; 8.687  ; 9.176  ; 9.395  ;
; b[5]       ; output[27]  ; 9.039  ; 9.340  ; 9.765  ; 10.066 ;
; b[5]       ; output[28]  ; 9.854  ; 10.124 ; 10.562 ; 10.832 ;
; b[5]       ; output[29]  ; 8.378  ; 8.554  ; 9.104  ; 9.280  ;
; b[5]       ; output[30]  ; 8.663  ; 8.831  ; 9.371  ; 9.539  ;
; b[5]       ; output[31]  ; 8.210  ; 8.468  ; 8.936  ; 9.194  ;
; b[6]       ; output[0]   ; 8.626  ; 8.851  ; 9.296  ; 9.521  ;
; b[6]       ; output[6]   ; 7.617  ; 7.836  ; 8.287  ; 8.506  ;
; b[6]       ; output[7]   ; 6.957  ; 7.099  ; 7.627  ; 7.769  ;
; b[6]       ; output[8]   ; 8.881  ; 9.277  ; 9.551  ; 9.947  ;
; b[6]       ; output[9]   ; 7.645  ; 7.828  ; 8.315  ; 8.498  ;
; b[6]       ; output[10]  ; 7.886  ; 8.216  ; 8.556  ; 8.886  ;
; b[6]       ; output[11]  ; 8.497  ; 8.725  ; 9.167  ; 9.395  ;
; b[6]       ; output[12]  ; 7.958  ; 8.180  ; 8.628  ; 8.850  ;
; b[6]       ; output[13]  ; 7.658  ; 7.908  ; 8.328  ; 8.578  ;
; b[6]       ; output[14]  ; 7.195  ; 7.350  ; 7.865  ; 8.020  ;
; b[6]       ; output[15]  ; 8.691  ; 8.903  ; 9.361  ; 9.573  ;
; b[6]       ; output[16]  ; 8.713  ; 8.971  ; 9.383  ; 9.641  ;
; b[6]       ; output[17]  ; 7.805  ; 8.111  ; 8.475  ; 8.781  ;
; b[6]       ; output[18]  ; 8.629  ; 8.840  ; 9.299  ; 9.510  ;
; b[6]       ; output[19]  ; 8.783  ; 9.209  ; 9.453  ; 9.879  ;
; b[6]       ; output[20]  ; 9.093  ; 9.222  ; 9.763  ; 9.892  ;
; b[6]       ; output[21]  ; 9.269  ; 9.528  ; 9.939  ; 10.198 ;
; b[6]       ; output[22]  ; 8.029  ; 8.086  ; 8.699  ; 8.756  ;
; b[6]       ; output[23]  ; 9.051  ; 9.440  ; 9.721  ; 10.110 ;
; b[6]       ; output[24]  ; 7.929  ; 8.118  ; 8.599  ; 8.788  ;
; b[6]       ; output[25]  ; 8.808  ; 9.133  ; 9.478  ; 9.803  ;
; b[6]       ; output[26]  ; 8.653  ; 8.872  ; 9.323  ; 9.542  ;
; b[6]       ; output[27]  ; 9.252  ; 9.553  ; 9.922  ; 10.223 ;
; b[6]       ; output[28]  ; 10.039 ; 10.309 ; 10.709 ; 10.979 ;
; b[6]       ; output[29]  ; 8.591  ; 8.767  ; 9.261  ; 9.437  ;
; b[6]       ; output[30]  ; 8.848  ; 9.016  ; 9.518  ; 9.686  ;
; b[6]       ; output[31]  ; 8.423  ; 8.681  ; 9.093  ; 9.351  ;
; b[7]       ; output[0]   ; 8.201  ; 8.426  ; 8.852  ; 9.077  ;
; b[7]       ; output[7]   ; 6.350  ; 6.492  ; 7.001  ; 7.143  ;
; b[7]       ; output[8]   ; 8.492  ; 8.863  ; 9.175  ; 9.546  ;
; b[7]       ; output[9]   ; 7.220  ; 7.403  ; 7.871  ; 8.054  ;
; b[7]       ; output[10]  ; 7.497  ; 7.802  ; 8.180  ; 8.485  ;
; b[7]       ; output[11]  ; 8.072  ; 8.300  ; 8.723  ; 8.951  ;
; b[7]       ; output[12]  ; 7.544  ; 7.766  ; 8.227  ; 8.449  ;
; b[7]       ; output[13]  ; 7.233  ; 7.483  ; 7.884  ; 8.134  ;
; b[7]       ; output[14]  ; 6.781  ; 6.936  ; 7.464  ; 7.619  ;
; b[7]       ; output[15]  ; 8.266  ; 8.478  ; 8.917  ; 9.129  ;
; b[7]       ; output[16]  ; 8.299  ; 8.557  ; 8.982  ; 9.240  ;
; b[7]       ; output[17]  ; 7.380  ; 7.686  ; 8.031  ; 8.337  ;
; b[7]       ; output[18]  ; 8.215  ; 8.426  ; 8.898  ; 9.109  ;
; b[7]       ; output[19]  ; 8.358  ; 8.784  ; 9.009  ; 9.435  ;
; b[7]       ; output[20]  ; 8.679  ; 8.833  ; 9.362  ; 9.516  ;
; b[7]       ; output[21]  ; 8.844  ; 9.103  ; 9.495  ; 9.754  ;
; b[7]       ; output[22]  ; 7.615  ; 7.697  ; 8.298  ; 8.380  ;
; b[7]       ; output[23]  ; 8.626  ; 9.015  ; 9.277  ; 9.666  ;
; b[7]       ; output[24]  ; 7.515  ; 7.704  ; 8.198  ; 8.387  ;
; b[7]       ; output[25]  ; 8.383  ; 8.708  ; 9.034  ; 9.359  ;
; b[7]       ; output[26]  ; 8.239  ; 8.458  ; 8.922  ; 9.141  ;
; b[7]       ; output[27]  ; 8.827  ; 9.128  ; 9.478  ; 9.779  ;
; b[7]       ; output[28]  ; 9.625  ; 9.895  ; 10.308 ; 10.578 ;
; b[7]       ; output[29]  ; 8.166  ; 8.342  ; 8.817  ; 8.993  ;
; b[7]       ; output[30]  ; 8.434  ; 8.602  ; 9.117  ; 9.285  ;
; b[7]       ; output[31]  ; 7.998  ; 8.256  ; 8.649  ; 8.907  ;
; b[8]       ; output[0]   ; 8.565  ; 8.790  ; 9.336  ; 9.561  ;
; b[8]       ; output[8]   ; 8.630  ; 8.969  ; 9.401  ; 9.740  ;
; b[8]       ; output[9]   ; 7.584  ; 7.767  ; 8.355  ; 8.538  ;
; b[8]       ; output[10]  ; 7.825  ; 8.155  ; 8.596  ; 8.926  ;
; b[8]       ; output[11]  ; 8.436  ; 8.664  ; 9.207  ; 9.435  ;
; b[8]       ; output[12]  ; 7.897  ; 8.119  ; 8.668  ; 8.890  ;
; b[8]       ; output[13]  ; 7.597  ; 7.847  ; 8.368  ; 8.618  ;
; b[8]       ; output[14]  ; 7.134  ; 7.289  ; 7.905  ; 8.060  ;
; b[8]       ; output[15]  ; 8.630  ; 8.842  ; 9.401  ; 9.613  ;
; b[8]       ; output[16]  ; 8.652  ; 8.910  ; 9.423  ; 9.681  ;
; b[8]       ; output[17]  ; 7.744  ; 8.050  ; 8.515  ; 8.821  ;
; b[8]       ; output[18]  ; 8.568  ; 8.779  ; 9.339  ; 9.550  ;
; b[8]       ; output[19]  ; 8.722  ; 9.148  ; 9.493  ; 9.919  ;
; b[8]       ; output[20]  ; 9.032  ; 9.161  ; 9.803  ; 9.932  ;
; b[8]       ; output[21]  ; 9.208  ; 9.467  ; 9.979  ; 10.238 ;
; b[8]       ; output[22]  ; 7.968  ; 8.025  ; 8.739  ; 8.796  ;
; b[8]       ; output[23]  ; 8.990  ; 9.379  ; 9.761  ; 10.150 ;
; b[8]       ; output[24]  ; 7.868  ; 8.057  ; 8.639  ; 8.828  ;
; b[8]       ; output[25]  ; 8.747  ; 9.072  ; 9.518  ; 9.843  ;
; b[8]       ; output[26]  ; 8.592  ; 8.811  ; 9.363  ; 9.582  ;
; b[8]       ; output[27]  ; 9.191  ; 9.492  ; 9.962  ; 10.263 ;
; b[8]       ; output[28]  ; 9.978  ; 10.248 ; 10.749 ; 11.019 ;
; b[8]       ; output[29]  ; 8.530  ; 8.706  ; 9.301  ; 9.477  ;
; b[8]       ; output[30]  ; 8.787  ; 8.955  ; 9.558  ; 9.726  ;
; b[8]       ; output[31]  ; 8.362  ; 8.620  ; 9.133  ; 9.391  ;
; b[9]       ; output[0]   ; 8.255  ; 8.480  ; 8.938  ; 9.163  ;
; b[9]       ; output[9]   ; 7.092  ; 7.275  ; 7.775  ; 7.958  ;
; b[9]       ; output[10]  ; 7.553  ; 7.858  ; 8.243  ; 8.548  ;
; b[9]       ; output[11]  ; 8.126  ; 8.354  ; 8.809  ; 9.037  ;
; b[9]       ; output[12]  ; 7.600  ; 7.822  ; 8.290  ; 8.512  ;
; b[9]       ; output[13]  ; 7.287  ; 7.537  ; 7.970  ; 8.220  ;
; b[9]       ; output[14]  ; 6.837  ; 6.992  ; 7.527  ; 7.682  ;
; b[9]       ; output[15]  ; 8.320  ; 8.532  ; 9.003  ; 9.215  ;
; b[9]       ; output[16]  ; 8.355  ; 8.613  ; 9.045  ; 9.303  ;
; b[9]       ; output[17]  ; 7.434  ; 7.740  ; 8.117  ; 8.423  ;
; b[9]       ; output[18]  ; 8.271  ; 8.482  ; 8.961  ; 9.172  ;
; b[9]       ; output[19]  ; 8.412  ; 8.838  ; 9.095  ; 9.521  ;
; b[9]       ; output[20]  ; 8.735  ; 8.889  ; 9.425  ; 9.579  ;
; b[9]       ; output[21]  ; 8.898  ; 9.157  ; 9.581  ; 9.840  ;
; b[9]       ; output[22]  ; 7.671  ; 7.753  ; 8.361  ; 8.443  ;
; b[9]       ; output[23]  ; 8.680  ; 9.069  ; 9.363  ; 9.752  ;
; b[9]       ; output[24]  ; 7.571  ; 7.760  ; 8.261  ; 8.450  ;
; b[9]       ; output[25]  ; 8.437  ; 8.762  ; 9.120  ; 9.445  ;
; b[9]       ; output[26]  ; 8.295  ; 8.514  ; 8.985  ; 9.204  ;
; b[9]       ; output[27]  ; 8.881  ; 9.182  ; 9.564  ; 9.865  ;
; b[9]       ; output[28]  ; 9.681  ; 9.951  ; 10.371 ; 10.641 ;
; b[9]       ; output[29]  ; 8.220  ; 8.396  ; 8.903  ; 9.079  ;
; b[9]       ; output[30]  ; 8.490  ; 8.658  ; 9.180  ; 9.348  ;
; b[9]       ; output[31]  ; 8.052  ; 8.310  ; 8.735  ; 8.993  ;
; b[10]      ; output[0]   ; 7.938  ; 8.163  ; 8.583  ; 8.808  ;
; b[10]      ; output[10]  ; 7.008  ; 7.281  ; 7.653  ; 7.938  ;
; b[10]      ; output[11]  ; 7.809  ; 8.037  ; 8.454  ; 8.682  ;
; b[10]      ; output[12]  ; 7.270  ; 7.492  ; 7.915  ; 8.137  ;
; b[10]      ; output[13]  ; 6.970  ; 7.220  ; 7.615  ; 7.865  ;
; b[10]      ; output[14]  ; 6.507  ; 6.662  ; 7.152  ; 7.307  ;
; b[10]      ; output[15]  ; 8.003  ; 8.215  ; 8.648  ; 8.860  ;
; b[10]      ; output[16]  ; 8.025  ; 8.283  ; 8.670  ; 8.928  ;
; b[10]      ; output[17]  ; 7.117  ; 7.423  ; 7.762  ; 8.068  ;
; b[10]      ; output[18]  ; 7.941  ; 8.152  ; 8.586  ; 8.797  ;
; b[10]      ; output[19]  ; 8.095  ; 8.521  ; 8.740  ; 9.166  ;
; b[10]      ; output[20]  ; 8.405  ; 8.534  ; 9.050  ; 9.179  ;
; b[10]      ; output[21]  ; 8.581  ; 8.840  ; 9.226  ; 9.485  ;
; b[10]      ; output[22]  ; 7.341  ; 7.398  ; 7.986  ; 8.043  ;
; b[10]      ; output[23]  ; 8.363  ; 8.752  ; 9.008  ; 9.397  ;
; b[10]      ; output[24]  ; 7.241  ; 7.430  ; 7.886  ; 8.075  ;
; b[10]      ; output[25]  ; 8.120  ; 8.445  ; 8.765  ; 9.090  ;
; b[10]      ; output[26]  ; 7.965  ; 8.184  ; 8.610  ; 8.829  ;
; b[10]      ; output[27]  ; 8.564  ; 8.865  ; 9.209  ; 9.510  ;
; b[10]      ; output[28]  ; 9.351  ; 9.621  ; 9.996  ; 10.266 ;
; b[10]      ; output[29]  ; 7.903  ; 8.079  ; 8.548  ; 8.724  ;
; b[10]      ; output[30]  ; 8.160  ; 8.328  ; 8.805  ; 8.973  ;
; b[10]      ; output[31]  ; 7.735  ; 7.993  ; 8.380  ; 8.638  ;
; b[11]      ; output[0]   ; 8.004  ; 8.229  ; 8.688  ; 8.912  ;
; b[11]      ; output[11]  ; 7.693  ; 7.921  ; 8.376  ; 8.604  ;
; b[11]      ; output[12]  ; 7.365  ; 7.587  ; 8.080  ; 8.302  ;
; b[11]      ; output[13]  ; 7.036  ; 7.286  ; 7.720  ; 7.970  ;
; b[11]      ; output[14]  ; 6.602  ; 6.757  ; 7.317  ; 7.472  ;
; b[11]      ; output[15]  ; 8.069  ; 8.281  ; 8.753  ; 8.965  ;
; b[11]      ; output[16]  ; 8.120  ; 8.378  ; 8.835  ; 9.093  ;
; b[11]      ; output[17]  ; 7.183  ; 7.489  ; 7.866  ; 8.173  ;
; b[11]      ; output[18]  ; 8.036  ; 8.247  ; 8.751  ; 8.962  ;
; b[11]      ; output[19]  ; 8.161  ; 8.587  ; 8.844  ; 9.271  ;
; b[11]      ; output[20]  ; 8.500  ; 8.654  ; 9.215  ; 9.369  ;
; b[11]      ; output[21]  ; 8.647  ; 8.906  ; 9.331  ; 9.590  ;
; b[11]      ; output[22]  ; 7.436  ; 7.518  ; 8.151  ; 8.233  ;
; b[11]      ; output[23]  ; 8.429  ; 8.818  ; 9.112  ; 9.502  ;
; b[11]      ; output[24]  ; 7.336  ; 7.525  ; 8.051  ; 8.240  ;
; b[11]      ; output[25]  ; 8.186  ; 8.511  ; 8.869  ; 9.195  ;
; b[11]      ; output[26]  ; 8.060  ; 8.279  ; 8.775  ; 8.994  ;
; b[11]      ; output[27]  ; 8.630  ; 8.931  ; 9.314  ; 9.615  ;
; b[11]      ; output[28]  ; 9.446  ; 9.716  ; 10.161 ; 10.431 ;
; b[11]      ; output[29]  ; 7.969  ; 8.145  ; 8.653  ; 8.829  ;
; b[11]      ; output[30]  ; 8.255  ; 8.423  ; 8.970  ; 9.138  ;
; b[11]      ; output[31]  ; 7.801  ; 8.059  ; 8.484  ; 8.743  ;
; b[12]      ; output[0]   ; 8.140  ; 8.365  ; 8.825  ; 9.050  ;
; b[12]      ; output[12]  ; 7.225  ; 7.447  ; 7.918  ; 8.140  ;
; b[12]      ; output[13]  ; 7.172  ; 7.422  ; 7.857  ; 8.107  ;
; b[12]      ; output[14]  ; 6.709  ; 6.864  ; 7.394  ; 7.549  ;
; b[12]      ; output[15]  ; 8.205  ; 8.417  ; 8.890  ; 9.102  ;
; b[12]      ; output[16]  ; 8.227  ; 8.485  ; 8.912  ; 9.170  ;
; b[12]      ; output[17]  ; 7.319  ; 7.625  ; 8.004  ; 8.310  ;
; b[12]      ; output[18]  ; 8.143  ; 8.354  ; 8.828  ; 9.039  ;
; b[12]      ; output[19]  ; 8.297  ; 8.723  ; 8.982  ; 9.408  ;
; b[12]      ; output[20]  ; 8.607  ; 8.736  ; 9.292  ; 9.421  ;
; b[12]      ; output[21]  ; 8.783  ; 9.042  ; 9.468  ; 9.727  ;
; b[12]      ; output[22]  ; 7.543  ; 7.600  ; 8.228  ; 8.285  ;
; b[12]      ; output[23]  ; 8.565  ; 8.954  ; 9.250  ; 9.639  ;
; b[12]      ; output[24]  ; 7.443  ; 7.632  ; 8.128  ; 8.317  ;
; b[12]      ; output[25]  ; 8.322  ; 8.647  ; 9.007  ; 9.332  ;
; b[12]      ; output[26]  ; 8.167  ; 8.386  ; 8.852  ; 9.071  ;
; b[12]      ; output[27]  ; 8.766  ; 9.067  ; 9.451  ; 9.752  ;
; b[12]      ; output[28]  ; 9.553  ; 9.823  ; 10.238 ; 10.508 ;
; b[12]      ; output[29]  ; 8.105  ; 8.281  ; 8.790  ; 8.966  ;
; b[12]      ; output[30]  ; 8.362  ; 8.530  ; 9.047  ; 9.215  ;
; b[12]      ; output[31]  ; 7.937  ; 8.195  ; 8.622  ; 8.880  ;
; b[13]      ; output[0]   ; 8.005  ; 8.230  ; 8.682  ; 8.907  ;
; b[13]      ; output[13]  ; 6.859  ; 7.109  ; 7.536  ; 7.786  ;
; b[13]      ; output[14]  ; 6.589  ; 6.744  ; 7.273  ; 7.428  ;
; b[13]      ; output[15]  ; 8.070  ; 8.282  ; 8.747  ; 8.959  ;
; b[13]      ; output[16]  ; 8.107  ; 8.365  ; 8.791  ; 9.049  ;
; b[13]      ; output[17]  ; 7.184  ; 7.490  ; 7.861  ; 8.167  ;
; b[13]      ; output[18]  ; 8.023  ; 8.234  ; 8.707  ; 8.918  ;
; b[13]      ; output[19]  ; 8.162  ; 8.588  ; 8.839  ; 9.265  ;
; b[13]      ; output[20]  ; 8.487  ; 8.641  ; 9.171  ; 9.325  ;
; b[13]      ; output[21]  ; 8.648  ; 8.907  ; 9.325  ; 9.584  ;
; b[13]      ; output[22]  ; 7.423  ; 7.505  ; 8.107  ; 8.189  ;
; b[13]      ; output[23]  ; 8.430  ; 8.819  ; 9.107  ; 9.496  ;
; b[13]      ; output[24]  ; 7.323  ; 7.512  ; 8.007  ; 8.196  ;
; b[13]      ; output[25]  ; 8.187  ; 8.512  ; 8.864  ; 9.189  ;
; b[13]      ; output[26]  ; 8.047  ; 8.266  ; 8.731  ; 8.950  ;
; b[13]      ; output[27]  ; 8.631  ; 8.932  ; 9.308  ; 9.609  ;
; b[13]      ; output[28]  ; 9.433  ; 9.703  ; 10.117 ; 10.387 ;
; b[13]      ; output[29]  ; 7.970  ; 8.146  ; 8.647  ; 8.823  ;
; b[13]      ; output[30]  ; 8.242  ; 8.410  ; 8.926  ; 9.094  ;
; b[13]      ; output[31]  ; 7.802  ; 8.060  ; 8.479  ; 8.737  ;
; b[14]      ; output[0]   ; 7.783  ; 8.008  ; 8.490  ; 8.715  ;
; b[14]      ; output[14]  ; 6.105  ; 6.260  ; 6.812  ; 6.967  ;
; b[14]      ; output[15]  ; 7.848  ; 8.060  ; 8.555  ; 8.767  ;
; b[14]      ; output[16]  ; 7.870  ; 8.128  ; 8.577  ; 8.835  ;
; b[14]      ; output[17]  ; 6.962  ; 7.268  ; 7.669  ; 7.975  ;
; b[14]      ; output[18]  ; 7.786  ; 7.997  ; 8.493  ; 8.704  ;
; b[14]      ; output[19]  ; 7.940  ; 8.366  ; 8.647  ; 9.073  ;
; b[14]      ; output[20]  ; 8.250  ; 8.379  ; 8.957  ; 9.086  ;
; b[14]      ; output[21]  ; 8.426  ; 8.685  ; 9.133  ; 9.392  ;
; b[14]      ; output[22]  ; 7.186  ; 7.243  ; 7.893  ; 7.950  ;
; b[14]      ; output[23]  ; 8.208  ; 8.597  ; 8.915  ; 9.304  ;
; b[14]      ; output[24]  ; 7.086  ; 7.275  ; 7.793  ; 7.982  ;
; b[14]      ; output[25]  ; 7.965  ; 8.290  ; 8.672  ; 8.997  ;
; b[14]      ; output[26]  ; 7.810  ; 8.029  ; 8.517  ; 8.736  ;
; b[14]      ; output[27]  ; 8.409  ; 8.710  ; 9.116  ; 9.417  ;
; b[14]      ; output[28]  ; 9.196  ; 9.466  ; 9.903  ; 10.173 ;
; b[14]      ; output[29]  ; 7.748  ; 7.924  ; 8.455  ; 8.631  ;
; b[14]      ; output[30]  ; 8.005  ; 8.173  ; 8.712  ; 8.880  ;
; b[14]      ; output[31]  ; 7.580  ; 7.838  ; 8.287  ; 8.545  ;
; b[15]      ; output[0]   ; 7.915  ; 8.158  ; 8.617  ; 8.848  ;
; b[15]      ; output[15]  ; 7.974  ; 8.186  ; 8.682  ; 8.894  ;
; b[15]      ; output[16]  ; 8.192  ; 8.450  ; 8.882  ; 9.140  ;
; b[15]      ; output[17]  ; 7.266  ; 7.572  ; 7.974  ; 8.280  ;
; b[15]      ; output[18]  ; 8.108  ; 8.319  ; 8.798  ; 9.009  ;
; b[15]      ; output[19]  ; 8.244  ; 8.670  ; 8.952  ; 9.378  ;
; b[15]      ; output[20]  ; 8.572  ; 8.726  ; 9.262  ; 9.416  ;
; b[15]      ; output[21]  ; 8.730  ; 8.989  ; 9.438  ; 9.697  ;
; b[15]      ; output[22]  ; 7.508  ; 7.590  ; 8.198  ; 8.280  ;
; b[15]      ; output[23]  ; 8.512  ; 8.901  ; 9.220  ; 9.609  ;
; b[15]      ; output[24]  ; 7.408  ; 7.597  ; 8.098  ; 8.287  ;
; b[15]      ; output[25]  ; 8.269  ; 8.594  ; 8.977  ; 9.302  ;
; b[15]      ; output[26]  ; 8.132  ; 8.351  ; 8.822  ; 9.041  ;
; b[15]      ; output[27]  ; 8.713  ; 9.014  ; 9.421  ; 9.722  ;
; b[15]      ; output[28]  ; 9.518  ; 9.788  ; 10.208 ; 10.478 ;
; b[15]      ; output[29]  ; 8.052  ; 8.228  ; 8.760  ; 8.936  ;
; b[15]      ; output[30]  ; 8.327  ; 8.495  ; 9.017  ; 9.185  ;
; b[15]      ; output[31]  ; 7.884  ; 8.142  ; 8.592  ; 8.850  ;
; b[16]      ; output[0]   ; 7.798  ; 8.034  ; 8.484  ; 8.720  ;
; b[16]      ; output[16]  ; 7.822  ; 8.080  ; 8.526  ; 8.784  ;
; b[16]      ; output[17]  ; 7.167  ; 7.473  ; 7.853  ; 8.159  ;
; b[16]      ; output[18]  ; 7.991  ; 8.202  ; 8.677  ; 8.888  ;
; b[16]      ; output[19]  ; 8.145  ; 8.571  ; 8.831  ; 9.257  ;
; b[16]      ; output[20]  ; 8.455  ; 8.584  ; 9.141  ; 9.270  ;
; b[16]      ; output[21]  ; 8.631  ; 8.890  ; 9.317  ; 9.576  ;
; b[16]      ; output[22]  ; 7.391  ; 7.448  ; 8.077  ; 8.134  ;
; b[16]      ; output[23]  ; 8.413  ; 8.802  ; 9.099  ; 9.488  ;
; b[16]      ; output[24]  ; 7.291  ; 7.480  ; 7.977  ; 8.166  ;
; b[16]      ; output[25]  ; 8.170  ; 8.495  ; 8.856  ; 9.181  ;
; b[16]      ; output[26]  ; 8.015  ; 8.234  ; 8.701  ; 8.920  ;
; b[16]      ; output[27]  ; 8.614  ; 8.915  ; 9.300  ; 9.601  ;
; b[16]      ; output[28]  ; 9.401  ; 9.671  ; 10.087 ; 10.357 ;
; b[16]      ; output[29]  ; 7.953  ; 8.129  ; 8.639  ; 8.815  ;
; b[16]      ; output[30]  ; 8.210  ; 8.378  ; 8.896  ; 9.064  ;
; b[16]      ; output[31]  ; 7.785  ; 8.043  ; 8.471  ; 8.729  ;
; b[17]      ; output[0]   ; 7.436  ; 7.679  ; 8.087  ; 8.330  ;
; b[17]      ; output[17]  ; 6.569  ; 6.885  ; 7.238  ; 7.554  ;
; b[17]      ; output[18]  ; 7.629  ; 7.840  ; 8.280  ; 8.491  ;
; b[17]      ; output[19]  ; 7.739  ; 8.165  ; 8.408  ; 8.834  ;
; b[17]      ; output[20]  ; 8.093  ; 8.247  ; 8.744  ; 8.898  ;
; b[17]      ; output[21]  ; 8.225  ; 8.484  ; 8.894  ; 9.153  ;
; b[17]      ; output[22]  ; 7.029  ; 7.111  ; 7.680  ; 7.762  ;
; b[17]      ; output[23]  ; 8.007  ; 8.396  ; 8.676  ; 9.065  ;
; b[17]      ; output[24]  ; 6.929  ; 7.118  ; 7.580  ; 7.769  ;
; b[17]      ; output[25]  ; 7.764  ; 8.089  ; 8.433  ; 8.758  ;
; b[17]      ; output[26]  ; 7.653  ; 7.872  ; 8.304  ; 8.523  ;
; b[17]      ; output[27]  ; 8.208  ; 8.509  ; 8.877  ; 9.178  ;
; b[17]      ; output[28]  ; 9.039  ; 9.309  ; 9.690  ; 9.960  ;
; b[17]      ; output[29]  ; 7.547  ; 7.723  ; 8.216  ; 8.392  ;
; b[17]      ; output[30]  ; 7.848  ; 8.016  ; 8.499  ; 8.667  ;
; b[17]      ; output[31]  ; 7.379  ; 7.637  ; 8.048  ; 8.306  ;
; b[18]      ; output[0]   ; 8.113  ; 8.331  ; 8.849  ; 9.067  ;
; b[18]      ; output[18]  ; 8.059  ; 8.270  ; 8.795  ; 9.006  ;
; b[18]      ; output[19]  ; 8.460  ; 8.886  ; 9.196  ; 9.622  ;
; b[18]      ; output[20]  ; 8.770  ; 8.899  ; 9.506  ; 9.635  ;
; b[18]      ; output[21]  ; 8.946  ; 9.205  ; 9.682  ; 9.941  ;
; b[18]      ; output[22]  ; 7.706  ; 7.763  ; 8.442  ; 8.499  ;
; b[18]      ; output[23]  ; 8.728  ; 9.117  ; 9.464  ; 9.853  ;
; b[18]      ; output[24]  ; 7.606  ; 7.795  ; 8.342  ; 8.531  ;
; b[18]      ; output[25]  ; 8.485  ; 8.810  ; 9.221  ; 9.546  ;
; b[18]      ; output[26]  ; 8.330  ; 8.549  ; 9.066  ; 9.285  ;
; b[18]      ; output[27]  ; 8.929  ; 9.230  ; 9.665  ; 9.966  ;
; b[18]      ; output[28]  ; 9.716  ; 9.986  ; 10.452 ; 10.722 ;
; b[18]      ; output[29]  ; 8.268  ; 8.444  ; 9.004  ; 9.180  ;
; b[18]      ; output[30]  ; 8.525  ; 8.693  ; 9.261  ; 9.429  ;
; b[18]      ; output[31]  ; 8.100  ; 8.358  ; 8.836  ; 9.094  ;
; b[19]      ; output[0]   ; 7.817  ; 8.060  ; 8.556  ; 8.799  ;
; b[19]      ; output[19]  ; 7.956  ; 8.397  ; 8.655  ; 9.096  ;
; b[19]      ; output[20]  ; 8.474  ; 8.628  ; 9.213  ; 9.367  ;
; b[19]      ; output[21]  ; 8.635  ; 8.894  ; 9.334  ; 9.593  ;
; b[19]      ; output[22]  ; 7.410  ; 7.492  ; 8.149  ; 8.231  ;
; b[19]      ; output[23]  ; 8.417  ; 8.806  ; 9.116  ; 9.505  ;
; b[19]      ; output[24]  ; 7.310  ; 7.499  ; 8.049  ; 8.238  ;
; b[19]      ; output[25]  ; 8.174  ; 8.499  ; 8.873  ; 9.198  ;
; b[19]      ; output[26]  ; 8.034  ; 8.253  ; 8.773  ; 8.992  ;
; b[19]      ; output[27]  ; 8.618  ; 8.919  ; 9.317  ; 9.618  ;
; b[19]      ; output[28]  ; 9.420  ; 9.690  ; 10.159 ; 10.429 ;
; b[19]      ; output[29]  ; 7.957  ; 8.133  ; 8.656  ; 8.832  ;
; b[19]      ; output[30]  ; 8.229  ; 8.397  ; 8.968  ; 9.136  ;
; b[19]      ; output[31]  ; 7.789  ; 8.047  ; 8.488  ; 8.746  ;
; b[20]      ; output[0]   ; 7.302  ; 7.520  ; 7.951  ; 8.169  ;
; b[20]      ; output[20]  ; 7.712  ; 7.898  ; 8.384  ; 8.547  ;
; b[20]      ; output[21]  ; 8.135  ; 8.394  ; 8.784  ; 9.043  ;
; b[20]      ; output[22]  ; 6.895  ; 6.952  ; 7.544  ; 7.601  ;
; b[20]      ; output[23]  ; 7.917  ; 8.306  ; 8.566  ; 8.955  ;
; b[20]      ; output[24]  ; 6.795  ; 6.984  ; 7.444  ; 7.633  ;
; b[20]      ; output[25]  ; 7.674  ; 7.999  ; 8.323  ; 8.648  ;
; b[20]      ; output[26]  ; 7.519  ; 7.738  ; 8.168  ; 8.387  ;
; b[20]      ; output[27]  ; 8.118  ; 8.419  ; 8.767  ; 9.068  ;
; b[20]      ; output[28]  ; 8.905  ; 9.175  ; 9.554  ; 9.824  ;
; b[20]      ; output[29]  ; 7.457  ; 7.633  ; 8.106  ; 8.282  ;
; b[20]      ; output[30]  ; 7.714  ; 7.882  ; 8.363  ; 8.531  ;
; b[20]      ; output[31]  ; 7.289  ; 7.547  ; 7.938  ; 8.196  ;
; b[21]      ; output[0]   ; 7.820  ; 8.057  ; 8.545  ; 8.788  ;
; b[21]      ; output[21]  ; 8.471  ; 8.730  ; 9.170  ; 9.429  ;
; b[21]      ; output[22]  ; 7.413  ; 7.489  ; 8.138  ; 8.220  ;
; b[21]      ; output[23]  ; 8.435  ; 8.824  ; 9.134  ; 9.523  ;
; b[21]      ; output[24]  ; 7.313  ; 7.502  ; 8.038  ; 8.227  ;
; b[21]      ; output[25]  ; 8.192  ; 8.517  ; 8.891  ; 9.216  ;
; b[21]      ; output[26]  ; 8.037  ; 8.256  ; 8.762  ; 8.981  ;
; b[21]      ; output[27]  ; 8.636  ; 8.937  ; 9.335  ; 9.636  ;
; b[21]      ; output[28]  ; 9.423  ; 9.693  ; 10.148 ; 10.418 ;
; b[21]      ; output[29]  ; 7.975  ; 8.151  ; 8.674  ; 8.850  ;
; b[21]      ; output[30]  ; 8.232  ; 8.400  ; 8.957  ; 9.125  ;
; b[21]      ; output[31]  ; 7.807  ; 8.065  ; 8.506  ; 8.764  ;
; b[22]      ; output[0]   ; 7.237  ; 7.482  ; 7.904  ; 8.149  ;
; b[22]      ; output[22]  ; 6.726  ; 6.840  ; 7.393  ; 7.507  ;
; b[22]      ; output[23]  ; 7.995  ; 8.384  ; 8.662  ; 9.051  ;
; b[22]      ; output[24]  ; 6.873  ; 7.062  ; 7.540  ; 7.729  ;
; b[22]      ; output[25]  ; 7.752  ; 8.077  ; 8.419  ; 8.744  ;
; b[22]      ; output[26]  ; 7.597  ; 7.816  ; 8.264  ; 8.483  ;
; b[22]      ; output[27]  ; 8.196  ; 8.497  ; 8.863  ; 9.164  ;
; b[22]      ; output[28]  ; 8.983  ; 9.253  ; 9.650  ; 9.920  ;
; b[22]      ; output[29]  ; 7.535  ; 7.711  ; 8.202  ; 8.378  ;
; b[22]      ; output[30]  ; 7.792  ; 7.960  ; 8.459  ; 8.627  ;
; b[22]      ; output[31]  ; 7.367  ; 7.625  ; 8.034  ; 8.292  ;
; b[23]      ; output[0]   ; 7.400  ; 7.637  ; 8.097  ; 8.339  ;
; b[23]      ; output[23]  ; 7.965  ; 8.369  ; 8.662  ; 9.066  ;
; b[23]      ; output[24]  ; 7.059  ; 7.248  ; 7.763  ; 7.952  ;
; b[23]      ; output[25]  ; 7.915  ; 8.240  ; 8.612  ; 8.937  ;
; b[23]      ; output[26]  ; 7.783  ; 8.002  ; 8.487  ; 8.706  ;
; b[23]      ; output[27]  ; 8.359  ; 8.660  ; 9.056  ; 9.357  ;
; b[23]      ; output[28]  ; 9.169  ; 9.439  ; 9.873  ; 10.143 ;
; b[23]      ; output[29]  ; 7.698  ; 7.874  ; 8.395  ; 8.571  ;
; b[23]      ; output[30]  ; 7.978  ; 8.146  ; 8.682  ; 8.850  ;
; b[23]      ; output[31]  ; 7.530  ; 7.788  ; 8.227  ; 8.485  ;
; b[24]      ; output[0]   ; 7.489  ; 7.726  ; 8.201  ; 8.438  ;
; b[24]      ; output[24]  ; 6.872  ; 7.061  ; 7.584  ; 7.773  ;
; b[24]      ; output[25]  ; 8.004  ; 8.329  ; 8.716  ; 9.041  ;
; b[24]      ; output[26]  ; 7.849  ; 8.068  ; 8.561  ; 8.780  ;
; b[24]      ; output[27]  ; 8.448  ; 8.749  ; 9.160  ; 9.461  ;
; b[24]      ; output[28]  ; 9.235  ; 9.505  ; 9.947  ; 10.217 ;
; b[24]      ; output[29]  ; 7.787  ; 7.963  ; 8.499  ; 8.675  ;
; b[24]      ; output[30]  ; 8.044  ; 8.212  ; 8.756  ; 8.924  ;
; b[24]      ; output[31]  ; 7.619  ; 7.877  ; 8.331  ; 8.589  ;
; b[25]      ; output[0]   ; 7.280  ; 7.517  ; 7.978  ; 8.243  ;
; b[25]      ; output[25]  ; 7.602  ; 7.942  ; 8.300  ; 8.640  ;
; b[25]      ; output[26]  ; 7.653  ; 7.872  ; 8.391  ; 8.610  ;
; b[25]      ; output[27]  ; 8.239  ; 8.540  ; 8.937  ; 9.238  ;
; b[25]      ; output[28]  ; 9.039  ; 9.309  ; 9.777  ; 10.047 ;
; b[25]      ; output[29]  ; 7.578  ; 7.754  ; 8.276  ; 8.452  ;
; b[25]      ; output[30]  ; 7.848  ; 8.016  ; 8.586  ; 8.754  ;
; b[25]      ; output[31]  ; 7.410  ; 7.668  ; 8.108  ; 8.366  ;
; b[26]      ; output[0]   ; 7.604  ; 7.841  ; 8.279  ; 8.516  ;
; b[26]      ; output[26]  ; 7.711  ; 7.930  ; 8.386  ; 8.605  ;
; b[26]      ; output[27]  ; 8.563  ; 8.864  ; 9.238  ; 9.539  ;
; b[26]      ; output[28]  ; 9.350  ; 9.620  ; 10.025 ; 10.295 ;
; b[26]      ; output[29]  ; 7.902  ; 8.078  ; 8.577  ; 8.753  ;
; b[26]      ; output[30]  ; 8.159  ; 8.327  ; 8.834  ; 9.002  ;
; b[26]      ; output[31]  ; 7.734  ; 7.992  ; 8.409  ; 8.667  ;
; b[27]      ; output[0]   ; 7.325  ; 7.574  ; 8.037  ; 8.274  ;
; b[27]      ; output[27]  ; 8.106  ; 8.407  ; 8.818  ; 9.119  ;
; b[27]      ; output[28]  ; 9.108  ; 9.378  ; 9.802  ; 10.072 ;
; b[27]      ; output[29]  ; 7.623  ; 7.799  ; 8.335  ; 8.511  ;
; b[27]      ; output[30]  ; 7.917  ; 8.085  ; 8.611  ; 8.779  ;
; b[27]      ; output[31]  ; 7.455  ; 7.713  ; 8.167  ; 8.425  ;
; b[28]      ; output[0]   ; 7.463  ; 7.700  ; 8.186  ; 8.423  ;
; b[28]      ; output[28]  ; 8.956  ; 9.226  ; 9.679  ; 9.949  ;
; b[28]      ; output[29]  ; 7.761  ; 7.937  ; 8.484  ; 8.660  ;
; b[28]      ; output[30]  ; 8.018  ; 8.186  ; 8.741  ; 8.909  ;
; b[28]      ; output[31]  ; 7.593  ; 7.851  ; 8.316  ; 8.574  ;
; b[29]      ; output[0]   ; 6.981  ; 7.226  ; 7.688  ; 7.960  ;
; b[29]      ; output[29]  ; 7.101  ; 7.277  ; 7.795  ; 7.971  ;
; b[29]      ; output[30]  ; 7.569  ; 7.737  ; 8.303  ; 8.471  ;
; b[29]      ; output[31]  ; 7.111  ; 7.369  ; 7.805  ; 8.076  ;
; b[30]      ; output[0]   ; 7.389  ; 7.626  ; 8.133  ; 8.370  ;
; b[30]      ; output[30]  ; 7.691  ; 7.859  ; 8.435  ; 8.603  ;
; b[30]      ; output[31]  ; 7.519  ; 7.777  ; 8.263  ; 8.521  ;
; b[31]      ; output[0]   ; 7.213  ; 7.480  ; 7.883  ; 8.157  ;
; b[31]      ; output[31]  ; 7.188  ; 7.461  ; 7.858  ; 8.131  ;
; op[0]      ; output[0]   ; 8.888  ; 9.113  ; 9.614  ; 9.839  ;
; op[0]      ; output[1]   ; 8.835  ; 9.073  ; 9.591  ; 9.829  ;
; op[0]      ; output[2]   ; 7.504  ; 7.557  ; 8.200  ; 8.248  ;
; op[0]      ; output[3]   ; 10.074 ; 10.306 ; 10.800 ; 11.032 ;
; op[0]      ; output[4]   ; 7.792  ; 8.039  ; 8.518  ; 8.765  ;
; op[0]      ; output[5]   ; 8.819  ; 9.048  ; 9.545  ; 9.774  ;
; op[0]      ; output[6]   ; 8.084  ; 8.345  ; 8.795  ; 9.071  ;
; op[0]      ; output[7]   ; 7.219  ; 7.361  ; 7.945  ; 8.087  ;
; op[0]      ; output[8]   ; 9.158  ; 9.539  ; 9.869  ; 10.265 ;
; op[0]      ; output[9]   ; 7.907  ; 8.090  ; 8.633  ; 8.816  ;
; op[0]      ; output[10]  ; 8.163  ; 8.478  ; 8.874  ; 9.204  ;
; op[0]      ; output[11]  ; 8.759  ; 8.987  ; 9.485  ; 9.713  ;
; op[0]      ; output[12]  ; 8.220  ; 8.442  ; 8.946  ; 9.168  ;
; op[0]      ; output[13]  ; 7.920  ; 8.170  ; 8.646  ; 8.896  ;
; op[0]      ; output[14]  ; 7.457  ; 7.612  ; 8.183  ; 8.338  ;
; op[0]      ; output[15]  ; 8.953  ; 9.165  ; 9.679  ; 9.891  ;
; op[0]      ; output[16]  ; 8.975  ; 9.233  ; 9.701  ; 9.959  ;
; op[0]      ; output[17]  ; 8.067  ; 8.373  ; 8.793  ; 9.099  ;
; op[0]      ; output[18]  ; 8.891  ; 9.102  ; 9.617  ; 9.828  ;
; op[0]      ; output[19]  ; 9.045  ; 9.471  ; 9.771  ; 10.197 ;
; op[0]      ; output[20]  ; 9.355  ; 9.499  ; 10.081 ; 10.210 ;
; op[0]      ; output[21]  ; 9.531  ; 9.790  ; 10.257 ; 10.516 ;
; op[0]      ; output[22]  ; 8.291  ; 8.363  ; 9.017  ; 9.074  ;
; op[0]      ; output[23]  ; 9.313  ; 9.702  ; 10.039 ; 10.428 ;
; op[0]      ; output[24]  ; 8.191  ; 8.380  ; 8.917  ; 9.106  ;
; op[0]      ; output[25]  ; 9.070  ; 9.395  ; 9.796  ; 10.121 ;
; op[0]      ; output[26]  ; 8.915  ; 9.134  ; 9.641  ; 9.860  ;
; op[0]      ; output[27]  ; 9.514  ; 9.815  ; 10.240 ; 10.541 ;
; op[0]      ; output[28]  ; 10.301 ; 10.571 ; 11.027 ; 11.297 ;
; op[0]      ; output[29]  ; 8.853  ; 9.029  ; 9.579  ; 9.755  ;
; op[0]      ; output[30]  ; 9.110  ; 9.278  ; 9.836  ; 10.004 ;
; op[0]      ; output[31]  ; 8.685  ; 8.943  ; 9.411  ; 9.669  ;
; op[1]      ; output[0]   ; 7.786  ; 8.011  ; 7.918  ; 8.143  ;
; op[1]      ; output[1]   ; 7.605  ; 7.843  ; 7.790  ; 8.028  ;
; op[1]      ; output[2]   ; 6.274  ; 6.327  ; 6.399  ; 6.448  ;
; op[1]      ; output[3]   ; 8.774  ; 9.006  ; 8.959  ; 9.191  ;
; op[1]      ; output[4]   ; 6.552  ; 6.799  ; 6.677  ; 6.924  ;
; op[1]      ; output[5]   ; 7.683  ; 7.912  ; 7.815  ; 8.044  ;
; op[1]      ; output[6]   ; 6.933  ; 7.209  ; 7.065  ; 7.341  ;
; op[1]      ; output[7]   ; 6.117  ; 6.259  ; 6.249  ; 6.391  ;
; op[1]      ; output[8]   ; 8.041  ; 8.437  ; 8.173  ; 8.569  ;
; op[1]      ; output[9]   ; 6.831  ; 7.014  ; 6.980  ; 7.163  ;
; op[1]      ; output[10]  ; 7.046  ; 7.376  ; 7.178  ; 7.508  ;
; op[1]      ; output[11]  ; 7.657  ; 7.885  ; 7.789  ; 8.017  ;
; op[1]      ; output[12]  ; 7.118  ; 7.340  ; 7.250  ; 7.472  ;
; op[1]      ; output[13]  ; 7.034  ; 7.284  ; 7.183  ; 7.433  ;
; op[1]      ; output[14]  ; 6.355  ; 6.510  ; 6.487  ; 6.642  ;
; op[1]      ; output[15]  ; 7.851  ; 8.063  ; 7.983  ; 8.195  ;
; op[1]      ; output[16]  ; 7.873  ; 8.131  ; 8.005  ; 8.263  ;
; op[1]      ; output[17]  ; 6.965  ; 7.271  ; 7.097  ; 7.403  ;
; op[1]      ; output[18]  ; 7.789  ; 8.000  ; 7.921  ; 8.132  ;
; op[1]      ; output[19]  ; 7.943  ; 8.369  ; 8.075  ; 8.501  ;
; op[1]      ; output[20]  ; 8.253  ; 8.382  ; 8.385  ; 8.514  ;
; op[1]      ; output[21]  ; 8.429  ; 8.688  ; 8.561  ; 8.820  ;
; op[1]      ; output[22]  ; 7.189  ; 7.246  ; 7.321  ; 7.378  ;
; op[1]      ; output[23]  ; 8.211  ; 8.600  ; 8.343  ; 8.732  ;
; op[1]      ; output[24]  ; 7.089  ; 7.278  ; 7.221  ; 7.410  ;
; op[1]      ; output[25]  ; 7.968  ; 8.293  ; 8.100  ; 8.425  ;
; op[1]      ; output[26]  ; 7.813  ; 8.032  ; 7.945  ; 8.164  ;
; op[1]      ; output[27]  ; 8.412  ; 8.713  ; 8.544  ; 8.845  ;
; op[1]      ; output[28]  ; 9.199  ; 9.469  ; 9.331  ; 9.601  ;
; op[1]      ; output[29]  ; 7.751  ; 7.927  ; 7.883  ; 8.059  ;
; op[1]      ; output[30]  ; 8.008  ; 8.176  ; 8.140  ; 8.308  ;
; op[1]      ; output[31]  ; 7.583  ; 7.841  ; 7.715  ; 7.973  ;
; op[2]      ; output[0]   ; 8.967  ; 9.192  ; 9.743  ; 9.968  ;
; op[2]      ; output[1]   ; 8.715  ; 8.953  ; 9.418  ; 9.656  ;
; op[2]      ; output[2]   ; 7.324  ; 7.352  ; 8.027  ; 8.055  ;
; op[2]      ; output[3]   ; 9.884  ; 10.116 ; 10.587 ; 10.819 ;
; op[2]      ; output[4]   ; 7.706  ; 7.953  ; 8.463  ; 8.710  ;
; op[2]      ; output[5]   ; 8.864  ; 9.093  ; 9.642  ; 9.871  ;
; op[2]      ; output[6]   ; 8.114  ; 8.390  ; 8.892  ; 9.168  ;
; op[2]      ; output[7]   ; 7.298  ; 7.440  ; 8.074  ; 8.216  ;
; op[2]      ; output[8]   ; 9.222  ; 9.618  ; 9.998  ; 10.394 ;
; op[2]      ; output[9]   ; 7.986  ; 8.169  ; 8.762  ; 8.945  ;
; op[2]      ; output[10]  ; 8.227  ; 8.557  ; 9.003  ; 9.333  ;
; op[2]      ; output[11]  ; 8.838  ; 9.066  ; 9.614  ; 9.842  ;
; op[2]      ; output[12]  ; 8.299  ; 8.521  ; 9.075  ; 9.297  ;
; op[2]      ; output[13]  ; 7.999  ; 8.249  ; 8.775  ; 9.025  ;
; op[2]      ; output[14]  ; 7.536  ; 7.691  ; 8.312  ; 8.467  ;
; op[2]      ; output[15]  ; 9.032  ; 9.244  ; 9.808  ; 10.020 ;
; op[2]      ; output[16]  ; 9.054  ; 9.312  ; 9.830  ; 10.088 ;
; op[2]      ; output[17]  ; 8.146  ; 8.452  ; 8.922  ; 9.228  ;
; op[2]      ; output[18]  ; 8.970  ; 9.181  ; 9.746  ; 9.957  ;
; op[2]      ; output[19]  ; 9.124  ; 9.550  ; 9.900  ; 10.326 ;
; op[2]      ; output[20]  ; 9.434  ; 9.563  ; 10.210 ; 10.339 ;
; op[2]      ; output[21]  ; 9.610  ; 9.869  ; 10.386 ; 10.645 ;
; op[2]      ; output[22]  ; 8.370  ; 8.427  ; 9.146  ; 9.203  ;
; op[2]      ; output[23]  ; 9.392  ; 9.781  ; 10.168 ; 10.557 ;
; op[2]      ; output[24]  ; 8.270  ; 8.459  ; 9.046  ; 9.235  ;
; op[2]      ; output[25]  ; 9.149  ; 9.474  ; 9.925  ; 10.250 ;
; op[2]      ; output[26]  ; 8.994  ; 9.213  ; 9.770  ; 9.989  ;
; op[2]      ; output[27]  ; 9.593  ; 9.894  ; 10.369 ; 10.670 ;
; op[2]      ; output[28]  ; 10.380 ; 10.650 ; 11.156 ; 11.426 ;
; op[2]      ; output[29]  ; 8.932  ; 9.108  ; 9.708  ; 9.884  ;
; op[2]      ; output[30]  ; 9.189  ; 9.357  ; 9.965  ; 10.133 ;
; op[2]      ; output[31]  ; 8.764  ; 9.022  ; 9.540  ; 9.798  ;
; op[3]      ; output[0]   ; 6.154  ; 6.408  ; 6.870  ; 7.123  ;
; op[3]      ; output[1]   ; 7.937  ; 8.175  ; 8.406  ; 8.732  ;
; op[3]      ; output[2]   ; 6.284  ; 6.398  ; 6.995  ; 7.109  ;
; op[3]      ; output[3]   ; 8.768  ; 9.000  ; 9.205  ; 9.530  ;
; op[3]      ; output[4]   ; 6.667  ; 6.914  ; 7.277  ; 7.524  ;
; op[3]      ; output[5]   ; 7.899  ; 8.128  ; 8.615  ; 8.844  ;
; op[3]      ; output[6]   ; 7.309  ; 7.484  ; 8.020  ; 8.195  ;
; op[3]      ; output[7]   ; 6.548  ; 6.690  ; 7.168  ; 7.310  ;
; op[3]      ; output[8]   ; 8.462  ; 8.759  ; 9.002  ; 9.299  ;
; op[3]      ; output[9]   ; 7.499  ; 7.682  ; 8.130  ; 8.313  ;
; op[3]      ; output[10]  ; 7.490  ; 7.660  ; 8.165  ; 8.354  ;
; op[3]      ; output[11]  ; 8.129  ; 8.357  ; 8.708  ; 8.936  ;
; op[3]      ; output[12]  ; 7.527  ; 7.711  ; 8.238  ; 8.422  ;
; op[3]      ; output[13]  ; 7.702  ; 7.952  ; 8.339  ; 8.589  ;
; op[3]      ; output[14]  ; 6.561  ; 6.723  ; 7.272  ; 7.434  ;
; op[3]      ; output[15]  ; 7.905  ; 8.117  ; 8.621  ; 8.833  ;
; op[3]      ; output[16]  ; 7.978  ; 8.236  ; 8.460  ; 8.725  ;
; op[3]      ; output[17]  ; 6.319  ; 6.586  ; 7.030  ; 7.297  ;
; op[3]      ; output[18]  ; 7.108  ; 7.319  ; 7.635  ; 7.812  ;
; op[3]      ; output[19]  ; 7.229  ; 7.511  ; 7.945  ; 8.227  ;
; op[3]      ; output[20]  ; 8.009  ; 7.968  ; 8.240  ; 8.775  ;
; op[3]      ; output[21]  ; 7.638  ; 7.995  ; 8.341  ; 8.600  ;
; op[3]      ; output[22]  ; 6.585  ; 6.733  ; 7.301  ; 7.449  ;
; op[3]      ; output[23]  ; 7.135  ; 8.720  ; 8.870  ; 8.156  ;
; op[3]      ; output[24]  ; 7.149  ; 7.338  ; 7.612  ; 7.763  ;
; op[3]      ; output[25]  ; 6.917  ; 7.120  ; 7.633  ; 7.836  ;
; op[3]      ; output[26]  ; 7.503  ; 7.722  ; 7.961  ; 8.189  ;
; op[3]      ; output[27]  ; 7.243  ; 7.544  ; 7.947  ; 8.248  ;
; op[3]      ; output[28]  ; 8.428  ; 8.698  ; 8.869  ; 9.152  ;
; op[3]      ; output[29]  ; 6.951  ; 7.107  ; 7.702  ; 7.878  ;
; op[3]      ; output[30]  ; 7.874  ; 8.022  ; 8.579  ; 8.747  ;
; op[3]      ; output[31]  ; 7.089  ; 7.031  ; 7.615  ; 8.037  ;
+------------+-------------+--------+--------+--------+--------+


+-----------------------------------------------------------+
; Minimum Propagation Delay                                 ;
+------------+-------------+-------+-------+-------+--------+
; Input Port ; Output Port ; RR    ; RF    ; FR    ; FF     ;
+------------+-------------+-------+-------+-------+--------+
; a[0]       ; output[0]   ; 4.773 ; 4.919 ; 5.462 ; 5.627  ;
; a[0]       ; output[1]   ; 6.770 ; 7.068 ; 7.596 ; 7.809  ;
; a[0]       ; output[2]   ; 5.625 ; 6.486 ; 7.060 ; 6.568  ;
; a[0]       ; output[3]   ; 7.776 ; 7.997 ; 8.564 ; 8.804  ;
; a[0]       ; output[4]   ; 6.297 ; 7.045 ; 7.548 ; 7.319  ;
; a[0]       ; output[5]   ; 7.494 ; 7.723 ; 8.347 ; 8.569  ;
; a[0]       ; output[6]   ; 6.667 ; 7.431 ; 7.911 ; 7.631  ;
; a[0]       ; output[7]   ; 6.143 ; 6.326 ; 6.979 ; 7.128  ;
; a[0]       ; output[8]   ; 7.855 ; 8.672 ; 9.023 ; 8.951  ;
; a[0]       ; output[9]   ; 6.924 ; 7.109 ; 7.700 ; 7.885  ;
; a[0]       ; output[10]  ; 6.976 ; 7.588 ; 8.004 ; 8.014  ;
; a[0]       ; output[11]  ; 7.668 ; 7.931 ; 8.444 ; 8.707  ;
; a[0]       ; output[12]  ; 6.730 ; 7.455 ; 7.990 ; 7.746  ;
; a[0]       ; output[13]  ; 6.808 ; 7.020 ; 7.584 ; 7.796  ;
; a[0]       ; output[14]  ; 6.094 ; 6.702 ; 7.261 ; 7.080  ;
; a[0]       ; output[15]  ; 7.284 ; 7.508 ; 8.153 ; 8.370  ;
; a[0]       ; output[16]  ; 6.924 ; 8.206 ; 8.666 ; 7.988  ;
; a[0]       ; output[17]  ; 6.229 ; 7.427 ; 7.912 ; 7.226  ;
; a[0]       ; output[18]  ; 6.658 ; 8.027 ; 8.546 ; 7.649  ;
; a[0]       ; output[19]  ; 6.922 ; 8.444 ; 8.816 ; 8.020  ;
; a[0]       ; output[20]  ; 6.929 ; 8.245 ; 8.735 ; 7.967  ;
; a[0]       ; output[21]  ; 7.372 ; 7.606 ; 8.218 ; 8.445  ;
; a[0]       ; output[22]  ; 6.084 ; 7.193 ; 7.745 ; 7.067  ;
; a[0]       ; output[23]  ; 7.622 ; 8.681 ; 9.098 ; 8.729  ;
; a[0]       ; output[24]  ; 6.512 ; 7.411 ; 7.955 ; 7.525  ;
; a[0]       ; output[25]  ; 6.973 ; 8.390 ; 8.843 ; 8.023  ;
; a[0]       ; output[26]  ; 7.137 ; 8.122 ; 8.586 ; 8.176  ;
; a[0]       ; output[27]  ; 7.412 ; 7.683 ; 8.221 ; 8.511  ;
; a[0]       ; output[28]  ; 7.905 ; 8.211 ; 8.889 ; 9.101  ;
; a[0]       ; output[29]  ; 7.562 ; 7.741 ; 8.503 ; 8.637  ;
; a[0]       ; output[30]  ; 7.609 ; 7.781 ; 8.563 ; 8.690  ;
; a[0]       ; output[31]  ; 7.370 ; 8.026 ; 8.531 ; 8.439  ;
; a[1]       ; output[0]   ; 6.094 ; 6.285 ; 6.740 ; 6.950  ;
; a[1]       ; output[1]   ; 6.153 ; 6.416 ; 6.814 ; 7.096  ;
; a[1]       ; output[2]   ; 5.850 ; 5.992 ; 6.487 ; 6.629  ;
; a[1]       ; output[3]   ; 7.938 ; 8.159 ; 8.733 ; 8.973  ;
; a[1]       ; output[4]   ; 6.338 ; 6.551 ; 6.975 ; 7.188  ;
; a[1]       ; output[5]   ; 7.264 ; 7.493 ; 7.961 ; 8.190  ;
; a[1]       ; output[6]   ; 6.701 ; 6.937 ; 7.338 ; 7.589  ;
; a[1]       ; output[7]   ; 5.709 ; 5.892 ; 6.406 ; 6.589  ;
; a[1]       ; output[8]   ; 7.813 ; 8.178 ; 8.450 ; 8.830  ;
; a[1]       ; output[9]   ; 6.430 ; 6.615 ; 7.127 ; 7.312  ;
; a[1]       ; output[10]  ; 6.794 ; 7.094 ; 7.431 ; 7.746  ;
; a[1]       ; output[11]  ; 7.174 ; 7.437 ; 7.871 ; 8.134  ;
; a[1]       ; output[12]  ; 6.780 ; 6.961 ; 7.417 ; 7.598  ;
; a[1]       ; output[13]  ; 6.314 ; 6.526 ; 7.011 ; 7.223  ;
; a[1]       ; output[14]  ; 6.051 ; 6.208 ; 6.688 ; 6.845  ;
; a[1]       ; output[15]  ; 7.060 ; 7.284 ; 7.757 ; 7.981  ;
; a[1]       ; output[16]  ; 7.456 ; 7.712 ; 8.093 ; 8.349  ;
; a[1]       ; output[17]  ; 6.397 ; 6.933 ; 7.339 ; 7.380  ;
; a[1]       ; output[18]  ; 7.210 ; 7.533 ; 7.973 ; 8.170  ;
; a[1]       ; output[19]  ; 7.084 ; 7.950 ; 8.243 ; 8.189  ;
; a[1]       ; output[20]  ; 7.525 ; 7.751 ; 8.162 ; 8.388  ;
; a[1]       ; output[21]  ; 7.540 ; 7.774 ; 8.372 ; 8.599  ;
; a[1]       ; output[22]  ; 6.535 ; 6.699 ; 7.172 ; 7.336  ;
; a[1]       ; output[23]  ; 7.784 ; 8.187 ; 8.525 ; 8.869  ;
; a[1]       ; output[24]  ; 6.745 ; 6.917 ; 7.382 ; 7.554  ;
; a[1]       ; output[25]  ; 7.141 ; 7.896 ; 8.270 ; 8.177  ;
; a[1]       ; output[26]  ; 7.376 ; 7.628 ; 8.013 ; 8.265  ;
; a[1]       ; output[27]  ; 7.574 ; 7.845 ; 8.390 ; 8.680  ;
; a[1]       ; output[28]  ; 8.631 ; 8.937 ; 9.268 ; 9.574  ;
; a[1]       ; output[29]  ; 7.267 ; 7.446 ; 7.964 ; 8.143  ;
; a[1]       ; output[30]  ; 7.591 ; 7.763 ; 8.228 ; 8.400  ;
; a[1]       ; output[31]  ; 7.261 ; 7.532 ; 7.958 ; 8.214  ;
; a[2]       ; output[0]   ; 6.696 ; 6.925 ; 7.417 ; 7.631  ;
; a[2]       ; output[1]   ; 7.435 ; 7.861 ; 8.220 ; 8.552  ;
; a[2]       ; output[2]   ; 4.980 ; 5.232 ; 5.773 ; 5.860  ;
; a[2]       ; output[3]   ; 7.948 ; 8.169 ; 8.769 ; 9.009  ;
; a[2]       ; output[4]   ; 6.638 ; 6.851 ; 7.344 ; 7.557  ;
; a[2]       ; output[5]   ; 7.564 ; 7.793 ; 8.330 ; 8.559  ;
; a[2]       ; output[6]   ; 7.001 ; 7.237 ; 7.707 ; 7.958  ;
; a[2]       ; output[7]   ; 6.009 ; 6.192 ; 6.775 ; 6.958  ;
; a[2]       ; output[8]   ; 8.113 ; 8.478 ; 8.819 ; 9.199  ;
; a[2]       ; output[9]   ; 6.730 ; 6.915 ; 7.496 ; 7.681  ;
; a[2]       ; output[10]  ; 7.094 ; 7.394 ; 7.800 ; 8.115  ;
; a[2]       ; output[11]  ; 7.474 ; 7.737 ; 8.240 ; 8.503  ;
; a[2]       ; output[12]  ; 7.080 ; 7.261 ; 7.786 ; 7.967  ;
; a[2]       ; output[13]  ; 6.614 ; 6.826 ; 7.380 ; 7.592  ;
; a[2]       ; output[14]  ; 6.351 ; 6.508 ; 7.057 ; 7.214  ;
; a[2]       ; output[15]  ; 7.360 ; 7.584 ; 8.126 ; 8.350  ;
; a[2]       ; output[16]  ; 7.756 ; 8.012 ; 8.462 ; 8.718  ;
; a[2]       ; output[17]  ; 6.942 ; 7.233 ; 7.708 ; 7.984  ;
; a[2]       ; output[18]  ; 7.289 ; 7.833 ; 8.342 ; 8.344  ;
; a[2]       ; output[19]  ; 7.094 ; 8.250 ; 8.612 ; 8.225  ;
; a[2]       ; output[20]  ; 7.825 ; 8.051 ; 8.531 ; 8.757  ;
; a[2]       ; output[21]  ; 8.047 ; 8.281 ; 8.813 ; 9.047  ;
; a[2]       ; output[22]  ; 6.715 ; 6.999 ; 7.541 ; 7.705  ;
; a[2]       ; output[23]  ; 7.794 ; 8.487 ; 8.894 ; 8.934  ;
; a[2]       ; output[24]  ; 7.045 ; 7.217 ; 7.751 ; 7.923  ;
; a[2]       ; output[25]  ; 7.873 ; 8.196 ; 8.639 ; 8.947  ;
; a[2]       ; output[26]  ; 7.676 ; 7.928 ; 8.382 ; 8.634  ;
; a[2]       ; output[27]  ; 7.584 ; 7.855 ; 8.426 ; 8.716  ;
; a[2]       ; output[28]  ; 8.931 ; 9.237 ; 9.637 ; 9.943  ;
; a[2]       ; output[29]  ; 7.567 ; 7.746 ; 8.333 ; 8.512  ;
; a[2]       ; output[30]  ; 7.891 ; 8.063 ; 8.597 ; 8.769  ;
; a[2]       ; output[31]  ; 7.542 ; 7.832 ; 8.327 ; 8.583  ;
; a[3]       ; output[0]   ; 6.614 ; 6.843 ; 7.319 ; 7.533  ;
; a[3]       ; output[1]   ; 7.710 ;       ;       ; 8.851  ;
; a[3]       ; output[2]   ; 6.803 ; 6.945 ; 7.648 ; 7.790  ;
; a[3]       ; output[3]   ; 6.836 ; 7.095 ; 7.511 ; 7.789  ;
; a[3]       ; output[4]   ; 6.556 ; 6.769 ; 7.246 ; 7.459  ;
; a[3]       ; output[5]   ; 7.482 ; 7.711 ; 8.232 ; 8.461  ;
; a[3]       ; output[6]   ; 6.919 ; 7.155 ; 7.609 ; 7.860  ;
; a[3]       ; output[7]   ; 5.927 ; 6.110 ; 6.677 ; 6.860  ;
; a[3]       ; output[8]   ; 8.031 ; 8.396 ; 8.721 ; 9.101  ;
; a[3]       ; output[9]   ; 6.648 ; 6.833 ; 7.398 ; 7.583  ;
; a[3]       ; output[10]  ; 7.012 ; 7.312 ; 7.702 ; 8.017  ;
; a[3]       ; output[11]  ; 7.392 ; 7.655 ; 8.142 ; 8.405  ;
; a[3]       ; output[12]  ; 6.998 ; 7.179 ; 7.688 ; 7.869  ;
; a[3]       ; output[13]  ; 6.532 ; 6.744 ; 7.282 ; 7.494  ;
; a[3]       ; output[14]  ; 6.269 ; 6.426 ; 6.959 ; 7.116  ;
; a[3]       ; output[15]  ; 7.278 ; 7.502 ; 8.028 ; 8.252  ;
; a[3]       ; output[16]  ; 7.674 ; 7.930 ; 8.364 ; 8.620  ;
; a[3]       ; output[17]  ; 6.860 ; 7.151 ; 7.610 ; 7.886  ;
; a[3]       ; output[18]  ; 7.554 ; 7.751 ; 8.244 ; 8.441  ;
; a[3]       ; output[19]  ; 6.973 ; 8.168 ; 8.514 ; 8.078  ;
; a[3]       ; output[20]  ; 7.743 ; 7.969 ; 8.433 ; 8.659  ;
; a[3]       ; output[21]  ; 7.965 ; 8.199 ; 8.715 ; 8.949  ;
; a[3]       ; output[22]  ; 6.753 ; 6.917 ; 7.443 ; 7.607  ;
; a[3]       ; output[23]  ; 7.673 ; 8.405 ; 8.796 ; 8.787  ;
; a[3]       ; output[24]  ; 6.963 ; 7.135 ; 7.653 ; 7.825  ;
; a[3]       ; output[25]  ; 7.791 ; 8.114 ; 8.541 ; 8.849  ;
; a[3]       ; output[26]  ; 7.594 ; 7.846 ; 8.284 ; 8.536  ;
; a[3]       ; output[27]  ; 7.463 ; 7.734 ; 8.279 ; 8.569  ;
; a[3]       ; output[28]  ; 8.849 ; 9.155 ; 9.539 ; 9.845  ;
; a[3]       ; output[29]  ; 7.485 ; 7.664 ; 8.235 ; 8.414  ;
; a[3]       ; output[30]  ; 7.809 ; 7.981 ; 8.499 ; 8.671  ;
; a[3]       ; output[31]  ; 7.421 ; 7.750 ; 8.229 ; 8.485  ;
; a[4]       ; output[0]   ; 6.447 ; 6.676 ; 7.134 ; 7.348  ;
; a[4]       ; output[1]   ; 7.590 ;       ;       ; 8.706  ;
; a[4]       ; output[2]   ; 6.225 ; 6.367 ; 6.992 ; 7.134  ;
; a[4]       ; output[3]   ; 8.062 ; 8.377 ; 8.880 ; 9.101  ;
; a[4]       ; output[4]   ; 5.422 ; 5.959 ; 6.431 ; 6.333  ;
; a[4]       ; output[5]   ; 7.315 ; 7.544 ; 8.047 ; 8.276  ;
; a[4]       ; output[6]   ; 6.752 ; 6.988 ; 7.424 ; 7.675  ;
; a[4]       ; output[7]   ; 5.760 ; 5.943 ; 6.492 ; 6.675  ;
; a[4]       ; output[8]   ; 7.864 ; 8.229 ; 8.536 ; 8.916  ;
; a[4]       ; output[9]   ; 6.481 ; 6.666 ; 7.213 ; 7.398  ;
; a[4]       ; output[10]  ; 6.845 ; 7.145 ; 7.517 ; 7.832  ;
; a[4]       ; output[11]  ; 7.225 ; 7.488 ; 7.957 ; 8.220  ;
; a[4]       ; output[12]  ; 6.831 ; 7.012 ; 7.503 ; 7.684  ;
; a[4]       ; output[13]  ; 6.365 ; 6.577 ; 7.097 ; 7.309  ;
; a[4]       ; output[14]  ; 6.102 ; 6.259 ; 6.774 ; 6.931  ;
; a[4]       ; output[15]  ; 7.111 ; 7.335 ; 7.843 ; 8.067  ;
; a[4]       ; output[16]  ; 7.507 ; 7.763 ; 8.179 ; 8.435  ;
; a[4]       ; output[17]  ; 6.693 ; 6.984 ; 7.425 ; 7.701  ;
; a[4]       ; output[18]  ; 7.387 ; 7.584 ; 8.059 ; 8.256  ;
; a[4]       ; output[19]  ; 7.326 ; 8.001 ; 8.329 ; 8.439  ;
; a[4]       ; output[20]  ; 7.576 ; 7.802 ; 8.248 ; 8.474  ;
; a[4]       ; output[21]  ; 7.489 ; 7.723 ; 8.327 ; 8.554  ;
; a[4]       ; output[22]  ; 6.586 ; 6.750 ; 7.258 ; 7.422  ;
; a[4]       ; output[23]  ; 7.541 ; 8.238 ; 8.611 ; 8.619  ;
; a[4]       ; output[24]  ; 6.796 ; 6.968 ; 7.468 ; 7.640  ;
; a[4]       ; output[25]  ; 7.624 ; 7.947 ; 8.356 ; 8.664  ;
; a[4]       ; output[26]  ; 7.427 ; 7.679 ; 8.099 ; 8.351  ;
; a[4]       ; output[27]  ; 7.585 ; 7.856 ; 8.391 ; 8.681  ;
; a[4]       ; output[28]  ; 8.682 ; 8.988 ; 9.354 ; 9.660  ;
; a[4]       ; output[29]  ; 7.318 ; 7.497 ; 8.050 ; 8.229  ;
; a[4]       ; output[30]  ; 7.642 ; 7.814 ; 8.314 ; 8.486  ;
; a[4]       ; output[31]  ; 7.270 ; 7.583 ; 8.044 ; 8.300  ;
; a[5]       ; output[0]   ; 6.507 ; 6.736 ; 7.178 ; 7.392  ;
; a[5]       ; output[1]   ; 7.910 ;       ;       ; 9.047  ;
; a[5]       ; output[2]   ; 6.332 ; 6.474 ; 7.108 ; 7.250  ;
; a[5]       ; output[3]   ; 7.515 ;       ;       ; 8.485  ;
; a[5]       ; output[4]   ; 7.516 ; 7.729 ; 8.324 ; 8.537  ;
; a[5]       ; output[5]   ; 5.969 ; 6.227 ; 6.598 ; 6.849  ;
; a[5]       ; output[6]   ; 6.812 ; 7.048 ; 7.468 ; 7.719  ;
; a[5]       ; output[7]   ; 5.820 ; 6.003 ; 6.536 ; 6.719  ;
; a[5]       ; output[8]   ; 7.924 ; 8.289 ; 8.580 ; 8.960  ;
; a[5]       ; output[9]   ; 6.541 ; 6.726 ; 7.257 ; 7.442  ;
; a[5]       ; output[10]  ; 6.905 ; 7.205 ; 7.561 ; 7.876  ;
; a[5]       ; output[11]  ; 7.285 ; 7.548 ; 8.001 ; 8.264  ;
; a[5]       ; output[12]  ; 6.891 ; 7.072 ; 7.547 ; 7.728  ;
; a[5]       ; output[13]  ; 6.425 ; 6.637 ; 7.141 ; 7.353  ;
; a[5]       ; output[14]  ; 6.162 ; 6.319 ; 6.818 ; 6.975  ;
; a[5]       ; output[15]  ; 7.171 ; 7.395 ; 7.887 ; 8.111  ;
; a[5]       ; output[16]  ; 7.567 ; 7.823 ; 8.223 ; 8.479  ;
; a[5]       ; output[17]  ; 6.753 ; 7.044 ; 7.469 ; 7.745  ;
; a[5]       ; output[18]  ; 7.447 ; 7.644 ; 8.103 ; 8.300  ;
; a[5]       ; output[19]  ; 7.441 ; 8.061 ; 8.373 ; 8.541  ;
; a[5]       ; output[20]  ; 7.636 ; 7.862 ; 8.292 ; 8.518  ;
; a[5]       ; output[21]  ; 7.604 ; 7.838 ; 8.429 ; 8.656  ;
; a[5]       ; output[22]  ; 6.461 ; 6.810 ; 7.302 ; 7.459  ;
; a[5]       ; output[23]  ; 7.656 ; 8.298 ; 8.655 ; 8.721  ;
; a[5]       ; output[24]  ; 6.856 ; 7.028 ; 7.512 ; 7.684  ;
; a[5]       ; output[25]  ; 7.684 ; 8.007 ; 8.400 ; 8.708  ;
; a[5]       ; output[26]  ; 7.487 ; 7.739 ; 8.143 ; 8.395  ;
; a[5]       ; output[27]  ; 7.700 ; 7.971 ; 8.493 ; 8.783  ;
; a[5]       ; output[28]  ; 8.742 ; 9.048 ; 9.398 ; 9.704  ;
; a[5]       ; output[29]  ; 7.378 ; 7.557 ; 8.094 ; 8.273  ;
; a[5]       ; output[30]  ; 7.702 ; 7.874 ; 8.358 ; 8.530  ;
; a[5]       ; output[31]  ; 7.372 ; 7.643 ; 8.088 ; 8.344  ;
; a[6]       ; output[0]   ; 6.478 ; 6.699 ; 7.181 ; 7.418  ;
; a[6]       ; output[1]   ; 8.067 ;       ;       ; 9.259  ;
; a[6]       ; output[2]   ; 6.247 ; 6.389 ; 7.126 ; 7.261  ;
; a[6]       ; output[3]   ; 7.672 ;       ;       ; 8.697  ;
; a[6]       ; output[4]   ; 7.982 ; 8.195 ; 8.849 ; 9.062  ;
; a[6]       ; output[5]   ; 7.793 ; 8.093 ; 8.631 ; 8.950  ;
; a[6]       ; output[6]   ; 6.255 ; 6.422 ; 6.987 ; 7.154  ;
; a[6]       ; output[7]   ; 5.928 ; 6.111 ; 6.681 ; 6.864  ;
; a[6]       ; output[8]   ; 8.032 ; 8.397 ; 8.725 ; 9.105  ;
; a[6]       ; output[9]   ; 6.649 ; 6.834 ; 7.402 ; 7.587  ;
; a[6]       ; output[10]  ; 7.013 ; 7.313 ; 7.706 ; 8.021  ;
; a[6]       ; output[11]  ; 7.393 ; 7.656 ; 8.146 ; 8.409  ;
; a[6]       ; output[12]  ; 6.999 ; 7.180 ; 7.692 ; 7.873  ;
; a[6]       ; output[13]  ; 6.533 ; 6.745 ; 7.286 ; 7.498  ;
; a[6]       ; output[14]  ; 6.270 ; 6.427 ; 6.963 ; 7.120  ;
; a[6]       ; output[15]  ; 7.279 ; 7.503 ; 8.032 ; 8.256  ;
; a[6]       ; output[16]  ; 7.675 ; 7.931 ; 8.368 ; 8.624  ;
; a[6]       ; output[17]  ; 6.861 ; 7.152 ; 7.614 ; 7.890  ;
; a[6]       ; output[18]  ; 7.555 ; 7.752 ; 8.248 ; 8.445  ;
; a[6]       ; output[19]  ; 7.710 ; 8.169 ; 8.518 ; 8.880  ;
; a[6]       ; output[20]  ; 7.744 ; 7.970 ; 8.437 ; 8.663  ;
; a[6]       ; output[21]  ; 7.880 ; 8.114 ; 8.719 ; 8.953  ;
; a[6]       ; output[22]  ; 6.632 ; 6.918 ; 7.447 ; 7.611  ;
; a[6]       ; output[23]  ; 7.925 ; 8.406 ; 8.800 ; 9.060  ;
; a[6]       ; output[24]  ; 6.964 ; 7.136 ; 7.657 ; 7.829  ;
; a[6]       ; output[25]  ; 7.792 ; 8.115 ; 8.545 ; 8.853  ;
; a[6]       ; output[26]  ; 7.595 ; 7.847 ; 8.288 ; 8.540  ;
; a[6]       ; output[27]  ; 7.969 ; 8.240 ; 8.832 ; 9.122  ;
; a[6]       ; output[28]  ; 8.850 ; 9.156 ; 9.543 ; 9.849  ;
; a[6]       ; output[29]  ; 7.486 ; 7.665 ; 8.239 ; 8.418  ;
; a[6]       ; output[30]  ; 7.810 ; 7.982 ; 8.503 ; 8.675  ;
; a[6]       ; output[31]  ; 7.480 ; 7.751 ; 8.233 ; 8.489  ;
; a[7]       ; output[0]   ; 6.280 ; 6.505 ; 6.963 ; 7.207  ;
; a[7]       ; output[1]   ; 7.879 ;       ;       ; 9.042  ;
; a[7]       ; output[2]   ; 6.216 ; 6.358 ; 7.080 ; 7.215  ;
; a[7]       ; output[3]   ; 8.333 ; 8.648 ; 9.211 ; 9.432  ;
; a[7]       ; output[4]   ; 7.951 ; 8.164 ; 8.803 ; 9.016  ;
; a[7]       ; output[5]   ; 7.605 ; 7.905 ; 8.414 ; 8.733  ;
; a[7]       ; output[6]   ; 6.674 ; 6.858 ; 7.449 ; 7.626  ;
; a[7]       ; output[7]   ; 4.992 ; 5.257 ; 5.800 ; 5.860  ;
; a[7]       ; output[8]   ; 7.731 ; 8.096 ; 8.405 ; 8.785  ;
; a[7]       ; output[9]   ; 6.348 ; 6.533 ; 7.082 ; 7.267  ;
; a[7]       ; output[10]  ; 6.712 ; 7.012 ; 7.386 ; 7.701  ;
; a[7]       ; output[11]  ; 7.092 ; 7.355 ; 7.826 ; 8.089  ;
; a[7]       ; output[12]  ; 6.698 ; 6.879 ; 7.372 ; 7.553  ;
; a[7]       ; output[13]  ; 6.232 ; 6.444 ; 6.966 ; 7.178  ;
; a[7]       ; output[14]  ; 5.969 ; 6.126 ; 6.643 ; 6.800  ;
; a[7]       ; output[15]  ; 6.978 ; 7.202 ; 7.712 ; 7.936  ;
; a[7]       ; output[16]  ; 7.374 ; 7.630 ; 8.048 ; 8.304  ;
; a[7]       ; output[17]  ; 6.560 ; 6.851 ; 7.294 ; 7.570  ;
; a[7]       ; output[18]  ; 7.254 ; 7.451 ; 7.928 ; 8.125  ;
; a[7]       ; output[19]  ; 7.464 ; 7.868 ; 8.198 ; 8.587  ;
; a[7]       ; output[20]  ; 7.443 ; 7.669 ; 8.117 ; 8.343  ;
; a[7]       ; output[21]  ; 7.665 ; 7.899 ; 8.399 ; 8.633  ;
; a[7]       ; output[22]  ; 6.453 ; 6.617 ; 7.127 ; 7.291  ;
; a[7]       ; output[23]  ; 7.746 ; 8.105 ; 8.480 ; 8.824  ;
; a[7]       ; output[24]  ; 6.663 ; 6.835 ; 7.337 ; 7.509  ;
; a[7]       ; output[25]  ; 7.491 ; 7.814 ; 8.225 ; 8.533  ;
; a[7]       ; output[26]  ; 7.294 ; 7.546 ; 7.968 ; 8.220  ;
; a[7]       ; output[27]  ; 7.897 ; 8.168 ; 8.631 ; 8.902  ;
; a[7]       ; output[28]  ; 8.549 ; 8.855 ; 9.223 ; 9.529  ;
; a[7]       ; output[29]  ; 7.185 ; 7.364 ; 7.919 ; 8.098  ;
; a[7]       ; output[30]  ; 7.509 ; 7.681 ; 8.183 ; 8.355  ;
; a[7]       ; output[31]  ; 7.179 ; 7.450 ; 7.913 ; 8.169  ;
; a[8]       ; output[0]   ; 6.802 ; 7.061 ; 7.578 ; 7.798  ;
; a[8]       ; output[1]   ; 7.764 ;       ;       ; 8.923  ;
; a[8]       ; output[2]   ; 6.157 ; 6.299 ; 7.052 ; 7.187  ;
; a[8]       ; output[3]   ; 8.218 ; 8.533 ; 9.092 ; 9.313  ;
; a[8]       ; output[4]   ; 7.152 ; 7.365 ; 8.074 ; 8.283  ;
; a[8]       ; output[5]   ; 7.490 ; 7.790 ; 8.295 ; 8.614  ;
; a[8]       ; output[6]   ; 6.615 ; 6.799 ; 7.421 ; 7.598  ;
; a[8]       ; output[7]   ; 6.460 ; 6.711 ; 7.333 ; 7.497  ;
; a[8]       ; output[8]   ; 7.030 ; 7.297 ; 7.725 ; 7.992  ;
; a[8]       ; output[9]   ; 6.453 ; 6.638 ; 7.224 ; 7.409  ;
; a[8]       ; output[10]  ; 6.817 ; 7.117 ; 7.528 ; 7.843  ;
; a[8]       ; output[11]  ; 7.197 ; 7.460 ; 7.968 ; 8.231  ;
; a[8]       ; output[12]  ; 6.803 ; 6.984 ; 7.514 ; 7.695  ;
; a[8]       ; output[13]  ; 6.337 ; 6.549 ; 7.108 ; 7.320  ;
; a[8]       ; output[14]  ; 6.074 ; 6.231 ; 6.785 ; 6.942  ;
; a[8]       ; output[15]  ; 7.083 ; 7.307 ; 7.854 ; 8.078  ;
; a[8]       ; output[16]  ; 7.479 ; 7.735 ; 8.190 ; 8.446  ;
; a[8]       ; output[17]  ; 6.665 ; 6.956 ; 7.436 ; 7.712  ;
; a[8]       ; output[18]  ; 7.359 ; 7.556 ; 8.070 ; 8.267  ;
; a[8]       ; output[19]  ; 7.569 ; 7.973 ; 8.340 ; 8.729  ;
; a[8]       ; output[20]  ; 7.548 ; 7.774 ; 8.259 ; 8.485  ;
; a[8]       ; output[21]  ; 7.658 ; 7.892 ; 8.540 ; 8.767  ;
; a[8]       ; output[22]  ; 6.558 ; 6.722 ; 7.269 ; 7.433  ;
; a[8]       ; output[23]  ; 7.851 ; 8.210 ; 8.622 ; 8.966  ;
; a[8]       ; output[24]  ; 6.768 ; 6.940 ; 7.479 ; 7.651  ;
; a[8]       ; output[25]  ; 7.596 ; 7.919 ; 8.367 ; 8.675  ;
; a[8]       ; output[26]  ; 7.399 ; 7.651 ; 8.110 ; 8.362  ;
; a[8]       ; output[27]  ; 7.912 ; 8.183 ; 8.773 ; 9.044  ;
; a[8]       ; output[28]  ; 8.654 ; 8.960 ; 9.365 ; 9.671  ;
; a[8]       ; output[29]  ; 7.290 ; 7.469 ; 8.061 ; 8.240  ;
; a[8]       ; output[30]  ; 7.614 ; 7.786 ; 8.325 ; 8.497  ;
; a[8]       ; output[31]  ; 7.284 ; 7.555 ; 8.055 ; 8.311  ;
; a[9]       ; output[0]   ; 6.635 ; 6.870 ; 7.327 ; 7.547  ;
; a[9]       ; output[1]   ; 8.027 ;       ;       ; 9.190  ;
; a[9]       ; output[2]   ; 6.130 ; 6.272 ; 7.019 ; 7.154  ;
; a[9]       ; output[3]   ; 8.035 ; 8.350 ; 8.876 ; 9.097  ;
; a[9]       ; output[4]   ; 7.125 ; 7.338 ; 8.041 ; 8.250  ;
; a[9]       ; output[5]   ; 7.465 ; 7.765 ; 8.249 ; 8.568  ;
; a[9]       ; output[6]   ; 6.588 ; 6.772 ; 7.388 ; 7.565  ;
; a[9]       ; output[7]   ; 6.277 ; 6.528 ; 7.117 ; 7.281  ;
; a[9]       ; output[8]   ; 8.451 ; 8.807 ; 9.297 ; 9.616  ;
; a[9]       ; output[9]   ; 5.552 ; 5.776 ; 6.211 ; 6.418  ;
; a[9]       ; output[10]  ; 6.600 ; 6.900 ; 7.277 ; 7.592  ;
; a[9]       ; output[11]  ; 6.980 ; 7.243 ; 7.717 ; 7.980  ;
; a[9]       ; output[12]  ; 6.586 ; 6.767 ; 7.263 ; 7.444  ;
; a[9]       ; output[13]  ; 6.120 ; 6.332 ; 6.857 ; 7.069  ;
; a[9]       ; output[14]  ; 5.857 ; 6.014 ; 6.534 ; 6.691  ;
; a[9]       ; output[15]  ; 6.866 ; 7.090 ; 7.603 ; 7.827  ;
; a[9]       ; output[16]  ; 7.262 ; 7.518 ; 7.939 ; 8.195  ;
; a[9]       ; output[17]  ; 6.448 ; 6.739 ; 7.185 ; 7.461  ;
; a[9]       ; output[18]  ; 7.142 ; 7.339 ; 7.819 ; 8.016  ;
; a[9]       ; output[19]  ; 7.352 ; 7.756 ; 8.089 ; 8.478  ;
; a[9]       ; output[20]  ; 7.331 ; 7.557 ; 8.008 ; 8.234  ;
; a[9]       ; output[21]  ; 7.553 ; 7.787 ; 8.290 ; 8.524  ;
; a[9]       ; output[22]  ; 6.341 ; 6.505 ; 7.018 ; 7.182  ;
; a[9]       ; output[23]  ; 7.634 ; 7.993 ; 8.371 ; 8.715  ;
; a[9]       ; output[24]  ; 6.551 ; 6.723 ; 7.228 ; 7.400  ;
; a[9]       ; output[25]  ; 7.379 ; 7.702 ; 8.116 ; 8.424  ;
; a[9]       ; output[26]  ; 7.182 ; 7.434 ; 7.859 ; 8.111  ;
; a[9]       ; output[27]  ; 7.785 ; 8.056 ; 8.522 ; 8.793  ;
; a[9]       ; output[28]  ; 8.437 ; 8.743 ; 9.114 ; 9.420  ;
; a[9]       ; output[29]  ; 7.073 ; 7.252 ; 7.810 ; 7.989  ;
; a[9]       ; output[30]  ; 7.397 ; 7.569 ; 8.074 ; 8.246  ;
; a[9]       ; output[31]  ; 7.067 ; 7.338 ; 7.804 ; 8.060  ;
; a[10]      ; output[0]   ; 6.766 ; 7.001 ; 7.459 ; 7.679  ;
; a[10]      ; output[1]   ; 8.413 ;       ;       ; 9.634  ;
; a[10]      ; output[2]   ; 7.377 ; 7.519 ; 8.404 ; 8.539  ;
; a[10]      ; output[3]   ; 8.421 ; 8.736 ; 9.320 ; 9.541  ;
; a[10]      ; output[4]   ; 7.354 ; 7.567 ; 8.312 ; 8.521  ;
; a[10]      ; output[5]   ; 7.851 ; 8.151 ; 8.693 ; 9.012  ;
; a[10]      ; output[6]   ; 7.287 ;       ;       ; 8.357  ;
; a[10]      ; output[7]   ; 6.663 ; 6.914 ; 7.561 ; 7.725  ;
; a[10]      ; output[8]   ; 8.680 ; 9.036 ; 9.568 ; 9.887  ;
; a[10]      ; output[9]   ; 7.759 ; 8.053 ; 8.700 ; 8.900  ;
; a[10]      ; output[10]  ; 6.586 ; 6.886 ; 7.290 ; 7.582  ;
; a[10]      ; output[11]  ; 7.111 ; 7.374 ; 7.849 ; 8.112  ;
; a[10]      ; output[12]  ; 6.717 ; 6.898 ; 7.395 ; 7.576  ;
; a[10]      ; output[13]  ; 6.251 ; 6.463 ; 6.989 ; 7.201  ;
; a[10]      ; output[14]  ; 5.988 ; 6.145 ; 6.666 ; 6.823  ;
; a[10]      ; output[15]  ; 6.997 ; 7.221 ; 7.735 ; 7.959  ;
; a[10]      ; output[16]  ; 7.393 ; 7.649 ; 8.071 ; 8.327  ;
; a[10]      ; output[17]  ; 6.579 ; 6.870 ; 7.317 ; 7.593  ;
; a[10]      ; output[18]  ; 7.273 ; 7.470 ; 7.951 ; 8.148  ;
; a[10]      ; output[19]  ; 7.483 ; 7.887 ; 8.221 ; 8.610  ;
; a[10]      ; output[20]  ; 7.462 ; 7.688 ; 8.140 ; 8.366  ;
; a[10]      ; output[21]  ; 7.684 ; 7.918 ; 8.422 ; 8.656  ;
; a[10]      ; output[22]  ; 6.472 ; 6.636 ; 7.150 ; 7.314  ;
; a[10]      ; output[23]  ; 7.765 ; 8.124 ; 8.503 ; 8.847  ;
; a[10]      ; output[24]  ; 6.682 ; 6.854 ; 7.360 ; 7.532  ;
; a[10]      ; output[25]  ; 7.510 ; 7.833 ; 8.248 ; 8.556  ;
; a[10]      ; output[26]  ; 7.313 ; 7.565 ; 7.991 ; 8.243  ;
; a[10]      ; output[27]  ; 7.916 ; 8.187 ; 8.654 ; 8.925  ;
; a[10]      ; output[28]  ; 8.568 ; 8.874 ; 9.246 ; 9.552  ;
; a[10]      ; output[29]  ; 7.204 ; 7.383 ; 7.942 ; 8.121  ;
; a[10]      ; output[30]  ; 7.528 ; 7.700 ; 8.206 ; 8.378  ;
; a[10]      ; output[31]  ; 7.198 ; 7.469 ; 7.936 ; 8.192  ;
; a[11]      ; output[0]   ; 6.612 ; 7.114 ; 7.574 ; 7.609  ;
; a[11]      ; output[1]   ; 7.886 ;       ;       ; 9.009  ;
; a[11]      ; output[2]   ; 6.985 ; 7.127 ; 7.933 ; 8.068  ;
; a[11]      ; output[3]   ; 8.058 ;       ;       ; 9.076  ;
; a[11]      ; output[4]   ; 6.962 ; 7.175 ; 7.841 ; 8.050  ;
; a[11]      ; output[5]   ; 7.324 ; 7.624 ; 8.068 ; 8.387  ;
; a[11]      ; output[6]   ; 6.895 ;       ;       ; 7.886  ;
; a[11]      ; output[7]   ; 6.241 ; 6.492 ; 7.040 ; 7.204  ;
; a[11]      ; output[8]   ; 8.288 ; 8.644 ; 9.097 ; 9.416  ;
; a[11]      ; output[9]   ; 7.232 ; 7.526 ; 8.075 ; 8.275  ;
; a[11]      ; output[10]  ; 7.317 ; 7.574 ; 8.206 ; 8.369  ;
; a[11]      ; output[11]  ; 6.123 ; 6.706 ; 7.138 ; 7.037  ;
; a[11]      ; output[12]  ; 6.830 ; 7.011 ; 7.510 ; 7.691  ;
; a[11]      ; output[13]  ; 6.364 ; 6.576 ; 7.104 ; 7.316  ;
; a[11]      ; output[14]  ; 6.101 ; 6.258 ; 6.781 ; 6.938  ;
; a[11]      ; output[15]  ; 7.110 ; 7.334 ; 7.850 ; 8.074  ;
; a[11]      ; output[16]  ; 7.506 ; 7.762 ; 8.186 ; 8.442  ;
; a[11]      ; output[17]  ; 6.692 ; 6.983 ; 7.432 ; 7.708  ;
; a[11]      ; output[18]  ; 7.384 ; 7.583 ; 8.066 ; 8.263  ;
; a[11]      ; output[19]  ; 7.366 ; 8.000 ; 8.336 ; 8.476  ;
; a[11]      ; output[20]  ; 7.575 ; 7.801 ; 8.255 ; 8.481  ;
; a[11]      ; output[21]  ; 7.797 ; 8.031 ; 8.537 ; 8.771  ;
; a[11]      ; output[22]  ; 6.585 ; 6.749 ; 7.265 ; 7.429  ;
; a[11]      ; output[23]  ; 7.684 ; 8.237 ; 8.618 ; 8.769  ;
; a[11]      ; output[24]  ; 6.795 ; 6.967 ; 7.475 ; 7.647  ;
; a[11]      ; output[25]  ; 7.458 ; 7.691 ; 8.263 ; 8.515  ;
; a[11]      ; output[26]  ; 7.426 ; 7.678 ; 8.106 ; 8.358  ;
; a[11]      ; output[27]  ; 7.625 ; 7.896 ; 8.428 ; 8.718  ;
; a[11]      ; output[28]  ; 8.681 ; 8.987 ; 9.361 ; 9.667  ;
; a[11]      ; output[29]  ; 7.317 ; 7.496 ; 8.057 ; 8.236  ;
; a[11]      ; output[30]  ; 7.641 ; 7.813 ; 8.321 ; 8.493  ;
; a[11]      ; output[31]  ; 7.311 ; 7.582 ; 8.051 ; 8.307  ;
; a[12]      ; output[0]   ; 6.454 ; 6.689 ; 7.120 ; 7.340  ;
; a[12]      ; output[1]   ; 8.093 ;       ;       ; 9.276  ;
; a[12]      ; output[2]   ; 7.266 ; 7.408 ; 8.273 ; 8.408  ;
; a[12]      ; output[3]   ; 8.265 ;       ;       ; 9.343  ;
; a[12]      ; output[4]   ; 8.103 ; 8.316 ; 9.025 ; 9.238  ;
; a[12]      ; output[5]   ; 7.531 ; 7.831 ; 8.335 ; 8.654  ;
; a[12]      ; output[6]   ; 7.176 ;       ;       ; 8.226  ;
; a[12]      ; output[7]   ; 6.448 ; 6.699 ; 7.307 ; 7.471  ;
; a[12]      ; output[8]   ; 8.791 ; 9.147 ; 9.684 ; 10.003 ;
; a[12]      ; output[9]   ; 7.439 ; 7.733 ; 8.342 ; 8.542  ;
; a[12]      ; output[10]  ; 7.598 ; 7.855 ; 8.546 ; 8.709  ;
; a[12]      ; output[11]  ; 7.907 ;       ;       ; 9.016  ;
; a[12]      ; output[12]  ; 5.641 ; 6.061 ; 6.527 ; 6.521  ;
; a[12]      ; output[13]  ; 5.939 ; 6.151 ; 6.650 ; 6.862  ;
; a[12]      ; output[14]  ; 5.676 ; 5.833 ; 6.327 ; 6.484  ;
; a[12]      ; output[15]  ; 6.685 ; 6.909 ; 7.396 ; 7.620  ;
; a[12]      ; output[16]  ; 7.081 ; 7.337 ; 7.732 ; 7.988  ;
; a[12]      ; output[17]  ; 6.267 ; 6.558 ; 6.978 ; 7.254  ;
; a[12]      ; output[18]  ; 6.961 ; 7.158 ; 7.612 ; 7.809  ;
; a[12]      ; output[19]  ; 7.171 ; 7.575 ; 7.882 ; 8.271  ;
; a[12]      ; output[20]  ; 7.150 ; 7.376 ; 7.801 ; 8.027  ;
; a[12]      ; output[21]  ; 7.372 ; 7.606 ; 8.083 ; 8.317  ;
; a[12]      ; output[22]  ; 6.160 ; 6.324 ; 6.811 ; 6.975  ;
; a[12]      ; output[23]  ; 7.453 ; 7.812 ; 8.164 ; 8.508  ;
; a[12]      ; output[24]  ; 6.370 ; 6.542 ; 7.021 ; 7.193  ;
; a[12]      ; output[25]  ; 7.198 ; 7.521 ; 7.909 ; 8.217  ;
; a[12]      ; output[26]  ; 7.001 ; 7.253 ; 7.652 ; 7.904  ;
; a[12]      ; output[27]  ; 7.604 ; 7.875 ; 8.315 ; 8.586  ;
; a[12]      ; output[28]  ; 8.256 ; 8.562 ; 8.907 ; 9.213  ;
; a[12]      ; output[29]  ; 6.892 ; 7.071 ; 7.603 ; 7.782  ;
; a[12]      ; output[30]  ; 7.216 ; 7.388 ; 7.867 ; 8.039  ;
; a[12]      ; output[31]  ; 6.886 ; 7.157 ; 7.597 ; 7.853  ;
; a[13]      ; output[0]   ; 6.727 ; 6.962 ; 7.416 ; 7.636  ;
; a[13]      ; output[1]   ; 7.987 ;       ;       ; 9.130  ;
; a[13]      ; output[2]   ; 7.081 ; 7.223 ; 8.044 ; 8.179  ;
; a[13]      ; output[3]   ; 8.085 ;       ;       ; 9.121  ;
; a[13]      ; output[4]   ; 7.918 ; 8.131 ; 8.796 ; 9.009  ;
; a[13]      ; output[5]   ; 7.412 ;       ;       ; 8.487  ;
; a[13]      ; output[6]   ; 6.991 ;       ;       ; 7.997  ;
; a[13]      ; output[7]   ; 6.268 ; 6.519 ; 7.085 ; 7.249  ;
; a[13]      ; output[8]   ; 8.606 ; 8.962 ; 9.455 ; 9.774  ;
; a[13]      ; output[9]   ; 7.333 ; 7.627 ; 8.196 ; 8.396  ;
; a[13]      ; output[10]  ; 7.413 ; 7.670 ; 8.317 ; 8.480  ;
; a[13]      ; output[11]  ; 7.727 ;       ;       ; 8.794  ;
; a[13]      ; output[12]  ; 7.969 ; 8.150 ; 8.900 ; 9.105  ;
; a[13]      ; output[13]  ; 5.536 ; 5.772 ; 6.237 ; 6.470  ;
; a[13]      ; output[14]  ; 5.949 ; 6.106 ; 6.623 ; 6.780  ;
; a[13]      ; output[15]  ; 6.958 ; 7.182 ; 7.692 ; 7.916  ;
; a[13]      ; output[16]  ; 7.354 ; 7.610 ; 8.028 ; 8.284  ;
; a[13]      ; output[17]  ; 6.540 ; 6.831 ; 7.274 ; 7.550  ;
; a[13]      ; output[18]  ; 7.234 ; 7.431 ; 7.908 ; 8.105  ;
; a[13]      ; output[19]  ; 7.444 ; 7.848 ; 8.178 ; 8.567  ;
; a[13]      ; output[20]  ; 7.423 ; 7.649 ; 8.097 ; 8.323  ;
; a[13]      ; output[21]  ; 7.645 ; 7.879 ; 8.379 ; 8.613  ;
; a[13]      ; output[22]  ; 6.433 ; 6.597 ; 7.107 ; 7.271  ;
; a[13]      ; output[23]  ; 7.726 ; 8.085 ; 8.460 ; 8.804  ;
; a[13]      ; output[24]  ; 6.643 ; 6.815 ; 7.317 ; 7.489  ;
; a[13]      ; output[25]  ; 7.431 ; 7.664 ; 8.205 ; 8.484  ;
; a[13]      ; output[26]  ; 7.274 ; 7.526 ; 7.948 ; 8.200  ;
; a[13]      ; output[27]  ; 7.741 ; 8.012 ; 8.558 ; 8.846  ;
; a[13]      ; output[28]  ; 8.529 ; 8.835 ; 9.203 ; 9.509  ;
; a[13]      ; output[29]  ; 7.165 ; 7.344 ; 7.899 ; 8.078  ;
; a[13]      ; output[30]  ; 7.489 ; 7.661 ; 8.163 ; 8.335  ;
; a[13]      ; output[31]  ; 7.159 ; 7.430 ; 7.893 ; 8.149  ;
; a[14]      ; output[0]   ; 6.594 ; 6.829 ; 7.273 ; 7.493  ;
; a[14]      ; output[1]   ; 7.747 ;       ;       ; 8.854  ;
; a[14]      ; output[2]   ; 6.593 ; 6.735 ; 7.475 ; 7.610  ;
; a[14]      ; output[3]   ; 7.845 ;       ;       ; 8.845  ;
; a[14]      ; output[4]   ; 7.592 ; 7.805 ; 8.411 ; 8.624  ;
; a[14]      ; output[5]   ; 7.172 ;       ;       ; 8.211  ;
; a[14]      ; output[6]   ; 7.276 ; 7.460 ; 8.105 ; 8.282  ;
; a[14]      ; output[7]   ; 6.028 ; 6.279 ; 6.809 ; 6.973  ;
; a[14]      ; output[8]   ; 8.280 ; 8.636 ; 9.070 ; 9.389  ;
; a[14]      ; output[9]   ; 7.093 ; 7.387 ; 7.920 ; 8.120  ;
; a[14]      ; output[10]  ; 6.925 ; 7.182 ; 7.748 ; 7.911  ;
; a[14]      ; output[11]  ; 7.487 ;       ;       ; 8.518  ;
; a[14]      ; output[12]  ; 7.643 ; 7.824 ; 8.515 ; 8.720  ;
; a[14]      ; output[13]  ; 6.547 ;       ;       ; 7.587  ;
; a[14]      ; output[14]  ; 5.335 ; 5.667 ; 6.182 ; 6.215  ;
; a[14]      ; output[15]  ; 6.825 ; 7.049 ; 7.549 ; 7.773  ;
; a[14]      ; output[16]  ; 7.221 ; 7.477 ; 7.885 ; 8.141  ;
; a[14]      ; output[17]  ; 6.407 ; 6.698 ; 7.131 ; 7.407  ;
; a[14]      ; output[18]  ; 7.101 ; 7.298 ; 7.765 ; 7.962  ;
; a[14]      ; output[19]  ; 7.311 ; 7.715 ; 8.035 ; 8.424  ;
; a[14]      ; output[20]  ; 7.290 ; 7.516 ; 7.954 ; 8.180  ;
; a[14]      ; output[21]  ; 7.512 ; 7.746 ; 8.236 ; 8.470  ;
; a[14]      ; output[22]  ; 6.300 ; 6.464 ; 6.964 ; 7.128  ;
; a[14]      ; output[23]  ; 7.593 ; 7.952 ; 8.317 ; 8.661  ;
; a[14]      ; output[24]  ; 6.510 ; 6.682 ; 7.174 ; 7.346  ;
; a[14]      ; output[25]  ; 7.281 ; 7.514 ; 8.056 ; 8.308  ;
; a[14]      ; output[26]  ; 7.141 ; 7.393 ; 7.805 ; 8.057  ;
; a[14]      ; output[27]  ; 7.602 ; 7.873 ; 8.404 ; 8.692  ;
; a[14]      ; output[28]  ; 8.396 ; 8.702 ; 9.060 ; 9.366  ;
; a[14]      ; output[29]  ; 7.032 ; 7.211 ; 7.756 ; 7.935  ;
; a[14]      ; output[30]  ; 7.356 ; 7.528 ; 8.020 ; 8.192  ;
; a[14]      ; output[31]  ; 7.026 ; 7.297 ; 7.750 ; 8.006  ;
; a[15]      ; output[0]   ; 6.789 ; 7.024 ; 7.523 ; 7.743  ;
; a[15]      ; output[1]   ; 8.636 ;       ;       ; 9.880  ;
; a[15]      ; output[2]   ; 6.789 ; 6.931 ; 7.741 ; 7.876  ;
; a[15]      ; output[3]   ; 8.682 ;       ;       ; 9.828  ;
; a[15]      ; output[4]   ; 7.788 ; 8.001 ; 8.677 ; 8.890  ;
; a[15]      ; output[5]   ; 8.061 ;       ;       ; 9.237  ;
; a[15]      ; output[6]   ; 7.472 ; 7.656 ; 8.371 ; 8.548  ;
; a[15]      ; output[7]   ; 6.985 ;       ;       ; 8.075  ;
; a[15]      ; output[8]   ; 8.476 ; 8.832 ; 9.336 ; 9.655  ;
; a[15]      ; output[9]   ; 7.982 ; 8.276 ; 8.946 ; 9.146  ;
; a[15]      ; output[10]  ; 7.121 ; 7.378 ; 8.014 ; 8.177  ;
; a[15]      ; output[11]  ; 8.324 ;       ;       ; 9.501  ;
; a[15]      ; output[12]  ; 7.839 ; 8.020 ; 8.781 ; 8.986  ;
; a[15]      ; output[13]  ; 7.436 ;       ;       ; 8.613  ;
; a[15]      ; output[14]  ; 6.988 ; 7.145 ; 7.919 ; 8.069  ;
; a[15]      ; output[15]  ; 6.273 ; 6.545 ; 7.022 ; 7.251  ;
; a[15]      ; output[16]  ; 7.416 ; 7.672 ; 8.135 ; 8.391  ;
; a[15]      ; output[17]  ; 6.602 ; 6.893 ; 7.381 ; 7.657  ;
; a[15]      ; output[18]  ; 7.296 ; 7.493 ; 8.015 ; 8.212  ;
; a[15]      ; output[19]  ; 7.506 ; 7.910 ; 8.285 ; 8.674  ;
; a[15]      ; output[20]  ; 7.485 ; 7.711 ; 8.204 ; 8.430  ;
; a[15]      ; output[21]  ; 7.707 ; 7.941 ; 8.486 ; 8.720  ;
; a[15]      ; output[22]  ; 6.495 ; 6.659 ; 7.214 ; 7.378  ;
; a[15]      ; output[23]  ; 7.788 ; 8.147 ; 8.567 ; 8.911  ;
; a[15]      ; output[24]  ; 6.705 ; 6.877 ; 7.424 ; 7.596  ;
; a[15]      ; output[25]  ; 7.500 ; 7.733 ; 8.312 ; 8.594  ;
; a[15]      ; output[26]  ; 7.336 ; 7.588 ; 8.055 ; 8.307  ;
; a[15]      ; output[27]  ; 7.821 ; 8.092 ; 8.690 ; 8.978  ;
; a[15]      ; output[28]  ; 8.591 ; 8.897 ; 9.310 ; 9.616  ;
; a[15]      ; output[29]  ; 7.227 ; 7.406 ; 8.006 ; 8.185  ;
; a[15]      ; output[30]  ; 7.551 ; 7.723 ; 8.270 ; 8.442  ;
; a[15]      ; output[31]  ; 7.221 ; 7.492 ; 8.000 ; 8.256  ;
; a[16]      ; output[0]   ; 6.625 ; 6.894 ; 7.353 ; 7.573  ;
; a[16]      ; output[1]   ; 8.530 ;       ;       ; 9.738  ;
; a[16]      ; output[2]   ; 6.612 ; 6.754 ; 7.509 ; 7.644  ;
; a[16]      ; output[3]   ; 8.576 ;       ;       ; 9.686  ;
; a[16]      ; output[4]   ; 7.602 ; 7.815 ; 8.435 ; 8.648  ;
; a[16]      ; output[5]   ; 7.955 ;       ;       ; 9.095  ;
; a[16]      ; output[6]   ; 7.295 ; 7.479 ; 8.139 ; 8.316  ;
; a[16]      ; output[7]   ; 6.879 ;       ;       ; 7.933  ;
; a[16]      ; output[8]   ; 8.037 ;       ;       ; 9.146  ;
; a[16]      ; output[9]   ; 7.876 ; 8.170 ; 8.804 ; 9.004  ;
; a[16]      ; output[10]  ; 6.944 ; 7.201 ; 7.782 ; 7.945  ;
; a[16]      ; output[11]  ; 8.218 ;       ;       ; 9.359  ;
; a[16]      ; output[12]  ; 7.653 ; 7.834 ; 8.539 ; 8.744  ;
; a[16]      ; output[13]  ; 7.330 ;       ;       ; 8.471  ;
; a[16]      ; output[14]  ; 6.811 ; 6.968 ; 7.687 ; 7.837  ;
; a[16]      ; output[15]  ; 8.088 ;       ;       ; 9.264  ;
; a[16]      ; output[16]  ; 6.509 ; 6.938 ; 7.347 ; 7.495  ;
; a[16]      ; output[17]  ; 6.472 ; 6.763 ; 7.211 ; 7.487  ;
; a[16]      ; output[18]  ; 7.166 ; 7.363 ; 7.845 ; 8.042  ;
; a[16]      ; output[19]  ; 7.376 ; 7.780 ; 8.115 ; 8.504  ;
; a[16]      ; output[20]  ; 7.355 ; 7.581 ; 8.034 ; 8.260  ;
; a[16]      ; output[21]  ; 7.577 ; 7.811 ; 8.316 ; 8.550  ;
; a[16]      ; output[22]  ; 6.365 ; 6.529 ; 7.044 ; 7.208  ;
; a[16]      ; output[23]  ; 7.658 ; 8.017 ; 8.397 ; 8.741  ;
; a[16]      ; output[24]  ; 6.575 ; 6.747 ; 7.254 ; 7.426  ;
; a[16]      ; output[25]  ; 7.403 ; 7.726 ; 8.142 ; 8.450  ;
; a[16]      ; output[26]  ; 7.206 ; 7.458 ; 7.885 ; 8.137  ;
; a[16]      ; output[27]  ; 7.713 ; 7.984 ; 8.530 ; 8.818  ;
; a[16]      ; output[28]  ; 8.461 ; 8.767 ; 9.140 ; 9.446  ;
; a[16]      ; output[29]  ; 7.097 ; 7.276 ; 7.836 ; 8.015  ;
; a[16]      ; output[30]  ; 7.421 ; 7.593 ; 8.100 ; 8.272  ;
; a[16]      ; output[31]  ; 7.091 ; 7.362 ; 7.830 ; 8.086  ;
; a[17]      ; output[0]   ; 6.635 ; 6.870 ; 7.371 ; 7.591  ;
; a[17]      ; output[1]   ; 8.107 ;       ;       ; 9.308  ;
; a[17]      ; output[2]   ; 6.789 ; 6.931 ; 7.765 ; 7.900  ;
; a[17]      ; output[3]   ; 8.311 ;       ;       ; 9.431  ;
; a[17]      ; output[4]   ; 7.779 ; 7.992 ; 8.691 ; 8.904  ;
; a[17]      ; output[5]   ; 7.710 ;       ;       ; 8.866  ;
; a[17]      ; output[6]   ; 7.472 ; 7.656 ; 8.395 ; 8.572  ;
; a[17]      ; output[7]   ; 6.614 ;       ;       ; 7.678  ;
; a[17]      ; output[8]   ; 8.214 ;       ;       ; 9.402  ;
; a[17]      ; output[9]   ; 7.608 ; 7.902 ; 8.543 ; 8.743  ;
; a[17]      ; output[10]  ; 7.121 ; 7.378 ; 8.038 ; 8.201  ;
; a[17]      ; output[11]  ; 7.953 ;       ;       ; 9.104  ;
; a[17]      ; output[12]  ; 7.830 ; 8.011 ; 8.795 ; 9.000  ;
; a[17]      ; output[13]  ; 7.085 ;       ;       ; 8.242  ;
; a[17]      ; output[14]  ; 6.988 ; 7.145 ; 7.943 ; 8.093  ;
; a[17]      ; output[15]  ; 7.823 ;       ;       ; 9.009  ;
; a[17]      ; output[16]  ; 8.474 ; 8.730 ; 9.469 ; 9.718  ;
; a[17]      ; output[17]  ; 5.261 ; 5.447 ; 5.991 ; 6.170  ;
; a[17]      ; output[18]  ; 7.142 ; 7.339 ; 7.863 ; 8.060  ;
; a[17]      ; output[19]  ; 7.352 ; 7.756 ; 8.133 ; 8.522  ;
; a[17]      ; output[20]  ; 7.331 ; 7.557 ; 8.052 ; 8.278  ;
; a[17]      ; output[21]  ; 7.553 ; 7.787 ; 8.334 ; 8.568  ;
; a[17]      ; output[22]  ; 6.341 ; 6.505 ; 7.062 ; 7.226  ;
; a[17]      ; output[23]  ; 7.634 ; 7.993 ; 8.415 ; 8.759  ;
; a[17]      ; output[24]  ; 6.551 ; 6.723 ; 7.272 ; 7.444  ;
; a[17]      ; output[25]  ; 7.379 ; 7.702 ; 8.160 ; 8.468  ;
; a[17]      ; output[26]  ; 7.182 ; 7.434 ; 7.903 ; 8.155  ;
; a[17]      ; output[27]  ; 7.785 ; 8.056 ; 8.566 ; 8.837  ;
; a[17]      ; output[28]  ; 8.437 ; 8.743 ; 9.158 ; 9.464  ;
; a[17]      ; output[29]  ; 7.073 ; 7.252 ; 7.854 ; 8.033  ;
; a[17]      ; output[30]  ; 7.397 ; 7.569 ; 8.118 ; 8.290  ;
; a[17]      ; output[31]  ; 7.067 ; 7.338 ; 7.848 ; 8.104  ;
; a[18]      ; output[0]   ; 6.917 ; 7.510 ; 8.095 ; 7.995  ;
; a[18]      ; output[1]   ; 8.271 ;       ;       ; 9.478  ;
; a[18]      ; output[2]   ; 6.838 ; 6.980 ; 7.759 ; 7.894  ;
; a[18]      ; output[3]   ; 8.475 ;       ;       ; 9.601  ;
; a[18]      ; output[4]   ; 7.894 ; 8.107 ; 8.804 ; 9.017  ;
; a[18]      ; output[5]   ; 7.874 ;       ;       ; 9.036  ;
; a[18]      ; output[6]   ; 7.534 ; 7.718 ; 8.435 ; 8.612  ;
; a[18]      ; output[7]   ; 6.778 ;       ;       ; 7.848  ;
; a[18]      ; output[8]   ; 8.329 ;       ;       ; 9.515  ;
; a[18]      ; output[9]   ; 7.772 ; 8.066 ; 8.713 ; 8.913  ;
; a[18]      ; output[10]  ; 7.014 ;       ;       ; 8.050  ;
; a[18]      ; output[11]  ; 8.117 ;       ;       ; 9.274  ;
; a[18]      ; output[12]  ; 7.945 ; 8.126 ; 8.908 ; 9.113  ;
; a[18]      ; output[13]  ; 7.249 ;       ;       ; 8.412  ;
; a[18]      ; output[14]  ; 7.050 ; 7.207 ; 7.983 ; 8.133  ;
; a[18]      ; output[15]  ; 7.987 ;       ;       ; 9.179  ;
; a[18]      ; output[16]  ; 8.589 ; 8.845 ; 9.582 ; 9.831  ;
; a[18]      ; output[17]  ; 7.617 ;       ;       ; 8.757  ;
; a[18]      ; output[18]  ; 6.465 ; 6.861 ; 7.447 ; 7.475  ;
; a[18]      ; output[19]  ; 7.871 ; 8.403 ; 8.857 ; 9.093  ;
; a[18]      ; output[20]  ; 7.829 ; 8.204 ; 8.776 ; 8.942  ;
; a[18]      ; output[21]  ; 8.200 ; 8.434 ; 9.058 ; 9.292  ;
; a[18]      ; output[22]  ; 6.988 ; 7.152 ; 7.786 ; 7.950  ;
; a[18]      ; output[23]  ; 8.251 ; 8.640 ; 9.139 ; 9.447  ;
; a[18]      ; output[24]  ; 6.869 ; 7.370 ; 7.996 ; 7.918  ;
; a[18]      ; output[25]  ; 7.257 ; 8.349 ; 8.884 ; 8.342  ;
; a[18]      ; output[26]  ; 7.829 ; 8.081 ; 8.627 ; 8.879  ;
; a[18]      ; output[27]  ; 7.997 ; 8.268 ; 8.890 ; 9.178  ;
; a[18]      ; output[28]  ; 8.653 ; 8.959 ; 9.693 ; 9.905  ;
; a[18]      ; output[29]  ; 7.720 ; 7.899 ; 8.578 ; 8.757  ;
; a[18]      ; output[30]  ; 8.044 ; 8.216 ; 8.842 ; 9.014  ;
; a[18]      ; output[31]  ; 7.714 ; 7.985 ; 8.572 ; 8.828  ;
; a[19]      ; output[0]   ; 6.322 ; 6.557 ; 6.984 ; 7.204  ;
; a[19]      ; output[1]   ; 8.014 ;       ;       ; 9.153  ;
; a[19]      ; output[2]   ; 6.490 ; 6.632 ; 7.336 ; 7.471  ;
; a[19]      ; output[3]   ; 8.435 ;       ;       ; 9.546  ;
; a[19]      ; output[4]   ; 7.546 ; 7.759 ; 8.381 ; 8.594  ;
; a[19]      ; output[5]   ; 7.617 ;       ;       ; 8.711  ;
; a[19]      ; output[6]   ; 7.186 ; 7.370 ; 8.012 ; 8.189  ;
; a[19]      ; output[7]   ; 6.606 ;       ;       ; 7.630  ;
; a[19]      ; output[8]   ; 7.981 ;       ;       ; 9.092  ;
; a[19]      ; output[9]   ; 7.515 ; 7.809 ; 8.388 ; 8.588  ;
; a[19]      ; output[10]  ; 6.666 ;       ;       ; 7.627  ;
; a[19]      ; output[11]  ; 7.777 ;       ;       ; 8.871  ;
; a[19]      ; output[12]  ; 7.597 ; 7.778 ; 8.485 ; 8.690  ;
; a[19]      ; output[13]  ; 6.992 ;       ;       ; 8.087  ;
; a[19]      ; output[14]  ; 6.702 ; 6.859 ; 7.560 ; 7.710  ;
; a[19]      ; output[15]  ; 7.815 ;       ;       ; 8.961  ;
; a[19]      ; output[16]  ; 8.241 ; 8.497 ; 9.159 ; 9.408  ;
; a[19]      ; output[17]  ; 7.360 ;       ;       ; 8.432  ;
; a[19]      ; output[18]  ; 7.472 ; 7.669 ; 8.351 ; 8.504  ;
; a[19]      ; output[19]  ; 6.010 ; 6.293 ; 6.683 ; 6.985  ;
; a[19]      ; output[20]  ; 7.018 ; 7.244 ; 7.665 ; 7.891  ;
; a[19]      ; output[21]  ; 7.240 ; 7.474 ; 7.947 ; 8.181  ;
; a[19]      ; output[22]  ; 6.028 ; 6.192 ; 6.675 ; 6.839  ;
; a[19]      ; output[23]  ; 7.321 ; 7.680 ; 8.028 ; 8.372  ;
; a[19]      ; output[24]  ; 6.238 ; 6.410 ; 6.885 ; 7.057  ;
; a[19]      ; output[25]  ; 6.723 ; 7.389 ; 7.773 ; 7.688  ;
; a[19]      ; output[26]  ; 6.869 ; 7.121 ; 7.516 ; 7.768  ;
; a[19]      ; output[27]  ; 7.463 ; 7.734 ; 8.179 ; 8.450  ;
; a[19]      ; output[28]  ; 8.124 ; 8.430 ; 8.771 ; 9.077  ;
; a[19]      ; output[29]  ; 6.760 ; 6.939 ; 7.467 ; 7.646  ;
; a[19]      ; output[30]  ; 7.084 ; 7.256 ; 7.731 ; 7.903  ;
; a[19]      ; output[31]  ; 6.754 ; 7.025 ; 7.461 ; 7.717  ;
; a[20]      ; output[0]   ; 6.488 ; 6.723 ; 7.204 ; 7.424  ;
; a[20]      ; output[1]   ; 8.462 ;       ;       ; 9.687  ;
; a[20]      ; output[2]   ; 6.513 ; 6.655 ; 7.400 ; 7.535  ;
; a[20]      ; output[3]   ; 8.883 ;       ;       ; 10.080 ;
; a[20]      ; output[4]   ; 7.520 ; 7.733 ; 8.492 ; 8.701  ;
; a[20]      ; output[5]   ; 8.065 ;       ;       ; 9.245  ;
; a[20]      ; output[6]   ; 7.209 ; 7.393 ; 8.076 ; 8.253  ;
; a[20]      ; output[7]   ; 7.054 ;       ;       ; 8.164  ;
; a[20]      ; output[8]   ; 8.061 ;       ;       ; 9.199  ;
; a[20]      ; output[9]   ; 7.963 ; 8.257 ; 8.922 ; 9.122  ;
; a[20]      ; output[10]  ; 6.689 ;       ;       ; 7.691  ;
; a[20]      ; output[11]  ; 8.225 ;       ;       ; 9.405  ;
; a[20]      ; output[12]  ; 7.673 ; 7.854 ; 8.580 ; 8.785  ;
; a[20]      ; output[13]  ; 7.440 ;       ;       ; 8.621  ;
; a[20]      ; output[14]  ; 6.725 ; 6.882 ; 7.624 ; 7.774  ;
; a[20]      ; output[15]  ; 8.263 ;       ;       ; 9.495  ;
; a[20]      ; output[16]  ; 8.321 ; 8.577 ; 9.266 ; 9.515  ;
; a[20]      ; output[17]  ; 7.808 ;       ;       ; 8.966  ;
; a[20]      ; output[18]  ; 7.495 ; 7.692 ; 8.415 ; 8.568  ;
; a[20]      ; output[19]  ; 8.397 ;       ;       ; 9.658  ;
; a[20]      ; output[20]  ; 6.375 ; 6.757 ; 7.236 ; 7.352  ;
; a[20]      ; output[21]  ; 7.406 ; 7.640 ; 8.167 ; 8.401  ;
; a[20]      ; output[22]  ; 6.194 ; 6.358 ; 6.895 ; 7.059  ;
; a[20]      ; output[23]  ; 7.487 ; 7.846 ; 8.248 ; 8.592  ;
; a[20]      ; output[24]  ; 6.404 ; 6.576 ; 7.105 ; 7.277  ;
; a[20]      ; output[25]  ; 6.963 ; 7.555 ; 7.993 ; 7.982  ;
; a[20]      ; output[26]  ; 7.035 ; 7.287 ; 7.736 ; 7.988  ;
; a[20]      ; output[27]  ; 7.140 ; 7.411 ; 7.913 ; 8.203  ;
; a[20]      ; output[28]  ; 8.290 ; 8.596 ; 8.991 ; 9.297  ;
; a[20]      ; output[29]  ; 6.926 ; 7.105 ; 7.687 ; 7.866  ;
; a[20]      ; output[30]  ; 7.250 ; 7.422 ; 7.951 ; 8.123  ;
; a[20]      ; output[31]  ; 6.920 ; 7.191 ; 7.681 ; 7.937  ;
; a[21]      ; output[0]   ; 6.255 ; 6.490 ; 6.937 ; 7.157  ;
; a[21]      ; output[1]   ; 7.995 ;       ;       ; 9.162  ;
; a[21]      ; output[2]   ; 6.627 ; 6.769 ; 7.514 ; 7.649  ;
; a[21]      ; output[3]   ; 8.362 ;       ;       ; 9.485  ;
; a[21]      ; output[4]   ; 7.634 ; 7.847 ; 8.606 ; 8.815  ;
; a[21]      ; output[5]   ; 7.868 ;       ;       ; 9.035  ;
; a[21]      ; output[6]   ; 7.323 ; 7.507 ; 8.190 ; 8.367  ;
; a[21]      ; output[7]   ; 6.533 ;       ;       ; 7.569  ;
; a[21]      ; output[8]   ; 8.175 ;       ;       ; 9.313  ;
; a[21]      ; output[9]   ; 7.496 ; 7.790 ; 8.397 ; 8.597  ;
; a[21]      ; output[10]  ; 6.803 ;       ;       ; 7.805  ;
; a[21]      ; output[11]  ; 7.704 ;       ;       ; 8.810  ;
; a[21]      ; output[12]  ; 7.787 ; 7.968 ; 8.694 ; 8.899  ;
; a[21]      ; output[13]  ; 6.847 ;       ;       ; 7.946  ;
; a[21]      ; output[14]  ; 6.839 ; 6.996 ; 7.738 ; 7.888  ;
; a[21]      ; output[15]  ; 7.742 ;       ;       ; 8.900  ;
; a[21]      ; output[16]  ; 8.435 ; 8.691 ; 9.380 ; 9.629  ;
; a[21]      ; output[17]  ; 7.341 ;       ;       ; 8.441  ;
; a[21]      ; output[18]  ; 7.609 ; 7.806 ; 8.529 ; 8.682  ;
; a[21]      ; output[19]  ; 7.876 ;       ;       ; 9.063  ;
; a[21]      ; output[20]  ; 8.536 ; 8.762 ; 9.512 ; 9.721  ;
; a[21]      ; output[21]  ; 6.178 ; 6.430 ; 6.844 ; 7.115  ;
; a[21]      ; output[22]  ; 5.961 ; 6.125 ; 6.628 ; 6.792  ;
; a[21]      ; output[23]  ; 7.254 ; 7.613 ; 7.981 ; 8.325  ;
; a[21]      ; output[24]  ; 6.171 ; 6.343 ; 6.838 ; 7.010  ;
; a[21]      ; output[25]  ; 6.999 ; 7.322 ; 7.726 ; 8.034  ;
; a[21]      ; output[26]  ; 6.802 ; 7.054 ; 7.469 ; 7.721  ;
; a[21]      ; output[27]  ; 7.252 ; 7.523 ; 8.034 ; 8.324  ;
; a[21]      ; output[28]  ; 8.057 ; 8.363 ; 8.724 ; 9.030  ;
; a[21]      ; output[29]  ; 6.693 ; 6.872 ; 7.420 ; 7.599  ;
; a[21]      ; output[30]  ; 7.017 ; 7.189 ; 7.684 ; 7.856  ;
; a[21]      ; output[31]  ; 6.687 ; 6.958 ; 7.414 ; 7.670  ;
; a[22]      ; output[0]   ; 6.104 ; 6.339 ; 6.761 ; 6.981  ;
; a[22]      ; output[1]   ; 7.912 ;       ;       ; 9.078  ;
; a[22]      ; output[2]   ; 6.468 ; 6.610 ; 7.349 ; 7.484  ;
; a[22]      ; output[3]   ; 8.279 ;       ;       ; 9.401  ;
; a[22]      ; output[4]   ; 7.669 ; 7.882 ; 8.659 ; 8.868  ;
; a[22]      ; output[5]   ; 7.785 ;       ;       ; 8.951  ;
; a[22]      ; output[6]   ; 7.224 ;       ;       ; 8.248  ;
; a[22]      ; output[7]   ; 6.450 ;       ;       ; 7.485  ;
; a[22]      ; output[8]   ; 8.210 ;       ;       ; 9.366  ;
; a[22]      ; output[9]   ; 7.413 ; 7.707 ; 8.313 ; 8.513  ;
; a[22]      ; output[10]  ; 6.644 ;       ;       ; 7.640  ;
; a[22]      ; output[11]  ; 7.621 ;       ;       ; 8.726  ;
; a[22]      ; output[12]  ; 7.822 ; 8.003 ; 8.747 ; 8.952  ;
; a[22]      ; output[13]  ; 6.764 ;       ;       ; 7.862  ;
; a[22]      ; output[14]  ; 6.687 ; 6.844 ; 7.552 ; 7.702  ;
; a[22]      ; output[15]  ; 7.659 ;       ;       ; 8.816  ;
; a[22]      ; output[16]  ; 8.470 ; 8.726 ; 9.433 ; 9.682  ;
; a[22]      ; output[17]  ; 7.258 ;       ;       ; 8.357  ;
; a[22]      ; output[18]  ; 7.450 ; 7.647 ; 8.364 ; 8.517  ;
; a[22]      ; output[19]  ; 7.793 ;       ;       ; 8.979  ;
; a[22]      ; output[20]  ; 8.571 ; 8.797 ; 9.565 ; 9.774  ;
; a[22]      ; output[21]  ; 7.960 ;       ;       ; 9.140  ;
; a[22]      ; output[22]  ; 5.222 ; 5.477 ; 5.993 ; 6.105  ;
; a[22]      ; output[23]  ; 7.103 ; 7.462 ; 7.805 ; 8.149  ;
; a[22]      ; output[24]  ; 6.020 ; 6.192 ; 6.662 ; 6.834  ;
; a[22]      ; output[25]  ; 6.848 ; 7.171 ; 7.550 ; 7.858  ;
; a[22]      ; output[26]  ; 6.651 ; 6.903 ; 7.293 ; 7.545  ;
; a[22]      ; output[27]  ; 7.219 ; 7.490 ; 7.956 ; 8.227  ;
; a[22]      ; output[28]  ; 7.906 ; 8.212 ; 8.548 ; 8.854  ;
; a[22]      ; output[29]  ; 6.542 ; 6.721 ; 7.244 ; 7.423  ;
; a[22]      ; output[30]  ; 6.866 ; 7.038 ; 7.508 ; 7.680  ;
; a[22]      ; output[31]  ; 6.536 ; 6.807 ; 7.238 ; 7.494  ;
; a[23]      ; output[0]   ; 6.431 ; 6.666 ; 7.122 ; 7.342  ;
; a[23]      ; output[1]   ; 8.026 ;       ;       ; 9.173  ;
; a[23]      ; output[2]   ; 6.634 ; 6.776 ; 7.523 ; 7.658  ;
; a[23]      ; output[3]   ; 8.473 ;       ;       ; 9.595  ;
; a[23]      ; output[4]   ; 7.835 ; 8.048 ; 8.833 ; 9.042  ;
; a[23]      ; output[5]   ; 7.899 ;       ;       ; 9.046  ;
; a[23]      ; output[6]   ; 7.390 ;       ;       ; 8.422  ;
; a[23]      ; output[7]   ; 6.594 ;       ;       ; 7.610  ;
; a[23]      ; output[8]   ; 8.376 ;       ;       ; 9.540  ;
; a[23]      ; output[9]   ; 7.527 ; 7.821 ; 8.408 ; 8.608  ;
; a[23]      ; output[10]  ; 6.810 ;       ;       ; 7.814  ;
; a[23]      ; output[11]  ; 7.815 ;       ;       ; 8.920  ;
; a[23]      ; output[12]  ; 7.988 ; 8.169 ; 8.921 ; 9.126  ;
; a[23]      ; output[13]  ; 6.878 ;       ;       ; 7.957  ;
; a[23]      ; output[14]  ; 6.853 ; 7.010 ; 7.726 ; 7.876  ;
; a[23]      ; output[15]  ; 7.646 ;       ;       ; 8.770  ;
; a[23]      ; output[16]  ; 8.636 ; 8.892 ; 9.607 ; 9.856  ;
; a[23]      ; output[17]  ; 7.372 ;       ;       ; 8.452  ;
; a[23]      ; output[18]  ; 7.616 ; 7.813 ; 8.538 ; 8.691  ;
; a[23]      ; output[19]  ; 7.987 ;       ;       ; 9.173  ;
; a[23]      ; output[20]  ; 8.737 ; 8.963 ; 9.739 ; 9.948  ;
; a[23]      ; output[21]  ; 8.074 ;       ;       ; 9.235  ;
; a[23]      ; output[22]  ; 7.338 ; 7.502 ; 8.295 ; 8.452  ;
; a[23]      ; output[23]  ; 6.070 ; 6.327 ; 6.738 ; 6.976  ;
; a[23]      ; output[24]  ; 6.347 ; 6.519 ; 7.023 ; 7.195  ;
; a[23]      ; output[25]  ; 7.175 ; 7.498 ; 7.911 ; 8.219  ;
; a[23]      ; output[26]  ; 6.978 ; 7.230 ; 7.654 ; 7.906  ;
; a[23]      ; output[27]  ; 7.379 ; 7.650 ; 8.175 ; 8.465  ;
; a[23]      ; output[28]  ; 8.233 ; 8.539 ; 8.909 ; 9.215  ;
; a[23]      ; output[29]  ; 6.869 ; 7.048 ; 7.605 ; 7.784  ;
; a[23]      ; output[30]  ; 7.193 ; 7.365 ; 7.869 ; 8.041  ;
; a[23]      ; output[31]  ; 6.863 ; 7.134 ; 7.599 ; 7.855  ;
; a[24]      ; output[0]   ; 6.453 ; 6.682 ; 7.184 ; 7.429  ;
; a[24]      ; output[1]   ; 7.854 ;       ;       ; 9.005  ;
; a[24]      ; output[2]   ; 6.533 ; 6.675 ; 7.426 ; 7.561  ;
; a[24]      ; output[3]   ; 8.301 ;       ;       ; 9.427  ;
; a[24]      ; output[4]   ; 7.525 ; 7.738 ; 8.478 ; 8.687  ;
; a[24]      ; output[5]   ; 7.727 ;       ;       ; 8.878  ;
; a[24]      ; output[6]   ; 7.289 ;       ;       ; 8.325  ;
; a[24]      ; output[7]   ; 6.422 ;       ;       ; 7.442  ;
; a[24]      ; output[8]   ; 8.325 ; 8.681 ; 9.173 ; 9.492  ;
; a[24]      ; output[9]   ; 7.355 ; 7.649 ; 8.240 ; 8.440  ;
; a[24]      ; output[10]  ; 6.709 ;       ;       ; 7.717  ;
; a[24]      ; output[11]  ; 7.643 ;       ;       ; 8.752  ;
; a[24]      ; output[12]  ; 7.678 ; 7.859 ; 8.566 ; 8.771  ;
; a[24]      ; output[13]  ; 6.706 ;       ;       ; 7.789  ;
; a[24]      ; output[14]  ; 6.752 ; 6.909 ; 7.629 ; 7.779  ;
; a[24]      ; output[15]  ; 7.474 ;       ;       ; 8.602  ;
; a[24]      ; output[16]  ; 8.326 ; 8.582 ; 9.259 ; 9.508  ;
; a[24]      ; output[17]  ; 7.200 ;       ;       ; 8.284  ;
; a[24]      ; output[18]  ; 7.515 ; 7.712 ; 8.441 ; 8.594  ;
; a[24]      ; output[19]  ; 7.815 ;       ;       ; 9.005  ;
; a[24]      ; output[20]  ; 8.427 ; 8.653 ; 9.384 ; 9.593  ;
; a[24]      ; output[21]  ; 7.902 ;       ;       ; 9.067  ;
; a[24]      ; output[22]  ; 7.237 ; 7.401 ; 8.198 ; 8.355  ;
; a[24]      ; output[23]  ; 8.055 ;       ;       ; 9.228  ;
; a[24]      ; output[24]  ; 5.388 ; 5.900 ; 6.405 ; 6.291  ;
; a[24]      ; output[25]  ; 7.267 ; 7.500 ; 8.049 ; 8.301  ;
; a[24]      ; output[26]  ; 7.139 ; 7.391 ; 7.850 ; 8.102  ;
; a[24]      ; output[27]  ; 7.742 ; 8.013 ; 8.513 ; 8.784  ;
; a[24]      ; output[28]  ; 8.341 ; 8.647 ; 9.105 ; 9.411  ;
; a[24]      ; output[29]  ; 7.030 ; 7.209 ; 7.801 ; 7.980  ;
; a[24]      ; output[30]  ; 7.354 ; 7.526 ; 8.065 ; 8.237  ;
; a[24]      ; output[31]  ; 7.024 ; 7.295 ; 7.795 ; 8.051  ;
; a[25]      ; output[0]   ; 6.492 ; 6.702 ; 7.202 ; 7.443  ;
; a[25]      ; output[1]   ; 8.065 ;       ;       ; 9.221  ;
; a[25]      ; output[2]   ; 6.598 ; 6.740 ; 7.498 ; 7.633  ;
; a[25]      ; output[3]   ; 8.426 ;       ;       ; 9.559  ;
; a[25]      ; output[4]   ; 7.590 ; 7.803 ; 8.550 ; 8.759  ;
; a[25]      ; output[5]   ; 7.795 ;       ;       ; 8.945  ;
; a[25]      ; output[6]   ; 7.354 ;       ;       ; 8.397  ;
; a[25]      ; output[7]   ; 6.547 ;       ;       ; 7.574  ;
; a[25]      ; output[8]   ; 8.390 ; 8.746 ; 9.245 ; 9.564  ;
; a[25]      ; output[9]   ; 7.251 ;       ;       ; 8.330  ;
; a[25]      ; output[10]  ; 6.774 ;       ;       ; 7.789  ;
; a[25]      ; output[11]  ; 7.768 ;       ;       ; 8.884  ;
; a[25]      ; output[12]  ; 7.743 ; 7.924 ; 8.638 ; 8.843  ;
; a[25]      ; output[13]  ; 6.774 ;       ;       ; 7.856  ;
; a[25]      ; output[14]  ; 6.817 ; 6.974 ; 7.701 ; 7.851  ;
; a[25]      ; output[15]  ; 7.599 ;       ;       ; 8.734  ;
; a[25]      ; output[16]  ; 8.391 ; 8.647 ; 9.331 ; 9.580  ;
; a[25]      ; output[17]  ; 7.411 ;       ;       ; 8.500  ;
; a[25]      ; output[18]  ; 7.580 ; 7.777 ; 8.513 ; 8.666  ;
; a[25]      ; output[19]  ; 7.940 ;       ;       ; 9.137  ;
; a[25]      ; output[20]  ; 8.492 ; 8.718 ; 9.456 ; 9.665  ;
; a[25]      ; output[21]  ; 7.970 ;       ;       ; 9.134  ;
; a[25]      ; output[22]  ; 7.302 ; 7.466 ; 8.270 ; 8.427  ;
; a[25]      ; output[23]  ; 8.180 ;       ;       ; 9.360  ;
; a[25]      ; output[24]  ; 6.918 ; 7.090 ; 7.866 ; 8.002  ;
; a[25]      ; output[25]  ; 5.874 ; 6.094 ; 6.608 ; 6.795  ;
; a[25]      ; output[26]  ; 7.004 ; 7.256 ; 7.706 ; 7.958  ;
; a[25]      ; output[27]  ; 7.607 ; 7.878 ; 8.369 ; 8.640  ;
; a[25]      ; output[28]  ; 7.791 ; 8.097 ; 8.720 ; 8.932  ;
; a[25]      ; output[29]  ; 6.895 ; 7.074 ; 7.657 ; 7.836  ;
; a[25]      ; output[30]  ; 7.219 ; 7.391 ; 7.921 ; 8.093  ;
; a[25]      ; output[31]  ; 6.889 ; 7.160 ; 7.651 ; 7.907  ;
; a[26]      ; output[0]   ; 6.320 ; 6.539 ; 7.042 ; 7.277  ;
; a[26]      ; output[1]   ; 8.156 ;       ;       ; 9.309  ;
; a[26]      ; output[2]   ; 6.907 ; 7.049 ; 7.810 ; 7.945  ;
; a[26]      ; output[3]   ; 8.517 ;       ;       ; 9.647  ;
; a[26]      ; output[4]   ; 7.905 ; 8.118 ; 8.894 ; 9.103  ;
; a[26]      ; output[5]   ; 7.886 ;       ;       ; 9.033  ;
; a[26]      ; output[6]   ; 7.665 ;       ;       ; 8.730  ;
; a[26]      ; output[7]   ; 6.638 ;       ;       ; 7.662  ;
; a[26]      ; output[8]   ; 8.705 ; 9.061 ; 9.589 ; 9.908  ;
; a[26]      ; output[9]   ; 7.342 ;       ;       ; 8.418  ;
; a[26]      ; output[10]  ; 7.286 ; 7.543 ; 8.176 ; 8.339  ;
; a[26]      ; output[11]  ; 7.859 ;       ;       ; 8.972  ;
; a[26]      ; output[12]  ; 8.058 ; 8.239 ; 8.982 ; 9.187  ;
; a[26]      ; output[13]  ; 6.865 ;       ;       ; 7.944  ;
; a[26]      ; output[14]  ; 7.128 ; 7.285 ; 8.034 ; 8.184  ;
; a[26]      ; output[15]  ; 7.690 ;       ;       ; 8.822  ;
; a[26]      ; output[16]  ; 8.706 ; 8.962 ; 9.675 ; 9.924  ;
; a[26]      ; output[17]  ; 7.502 ;       ;       ; 8.588  ;
; a[26]      ; output[18]  ; 7.889 ; 8.086 ; 8.825 ; 8.978  ;
; a[26]      ; output[19]  ; 8.031 ;       ;       ; 9.225  ;
; a[26]      ; output[20]  ; 8.807 ; 9.033 ; 9.800 ; 10.009 ;
; a[26]      ; output[21]  ; 8.061 ;       ;       ; 9.222  ;
; a[26]      ; output[22]  ; 7.613 ; 7.777 ; 8.603 ; 8.760  ;
; a[26]      ; output[23]  ; 8.271 ;       ;       ; 9.448  ;
; a[26]      ; output[24]  ; 7.233 ; 7.405 ; 8.210 ; 8.346  ;
; a[26]      ; output[25]  ; 7.916 ;       ;       ; 9.009  ;
; a[26]      ; output[26]  ; 6.018 ; 6.618 ; 7.069 ; 6.958  ;
; a[26]      ; output[27]  ; 7.538 ; 7.809 ; 8.300 ; 8.571  ;
; a[26]      ; output[28]  ; 7.885 ; 8.191 ; 8.818 ; 9.030  ;
; a[26]      ; output[29]  ; 6.826 ; 7.005 ; 7.588 ; 7.767  ;
; a[26]      ; output[30]  ; 7.150 ; 7.322 ; 7.852 ; 8.024  ;
; a[26]      ; output[31]  ; 6.820 ; 7.091 ; 7.582 ; 7.838  ;
; a[27]      ; output[0]   ; 6.127 ; 6.339 ; 6.841 ; 7.071  ;
; a[27]      ; output[1]   ; 8.362 ;       ;       ; 9.569  ;
; a[27]      ; output[2]   ; 6.553 ; 6.695 ; 7.441 ; 7.576  ;
; a[27]      ; output[3]   ; 8.747 ;       ;       ; 9.922  ;
; a[27]      ; output[4]   ; 7.551 ; 7.764 ; 8.525 ; 8.734  ;
; a[27]      ; output[5]   ; 8.092 ;       ;       ; 9.293  ;
; a[27]      ; output[6]   ; 7.311 ;       ;       ; 8.361  ;
; a[27]      ; output[7]   ; 6.873 ;       ;       ; 7.960  ;
; a[27]      ; output[8]   ; 8.351 ; 8.707 ; 9.220 ; 9.539  ;
; a[27]      ; output[9]   ; 7.548 ;       ;       ; 8.678  ;
; a[27]      ; output[10]  ; 6.932 ; 7.189 ; 7.807 ; 7.970  ;
; a[27]      ; output[11]  ; 7.801 ;       ;       ; 8.924  ;
; a[27]      ; output[12]  ; 7.704 ; 7.885 ; 8.613 ; 8.818  ;
; a[27]      ; output[13]  ; 7.071 ;       ;       ; 8.204  ;
; a[27]      ; output[14]  ; 6.774 ; 6.931 ; 7.665 ; 7.815  ;
; a[27]      ; output[15]  ; 7.925 ;       ;       ; 9.120  ;
; a[27]      ; output[16]  ; 8.352 ; 8.608 ; 9.306 ; 9.555  ;
; a[27]      ; output[17]  ; 7.708 ;       ;       ; 8.848  ;
; a[27]      ; output[18]  ; 7.535 ; 7.732 ; 8.456 ; 8.609  ;
; a[27]      ; output[19]  ; 8.261 ;       ;       ; 9.500  ;
; a[27]      ; output[20]  ; 8.453 ; 8.679 ; 9.431 ; 9.640  ;
; a[27]      ; output[21]  ; 8.267 ;       ;       ; 9.482  ;
; a[27]      ; output[22]  ; 7.259 ; 7.423 ; 8.234 ; 8.391  ;
; a[27]      ; output[23]  ; 8.506 ;       ;       ; 9.746  ;
; a[27]      ; output[24]  ; 6.879 ; 7.051 ; 7.841 ; 7.977  ;
; a[27]      ; output[25]  ; 8.122 ;       ;       ; 9.269  ;
; a[27]      ; output[26]  ; 8.007 ; 8.259 ; 9.022 ; 9.187  ;
; a[27]      ; output[27]  ; 6.262 ; 6.546 ; 6.972 ; 7.261  ;
; a[27]      ; output[28]  ; 7.984 ; 8.290 ; 8.698 ; 9.004  ;
; a[27]      ; output[29]  ; 6.628 ; 6.807 ; 7.394 ; 7.573  ;
; a[27]      ; output[30]  ; 6.952 ; 7.124 ; 7.658 ; 7.830  ;
; a[27]      ; output[31]  ; 6.622 ; 6.893 ; 7.388 ; 7.644  ;
; a[28]      ; output[0]   ; 6.337 ; 6.546 ; 7.046 ; 7.240  ;
; a[28]      ; output[1]   ; 8.466 ;       ;       ; 9.685  ;
; a[28]      ; output[2]   ; 6.672 ; 6.814 ; 7.570 ; 7.705  ;
; a[28]      ; output[3]   ; 8.851 ;       ;       ; 10.038 ;
; a[28]      ; output[4]   ; 7.744 ; 7.957 ; 8.754 ; 8.963  ;
; a[28]      ; output[5]   ; 8.196 ;       ;       ; 9.409  ;
; a[28]      ; output[6]   ; 7.430 ;       ;       ; 8.490  ;
; a[28]      ; output[7]   ; 6.977 ;       ;       ; 8.076  ;
; a[28]      ; output[8]   ; 8.769 ; 9.125 ; 9.679 ; 9.998  ;
; a[28]      ; output[9]   ; 7.652 ;       ;       ; 8.794  ;
; a[28]      ; output[10]  ; 7.051 ; 7.308 ; 7.936 ; 8.099  ;
; a[28]      ; output[11]  ; 7.905 ;       ;       ; 9.040  ;
; a[28]      ; output[12]  ; 7.610 ; 7.791 ; 8.531 ; 8.736  ;
; a[28]      ; output[13]  ; 7.175 ;       ;       ; 8.320  ;
; a[28]      ; output[14]  ; 6.893 ; 7.050 ; 7.794 ; 7.944  ;
; a[28]      ; output[15]  ; 8.029 ;       ;       ; 9.236  ;
; a[28]      ; output[16]  ; 8.770 ; 9.026 ; 9.765 ; 10.014 ;
; a[28]      ; output[17]  ; 7.812 ;       ;       ; 8.964  ;
; a[28]      ; output[18]  ; 7.654 ; 7.851 ; 8.585 ; 8.738  ;
; a[28]      ; output[19]  ; 8.365 ;       ;       ; 9.616  ;
; a[28]      ; output[20]  ; 8.646 ; 8.872 ; 9.660 ; 9.869  ;
; a[28]      ; output[21]  ; 8.371 ;       ;       ; 9.598  ;
; a[28]      ; output[22]  ; 7.378 ; 7.542 ; 8.363 ; 8.520  ;
; a[28]      ; output[23]  ; 8.610 ;       ;       ; 9.862  ;
; a[28]      ; output[24]  ; 7.297 ; 7.469 ; 8.300 ; 8.436  ;
; a[28]      ; output[25]  ; 8.226 ;       ;       ; 9.385  ;
; a[28]      ; output[26]  ; 8.126 ; 8.378 ; 9.151 ; 9.316  ;
; a[28]      ; output[27]  ; 8.090 ;       ;       ; 9.281  ;
; a[28]      ; output[28]  ; 6.464 ; 6.908 ; 7.347 ; 7.462  ;
; a[28]      ; output[29]  ; 6.683 ; 6.862 ; 7.436 ; 7.615  ;
; a[28]      ; output[30]  ; 7.007 ; 7.179 ; 7.700 ; 7.872  ;
; a[28]      ; output[31]  ; 6.677 ; 6.948 ; 7.430 ; 7.686  ;
; a[29]      ; output[0]   ; 6.061 ; 6.270 ; 6.737 ; 6.931  ;
; a[29]      ; output[1]   ; 7.645 ;       ;       ; 8.750  ;
; a[29]      ; output[2]   ; 6.529 ; 6.671 ; 7.415 ; 7.550  ;
; a[29]      ; output[3]   ; 8.165 ;       ;       ; 9.240  ;
; a[29]      ; output[4]   ; 7.601 ; 7.814 ; 8.599 ; 8.808  ;
; a[29]      ; output[5]   ; 7.080 ;       ;       ; 8.125  ;
; a[29]      ; output[6]   ; 7.287 ;       ;       ; 8.335  ;
; a[29]      ; output[7]   ; 6.291 ;       ;       ; 7.278  ;
; a[29]      ; output[8]   ; 8.626 ; 8.982 ; 9.524 ; 9.843  ;
; a[29]      ; output[9]   ; 6.831 ;       ;       ; 7.859  ;
; a[29]      ; output[10]  ; 6.908 ; 7.165 ; 7.781 ; 7.944  ;
; a[29]      ; output[11]  ; 7.219 ;       ;       ; 8.242  ;
; a[29]      ; output[12]  ; 7.467 ; 7.648 ; 8.376 ; 8.581  ;
; a[29]      ; output[13]  ; 6.041 ;       ;       ; 7.036  ;
; a[29]      ; output[14]  ; 6.750 ; 6.907 ; 7.639 ; 7.789  ;
; a[29]      ; output[15]  ; 7.343 ;       ;       ; 8.438  ;
; a[29]      ; output[16]  ; 8.627 ; 8.883 ; 9.610 ; 9.859  ;
; a[29]      ; output[17]  ; 6.991 ;       ;       ; 8.029  ;
; a[29]      ; output[18]  ; 7.511 ; 7.708 ; 8.430 ; 8.583  ;
; a[29]      ; output[19]  ; 7.679 ;       ;       ; 8.818  ;
; a[29]      ; output[20]  ; 8.503 ; 8.729 ; 9.505 ; 9.714  ;
; a[29]      ; output[21]  ; 7.255 ;       ;       ; 8.314  ;
; a[29]      ; output[22]  ; 7.235 ; 7.399 ; 8.208 ; 8.365  ;
; a[29]      ; output[23]  ; 7.924 ;       ;       ; 9.064  ;
; a[29]      ; output[24]  ; 7.154 ; 7.326 ; 8.145 ; 8.281  ;
; a[29]      ; output[25]  ; 7.405 ;       ;       ; 8.450  ;
; a[29]      ; output[26]  ; 7.983 ; 8.235 ; 8.996 ; 9.161  ;
; a[29]      ; output[27]  ; 7.404 ;       ;       ; 8.483  ;
; a[29]      ; output[28]  ; 7.699 ;       ;       ; 8.842  ;
; a[29]      ; output[29]  ; 5.487 ; 5.663 ; 6.168 ; 6.363  ;
; a[29]      ; output[30]  ; 6.730 ; 6.902 ; 7.391 ; 7.563  ;
; a[29]      ; output[31]  ; 6.400 ; 6.671 ; 7.121 ; 7.377  ;
; a[30]      ; output[0]   ; 6.344 ; 6.547 ; 7.096 ; 7.315  ;
; a[30]      ; output[1]   ; 7.915 ;       ;       ; 9.076  ;
; a[30]      ; output[2]   ; 6.277 ; 6.419 ; 7.124 ; 7.259  ;
; a[30]      ; output[3]   ; 8.435 ;       ;       ; 9.566  ;
; a[30]      ; output[4]   ; 7.549 ; 7.762 ; 8.541 ; 8.750  ;
; a[30]      ; output[5]   ; 7.350 ;       ;       ; 8.451  ;
; a[30]      ; output[6]   ; 6.821 ;       ;       ; 7.812  ;
; a[30]      ; output[7]   ; 6.561 ;       ;       ; 7.604  ;
; a[30]      ; output[8]   ; 8.574 ; 8.930 ; 9.466 ; 9.785  ;
; a[30]      ; output[9]   ; 7.101 ;       ;       ; 8.185  ;
; a[30]      ; output[10]  ; 6.656 ; 6.913 ; 7.490 ; 7.653  ;
; a[30]      ; output[11]  ; 7.489 ;       ;       ; 8.568  ;
; a[30]      ; output[12]  ; 7.415 ; 7.596 ; 8.318 ; 8.523  ;
; a[30]      ; output[13]  ; 6.311 ;       ;       ; 7.362  ;
; a[30]      ; output[14]  ; 6.041 ; 6.198 ; 6.876 ; 7.026  ;
; a[30]      ; output[15]  ; 7.613 ;       ;       ; 8.764  ;
; a[30]      ; output[16]  ; 8.575 ; 8.831 ; 9.552 ; 9.801  ;
; a[30]      ; output[17]  ; 7.261 ;       ;       ; 8.355  ;
; a[30]      ; output[18]  ; 7.259 ; 7.456 ; 8.139 ; 8.292  ;
; a[30]      ; output[19]  ; 7.949 ;       ;       ; 9.144  ;
; a[30]      ; output[20]  ; 8.451 ; 8.677 ; 9.447 ; 9.656  ;
; a[30]      ; output[21]  ; 7.525 ;       ;       ; 8.640  ;
; a[30]      ; output[22]  ; 6.769 ; 6.933 ; 7.685 ; 7.842  ;
; a[30]      ; output[23]  ; 8.194 ;       ;       ; 9.390  ;
; a[30]      ; output[24]  ; 7.102 ; 7.274 ; 8.087 ; 8.223  ;
; a[30]      ; output[25]  ; 7.675 ;       ;       ; 8.776  ;
; a[30]      ; output[26]  ; 7.731 ; 7.983 ; 8.705 ; 8.870  ;
; a[30]      ; output[27]  ; 7.674 ;       ;       ; 8.809  ;
; a[30]      ; output[28]  ; 7.647 ;       ;       ; 8.784  ;
; a[30]      ; output[29]  ; 6.401 ;       ;       ; 7.393  ;
; a[30]      ; output[30]  ; 6.012 ; 6.462 ; 7.019 ; 6.949  ;
; a[30]      ; output[31]  ; 6.822 ; 7.093 ; 7.614 ; 7.870  ;
; a[31]      ; output[0]   ; 4.776 ; 5.379 ; 5.322 ; 5.204  ;
; a[31]      ; output[1]   ; 6.455 ;       ;       ; 7.089  ;
; a[31]      ; output[2]   ; 5.153 ; 5.295 ; 5.499 ; 5.634  ;
; a[31]      ; output[3]   ; 6.579 ;       ;       ; 7.142  ;
; a[31]      ; output[4]   ; 5.754 ; 5.967 ; 6.178 ; 6.387  ;
; a[31]      ; output[5]   ; 5.980 ;       ;       ; 6.592  ;
; a[31]      ; output[6]   ; 5.534 ;       ;       ; 6.033  ;
; a[31]      ; output[7]   ; 4.499 ;       ;       ; 4.942  ;
; a[31]      ; output[8]   ; 6.148 ; 7.807 ; 7.858 ; 6.720  ;
; a[31]      ; output[9]   ; 4.844 ;       ;       ; 5.316  ;
; a[31]      ; output[10]  ; 4.686 ; 5.789 ; 5.865 ; 5.109  ;
; a[31]      ; output[11]  ; 5.522 ;       ;       ; 6.024  ;
; a[31]      ; output[12]  ; 5.518 ; 5.699 ; 5.830 ; 6.035  ;
; a[31]      ; output[13]  ; 4.919 ;       ;       ; 5.482  ;
; a[31]      ; output[14]  ; 4.949 ; 5.106 ; 5.259 ; 5.409  ;
; a[31]      ; output[15]  ; 5.022 ;       ;       ; 5.501  ;
; a[31]      ; output[16]  ; 5.872 ; 6.128 ; 6.149 ; 6.398  ;
; a[31]      ; output[17]  ; 4.735 ;       ;       ; 5.195  ;
; a[31]      ; output[18]  ; 5.076 ; 5.273 ; 5.408 ; 5.561  ;
; a[31]      ; output[19]  ; 5.325 ;       ;       ; 5.863  ;
; a[31]      ; output[20]  ; 5.948 ; 6.174 ; 6.281 ; 6.490  ;
; a[31]      ; output[21]  ; 5.465 ;       ;       ; 6.005  ;
; a[31]      ; output[22]  ; 4.546 ; 4.710 ; 4.825 ; 4.982  ;
; a[31]      ; output[23]  ; 5.923 ;       ;       ; 6.480  ;
; a[31]      ; output[24]  ; 4.917 ; 5.089 ; 5.286 ; 5.422  ;
; a[31]      ; output[25]  ; 5.417 ;       ;       ; 5.905  ;
; a[31]      ; output[26]  ; 5.662 ; 5.914 ; 6.056 ; 6.221  ;
; a[31]      ; output[27]  ; 5.711 ;       ;       ; 6.268  ;
; a[31]      ; output[28]  ; 5.787 ;       ;       ; 6.344  ;
; a[31]      ; output[29]  ; 4.778 ;       ;       ; 5.191  ;
; a[31]      ; output[30]  ; 5.113 ;       ;       ; 5.541  ;
; a[31]      ; output[31]  ; 4.714 ; 4.927 ; 4.913 ; 5.145  ;
; b[0]       ; output[0]   ; 5.347 ; 5.491 ; 6.100 ; 6.253  ;
; b[0]       ; output[1]   ; 6.844 ; 7.142 ; 7.567 ; 7.865  ;
; b[0]       ; output[2]   ; 6.153 ; 6.047 ; 6.533 ; 7.112  ;
; b[0]       ; output[3]   ; 7.671 ; 7.991 ; 8.409 ; 8.722  ;
; b[0]       ; output[4]   ; 7.128 ; 6.909 ; 7.293 ; 8.039  ;
; b[0]       ; output[5]   ; 7.472 ; 7.797 ; 8.185 ; 8.520  ;
; b[0]       ; output[6]   ; 6.704 ; 6.888 ; 7.441 ; 7.625  ;
; b[0]       ; output[7]   ; 6.217 ; 6.400 ; 6.940 ; 7.123  ;
; b[0]       ; output[8]   ; 8.127 ; 8.412 ; 8.749 ; 9.299  ;
; b[0]       ; output[9]   ; 7.067 ; 7.252 ; 7.790 ; 7.975  ;
; b[0]       ; output[10]  ; 6.625 ; 6.882 ; 7.349 ; 7.606  ;
; b[0]       ; output[11]  ; 7.611 ; 7.975 ; 8.324 ; 8.711  ;
; b[0]       ; output[12]  ; 7.385 ; 7.336 ; 7.726 ; 8.291  ;
; b[0]       ; output[13]  ; 6.433 ; 6.769 ; 7.146 ; 7.505  ;
; b[0]       ; output[14]  ; 6.445 ; 6.559 ; 7.002 ; 7.504  ;
; b[0]       ; output[15]  ; 7.358 ; 7.582 ; 8.081 ; 8.305  ;
; b[0]       ; output[16]  ; 8.246 ; 8.005 ; 8.296 ; 9.200  ;
; b[0]       ; output[17]  ; 6.303 ; 6.613 ; 7.026 ; 7.329  ;
; b[0]       ; output[18]  ; 7.186 ; 7.128 ; 7.566 ; 8.149  ;
; b[0]       ; output[19]  ; 6.996 ; 7.408 ; 7.719 ; 8.124  ;
; b[0]       ; output[20]  ; 7.630 ; 7.557 ; 7.925 ; 8.728  ;
; b[0]       ; output[21]  ; 7.446 ; 7.680 ; 8.169 ; 8.403  ;
; b[0]       ; output[22]  ; 6.612 ; 6.546 ; 6.992 ; 7.661  ;
; b[0]       ; output[23]  ; 7.696 ; 8.117 ; 8.419 ; 8.833  ;
; b[0]       ; output[24]  ; 6.670 ; 6.975 ; 7.380 ; 7.704  ;
; b[0]       ; output[25]  ; 6.879 ; 7.211 ; 7.626 ; 7.899  ;
; b[0]       ; output[26]  ; 7.207 ; 7.590 ; 7.950 ; 8.326  ;
; b[0]       ; output[27]  ; 7.385 ; 7.656 ; 8.120 ; 8.391  ;
; b[0]       ; output[28]  ; 7.617 ; 8.050 ; 8.342 ; 8.768  ;
; b[0]       ; output[29]  ; 6.523 ; 6.800 ; 7.236 ; 7.536  ;
; b[0]       ; output[30]  ; 6.885 ; 7.123 ; 7.545 ; 7.752  ;
; b[0]       ; output[31]  ; 7.427 ; 7.816 ; 8.167 ; 8.533  ;
; b[1]       ; output[0]   ; 6.434 ; 6.132 ; 6.661 ; 7.453  ;
; b[1]       ; output[1]   ; 6.370 ; 6.665 ; 7.162 ; 7.414  ;
; b[1]       ; output[2]   ; 5.787 ; 6.035 ; 6.512 ; 6.753  ;
; b[1]       ; output[3]   ; 7.859 ; 8.105 ; 8.540 ; 8.761  ;
; b[1]       ; output[4]   ; 6.792 ; 7.005 ; 7.541 ; 7.754  ;
; b[1]       ; output[5]   ; 7.435 ; 7.825 ; 8.236 ; 8.590  ;
; b[1]       ; output[6]   ; 6.623 ; 6.815 ; 7.361 ; 7.545  ;
; b[1]       ; output[7]   ; 6.258 ; 6.429 ; 6.907 ; 7.090  ;
; b[1]       ; output[8]   ; 8.033 ; 8.461 ; 8.804 ; 9.160  ;
; b[1]       ; output[9]   ; 7.163 ; 7.432 ; 7.936 ; 8.191  ;
; b[1]       ; output[10]  ; 6.662 ; 6.928 ; 7.428 ; 7.706  ;
; b[1]       ; output[11]  ; 7.481 ; 7.812 ; 8.234 ; 8.584  ;
; b[1]       ; output[12]  ; 7.458 ; 7.568 ; 8.015 ; 8.304  ;
; b[1]       ; output[13]  ; 6.392 ; 6.742 ; 7.188 ; 7.489  ;
; b[1]       ; output[14]  ; 6.221 ; 6.489 ; 6.945 ; 7.237  ;
; b[1]       ; output[15]  ; 7.380 ; 7.604 ; 8.048 ; 8.272  ;
; b[1]       ; output[16]  ; 8.106 ; 8.204 ; 8.548 ; 9.061  ;
; b[1]       ; output[17]  ; 7.235 ; 6.860 ; 7.313 ; 8.366  ;
; b[1]       ; output[18]  ; 6.820 ; 7.116 ; 7.545 ; 7.834  ;
; b[1]       ; output[19]  ; 7.239 ; 7.321 ; 7.686 ; 8.411  ;
; b[1]       ; output[20]  ; 7.537 ; 7.789 ; 8.214 ; 8.661  ;
; b[1]       ; output[21]  ; 7.610 ; 7.931 ; 8.411 ; 8.665  ;
; b[1]       ; output[22]  ; 6.246 ; 6.534 ; 6.971 ; 7.252  ;
; b[1]       ; output[23]  ; 7.737 ; 8.030 ; 8.386 ; 8.877  ;
; b[1]       ; output[24]  ; 6.572 ; 6.805 ; 7.328 ; 7.504  ;
; b[1]       ; output[25]  ; 6.785 ; 7.070 ; 7.524 ; 7.828  ;
; b[1]       ; output[26]  ; 6.772 ; 7.089 ; 7.523 ; 7.840  ;
; b[1]       ; output[27]  ; 7.185 ; 7.456 ; 7.926 ; 8.197  ;
; b[1]       ; output[28]  ; 7.824 ; 7.968 ; 8.355 ; 9.035  ;
; b[1]       ; output[29]  ; 6.105 ; 6.325 ; 6.815 ; 7.006  ;
; b[1]       ; output[30]  ; 7.084 ; 7.322 ; 7.797 ; 8.004  ;
; b[1]       ; output[31]  ; 7.466 ; 7.740 ; 8.134 ; 8.568  ;
; b[2]       ; output[0]   ; 6.040 ; 6.071 ; 6.538 ; 7.005  ;
; b[2]       ; output[1]   ; 7.231 ; 7.444 ; 7.811 ; 8.109  ;
; b[2]       ; output[2]   ; 5.293 ; 5.671 ; 6.262 ; 6.196  ;
; b[2]       ; output[3]   ; 7.429 ; 7.751 ; 8.183 ; 8.425  ;
; b[2]       ; output[4]   ; 6.470 ; 6.795 ; 7.206 ; 7.487  ;
; b[2]       ; output[5]   ; 6.641 ; 6.955 ; 7.331 ; 7.665  ;
; b[2]       ; output[6]   ; 6.634 ; 6.871 ; 7.357 ; 7.613  ;
; b[2]       ; output[7]   ; 5.749 ; 5.962 ; 6.458 ; 6.711  ;
; b[2]       ; output[8]   ; 7.457 ; 7.813 ; 8.155 ; 8.530  ;
; b[2]       ; output[9]   ; 6.666 ; 6.960 ; 7.360 ; 7.654  ;
; b[2]       ; output[10]  ; 6.304 ; 6.526 ; 7.002 ; 7.263  ;
; b[2]       ; output[11]  ; 7.018 ; 7.331 ; 7.726 ; 8.063  ;
; b[2]       ; output[12]  ; 6.903 ; 7.222 ; 7.639 ; 7.914  ;
; b[2]       ; output[13]  ; 6.016 ; 6.331 ; 6.706 ; 7.041  ;
; b[2]       ; output[14]  ; 6.044 ; 6.306 ; 6.768 ; 7.049  ;
; b[2]       ; output[15]  ; 6.827 ; 7.179 ; 7.558 ; 7.906  ;
; b[2]       ; output[16]  ; 7.717 ; 7.973 ; 8.415 ; 8.671  ;
; b[2]       ; output[17]  ; 6.679 ; 6.673 ; 7.104 ; 7.727  ;
; b[2]       ; output[18]  ; 7.110 ; 7.307 ; 7.808 ; 8.005  ;
; b[2]       ; output[19]  ; 7.037 ; 7.436 ; 7.741 ; 8.133  ;
; b[2]       ; output[20]  ; 7.010 ; 7.341 ; 7.745 ; 8.017  ;
; b[2]       ; output[21]  ; 7.226 ; 7.460 ; 7.972 ; 8.206  ;
; b[2]       ; output[22]  ; 6.051 ; 6.307 ; 6.774 ; 7.049  ;
; b[2]       ; output[23]  ; 7.375 ; 7.752 ; 8.123 ; 8.451  ;
; b[2]       ; output[24]  ; 6.349 ; 6.521 ; 7.046 ; 7.218  ;
; b[2]       ; output[25]  ; 6.909 ; 7.079 ; 7.486 ; 7.940  ;
; b[2]       ; output[26]  ; 6.923 ; 7.178 ; 7.674 ; 7.967  ;
; b[2]       ; output[27]  ; 7.163 ; 7.434 ; 7.867 ; 8.138  ;
; b[2]       ; output[28]  ; 7.485 ; 7.867 ; 8.195 ; 8.518  ;
; b[2]       ; output[29]  ; 6.152 ; 6.372 ; 6.847 ; 7.038  ;
; b[2]       ; output[30]  ; 7.023 ; 7.261 ; 7.674 ; 7.881  ;
; b[2]       ; output[31]  ; 7.101 ; 7.430 ; 7.849 ; 8.142  ;
; b[3]       ; output[0]   ; 6.277 ; 6.161 ; 6.646 ; 7.285  ;
; b[3]       ; output[1]   ; 6.893 ; 7.106 ; 7.448 ; 7.746  ;
; b[3]       ; output[2]   ; 5.083 ; 5.225 ; 5.747 ; 5.889  ;
; b[3]       ; output[3]   ; 6.795 ; 7.084 ; 7.523 ; 7.769  ;
; b[3]       ; output[4]   ; 6.798 ; 6.288 ; 6.762 ; 7.640  ;
; b[3]       ; output[5]   ; 6.848 ; 7.015 ; 7.358 ; 7.660  ;
; b[3]       ; output[6]   ; 6.161 ; 6.378 ; 6.883 ; 7.093  ;
; b[3]       ; output[7]   ; 5.623 ; 5.712 ; 6.176 ; 6.359  ;
; b[3]       ; output[8]   ; 7.626 ; 7.969 ; 8.325 ; 8.687  ;
; b[3]       ; output[9]   ; 6.472 ; 6.657 ; 7.165 ; 7.350  ;
; b[3]       ; output[10]  ; 6.317 ; 6.526 ; 7.066 ; 7.294  ;
; b[3]       ; output[11]  ; 6.950 ; 7.250 ; 7.703 ; 7.996  ;
; b[3]       ; output[12]  ; 6.463 ; 6.717 ; 7.194 ; 7.468  ;
; b[3]       ; output[13]  ; 5.661 ; 5.940 ; 6.345 ; 6.643  ;
; b[3]       ; output[14]  ; 5.627 ; 5.591 ; 6.108 ; 6.508  ;
; b[3]       ; output[15]  ; 6.619 ; 6.843 ; 7.320 ; 7.544  ;
; b[3]       ; output[16]  ; 7.845 ; 8.205 ; 8.533 ; 8.959  ;
; b[3]       ; output[17]  ; 6.065 ; 6.335 ; 6.741 ; 7.056  ;
; b[3]       ; output[18]  ; 6.065 ; 6.262 ; 6.729 ; 6.926  ;
; b[3]       ; output[19]  ; 6.501 ; 6.872 ; 7.202 ; 7.566  ;
; b[3]       ; output[20]  ; 6.586 ; 6.837 ; 7.318 ; 7.588  ;
; b[3]       ; output[21]  ; 6.719 ; 6.946 ; 7.309 ; 7.543  ;
; b[3]       ; output[22]  ; 5.680 ; 5.920 ; 6.403 ; 6.636  ;
; b[3]       ; output[23]  ; 6.827 ; 7.158 ; 7.529 ; 7.853  ;
; b[3]       ; output[24]  ; 6.236 ; 6.493 ; 6.874 ; 7.112  ;
; b[3]       ; output[25]  ; 6.452 ; 6.761 ; 7.145 ; 7.447  ;
; b[3]       ; output[26]  ; 6.615 ; 6.908 ; 7.275 ; 7.530  ;
; b[3]       ; output[27]  ; 6.748 ; 7.019 ; 7.449 ; 7.720  ;
; b[3]       ; output[28]  ; 7.147 ; 7.529 ; 7.832 ; 8.155  ;
; b[3]       ; output[29]  ; 6.345 ; 6.565 ; 7.093 ; 7.284  ;
; b[3]       ; output[30]  ; 6.943 ; 7.115 ; 7.623 ; 7.795  ;
; b[3]       ; output[31]  ; 6.547 ; 6.849 ; 7.249 ; 7.544  ;
; b[4]       ; output[0]   ; 5.287 ; 5.473 ; 6.038 ; 6.200  ;
; b[4]       ; output[1]   ; 6.392 ; 6.936 ; 7.353 ; 7.383  ;
; b[4]       ; output[2]   ; 5.560 ; 5.590 ; 6.072 ; 6.437  ;
; b[4]       ; output[3]   ; 6.851 ; 7.094 ; 7.585 ; 7.824  ;
; b[4]       ; output[4]   ; 5.473 ; 5.699 ; 6.142 ; 6.387  ;
; b[4]       ; output[5]   ; 6.992 ; 7.302 ; 7.756 ; 8.049  ;
; b[4]       ; output[6]   ; 6.450 ; 6.511 ; 7.058 ; 7.399  ;
; b[4]       ; output[7]   ; 5.734 ; 5.917 ; 6.510 ; 6.693  ;
; b[4]       ; output[8]   ; 7.563 ; 7.449 ; 7.824 ; 8.640  ;
; b[4]       ; output[9]   ; 5.959 ; 6.245 ; 6.696 ; 6.903  ;
; b[4]       ; output[10]  ; 6.069 ; 6.306 ; 6.775 ; 7.005  ;
; b[4]       ; output[11]  ; 6.567 ; 6.901 ; 7.298 ; 7.545  ;
; b[4]       ; output[12]  ; 6.670 ; 6.140 ; 6.626 ; 7.571  ;
; b[4]       ; output[13]  ; 5.436 ; 5.796 ; 6.193 ; 6.392  ;
; b[4]       ; output[14]  ; 5.832 ; 5.480 ; 6.030 ; 6.671  ;
; b[4]       ; output[15]  ; 5.944 ; 6.769 ; 7.114 ; 6.894  ;
; b[4]       ; output[16]  ; 6.989 ; 7.245 ; 7.703 ; 7.959  ;
; b[4]       ; output[17]  ; 5.587 ; 6.102 ; 6.571 ; 6.523  ;
; b[4]       ; output[18]  ; 6.485 ; 6.736 ; 7.274 ; 7.471  ;
; b[4]       ; output[19]  ; 6.333 ; 6.703 ; 7.069 ; 7.359  ;
; b[4]       ; output[20]  ; 6.178 ; 6.621 ; 7.060 ; 7.115  ;
; b[4]       ; output[21]  ; 6.517 ; 6.827 ; 7.188 ; 7.517  ;
; b[4]       ; output[22]  ; 5.467 ; 5.631 ; 6.159 ; 6.323  ;
; b[4]       ; output[23]  ; 6.959 ; 7.292 ; 7.632 ; 8.016  ;
; b[4]       ; output[24]  ; 6.247 ; 6.485 ; 6.980 ; 7.237  ;
; b[4]       ; output[25]  ; 6.525 ; 6.812 ; 7.252 ; 7.489  ;
; b[4]       ; output[26]  ; 6.648 ; 6.903 ; 7.359 ; 7.652  ;
; b[4]       ; output[27]  ; 6.751 ; 7.140 ; 7.485 ; 7.802  ;
; b[4]       ; output[28]  ; 6.895 ; 7.234 ; 7.559 ; 7.917  ;
; b[4]       ; output[29]  ; 5.763 ; 6.016 ; 6.494 ; 6.675  ;
; b[4]       ; output[30]  ; 6.278 ; 6.549 ; 7.056 ; 7.252  ;
; b[4]       ; output[31]  ; 6.438 ; 7.126 ; 7.559 ; 7.440  ;
; b[5]       ; output[0]   ; 6.917 ; 7.146 ; 7.610 ; 7.839  ;
; b[5]       ; output[5]   ; 6.105 ; 6.359 ; 6.779 ; 7.052  ;
; b[5]       ; output[6]   ; 7.222 ; 7.458 ; 7.915 ; 8.151  ;
; b[5]       ; output[7]   ; 6.230 ; 6.413 ; 6.923 ; 7.106  ;
; b[5]       ; output[8]   ; 8.334 ; 8.699 ; 9.027 ; 9.392  ;
; b[5]       ; output[9]   ; 6.951 ; 7.136 ; 7.644 ; 7.829  ;
; b[5]       ; output[10]  ; 7.315 ; 7.615 ; 8.008 ; 8.308  ;
; b[5]       ; output[11]  ; 7.695 ; 7.958 ; 8.388 ; 8.651  ;
; b[5]       ; output[12]  ; 7.301 ; 7.482 ; 7.994 ; 8.175  ;
; b[5]       ; output[13]  ; 6.835 ; 7.047 ; 7.528 ; 7.740  ;
; b[5]       ; output[14]  ; 6.572 ; 6.729 ; 7.265 ; 7.422  ;
; b[5]       ; output[15]  ; 7.581 ; 7.805 ; 8.274 ; 8.498  ;
; b[5]       ; output[16]  ; 7.977 ; 8.233 ; 8.670 ; 8.926  ;
; b[5]       ; output[17]  ; 7.163 ; 7.454 ; 7.856 ; 8.147  ;
; b[5]       ; output[18]  ; 7.857 ; 8.054 ; 8.550 ; 8.747  ;
; b[5]       ; output[19]  ; 8.067 ; 8.471 ; 8.760 ; 9.164  ;
; b[5]       ; output[20]  ; 8.046 ; 8.272 ; 8.739 ; 8.965  ;
; b[5]       ; output[21]  ; 8.268 ; 8.502 ; 8.961 ; 9.195  ;
; b[5]       ; output[22]  ; 7.056 ; 7.220 ; 7.749 ; 7.913  ;
; b[5]       ; output[23]  ; 8.349 ; 8.708 ; 9.042 ; 9.401  ;
; b[5]       ; output[24]  ; 7.266 ; 7.438 ; 7.959 ; 8.131  ;
; b[5]       ; output[25]  ; 8.094 ; 8.417 ; 8.787 ; 9.110  ;
; b[5]       ; output[26]  ; 7.897 ; 8.149 ; 8.590 ; 8.842  ;
; b[5]       ; output[27]  ; 8.500 ; 8.771 ; 9.193 ; 9.464  ;
; b[5]       ; output[28]  ; 9.152 ; 9.458 ; 9.845 ; 10.151 ;
; b[5]       ; output[29]  ; 7.788 ; 7.967 ; 8.481 ; 8.660  ;
; b[5]       ; output[30]  ; 8.112 ; 8.284 ; 8.805 ; 8.977  ;
; b[5]       ; output[31]  ; 7.782 ; 8.053 ; 8.475 ; 8.746  ;
; b[6]       ; output[0]   ; 6.898 ; 7.121 ; 7.546 ; 7.769  ;
; b[6]       ; output[6]   ; 5.977 ; 6.144 ; 6.660 ; 6.827  ;
; b[6]       ; output[7]   ; 6.350 ; 6.533 ; 6.998 ; 7.181  ;
; b[6]       ; output[8]   ; 8.454 ; 8.819 ; 9.102 ; 9.467  ;
; b[6]       ; output[9]   ; 7.071 ; 7.256 ; 7.719 ; 7.904  ;
; b[6]       ; output[10]  ; 7.435 ; 7.735 ; 8.083 ; 8.383  ;
; b[6]       ; output[11]  ; 7.815 ; 8.078 ; 8.463 ; 8.726  ;
; b[6]       ; output[12]  ; 7.421 ; 7.602 ; 8.069 ; 8.250  ;
; b[6]       ; output[13]  ; 6.955 ; 7.167 ; 7.603 ; 7.815  ;
; b[6]       ; output[14]  ; 6.692 ; 6.849 ; 7.340 ; 7.497  ;
; b[6]       ; output[15]  ; 7.701 ; 7.925 ; 8.349 ; 8.573  ;
; b[6]       ; output[16]  ; 8.097 ; 8.353 ; 8.745 ; 9.001  ;
; b[6]       ; output[17]  ; 7.283 ; 7.574 ; 7.931 ; 8.222  ;
; b[6]       ; output[18]  ; 7.977 ; 8.174 ; 8.625 ; 8.822  ;
; b[6]       ; output[19]  ; 8.187 ; 8.591 ; 8.835 ; 9.239  ;
; b[6]       ; output[20]  ; 8.166 ; 8.392 ; 8.814 ; 9.040  ;
; b[6]       ; output[21]  ; 8.388 ; 8.622 ; 9.036 ; 9.270  ;
; b[6]       ; output[22]  ; 7.176 ; 7.340 ; 7.824 ; 7.988  ;
; b[6]       ; output[23]  ; 8.469 ; 8.828 ; 9.117 ; 9.476  ;
; b[6]       ; output[24]  ; 7.386 ; 7.558 ; 8.034 ; 8.206  ;
; b[6]       ; output[25]  ; 8.214 ; 8.537 ; 8.862 ; 9.185  ;
; b[6]       ; output[26]  ; 8.017 ; 8.269 ; 8.665 ; 8.917  ;
; b[6]       ; output[27]  ; 8.620 ; 8.891 ; 9.268 ; 9.539  ;
; b[6]       ; output[28]  ; 9.272 ; 9.578 ; 9.920 ; 10.226 ;
; b[6]       ; output[29]  ; 7.908 ; 8.087 ; 8.556 ; 8.735  ;
; b[6]       ; output[30]  ; 8.232 ; 8.404 ; 8.880 ; 9.052  ;
; b[6]       ; output[31]  ; 7.902 ; 8.173 ; 8.550 ; 8.821  ;
; b[7]       ; output[0]   ; 6.662 ; 6.887 ; 7.292 ; 7.517  ;
; b[7]       ; output[7]   ; 4.982 ; 5.255 ; 5.784 ; 5.839  ;
; b[7]       ; output[8]   ; 8.113 ; 8.478 ; 8.743 ; 9.108  ;
; b[7]       ; output[9]   ; 6.730 ; 6.915 ; 7.360 ; 7.545  ;
; b[7]       ; output[10]  ; 7.094 ; 7.394 ; 7.724 ; 8.024  ;
; b[7]       ; output[11]  ; 7.474 ; 7.737 ; 8.104 ; 8.367  ;
; b[7]       ; output[12]  ; 7.080 ; 7.261 ; 7.710 ; 7.891  ;
; b[7]       ; output[13]  ; 6.614 ; 6.826 ; 7.244 ; 7.456  ;
; b[7]       ; output[14]  ; 6.351 ; 6.508 ; 6.981 ; 7.138  ;
; b[7]       ; output[15]  ; 7.360 ; 7.584 ; 7.990 ; 8.214  ;
; b[7]       ; output[16]  ; 7.756 ; 8.012 ; 8.386 ; 8.642  ;
; b[7]       ; output[17]  ; 6.942 ; 7.233 ; 7.572 ; 7.863  ;
; b[7]       ; output[18]  ; 7.636 ; 7.833 ; 8.266 ; 8.463  ;
; b[7]       ; output[19]  ; 7.846 ; 8.250 ; 8.476 ; 8.880  ;
; b[7]       ; output[20]  ; 7.825 ; 8.051 ; 8.455 ; 8.681  ;
; b[7]       ; output[21]  ; 8.047 ; 8.281 ; 8.677 ; 8.911  ;
; b[7]       ; output[22]  ; 6.835 ; 6.999 ; 7.465 ; 7.629  ;
; b[7]       ; output[23]  ; 8.128 ; 8.487 ; 8.758 ; 9.117  ;
; b[7]       ; output[24]  ; 7.045 ; 7.217 ; 7.675 ; 7.847  ;
; b[7]       ; output[25]  ; 7.873 ; 8.196 ; 8.503 ; 8.826  ;
; b[7]       ; output[26]  ; 7.676 ; 7.928 ; 8.306 ; 8.558  ;
; b[7]       ; output[27]  ; 8.279 ; 8.550 ; 8.909 ; 9.180  ;
; b[7]       ; output[28]  ; 8.931 ; 9.237 ; 9.561 ; 9.867  ;
; b[7]       ; output[29]  ; 7.567 ; 7.746 ; 8.197 ; 8.376  ;
; b[7]       ; output[30]  ; 7.891 ; 8.063 ; 8.521 ; 8.693  ;
; b[7]       ; output[31]  ; 7.561 ; 7.832 ; 8.191 ; 8.462  ;
; b[8]       ; output[0]   ; 7.453 ; 7.662 ; 8.189 ; 8.398  ;
; b[8]       ; output[8]   ; 7.235 ; 7.502 ; 7.975 ; 8.242  ;
; b[8]       ; output[9]   ; 7.054 ; 7.239 ; 7.790 ; 7.975  ;
; b[8]       ; output[10]  ; 7.418 ; 7.718 ; 8.154 ; 8.454  ;
; b[8]       ; output[11]  ; 7.798 ; 8.061 ; 8.534 ; 8.797  ;
; b[8]       ; output[12]  ; 7.404 ; 7.585 ; 8.140 ; 8.321  ;
; b[8]       ; output[13]  ; 6.938 ; 7.150 ; 7.674 ; 7.886  ;
; b[8]       ; output[14]  ; 6.675 ; 6.832 ; 7.411 ; 7.568  ;
; b[8]       ; output[15]  ; 7.684 ; 7.908 ; 8.420 ; 8.644  ;
; b[8]       ; output[16]  ; 8.080 ; 8.336 ; 8.816 ; 9.072  ;
; b[8]       ; output[17]  ; 7.266 ; 7.557 ; 8.002 ; 8.293  ;
; b[8]       ; output[18]  ; 7.960 ; 8.157 ; 8.696 ; 8.893  ;
; b[8]       ; output[19]  ; 8.170 ; 8.574 ; 8.906 ; 9.310  ;
; b[8]       ; output[20]  ; 8.149 ; 8.375 ; 8.885 ; 9.111  ;
; b[8]       ; output[21]  ; 8.371 ; 8.605 ; 9.107 ; 9.341  ;
; b[8]       ; output[22]  ; 7.159 ; 7.323 ; 7.895 ; 8.059  ;
; b[8]       ; output[23]  ; 8.452 ; 8.811 ; 9.188 ; 9.547  ;
; b[8]       ; output[24]  ; 7.369 ; 7.541 ; 8.105 ; 8.277  ;
; b[8]       ; output[25]  ; 8.197 ; 8.520 ; 8.933 ; 9.256  ;
; b[8]       ; output[26]  ; 8.000 ; 8.252 ; 8.736 ; 8.988  ;
; b[8]       ; output[27]  ; 8.603 ; 8.874 ; 9.339 ; 9.610  ;
; b[8]       ; output[28]  ; 9.255 ; 9.561 ; 9.991 ; 10.297 ;
; b[8]       ; output[29]  ; 7.891 ; 8.070 ; 8.627 ; 8.806  ;
; b[8]       ; output[30]  ; 8.215 ; 8.387 ; 8.951 ; 9.123  ;
; b[8]       ; output[31]  ; 7.885 ; 8.156 ; 8.621 ; 8.892  ;
; b[9]       ; output[0]   ; 7.180 ; 7.415 ; 7.859 ; 8.094  ;
; b[9]       ; output[9]   ; 5.652 ; 5.879 ; 6.350 ; 6.537  ;
; b[9]       ; output[10]  ; 7.145 ; 7.445 ; 7.824 ; 8.124  ;
; b[9]       ; output[11]  ; 7.525 ; 7.788 ; 8.204 ; 8.467  ;
; b[9]       ; output[12]  ; 7.131 ; 7.312 ; 7.810 ; 7.991  ;
; b[9]       ; output[13]  ; 6.665 ; 6.877 ; 7.344 ; 7.556  ;
; b[9]       ; output[14]  ; 6.402 ; 6.559 ; 7.081 ; 7.238  ;
; b[9]       ; output[15]  ; 7.411 ; 7.635 ; 8.090 ; 8.314  ;
; b[9]       ; output[16]  ; 7.807 ; 8.063 ; 8.486 ; 8.742  ;
; b[9]       ; output[17]  ; 6.993 ; 7.284 ; 7.672 ; 7.963  ;
; b[9]       ; output[18]  ; 7.687 ; 7.884 ; 8.366 ; 8.563  ;
; b[9]       ; output[19]  ; 7.897 ; 8.301 ; 8.576 ; 8.980  ;
; b[9]       ; output[20]  ; 7.876 ; 8.102 ; 8.555 ; 8.781  ;
; b[9]       ; output[21]  ; 8.098 ; 8.332 ; 8.777 ; 9.011  ;
; b[9]       ; output[22]  ; 6.886 ; 7.050 ; 7.565 ; 7.729  ;
; b[9]       ; output[23]  ; 8.179 ; 8.538 ; 8.858 ; 9.217  ;
; b[9]       ; output[24]  ; 7.096 ; 7.268 ; 7.775 ; 7.947  ;
; b[9]       ; output[25]  ; 7.924 ; 8.247 ; 8.603 ; 8.926  ;
; b[9]       ; output[26]  ; 7.727 ; 7.979 ; 8.406 ; 8.658  ;
; b[9]       ; output[27]  ; 8.330 ; 8.601 ; 9.009 ; 9.280  ;
; b[9]       ; output[28]  ; 8.982 ; 9.288 ; 9.661 ; 9.967  ;
; b[9]       ; output[29]  ; 7.618 ; 7.797 ; 8.297 ; 8.476  ;
; b[9]       ; output[30]  ; 7.942 ; 8.114 ; 8.621 ; 8.793  ;
; b[9]       ; output[31]  ; 7.612 ; 7.883 ; 8.291 ; 8.562  ;
; b[10]      ; output[0]   ; 6.830 ; 7.060 ; 7.453 ; 7.688  ;
; b[10]      ; output[10]  ; 6.355 ; 6.518 ; 7.030 ; 7.193  ;
; b[10]      ; output[11]  ; 7.175 ; 7.438 ; 7.798 ; 8.061  ;
; b[10]      ; output[12]  ; 6.776 ; 6.957 ; 7.404 ; 7.585  ;
; b[10]      ; output[13]  ; 6.315 ; 6.527 ; 6.938 ; 7.150  ;
; b[10]      ; output[14]  ; 6.047 ; 6.204 ; 6.675 ; 6.832  ;
; b[10]      ; output[15]  ; 7.061 ; 7.285 ; 7.684 ; 7.908  ;
; b[10]      ; output[16]  ; 7.452 ; 7.708 ; 8.080 ; 8.336  ;
; b[10]      ; output[17]  ; 6.643 ; 6.934 ; 7.266 ; 7.557  ;
; b[10]      ; output[18]  ; 7.332 ; 7.529 ; 7.960 ; 8.157  ;
; b[10]      ; output[19]  ; 7.547 ; 7.951 ; 8.170 ; 8.574  ;
; b[10]      ; output[20]  ; 7.521 ; 7.747 ; 8.149 ; 8.375  ;
; b[10]      ; output[21]  ; 7.748 ; 7.982 ; 8.371 ; 8.605  ;
; b[10]      ; output[22]  ; 6.531 ; 6.695 ; 7.159 ; 7.323  ;
; b[10]      ; output[23]  ; 7.829 ; 8.188 ; 8.452 ; 8.811  ;
; b[10]      ; output[24]  ; 6.741 ; 6.913 ; 7.369 ; 7.541  ;
; b[10]      ; output[25]  ; 7.574 ; 7.897 ; 8.197 ; 8.520  ;
; b[10]      ; output[26]  ; 7.372 ; 7.624 ; 8.000 ; 8.252  ;
; b[10]      ; output[27]  ; 7.980 ; 8.251 ; 8.603 ; 8.874  ;
; b[10]      ; output[28]  ; 8.627 ; 8.933 ; 9.255 ; 9.561  ;
; b[10]      ; output[29]  ; 7.268 ; 7.447 ; 7.891 ; 8.070  ;
; b[10]      ; output[30]  ; 7.587 ; 7.759 ; 8.215 ; 8.387  ;
; b[10]      ; output[31]  ; 7.262 ; 7.533 ; 7.885 ; 8.156  ;
; b[11]      ; output[0]   ; 6.958 ; 7.181 ; 7.618 ; 7.853  ;
; b[11]      ; output[11]  ; 6.012 ; 6.599 ; 7.030 ; 6.928  ;
; b[11]      ; output[12]  ; 6.897 ; 7.078 ; 7.569 ; 7.750  ;
; b[11]      ; output[13]  ; 6.443 ; 6.655 ; 7.103 ; 7.315  ;
; b[11]      ; output[14]  ; 6.168 ; 6.325 ; 6.840 ; 6.997  ;
; b[11]      ; output[15]  ; 7.189 ; 7.413 ; 7.849 ; 8.073  ;
; b[11]      ; output[16]  ; 7.573 ; 7.829 ; 8.245 ; 8.501  ;
; b[11]      ; output[17]  ; 6.771 ; 7.062 ; 7.431 ; 7.722  ;
; b[11]      ; output[18]  ; 7.453 ; 7.650 ; 8.125 ; 8.322  ;
; b[11]      ; output[19]  ; 7.675 ; 8.079 ; 8.335 ; 8.739  ;
; b[11]      ; output[20]  ; 7.642 ; 7.868 ; 8.314 ; 8.540  ;
; b[11]      ; output[21]  ; 7.876 ; 8.110 ; 8.536 ; 8.770  ;
; b[11]      ; output[22]  ; 6.652 ; 6.816 ; 7.324 ; 7.488  ;
; b[11]      ; output[23]  ; 7.957 ; 8.316 ; 8.617 ; 8.976  ;
; b[11]      ; output[24]  ; 6.862 ; 7.034 ; 7.534 ; 7.706  ;
; b[11]      ; output[25]  ; 7.702 ; 8.025 ; 8.362 ; 8.685  ;
; b[11]      ; output[26]  ; 7.493 ; 7.745 ; 8.165 ; 8.417  ;
; b[11]      ; output[27]  ; 8.108 ; 8.379 ; 8.768 ; 9.039  ;
; b[11]      ; output[28]  ; 8.748 ; 9.054 ; 9.420 ; 9.726  ;
; b[11]      ; output[29]  ; 7.396 ; 7.575 ; 8.056 ; 8.235  ;
; b[11]      ; output[30]  ; 7.708 ; 7.880 ; 8.380 ; 8.552  ;
; b[11]      ; output[31]  ; 7.390 ; 7.661 ; 8.050 ; 8.321  ;
; b[12]      ; output[0]   ; 7.026 ; 7.250 ; 7.689 ; 7.924  ;
; b[12]      ; output[12]  ; 5.758 ; 6.111 ; 6.596 ; 6.638  ;
; b[12]      ; output[13]  ; 6.511 ; 6.723 ; 7.174 ; 7.386  ;
; b[12]      ; output[14]  ; 6.237 ; 6.394 ; 6.911 ; 7.068  ;
; b[12]      ; output[15]  ; 7.257 ; 7.481 ; 7.920 ; 8.144  ;
; b[12]      ; output[16]  ; 7.642 ; 7.898 ; 8.316 ; 8.572  ;
; b[12]      ; output[17]  ; 6.839 ; 7.130 ; 7.502 ; 7.793  ;
; b[12]      ; output[18]  ; 7.522 ; 7.719 ; 8.196 ; 8.393  ;
; b[12]      ; output[19]  ; 7.743 ; 8.147 ; 8.406 ; 8.810  ;
; b[12]      ; output[20]  ; 7.711 ; 7.937 ; 8.385 ; 8.611  ;
; b[12]      ; output[21]  ; 7.944 ; 8.178 ; 8.607 ; 8.841  ;
; b[12]      ; output[22]  ; 6.721 ; 6.885 ; 7.395 ; 7.559  ;
; b[12]      ; output[23]  ; 8.025 ; 8.384 ; 8.688 ; 9.047  ;
; b[12]      ; output[24]  ; 6.931 ; 7.103 ; 7.605 ; 7.777  ;
; b[12]      ; output[25]  ; 7.770 ; 8.093 ; 8.433 ; 8.756  ;
; b[12]      ; output[26]  ; 7.562 ; 7.814 ; 8.236 ; 8.488  ;
; b[12]      ; output[27]  ; 8.176 ; 8.447 ; 8.839 ; 9.110  ;
; b[12]      ; output[28]  ; 8.817 ; 9.123 ; 9.491 ; 9.797  ;
; b[12]      ; output[29]  ; 7.464 ; 7.643 ; 8.127 ; 8.306  ;
; b[12]      ; output[30]  ; 7.777 ; 7.949 ; 8.451 ; 8.623  ;
; b[12]      ; output[31]  ; 7.458 ; 7.729 ; 8.121 ; 8.392  ;
; b[13]      ; output[0]   ; 6.942 ; 7.177 ; 7.614 ; 7.849  ;
; b[13]      ; output[13]  ; 5.153 ; 5.382 ; 5.825 ; 6.047  ;
; b[13]      ; output[14]  ; 6.164 ; 6.321 ; 6.836 ; 6.993  ;
; b[13]      ; output[15]  ; 7.173 ; 7.397 ; 7.845 ; 8.069  ;
; b[13]      ; output[16]  ; 7.569 ; 7.825 ; 8.241 ; 8.497  ;
; b[13]      ; output[17]  ; 6.755 ; 7.046 ; 7.427 ; 7.718  ;
; b[13]      ; output[18]  ; 7.449 ; 7.646 ; 8.121 ; 8.318  ;
; b[13]      ; output[19]  ; 7.659 ; 8.063 ; 8.331 ; 8.735  ;
; b[13]      ; output[20]  ; 7.638 ; 7.864 ; 8.310 ; 8.536  ;
; b[13]      ; output[21]  ; 7.860 ; 8.094 ; 8.532 ; 8.766  ;
; b[13]      ; output[22]  ; 6.648 ; 6.812 ; 7.320 ; 7.484  ;
; b[13]      ; output[23]  ; 7.941 ; 8.300 ; 8.613 ; 8.972  ;
; b[13]      ; output[24]  ; 6.858 ; 7.030 ; 7.530 ; 7.702  ;
; b[13]      ; output[25]  ; 7.686 ; 8.009 ; 8.358 ; 8.681  ;
; b[13]      ; output[26]  ; 7.489 ; 7.741 ; 8.161 ; 8.413  ;
; b[13]      ; output[27]  ; 8.092 ; 8.363 ; 8.764 ; 9.035  ;
; b[13]      ; output[28]  ; 8.744 ; 9.050 ; 9.416 ; 9.722  ;
; b[13]      ; output[29]  ; 7.380 ; 7.559 ; 8.052 ; 8.231  ;
; b[13]      ; output[30]  ; 7.704 ; 7.876 ; 8.376 ; 8.548  ;
; b[13]      ; output[31]  ; 7.374 ; 7.645 ; 8.046 ; 8.317  ;
; b[14]      ; output[0]   ; 6.704 ; 6.939 ; 7.378 ; 7.613  ;
; b[14]      ; output[14]  ; 4.938 ; 5.247 ; 5.773 ; 5.793  ;
; b[14]      ; output[15]  ; 6.935 ; 7.159 ; 7.609 ; 7.833  ;
; b[14]      ; output[16]  ; 7.331 ; 7.587 ; 8.005 ; 8.261  ;
; b[14]      ; output[17]  ; 6.517 ; 6.808 ; 7.191 ; 7.482  ;
; b[14]      ; output[18]  ; 7.211 ; 7.408 ; 7.885 ; 8.082  ;
; b[14]      ; output[19]  ; 7.421 ; 7.825 ; 8.095 ; 8.499  ;
; b[14]      ; output[20]  ; 7.400 ; 7.626 ; 8.074 ; 8.300  ;
; b[14]      ; output[21]  ; 7.622 ; 7.856 ; 8.296 ; 8.530  ;
; b[14]      ; output[22]  ; 6.410 ; 6.574 ; 7.084 ; 7.248  ;
; b[14]      ; output[23]  ; 7.703 ; 8.062 ; 8.377 ; 8.736  ;
; b[14]      ; output[24]  ; 6.620 ; 6.792 ; 7.294 ; 7.466  ;
; b[14]      ; output[25]  ; 7.448 ; 7.771 ; 8.122 ; 8.445  ;
; b[14]      ; output[26]  ; 7.251 ; 7.503 ; 7.925 ; 8.177  ;
; b[14]      ; output[27]  ; 7.854 ; 8.125 ; 8.528 ; 8.799  ;
; b[14]      ; output[28]  ; 8.506 ; 8.812 ; 9.180 ; 9.486  ;
; b[14]      ; output[29]  ; 7.142 ; 7.321 ; 7.816 ; 7.995  ;
; b[14]      ; output[30]  ; 7.466 ; 7.638 ; 8.140 ; 8.312  ;
; b[14]      ; output[31]  ; 7.136 ; 7.407 ; 7.810 ; 8.081  ;
; b[15]      ; output[0]   ; 7.020 ; 7.255 ; 7.698 ; 7.933  ;
; b[15]      ; output[15]  ; 5.976 ; 6.218 ; 6.654 ; 6.915  ;
; b[15]      ; output[16]  ; 7.647 ; 7.903 ; 8.325 ; 8.581  ;
; b[15]      ; output[17]  ; 6.833 ; 7.124 ; 7.511 ; 7.802  ;
; b[15]      ; output[18]  ; 7.527 ; 7.724 ; 8.205 ; 8.402  ;
; b[15]      ; output[19]  ; 7.737 ; 8.141 ; 8.415 ; 8.819  ;
; b[15]      ; output[20]  ; 7.716 ; 7.942 ; 8.394 ; 8.620  ;
; b[15]      ; output[21]  ; 7.938 ; 8.172 ; 8.616 ; 8.850  ;
; b[15]      ; output[22]  ; 6.726 ; 6.890 ; 7.404 ; 7.568  ;
; b[15]      ; output[23]  ; 8.019 ; 8.378 ; 8.697 ; 9.056  ;
; b[15]      ; output[24]  ; 6.936 ; 7.108 ; 7.614 ; 7.786  ;
; b[15]      ; output[25]  ; 7.764 ; 8.087 ; 8.442 ; 8.765  ;
; b[15]      ; output[26]  ; 7.567 ; 7.819 ; 8.245 ; 8.497  ;
; b[15]      ; output[27]  ; 8.170 ; 8.441 ; 8.848 ; 9.119  ;
; b[15]      ; output[28]  ; 8.822 ; 9.128 ; 9.500 ; 9.806  ;
; b[15]      ; output[29]  ; 7.458 ; 7.637 ; 8.136 ; 8.315  ;
; b[15]      ; output[30]  ; 7.782 ; 7.954 ; 8.460 ; 8.632  ;
; b[15]      ; output[31]  ; 7.452 ; 7.723 ; 8.130 ; 8.401  ;
; b[16]      ; output[0]   ; 6.884 ; 7.105 ; 7.547 ; 7.782  ;
; b[16]      ; output[16]  ; 6.193 ; 6.449 ; 6.866 ; 7.122  ;
; b[16]      ; output[17]  ; 6.697 ; 6.988 ; 7.360 ; 7.651  ;
; b[16]      ; output[18]  ; 7.377 ; 7.574 ; 8.054 ; 8.251  ;
; b[16]      ; output[19]  ; 7.601 ; 8.005 ; 8.264 ; 8.668  ;
; b[16]      ; output[20]  ; 7.566 ; 7.792 ; 8.243 ; 8.469  ;
; b[16]      ; output[21]  ; 7.802 ; 8.036 ; 8.465 ; 8.699  ;
; b[16]      ; output[22]  ; 6.576 ; 6.740 ; 7.253 ; 7.417  ;
; b[16]      ; output[23]  ; 7.883 ; 8.242 ; 8.546 ; 8.905  ;
; b[16]      ; output[24]  ; 6.786 ; 6.958 ; 7.463 ; 7.635  ;
; b[16]      ; output[25]  ; 7.628 ; 7.951 ; 8.291 ; 8.614  ;
; b[16]      ; output[26]  ; 7.417 ; 7.669 ; 8.094 ; 8.346  ;
; b[16]      ; output[27]  ; 8.034 ; 8.305 ; 8.697 ; 8.968  ;
; b[16]      ; output[28]  ; 8.672 ; 8.978 ; 9.349 ; 9.655  ;
; b[16]      ; output[29]  ; 7.322 ; 7.501 ; 7.985 ; 8.164  ;
; b[16]      ; output[30]  ; 7.632 ; 7.804 ; 8.309 ; 8.481  ;
; b[16]      ; output[31]  ; 7.316 ; 7.587 ; 7.979 ; 8.250  ;
; b[17]      ; output[0]   ; 6.563 ; 6.798 ; 7.202 ; 7.437  ;
; b[17]      ; output[17]  ; 5.207 ; 5.409 ; 5.922 ; 6.091  ;
; b[17]      ; output[18]  ; 7.070 ; 7.267 ; 7.709 ; 7.906  ;
; b[17]      ; output[19]  ; 7.280 ; 7.684 ; 7.919 ; 8.323  ;
; b[17]      ; output[20]  ; 7.259 ; 7.485 ; 7.898 ; 8.124  ;
; b[17]      ; output[21]  ; 7.481 ; 7.715 ; 8.120 ; 8.354  ;
; b[17]      ; output[22]  ; 6.269 ; 6.433 ; 6.908 ; 7.072  ;
; b[17]      ; output[23]  ; 7.562 ; 7.921 ; 8.201 ; 8.560  ;
; b[17]      ; output[24]  ; 6.479 ; 6.651 ; 7.118 ; 7.290  ;
; b[17]      ; output[25]  ; 7.307 ; 7.630 ; 7.946 ; 8.269  ;
; b[17]      ; output[26]  ; 7.110 ; 7.362 ; 7.749 ; 8.001  ;
; b[17]      ; output[27]  ; 7.713 ; 7.984 ; 8.352 ; 8.623  ;
; b[17]      ; output[28]  ; 8.365 ; 8.671 ; 9.004 ; 9.310  ;
; b[17]      ; output[29]  ; 7.001 ; 7.180 ; 7.640 ; 7.819  ;
; b[17]      ; output[30]  ; 7.325 ; 7.497 ; 7.964 ; 8.136  ;
; b[17]      ; output[31]  ; 6.995 ; 7.266 ; 7.634 ; 7.905  ;
; b[18]      ; output[0]   ; 7.156 ; 7.384 ; 7.885 ; 8.113  ;
; b[18]      ; output[18]  ; 5.875 ; 6.271 ; 6.804 ; 6.809  ;
; b[18]      ; output[19]  ; 7.873 ; 8.277 ; 8.602 ; 9.006  ;
; b[18]      ; output[20]  ; 7.852 ; 8.078 ; 8.581 ; 8.807  ;
; b[18]      ; output[21]  ; 8.074 ; 8.308 ; 8.803 ; 9.037  ;
; b[18]      ; output[22]  ; 6.862 ; 7.026 ; 7.591 ; 7.755  ;
; b[18]      ; output[23]  ; 8.155 ; 8.514 ; 8.884 ; 9.243  ;
; b[18]      ; output[24]  ; 7.072 ; 7.244 ; 7.801 ; 7.973  ;
; b[18]      ; output[25]  ; 7.900 ; 8.223 ; 8.629 ; 8.952  ;
; b[18]      ; output[26]  ; 7.703 ; 7.955 ; 8.432 ; 8.684  ;
; b[18]      ; output[27]  ; 8.306 ; 8.577 ; 9.035 ; 9.306  ;
; b[18]      ; output[28]  ; 8.958 ; 9.264 ; 9.687 ; 9.993  ;
; b[18]      ; output[29]  ; 7.594 ; 7.773 ; 8.323 ; 8.502  ;
; b[18]      ; output[30]  ; 7.918 ; 8.090 ; 8.647 ; 8.819  ;
; b[18]      ; output[31]  ; 7.588 ; 7.859 ; 8.317 ; 8.588  ;
; b[19]      ; output[0]   ; 6.929 ; 7.164 ; 7.603 ; 7.838  ;
; b[19]      ; output[19]  ; 5.962 ; 6.292 ; 6.712 ; 6.951  ;
; b[19]      ; output[20]  ; 7.625 ; 7.851 ; 8.299 ; 8.525  ;
; b[19]      ; output[21]  ; 7.847 ; 8.081 ; 8.521 ; 8.755  ;
; b[19]      ; output[22]  ; 6.635 ; 6.799 ; 7.309 ; 7.473  ;
; b[19]      ; output[23]  ; 7.928 ; 8.287 ; 8.602 ; 8.961  ;
; b[19]      ; output[24]  ; 6.845 ; 7.017 ; 7.519 ; 7.691  ;
; b[19]      ; output[25]  ; 7.673 ; 7.996 ; 8.347 ; 8.670  ;
; b[19]      ; output[26]  ; 7.476 ; 7.728 ; 8.150 ; 8.402  ;
; b[19]      ; output[27]  ; 8.079 ; 8.350 ; 8.753 ; 9.024  ;
; b[19]      ; output[28]  ; 8.731 ; 9.037 ; 9.405 ; 9.711  ;
; b[19]      ; output[29]  ; 7.367 ; 7.546 ; 8.041 ; 8.220  ;
; b[19]      ; output[30]  ; 7.691 ; 7.863 ; 8.365 ; 8.537  ;
; b[19]      ; output[31]  ; 7.361 ; 7.632 ; 8.035 ; 8.306  ;
; b[20]      ; output[0]   ; 6.408 ; 6.628 ; 7.036 ; 7.271  ;
; b[20]      ; output[20]  ; 5.993 ; 6.414 ; 6.838 ; 6.904  ;
; b[20]      ; output[21]  ; 7.327 ; 7.561 ; 7.954 ; 8.188  ;
; b[20]      ; output[22]  ; 6.099 ; 6.263 ; 6.742 ; 6.906  ;
; b[20]      ; output[23]  ; 7.408 ; 7.767 ; 8.035 ; 8.394  ;
; b[20]      ; output[24]  ; 6.309 ; 6.481 ; 6.952 ; 7.124  ;
; b[20]      ; output[25]  ; 7.153 ; 7.476 ; 7.780 ; 8.103  ;
; b[20]      ; output[26]  ; 6.940 ; 7.192 ; 7.583 ; 7.835  ;
; b[20]      ; output[27]  ; 7.559 ; 7.830 ; 8.186 ; 8.457  ;
; b[20]      ; output[28]  ; 8.195 ; 8.501 ; 8.838 ; 9.144  ;
; b[20]      ; output[29]  ; 6.847 ; 7.026 ; 7.474 ; 7.653  ;
; b[20]      ; output[30]  ; 7.155 ; 7.327 ; 7.798 ; 7.970  ;
; b[20]      ; output[31]  ; 6.841 ; 7.112 ; 7.468 ; 7.739  ;
; b[21]      ; output[0]   ; 6.925 ; 7.160 ; 7.600 ; 7.835  ;
; b[21]      ; output[21]  ; 6.172 ; 6.454 ; 6.904 ; 7.143  ;
; b[21]      ; output[22]  ; 6.631 ; 6.795 ; 7.306 ; 7.470  ;
; b[21]      ; output[23]  ; 7.924 ; 8.283 ; 8.599 ; 8.958  ;
; b[21]      ; output[24]  ; 6.841 ; 7.013 ; 7.516 ; 7.688  ;
; b[21]      ; output[25]  ; 7.669 ; 7.992 ; 8.344 ; 8.667  ;
; b[21]      ; output[26]  ; 7.472 ; 7.724 ; 8.147 ; 8.399  ;
; b[21]      ; output[27]  ; 8.075 ; 8.346 ; 8.750 ; 9.021  ;
; b[21]      ; output[28]  ; 8.727 ; 9.033 ; 9.402 ; 9.708  ;
; b[21]      ; output[29]  ; 7.363 ; 7.542 ; 8.038 ; 8.217  ;
; b[21]      ; output[30]  ; 7.687 ; 7.859 ; 8.362 ; 8.534  ;
; b[21]      ; output[31]  ; 7.357 ; 7.628 ; 8.032 ; 8.303  ;
; b[22]      ; output[0]   ; 6.479 ; 6.714 ; 7.115 ; 7.350  ;
; b[22]      ; output[22]  ; 4.939 ; 5.159 ; 5.633 ; 5.777  ;
; b[22]      ; output[23]  ; 7.478 ; 7.837 ; 8.114 ; 8.473  ;
; b[22]      ; output[24]  ; 6.395 ; 6.567 ; 7.031 ; 7.203  ;
; b[22]      ; output[25]  ; 7.223 ; 7.546 ; 7.859 ; 8.182  ;
; b[22]      ; output[26]  ; 7.026 ; 7.278 ; 7.662 ; 7.914  ;
; b[22]      ; output[27]  ; 7.629 ; 7.900 ; 8.265 ; 8.536  ;
; b[22]      ; output[28]  ; 8.281 ; 8.587 ; 8.917 ; 9.223  ;
; b[22]      ; output[29]  ; 6.917 ; 7.096 ; 7.553 ; 7.732  ;
; b[22]      ; output[30]  ; 7.241 ; 7.413 ; 7.877 ; 8.049  ;
; b[22]      ; output[31]  ; 6.911 ; 7.182 ; 7.547 ; 7.818  ;
; b[23]      ; output[0]   ; 6.685 ; 6.920 ; 7.376 ; 7.611  ;
; b[23]      ; output[23]  ; 6.076 ; 6.333 ; 6.758 ; 6.996  ;
; b[23]      ; output[24]  ; 6.601 ; 6.773 ; 7.292 ; 7.464  ;
; b[23]      ; output[25]  ; 7.429 ; 7.752 ; 8.120 ; 8.443  ;
; b[23]      ; output[26]  ; 7.232 ; 7.484 ; 7.923 ; 8.175  ;
; b[23]      ; output[27]  ; 7.835 ; 8.106 ; 8.526 ; 8.797  ;
; b[23]      ; output[28]  ; 8.487 ; 8.793 ; 9.178 ; 9.484  ;
; b[23]      ; output[29]  ; 7.123 ; 7.302 ; 7.814 ; 7.993  ;
; b[23]      ; output[30]  ; 7.447 ; 7.619 ; 8.138 ; 8.310  ;
; b[23]      ; output[31]  ; 7.117 ; 7.388 ; 7.808 ; 8.079  ;
; b[24]      ; output[0]   ; 6.581 ; 6.808 ; 7.261 ; 7.488  ;
; b[24]      ; output[24]  ; 5.258 ; 5.736 ; 6.259 ; 6.132  ;
; b[24]      ; output[25]  ; 7.462 ; 7.785 ; 8.142 ; 8.465  ;
; b[24]      ; output[26]  ; 7.265 ; 7.517 ; 7.945 ; 8.197  ;
; b[24]      ; output[27]  ; 7.868 ; 8.139 ; 8.548 ; 8.819  ;
; b[24]      ; output[28]  ; 8.520 ; 8.826 ; 9.200 ; 9.506  ;
; b[24]      ; output[29]  ; 7.156 ; 7.335 ; 7.836 ; 8.015  ;
; b[24]      ; output[30]  ; 7.480 ; 7.652 ; 8.160 ; 8.332  ;
; b[24]      ; output[31]  ; 7.150 ; 7.421 ; 7.830 ; 8.101  ;
; b[25]      ; output[0]   ; 6.595 ; 6.805 ; 7.269 ; 7.479  ;
; b[25]      ; output[25]  ; 5.536 ; 5.740 ; 6.231 ; 6.428  ;
; b[25]      ; output[26]  ; 7.107 ; 7.359 ; 7.781 ; 8.033  ;
; b[25]      ; output[27]  ; 7.710 ; 7.981 ; 8.384 ; 8.655  ;
; b[25]      ; output[28]  ; 8.362 ; 8.668 ; 9.036 ; 9.342  ;
; b[25]      ; output[29]  ; 6.998 ; 7.177 ; 7.672 ; 7.851  ;
; b[25]      ; output[30]  ; 7.322 ; 7.494 ; 7.996 ; 8.168  ;
; b[25]      ; output[31]  ; 6.992 ; 7.263 ; 7.666 ; 7.937  ;
; b[26]      ; output[0]   ; 6.751 ; 6.968 ; 7.397 ; 7.614  ;
; b[26]      ; output[26]  ; 5.745 ; 6.346 ; 6.758 ; 6.624  ;
; b[26]      ; output[27]  ; 7.967 ; 8.238 ; 8.613 ; 8.884  ;
; b[26]      ; output[28]  ; 8.619 ; 8.925 ; 9.265 ; 9.571  ;
; b[26]      ; output[29]  ; 7.255 ; 7.434 ; 7.901 ; 8.080  ;
; b[26]      ; output[30]  ; 7.579 ; 7.751 ; 8.225 ; 8.397  ;
; b[26]      ; output[31]  ; 7.249 ; 7.520 ; 7.895 ; 8.166  ;
; b[27]      ; output[0]   ; 6.561 ; 6.773 ; 7.241 ; 7.453  ;
; b[27]      ; output[27]  ; 6.344 ; 6.626 ; 7.026 ; 7.327  ;
; b[27]      ; output[28]  ; 8.426 ; 8.732 ; 9.106 ; 9.412  ;
; b[27]      ; output[29]  ; 7.062 ; 7.241 ; 7.742 ; 7.921  ;
; b[27]      ; output[30]  ; 7.386 ; 7.558 ; 8.066 ; 8.238  ;
; b[27]      ; output[31]  ; 7.056 ; 7.327 ; 7.736 ; 8.007  ;
; b[28]      ; output[0]   ; 6.781 ; 6.989 ; 7.471 ; 7.679  ;
; b[28]      ; output[28]  ; 6.168 ; 6.560 ; 6.957 ; 7.121  ;
; b[28]      ; output[29]  ; 7.126 ; 7.305 ; 7.816 ; 7.995  ;
; b[28]      ; output[30]  ; 7.450 ; 7.622 ; 8.140 ; 8.312  ;
; b[28]      ; output[31]  ; 7.120 ; 7.391 ; 7.810 ; 8.081  ;
; b[29]      ; output[0]   ; 6.383 ; 6.585 ; 7.052 ; 7.261  ;
; b[29]      ; output[29]  ; 5.413 ; 5.673 ; 6.191 ; 6.293  ;
; b[29]      ; output[30]  ; 7.045 ; 7.217 ; 7.721 ; 7.893  ;
; b[29]      ; output[31]  ; 6.722 ; 6.993 ; 7.391 ; 7.662  ;
; b[30]      ; output[0]   ; 6.572 ; 6.773 ; 7.283 ; 7.484  ;
; b[30]      ; output[30]  ; 5.999 ; 6.198 ; 6.711 ; 6.929  ;
; b[30]      ; output[31]  ; 7.048 ; 7.319 ; 7.759 ; 8.030  ;
; b[31]      ; output[0]   ; 6.600 ; 6.098 ; 6.553 ; 7.527  ;
; b[31]      ; output[31]  ; 5.875 ; 6.120 ; 6.574 ; 6.776  ;
; op[0]      ; output[0]   ; 5.409 ; 5.496 ; 6.080 ; 6.167  ;
; op[0]      ; output[1]   ; 6.399 ; 6.667 ; 7.070 ; 7.338  ;
; op[0]      ; output[2]   ; 5.358 ; 5.500 ; 6.029 ; 6.171  ;
; op[0]      ; output[3]   ; 7.051 ; 7.343 ; 7.722 ; 8.007  ;
; op[0]      ; output[4]   ; 5.990 ; 6.194 ; 6.604 ; 6.811  ;
; op[0]      ; output[5]   ; 6.728 ; 6.953 ; 7.420 ; 7.707  ;
; op[0]      ; output[6]   ; 6.543 ; 6.710 ; 7.214 ; 7.381  ;
; op[0]      ; output[7]   ; 5.678 ; 5.813 ; 6.432 ; 6.619  ;
; op[0]      ; output[8]   ; 7.495 ; 7.812 ; 8.166 ; 8.483  ;
; op[0]      ; output[9]   ; 6.031 ; 6.212 ; 6.764 ; 6.964  ;
; op[0]      ; output[10]  ; 6.634 ; 6.797 ; 7.248 ; 7.411  ;
; op[0]      ; output[11]  ; 6.505 ; 6.840 ; 7.176 ; 7.504  ;
; op[0]      ; output[12]  ; 6.232 ; 6.422 ; 6.847 ; 7.044  ;
; op[0]      ; output[13]  ; 5.918 ; 6.154 ; 6.589 ; 6.825  ;
; op[0]      ; output[14]  ; 5.724 ; 5.891 ; 6.338 ; 6.479  ;
; op[0]      ; output[15]  ; 6.121 ; 6.368 ; 6.792 ; 7.039  ;
; op[0]      ; output[16]  ; 6.768 ; 7.025 ; 7.366 ; 7.618  ;
; op[0]      ; output[17]  ; 5.794 ; 5.945 ; 6.372 ; 6.524  ;
; op[0]      ; output[18]  ; 6.194 ; 6.403 ; 6.833 ; 7.020  ;
; op[0]      ; output[19]  ; 6.096 ; 6.367 ; 6.767 ; 7.038  ;
; op[0]      ; output[20]  ; 6.701 ; 6.857 ; 7.341 ; 7.528  ;
; op[0]      ; output[21]  ; 6.622 ; 6.906 ; 7.293 ; 7.577  ;
; op[0]      ; output[22]  ; 5.603 ; 5.842 ; 6.274 ; 6.514  ;
; op[0]      ; output[23]  ; 6.283 ; 6.518 ; 6.926 ; 7.168  ;
; op[0]      ; output[24]  ; 5.707 ; 5.883 ; 6.378 ; 6.554  ;
; op[0]      ; output[25]  ; 5.820 ; 5.991 ; 6.491 ; 6.662  ;
; op[0]      ; output[26]  ; 6.335 ; 6.646 ; 7.006 ; 7.310  ;
; op[0]      ; output[27]  ; 6.577 ; 6.864 ; 7.248 ; 7.535  ;
; op[0]      ; output[28]  ; 6.739 ; 6.997 ; 7.468 ; 7.745  ;
; op[0]      ; output[29]  ; 6.005 ; 6.186 ; 6.676 ; 6.857  ;
; op[0]      ; output[30]  ; 6.171 ; 6.342 ; 6.950 ; 7.084  ;
; op[0]      ; output[31]  ; 5.787 ; 6.005 ; 6.458 ; 6.669  ;
; op[1]      ; output[0]   ; 4.577 ; 4.690 ; 4.771 ; 4.884  ;
; op[1]      ; output[1]   ; 5.666 ; 5.916 ; 5.860 ; 6.110  ;
; op[1]      ; output[2]   ; 4.373 ; 4.502 ; 4.567 ; 4.696  ;
; op[1]      ; output[3]   ; 6.357 ; 6.588 ; 6.551 ; 6.782  ;
; op[1]      ; output[4]   ; 4.846 ; 5.053 ; 5.040 ; 5.247  ;
; op[1]      ; output[5]   ; 5.643 ; 5.868 ; 5.837 ; 6.062  ;
; op[1]      ; output[6]   ; 5.540 ; 5.707 ; 5.734 ; 5.901  ;
; op[1]      ; output[7]   ; 4.593 ; 4.728 ; 4.787 ; 4.922  ;
; op[1]      ; output[8]   ; 6.496 ; 6.770 ; 6.690 ; 6.964  ;
; op[1]      ; output[9]   ; 4.946 ; 5.127 ; 5.140 ; 5.321  ;
; op[1]      ; output[10]  ; 5.490 ; 5.653 ; 5.684 ; 5.847  ;
; op[1]      ; output[11]  ; 5.605 ; 5.868 ; 5.799 ; 6.062  ;
; op[1]      ; output[12]  ; 5.089 ; 5.286 ; 5.283 ; 5.480  ;
; op[1]      ; output[13]  ; 4.960 ; 5.205 ; 5.154 ; 5.399  ;
; op[1]      ; output[14]  ; 4.580 ; 4.721 ; 4.774 ; 4.915  ;
; op[1]      ; output[15]  ; 5.293 ; 5.503 ; 5.487 ; 5.697  ;
; op[1]      ; output[16]  ; 5.608 ; 5.860 ; 5.802 ; 6.054  ;
; op[1]      ; output[17]  ; 4.614 ; 4.766 ; 4.808 ; 4.960  ;
; op[1]      ; output[18]  ; 5.075 ; 5.262 ; 5.269 ; 5.456  ;
; op[1]      ; output[19]  ; 5.416 ; 5.681 ; 5.610 ; 5.875  ;
; op[1]      ; output[20]  ; 5.583 ; 5.798 ; 5.777 ; 5.992  ;
; op[1]      ; output[21]  ; 5.614 ; 5.834 ; 5.808 ; 6.028  ;
; op[1]      ; output[22]  ; 4.593 ; 4.757 ; 4.787 ; 4.951  ;
; op[1]      ; output[23]  ; 5.168 ; 5.410 ; 5.362 ; 5.604  ;
; op[1]      ; output[24]  ; 4.679 ; 4.842 ; 4.873 ; 5.036  ;
; op[1]      ; output[25]  ; 5.149 ; 5.320 ; 5.350 ; 5.521  ;
; op[1]      ; output[26]  ; 5.366 ; 5.612 ; 5.560 ; 5.806  ;
; op[1]      ; output[27]  ; 5.723 ; 6.004 ; 5.917 ; 6.198  ;
; op[1]      ; output[28]  ; 5.654 ; 5.912 ; 5.848 ; 6.106  ;
; op[1]      ; output[29]  ; 4.995 ; 5.173 ; 5.189 ; 5.367  ;
; op[1]      ; output[30]  ; 5.086 ; 5.257 ; 5.280 ; 5.451  ;
; op[1]      ; output[31]  ; 5.016 ; 5.177 ; 5.210 ; 5.371  ;
; op[2]      ; output[0]   ; 5.478 ; 5.698 ; 6.119 ; 6.206  ;
; op[2]      ; output[1]   ; 6.501 ; 6.762 ; 7.109 ; 7.377  ;
; op[2]      ; output[2]   ; 5.483 ; 5.618 ; 6.068 ; 6.210  ;
; op[2]      ; output[3]   ; 7.250 ; 7.383 ; 7.761 ; 8.127  ;
; op[2]      ; output[4]   ; 6.024 ; 6.224 ; 6.654 ; 6.861  ;
; op[2]      ; output[5]   ; 6.714 ; 6.939 ; 7.441 ; 7.666  ;
; op[2]      ; output[6]   ; 6.675 ; 6.842 ; 7.253 ; 7.420  ;
; op[2]      ; output[7]   ; 5.664 ; 5.799 ; 6.391 ; 6.526  ;
; op[2]      ; output[8]   ; 7.565 ; 7.901 ; 8.205 ; 8.522  ;
; op[2]      ; output[9]   ; 6.017 ; 6.198 ; 6.744 ; 6.925  ;
; op[2]      ; output[10]  ; 6.664 ; 6.827 ; 7.298 ; 7.461  ;
; op[2]      ; output[11]  ; 6.676 ; 6.880 ; 7.215 ; 7.552  ;
; op[2]      ; output[12]  ; 6.262 ; 6.452 ; 6.897 ; 7.094  ;
; op[2]      ; output[13]  ; 6.031 ; 6.276 ; 6.628 ; 6.864  ;
; op[2]      ; output[14]  ; 5.754 ; 5.921 ; 6.388 ; 6.529  ;
; op[2]      ; output[15]  ; 6.196 ; 6.436 ; 6.831 ; 7.078  ;
; op[2]      ; output[16]  ; 6.798 ; 7.069 ; 7.416 ; 7.668  ;
; op[2]      ; output[17]  ; 5.830 ; 5.975 ; 6.422 ; 6.574  ;
; op[2]      ; output[18]  ; 6.253 ; 6.433 ; 6.883 ; 7.070  ;
; op[2]      ; output[19]  ; 6.171 ; 6.462 ; 6.806 ; 7.077  ;
; op[2]      ; output[20]  ; 6.741 ; 6.978 ; 7.391 ; 7.567  ;
; op[2]      ; output[21]  ; 6.685 ; 6.905 ; 7.332 ; 7.616  ;
; op[2]      ; output[22]  ; 5.664 ; 5.828 ; 6.313 ; 6.553  ;
; op[2]      ; output[23]  ; 6.313 ; 6.548 ; 6.976 ; 7.218  ;
; op[2]      ; output[24]  ; 5.808 ; 6.003 ; 6.417 ; 6.593  ;
; op[2]      ; output[25]  ; 5.897 ; 6.088 ; 6.530 ; 6.701  ;
; op[2]      ; output[26]  ; 6.437 ; 6.683 ; 7.045 ; 7.410  ;
; op[2]      ; output[27]  ; 6.677 ; 6.957 ; 7.287 ; 7.574  ;
; op[2]      ; output[28]  ; 6.725 ; 6.983 ; 7.450 ; 7.710  ;
; op[2]      ; output[29]  ; 6.066 ; 6.244 ; 6.715 ; 6.896  ;
; op[2]      ; output[30]  ; 6.157 ; 6.328 ; 6.884 ; 7.055  ;
; op[2]      ; output[31]  ; 5.958 ; 6.045 ; 6.497 ; 6.813  ;
; op[3]      ; output[0]   ; 5.428 ; 5.648 ; 6.071 ; 6.158  ;
; op[3]      ; output[1]   ; 6.451 ; 6.712 ; 7.061 ; 7.329  ;
; op[3]      ; output[2]   ; 5.337 ; 5.466 ; 5.997 ; 6.126  ;
; op[3]      ; output[3]   ; 7.200 ; 7.333 ; 7.713 ; 8.079  ;
; op[3]      ; output[4]   ; 5.810 ; 6.017 ; 6.470 ; 6.677  ;
; op[3]      ; output[5]   ; 6.598 ; 6.823 ; 7.288 ; 7.513  ;
; op[3]      ; output[6]   ; 6.504 ; 6.671 ; 7.164 ; 7.331  ;
; op[3]      ; output[7]   ; 5.548 ; 5.683 ; 6.238 ; 6.373  ;
; op[3]      ; output[8]   ; 7.460 ; 7.734 ; 8.120 ; 8.394  ;
; op[3]      ; output[9]   ; 5.901 ; 6.082 ; 6.591 ; 6.772  ;
; op[3]      ; output[10]  ; 6.454 ; 6.617 ; 7.114 ; 7.277  ;
; op[3]      ; output[11]  ; 6.560 ; 6.823 ; 7.167 ; 7.504  ;
; op[3]      ; output[12]  ; 6.053 ; 6.250 ; 6.713 ; 6.910  ;
; op[3]      ; output[13]  ; 5.915 ; 6.160 ; 6.580 ; 6.816  ;
; op[3]      ; output[14]  ; 5.544 ; 5.685 ; 6.204 ; 6.345  ;
; op[3]      ; output[15]  ; 6.146 ; 6.386 ; 6.783 ; 7.030  ;
; op[3]      ; output[16]  ; 6.572 ; 6.824 ; 7.232 ; 7.484  ;
; op[3]      ; output[17]  ; 5.578 ; 5.730 ; 6.238 ; 6.390  ;
; op[3]      ; output[18]  ; 6.039 ; 6.226 ; 6.699 ; 6.886  ;
; op[3]      ; output[19]  ; 6.121 ; 6.412 ; 6.758 ; 7.029  ;
; op[3]      ; output[20]  ; 6.547 ; 6.762 ; 7.207 ; 7.422  ;
; op[3]      ; output[21]  ; 6.569 ; 6.789 ; 7.259 ; 7.479  ;
; op[3]      ; output[22]  ; 5.548 ; 5.712 ; 6.238 ; 6.402  ;
; op[3]      ; output[23]  ; 6.132 ; 6.374 ; 6.792 ; 7.034  ;
; op[3]      ; output[24]  ; 5.643 ; 5.806 ; 6.303 ; 6.466  ;
; op[3]      ; output[25]  ; 5.847 ; 6.038 ; 6.482 ; 6.653  ;
; op[3]      ; output[26]  ; 6.321 ; 6.567 ; 6.997 ; 7.257  ;
; op[3]      ; output[27]  ; 6.627 ; 6.907 ; 7.239 ; 7.526  ;
; op[3]      ; output[28]  ; 6.609 ; 6.867 ; 7.299 ; 7.557  ;
; op[3]      ; output[29]  ; 5.950 ; 6.128 ; 6.640 ; 6.818  ;
; op[3]      ; output[30]  ; 6.041 ; 6.212 ; 6.731 ; 6.902  ;
; op[3]      ; output[31]  ; 5.908 ; 5.995 ; 6.449 ; 6.765  ;
+------------+-------------+-------+-------+-------+--------+


---------------------------------------------
; Fast 1200mV 0C Model Metastability Report ;
---------------------------------------------
No synchronizer chains to report.


+----------------------------------------------------------------------------+
; Multicorner Timing Analysis Summary                                        ;
+------------------+-------+------+----------+---------+---------------------+
; Clock            ; Setup ; Hold ; Recovery ; Removal ; Minimum Pulse Width ;
+------------------+-------+------+----------+---------+---------------------+
; Worst-case Slack ; N/A   ; N/A  ; N/A      ; N/A     ; N/A                 ;
; Design-wide TNS  ; 0.0   ; 0.0  ; 0.0      ; 0.0     ; 0.0                 ;
+------------------+-------+------+----------+---------+---------------------+


+--------------------------------------------------------------+
; Progagation Delay                                            ;
+------------+-------------+--------+--------+--------+--------+
; Input Port ; Output Port ; RR     ; RF     ; FR     ; FF     ;
+------------+-------------+--------+--------+--------+--------+
; a[0]       ; output[0]   ; 18.543 ; 18.503 ; 18.937 ; 18.959 ;
; a[0]       ; output[1]   ; 18.217 ; 17.993 ; 18.623 ; 18.449 ;
; a[0]       ; output[2]   ; 15.282 ; 15.435 ; 15.498 ; 15.589 ;
; a[0]       ; output[3]   ; 20.730 ; 20.351 ; 21.186 ; 20.807 ;
; a[0]       ; output[4]   ; 16.164 ; 15.912 ; 16.318 ; 16.089 ;
; a[0]       ; output[5]   ; 18.465 ; 17.771 ; 18.921 ; 18.227 ;
; a[0]       ; output[6]   ; 17.252 ; 16.453 ; 17.406 ; 16.669 ;
; a[0]       ; output[7]   ; 14.423 ; 14.321 ; 14.874 ; 14.777 ;
; a[0]       ; output[8]   ; 18.790 ; 18.227 ; 18.944 ; 18.443 ;
; a[0]       ; output[9]   ; 16.536 ; 15.979 ; 16.845 ; 16.288 ;
; a[0]       ; output[10]  ; 17.385 ; 16.660 ; 17.539 ; 16.876 ;
; a[0]       ; output[11]  ; 18.424 ; 18.078 ; 18.593 ; 18.248 ;
; a[0]       ; output[12]  ; 17.235 ; 16.649 ; 17.389 ; 16.865 ;
; a[0]       ; output[13]  ; 17.870 ; 17.722 ; 17.961 ; 17.853 ;
; a[0]       ; output[14]  ; 15.190 ; 15.077 ; 15.344 ; 15.231 ;
; a[0]       ; output[15]  ; 18.471 ; 18.153 ; 18.927 ; 18.609 ;
; a[0]       ; output[16]  ; 18.688 ; 18.359 ; 18.842 ; 18.513 ;
; a[0]       ; output[17]  ; 16.841 ; 16.371 ; 17.297 ; 16.765 ;
; a[0]       ; output[18]  ; 18.566 ; 18.109 ; 18.720 ; 18.263 ;
; a[0]       ; output[19]  ; 19.004 ; 18.426 ; 19.460 ; 18.820 ;
; a[0]       ; output[20]  ; 19.642 ; 19.180 ; 19.858 ; 19.334 ;
; a[0]       ; output[21]  ; 19.939 ; 19.406 ; 20.395 ; 19.862 ;
; a[0]       ; output[22]  ; 17.148 ; 17.000 ; 17.364 ; 17.154 ;
; a[0]       ; output[23]  ; 19.514 ; 19.030 ; 19.970 ; 19.424 ;
; a[0]       ; output[24]  ; 16.900 ; 16.672 ; 17.054 ; 16.826 ;
; a[0]       ; output[25]  ; 19.022 ; 18.445 ; 19.478 ; 18.839 ;
; a[0]       ; output[26]  ; 18.531 ; 18.124 ; 18.685 ; 18.278 ;
; a[0]       ; output[27]  ; 19.836 ; 19.260 ; 20.292 ; 19.716 ;
; a[0]       ; output[28]  ; 21.668 ; 21.115 ; 21.822 ; 21.269 ;
; a[0]       ; output[29]  ; 18.258 ; 17.831 ; 18.714 ; 18.287 ;
; a[0]       ; output[30]  ; 19.309 ; 18.751 ; 19.463 ; 18.905 ;
; a[0]       ; output[31]  ; 17.953 ; 17.508 ; 18.409 ; 17.902 ;
; a[1]       ; output[0]   ; 17.483 ; 17.443 ; 17.686 ; 17.708 ;
; a[1]       ; output[1]   ; 17.131 ; 16.645 ; 17.443 ; 16.921 ;
; a[1]       ; output[2]   ; 14.339 ; 14.375 ; 14.247 ; 14.338 ;
; a[1]       ; output[3]   ; 19.670 ; 19.291 ; 19.935 ; 19.556 ;
; a[1]       ; output[4]   ; 17.396 ; 14.852 ; 15.067 ; 17.261 ;
; a[1]       ; output[5]   ; 18.159 ; 17.465 ; 18.169 ; 17.468 ;
; a[1]       ; output[6]   ; 17.203 ; 15.393 ; 16.155 ; 16.614 ;
; a[1]       ; output[7]   ; 14.866 ; 14.769 ; 15.081 ; 14.969 ;
; a[1]       ; output[8]   ; 19.097 ; 17.167 ; 17.693 ; 18.707 ;
; a[1]       ; output[9]   ; 17.100 ; 16.543 ; 17.109 ; 16.545 ;
; a[1]       ; output[10]  ; 18.061 ; 15.600 ; 16.288 ; 17.496 ;
; a[1]       ; output[11]  ; 18.966 ; 18.620 ; 19.039 ; 18.694 ;
; a[1]       ; output[12]  ; 18.729 ; 15.589 ; 16.138 ; 18.137 ;
; a[1]       ; output[13]  ; 18.434 ; 18.286 ; 18.387 ; 18.279 ;
; a[1]       ; output[14]  ; 15.641 ; 14.017 ; 14.093 ; 15.678 ;
; a[1]       ; output[15]  ; 18.384 ; 18.066 ; 18.692 ; 18.161 ;
; a[1]       ; output[16]  ; 20.610 ; 17.299 ; 17.591 ; 19.991 ;
; a[1]       ; output[17]  ; 15.781 ; 15.311 ; 16.046 ; 15.514 ;
; a[1]       ; output[18]  ; 17.506 ; 17.049 ; 17.469 ; 17.012 ;
; a[1]       ; output[19]  ; 17.944 ; 17.366 ; 18.209 ; 17.569 ;
; a[1]       ; output[20]  ; 18.926 ; 18.120 ; 18.607 ; 18.446 ;
; a[1]       ; output[21]  ; 18.879 ; 18.346 ; 19.144 ; 18.611 ;
; a[1]       ; output[22]  ; 16.088 ; 15.940 ; 16.113 ; 15.903 ;
; a[1]       ; output[23]  ; 18.454 ; 17.970 ; 18.719 ; 18.173 ;
; a[1]       ; output[24]  ; 16.732 ; 15.612 ; 15.803 ; 16.389 ;
; a[1]       ; output[25]  ; 17.962 ; 17.385 ; 18.227 ; 17.588 ;
; a[1]       ; output[26]  ; 18.276 ; 17.064 ; 17.434 ; 17.772 ;
; a[1]       ; output[27]  ; 18.776 ; 18.200 ; 19.041 ; 18.465 ;
; a[1]       ; output[28]  ; 21.735 ; 21.182 ; 21.738 ; 21.170 ;
; a[1]       ; output[29]  ; 18.429 ; 18.002 ; 18.326 ; 17.964 ;
; a[1]       ; output[30]  ; 19.900 ; 19.342 ; 19.884 ; 19.391 ;
; a[1]       ; output[31]  ; 17.951 ; 16.448 ; 17.158 ; 17.764 ;
; a[2]       ; output[0]   ; 17.984 ; 17.944 ; 18.447 ; 18.469 ;
; a[2]       ; output[1]   ; 17.390 ; 16.904 ; 17.680 ; 17.158 ;
; a[2]       ; output[2]   ; 16.957 ; 16.838 ; 16.960 ; 16.715 ;
; a[2]       ; output[3]   ; 20.171 ; 19.792 ; 20.696 ; 20.317 ;
; a[2]       ; output[4]   ; 17.611 ; 15.353 ; 15.828 ; 17.505 ;
; a[2]       ; output[5]   ; 20.156 ; 19.462 ; 20.039 ; 19.338 ;
; a[2]       ; output[6]   ; 17.418 ; 15.894 ; 16.916 ; 16.858 ;
; a[2]       ; output[7]   ; 14.875 ; 14.778 ; 15.083 ; 14.971 ;
; a[2]       ; output[8]   ; 19.312 ; 17.668 ; 18.454 ; 18.951 ;
; a[2]       ; output[9]   ; 21.357 ; 20.800 ; 21.043 ; 20.479 ;
; a[2]       ; output[10]  ; 18.276 ; 16.101 ; 17.049 ; 17.740 ;
; a[2]       ; output[11]  ; 18.975 ; 18.629 ; 19.041 ; 18.696 ;
; a[2]       ; output[12]  ; 18.944 ; 16.090 ; 16.899 ; 18.381 ;
; a[2]       ; output[13]  ; 20.414 ; 20.266 ; 20.232 ; 20.124 ;
; a[2]       ; output[14]  ; 15.856 ; 14.518 ; 14.854 ; 15.922 ;
; a[2]       ; output[15]  ; 18.393 ; 18.075 ; 18.694 ; 18.163 ;
; a[2]       ; output[16]  ; 20.825 ; 17.800 ; 18.352 ; 20.235 ;
; a[2]       ; output[17]  ; 20.281 ; 15.812 ; 16.807 ; 19.776 ;
; a[2]       ; output[18]  ; 18.007 ; 17.550 ; 18.230 ; 17.773 ;
; a[2]       ; output[19]  ; 18.445 ; 17.867 ; 18.970 ; 18.330 ;
; a[2]       ; output[20]  ; 19.141 ; 18.621 ; 19.368 ; 18.844 ;
; a[2]       ; output[21]  ; 20.326 ; 19.793 ; 20.356 ; 19.816 ;
; a[2]       ; output[22]  ; 16.589 ; 16.441 ; 16.874 ; 16.664 ;
; a[2]       ; output[23]  ; 18.955 ; 18.471 ; 19.480 ; 18.934 ;
; a[2]       ; output[24]  ; 16.947 ; 16.113 ; 16.564 ; 16.633 ;
; a[2]       ; output[25]  ; 21.113 ; 17.886 ; 18.988 ; 20.469 ;
; a[2]       ; output[26]  ; 18.491 ; 17.565 ; 18.195 ; 18.016 ;
; a[2]       ; output[27]  ; 19.277 ; 18.701 ; 19.802 ; 19.226 ;
; a[2]       ; output[28]  ; 21.950 ; 21.397 ; 21.982 ; 21.414 ;
; a[2]       ; output[29]  ; 20.409 ; 19.982 ; 20.171 ; 19.809 ;
; a[2]       ; output[30]  ; 20.115 ; 19.557 ; 20.128 ; 19.635 ;
; a[2]       ; output[31]  ; 17.960 ; 16.949 ; 17.919 ; 17.766 ;
; a[3]       ; output[0]   ; 17.982 ; 17.942 ; 18.219 ; 18.241 ;
; a[3]       ; output[1]   ; 18.015 ;        ;        ; 17.721 ;
; a[3]       ; output[2]   ; 16.829 ; 16.710 ; 16.776 ; 16.531 ;
; a[3]       ; output[3]   ; 19.736 ; 19.357 ; 19.962 ; 19.583 ;
; a[3]       ; output[4]   ; 17.942 ; 15.351 ; 15.600 ; 17.746 ;
; a[3]       ; output[5]   ; 19.873 ; 19.179 ; 19.797 ; 19.096 ;
; a[3]       ; output[6]   ; 17.883 ; 15.892 ; 16.688 ; 17.301 ;
; a[3]       ; output[7]   ; 14.592 ; 14.495 ; 14.841 ; 14.729 ;
; a[3]       ; output[8]   ; 19.643 ; 17.666 ; 18.226 ; 19.192 ;
; a[3]       ; output[9]   ; 21.074 ; 20.517 ; 20.801 ; 20.237 ;
; a[3]       ; output[10]  ; 19.573 ; 16.099 ; 16.821 ; 18.995 ;
; a[3]       ; output[11]  ; 18.692 ; 18.346 ; 18.799 ; 18.454 ;
; a[3]       ; output[12]  ; 19.275 ; 16.088 ; 16.671 ; 18.622 ;
; a[3]       ; output[13]  ; 20.131 ; 19.983 ; 19.990 ; 19.882 ;
; a[3]       ; output[14]  ; 16.299 ; 14.516 ; 14.626 ; 16.335 ;
; a[3]       ; output[15]  ; 18.110 ; 17.792 ; 18.452 ; 17.921 ;
; a[3]       ; output[16]  ; 21.156 ; 17.798 ; 18.124 ; 20.476 ;
; a[3]       ; output[17]  ; 19.998 ; 15.810 ; 16.579 ; 19.534 ;
; a[3]       ; output[18]  ; 19.309 ; 17.548 ; 18.002 ; 18.878 ;
; a[3]       ; output[19]  ; 18.443 ; 17.865 ; 18.742 ; 18.102 ;
; a[3]       ; output[20]  ; 19.472 ; 18.619 ; 19.140 ; 18.931 ;
; a[3]       ; output[21]  ; 20.043 ; 19.510 ; 20.114 ; 19.574 ;
; a[3]       ; output[22]  ; 16.587 ; 16.439 ; 16.646 ; 16.436 ;
; a[3]       ; output[23]  ; 18.953 ; 18.469 ; 19.252 ; 18.706 ;
; a[3]       ; output[24]  ; 17.278 ; 16.111 ; 16.336 ; 16.874 ;
; a[3]       ; output[25]  ; 20.830 ; 17.884 ; 18.760 ; 20.227 ;
; a[3]       ; output[26]  ; 19.788 ; 17.563 ; 17.967 ; 19.271 ;
; a[3]       ; output[27]  ; 19.275 ; 18.699 ; 19.574 ; 18.998 ;
; a[3]       ; output[28]  ; 22.281 ; 21.728 ; 22.223 ; 21.655 ;
; a[3]       ; output[29]  ; 20.126 ; 19.699 ; 19.929 ; 19.567 ;
; a[3]       ; output[30]  ; 20.558 ; 20.000 ; 20.541 ; 20.048 ;
; a[3]       ; output[31]  ; 17.677 ; 16.947 ; 17.691 ; 17.524 ;
; a[4]       ; output[0]   ; 17.447 ; 17.407 ; 17.924 ; 17.946 ;
; a[4]       ; output[1]   ; 17.764 ;        ;        ; 17.451 ;
; a[4]       ; output[2]   ; 15.242 ; 15.123 ; 15.357 ; 15.112 ;
; a[4]       ; output[3]   ; 18.592 ; 17.958 ; 18.733 ; 18.063 ;
; a[4]       ; output[4]   ; 17.812 ; 17.560 ; 17.747 ; 17.624 ;
; a[4]       ; output[5]   ; 18.063 ; 17.369 ; 18.059 ; 17.358 ;
; a[4]       ; output[6]   ; 17.698 ; 15.357 ; 16.393 ; 17.106 ;
; a[4]       ; output[7]   ; 14.156 ; 14.059 ; 14.317 ; 14.205 ;
; a[4]       ; output[8]   ; 19.458 ; 17.131 ; 17.931 ; 18.997 ;
; a[4]       ; output[9]   ; 19.264 ; 18.707 ; 19.063 ; 18.499 ;
; a[4]       ; output[10]  ; 19.388 ; 15.564 ; 16.526 ; 18.800 ;
; a[4]       ; output[11]  ; 19.004 ; 18.658 ; 19.053 ; 18.708 ;
; a[4]       ; output[12]  ; 19.090 ; 15.553 ; 16.376 ; 18.427 ;
; a[4]       ; output[13]  ; 18.321 ; 18.173 ; 18.252 ; 18.144 ;
; a[4]       ; output[14]  ; 16.114 ; 13.981 ; 14.331 ; 16.140 ;
; a[4]       ; output[15]  ; 17.615 ; 17.297 ; 17.914 ; 17.596 ;
; a[4]       ; output[16]  ; 20.971 ; 17.263 ; 17.829 ; 20.281 ;
; a[4]       ; output[17]  ; 18.188 ; 15.275 ; 16.284 ; 17.796 ;
; a[4]       ; output[18]  ; 19.124 ; 17.013 ; 17.707 ; 18.683 ;
; a[4]       ; output[19]  ; 17.908 ; 17.330 ; 18.447 ; 17.807 ;
; a[4]       ; output[20]  ; 19.287 ; 18.084 ; 18.845 ; 18.736 ;
; a[4]       ; output[21]  ; 18.843 ; 18.310 ; 19.382 ; 18.849 ;
; a[4]       ; output[22]  ; 16.138 ; 15.904 ; 16.351 ; 16.141 ;
; a[4]       ; output[23]  ; 18.418 ; 17.934 ; 18.957 ; 18.411 ;
; a[4]       ; output[24]  ; 17.093 ; 15.576 ; 16.041 ; 16.679 ;
; a[4]       ; output[25]  ; 19.020 ; 17.349 ; 18.465 ; 18.489 ;
; a[4]       ; output[26]  ; 19.603 ; 17.028 ; 17.672 ; 19.076 ;
; a[4]       ; output[27]  ; 18.740 ; 18.164 ; 19.279 ; 18.703 ;
; a[4]       ; output[28]  ; 22.096 ; 21.543 ; 22.028 ; 21.460 ;
; a[4]       ; output[29]  ; 18.316 ; 17.889 ; 18.191 ; 17.829 ;
; a[4]       ; output[30]  ; 20.373 ; 19.815 ; 20.346 ; 19.853 ;
; a[4]       ; output[31]  ; 17.182 ; 16.412 ; 17.396 ; 16.919 ;
; a[5]       ; output[0]   ; 17.864 ; 17.824 ; 17.935 ; 17.957 ;
; a[5]       ; output[1]   ; 18.800 ;        ;        ; 18.342 ;
; a[5]       ; output[2]   ; 15.630 ; 15.511 ; 15.718 ; 15.473 ;
; a[5]       ; output[3]   ; 17.132 ;        ;        ; 16.619 ;
; a[5]       ; output[4]   ; 18.200 ; 17.948 ; 18.108 ; 17.985 ;
; a[5]       ; output[5]   ; 18.475 ; 17.794 ; 18.420 ; 17.856 ;
; a[5]       ; output[6]   ; 16.779 ; 15.774 ; 16.404 ; 16.185 ;
; a[5]       ; output[7]   ; 14.568 ; 14.471 ; 14.659 ; 14.547 ;
; a[5]       ; output[8]   ; 19.382 ; 17.548 ; 17.942 ; 19.046 ;
; a[5]       ; output[9]   ; 19.676 ; 19.119 ; 19.405 ; 18.841 ;
; a[5]       ; output[10]  ; 18.469 ; 15.981 ; 16.537 ; 17.879 ;
; a[5]       ; output[11]  ; 19.416 ; 19.070 ; 19.395 ; 19.050 ;
; a[5]       ; output[12]  ; 19.161 ; 15.970 ; 16.387 ; 18.505 ;
; a[5]       ; output[13]  ; 18.733 ; 18.585 ; 18.594 ; 18.486 ;
; a[5]       ; output[14]  ; 15.195 ; 14.398 ; 14.342 ; 15.219 ;
; a[5]       ; output[15]  ; 18.027 ; 17.709 ; 18.189 ; 17.658 ;
; a[5]       ; output[16]  ; 20.895 ; 17.680 ; 17.840 ; 20.330 ;
; a[5]       ; output[17]  ; 18.600 ; 15.692 ; 16.295 ; 18.138 ;
; a[5]       ; output[18]  ; 18.205 ; 17.430 ; 17.718 ; 17.762 ;
; a[5]       ; output[19]  ; 18.325 ; 17.747 ; 18.458 ; 17.818 ;
; a[5]       ; output[20]  ; 18.963 ; 18.501 ; 18.856 ; 18.332 ;
; a[5]       ; output[21]  ; 19.260 ; 18.727 ; 19.393 ; 18.860 ;
; a[5]       ; output[22]  ; 16.469 ; 16.321 ; 16.362 ; 16.152 ;
; a[5]       ; output[23]  ; 18.835 ; 18.351 ; 18.968 ; 18.422 ;
; a[5]       ; output[24]  ; 17.017 ; 15.993 ; 16.052 ; 16.728 ;
; a[5]       ; output[25]  ; 19.432 ; 17.766 ; 18.476 ; 18.831 ;
; a[5]       ; output[26]  ; 18.684 ; 17.445 ; 17.683 ; 18.155 ;
; a[5]       ; output[27]  ; 19.157 ; 18.581 ; 19.290 ; 18.714 ;
; a[5]       ; output[28]  ; 22.167 ; 21.614 ; 22.106 ; 21.538 ;
; a[5]       ; output[29]  ; 18.728 ; 18.301 ; 18.533 ; 18.171 ;
; a[5]       ; output[30]  ; 19.454 ; 18.896 ; 19.425 ; 18.932 ;
; a[5]       ; output[31]  ; 17.594 ; 16.829 ; 17.407 ; 17.261 ;
; a[6]       ; output[0]   ; 18.009 ; 17.720 ; 18.262 ; 18.284 ;
; a[6]       ; output[1]   ; 19.003 ;        ;        ; 18.652 ;
; a[6]       ; output[2]   ; 14.493 ; 14.964 ; 15.270 ; 14.581 ;
; a[6]       ; output[3]   ; 17.335 ;        ;        ; 16.929 ;
; a[6]       ; output[4]   ; 19.262 ; 19.010 ; 19.198 ; 19.075 ;
; a[6]       ; output[5]   ; 18.605 ; 17.997 ; 18.730 ; 18.166 ;
; a[6]       ; output[6]   ; 17.045 ; 15.241 ; 16.277 ; 16.567 ;
; a[6]       ; output[7]   ; 15.099 ; 15.002 ; 15.356 ; 15.244 ;
; a[6]       ; output[8]   ; 19.648 ; 17.444 ; 18.269 ; 19.428 ;
; a[6]       ; output[9]   ; 19.538 ; 18.981 ; 19.517 ; 18.953 ;
; a[6]       ; output[10]  ; 18.735 ; 15.877 ; 16.864 ; 18.261 ;
; a[6]       ; output[11]  ; 19.947 ; 19.601 ; 20.092 ; 19.747 ;
; a[6]       ; output[12]  ; 19.427 ; 15.866 ; 16.714 ; 18.887 ;
; a[6]       ; output[13]  ; 18.844 ; 18.696 ; 18.970 ; 18.862 ;
; a[6]       ; output[14]  ; 15.461 ; 14.294 ; 14.669 ; 15.601 ;
; a[6]       ; output[15]  ; 18.558 ; 18.240 ; 18.886 ; 18.355 ;
; a[6]       ; output[16]  ; 21.161 ; 17.576 ; 18.167 ; 20.712 ;
; a[6]       ; output[17]  ; 18.462 ; 15.588 ; 16.622 ; 18.250 ;
; a[6]       ; output[18]  ; 18.471 ; 17.326 ; 18.045 ; 18.144 ;
; a[6]       ; output[19]  ; 18.366 ; 17.643 ; 18.785 ; 18.145 ;
; a[6]       ; output[20]  ; 19.071 ; 18.397 ; 19.183 ; 18.659 ;
; a[6]       ; output[21]  ; 19.248 ; 18.715 ; 19.720 ; 19.187 ;
; a[6]       ; output[22]  ; 16.365 ; 16.217 ; 16.689 ; 16.479 ;
; a[6]       ; output[23]  ; 18.731 ; 18.247 ; 19.295 ; 18.749 ;
; a[6]       ; output[24]  ; 17.283 ; 15.889 ; 16.379 ; 17.110 ;
; a[6]       ; output[25]  ; 19.294 ; 17.662 ; 18.803 ; 18.943 ;
; a[6]       ; output[26]  ; 18.950 ; 17.341 ; 18.010 ; 18.537 ;
; a[6]       ; output[27]  ; 19.053 ; 18.477 ; 19.617 ; 19.041 ;
; a[6]       ; output[28]  ; 22.433 ; 21.880 ; 22.488 ; 21.920 ;
; a[6]       ; output[29]  ; 18.839 ; 18.412 ; 18.909 ; 18.547 ;
; a[6]       ; output[30]  ; 19.720 ; 19.162 ; 19.807 ; 19.314 ;
; a[6]       ; output[31]  ; 18.125 ; 16.725 ; 17.734 ; 17.958 ;
; a[7]       ; output[0]   ; 17.884 ; 17.071 ; 17.448 ; 17.648 ;
; a[7]       ; output[1]   ; 18.383 ;        ;        ; 18.017 ;
; a[7]       ; output[2]   ; 14.368 ; 14.839 ; 15.161 ; 14.472 ;
; a[7]       ; output[3]   ; 19.205 ; 18.571 ; 19.438 ; 18.768 ;
; a[7]       ; output[4]   ; 19.137 ; 18.885 ; 19.089 ; 18.966 ;
; a[7]       ; output[5]   ; 17.985 ; 17.377 ; 18.095 ; 17.531 ;
; a[7]       ; output[6]   ; 15.516 ; 14.882 ; 15.712 ; 15.071 ;
; a[7]       ; output[7]   ; 15.503 ; 15.279 ; 15.730 ; 15.507 ;
; a[7]       ; output[8]   ; 19.198 ; 16.795 ; 17.455 ; 18.985 ;
; a[7]       ; output[9]   ; 19.478 ; 18.921 ; 19.478 ; 18.914 ;
; a[7]       ; output[10]  ; 18.128 ; 15.228 ; 16.050 ; 17.631 ;
; a[7]       ; output[11]  ; 19.887 ; 19.541 ; 20.053 ; 19.708 ;
; a[7]       ; output[12]  ; 18.977 ; 15.217 ; 15.900 ; 18.444 ;
; a[7]       ; output[13]  ; 18.784 ; 18.636 ; 18.931 ; 18.823 ;
; a[7]       ; output[14]  ; 14.712 ; 13.645 ; 13.855 ; 14.836 ;
; a[7]       ; output[15]  ; 18.498 ; 18.180 ; 18.847 ; 18.316 ;
; a[7]       ; output[16]  ; 20.711 ; 16.927 ; 17.353 ; 20.269 ;
; a[7]       ; output[17]  ; 18.402 ; 14.939 ; 15.808 ; 18.211 ;
; a[7]       ; output[18]  ; 17.864 ; 16.677 ; 17.231 ; 17.514 ;
; a[7]       ; output[19]  ; 18.306 ; 16.994 ; 17.971 ; 18.072 ;
; a[7]       ; output[20]  ; 18.621 ; 17.748 ; 18.369 ; 18.119 ;
; a[7]       ; output[21]  ; 19.188 ; 18.655 ; 19.530 ; 18.990 ;
; a[7]       ; output[22]  ; 15.716 ; 15.568 ; 15.875 ; 15.665 ;
; a[7]       ; output[23]  ; 18.589 ; 17.598 ; 18.481 ; 18.373 ;
; a[7]       ; output[24]  ; 16.833 ; 15.240 ; 15.565 ; 16.667 ;
; a[7]       ; output[25]  ; 19.234 ; 17.013 ; 17.989 ; 18.904 ;
; a[7]       ; output[26]  ; 18.343 ; 16.692 ; 17.196 ; 17.907 ;
; a[7]       ; output[27]  ; 18.793 ; 18.217 ; 19.008 ; 18.476 ;
; a[7]       ; output[28]  ; 21.983 ; 21.430 ; 22.045 ; 21.477 ;
; a[7]       ; output[29]  ; 18.779 ; 18.352 ; 18.870 ; 18.508 ;
; a[7]       ; output[30]  ; 18.971 ; 18.413 ; 19.042 ; 18.549 ;
; a[7]       ; output[31]  ; 18.065 ; 16.076 ; 16.920 ; 17.919 ;
; a[8]       ; output[0]   ; 17.317 ; 17.277 ; 17.844 ; 17.866 ;
; a[8]       ; output[1]   ; 18.171 ;        ;        ; 17.759 ;
; a[8]       ; output[2]   ; 14.345 ; 14.816 ; 15.180 ; 14.491 ;
; a[8]       ; output[3]   ; 18.993 ; 18.359 ; 19.180 ; 18.510 ;
; a[8]       ; output[4]   ; 17.015 ; 16.763 ; 16.978 ; 16.878 ;
; a[8]       ; output[5]   ; 17.773 ; 17.165 ; 17.837 ; 17.273 ;
; a[8]       ; output[6]   ; 15.493 ; 14.859 ; 15.731 ; 15.090 ;
; a[8]       ; output[7]   ; 15.291 ; 15.067 ; 15.472 ; 15.249 ;
; a[8]       ; output[8]   ; 19.321 ; 18.863 ; 19.354 ; 18.981 ;
; a[8]       ; output[9]   ; 18.932 ; 18.375 ; 18.837 ; 18.273 ;
; a[8]       ; output[10]  ; 17.917 ; 15.434 ; 16.446 ; 17.376 ;
; a[8]       ; output[11]  ; 19.820 ; 19.474 ; 19.829 ; 19.484 ;
; a[8]       ; output[12]  ; 18.766 ; 15.423 ; 16.296 ; 18.189 ;
; a[8]       ; output[13]  ; 18.238 ; 18.090 ; 18.290 ; 18.182 ;
; a[8]       ; output[14]  ; 14.501 ; 13.851 ; 14.251 ; 14.581 ;
; a[8]       ; output[15]  ; 18.822 ; 18.504 ; 19.072 ; 18.541 ;
; a[8]       ; output[16]  ; 20.500 ; 17.133 ; 17.749 ; 20.014 ;
; a[8]       ; output[17]  ; 17.856 ; 15.145 ; 16.204 ; 17.570 ;
; a[8]       ; output[18]  ; 17.653 ; 16.883 ; 17.627 ; 17.259 ;
; a[8]       ; output[19]  ; 18.239 ; 17.200 ; 18.367 ; 17.848 ;
; a[8]       ; output[20]  ; 18.416 ; 17.954 ; 18.765 ; 18.241 ;
; a[8]       ; output[21]  ; 18.713 ; 18.180 ; 19.302 ; 18.769 ;
; a[8]       ; output[22]  ; 15.922 ; 15.774 ; 16.271 ; 16.061 ;
; a[8]       ; output[23]  ; 18.872 ; 17.804 ; 18.877 ; 18.459 ;
; a[8]       ; output[24]  ; 16.622 ; 15.446 ; 15.961 ; 16.412 ;
; a[8]       ; output[25]  ; 18.688 ; 17.219 ; 18.385 ; 18.263 ;
; a[8]       ; output[26]  ; 18.132 ; 16.898 ; 17.592 ; 17.652 ;
; a[8]       ; output[27]  ; 18.726 ; 18.150 ; 19.199 ; 18.623 ;
; a[8]       ; output[28]  ; 21.772 ; 21.219 ; 21.790 ; 21.222 ;
; a[8]       ; output[29]  ; 18.233 ; 17.806 ; 18.229 ; 17.867 ;
; a[8]       ; output[30]  ; 18.760 ; 18.202 ; 18.787 ; 18.294 ;
; a[8]       ; output[31]  ; 18.389 ; 16.282 ; 17.316 ; 18.144 ;
; a[9]       ; output[0]   ; 17.082 ; 17.042 ; 17.302 ; 17.324 ;
; a[9]       ; output[1]   ; 19.098 ;        ;        ; 18.670 ;
; a[9]       ; output[2]   ; 14.453 ; 14.924 ; 15.301 ; 14.612 ;
; a[9]       ; output[3]   ; 18.567 ; 17.933 ; 18.703 ; 18.033 ;
; a[9]       ; output[4]   ; 17.123 ; 16.871 ; 17.099 ; 16.999 ;
; a[9]       ; output[5]   ; 17.918 ; 17.310 ; 17.966 ; 17.402 ;
; a[9]       ; output[6]   ; 15.601 ; 14.967 ; 15.852 ; 15.211 ;
; a[9]       ; output[7]   ; 14.865 ; 14.641 ; 14.995 ; 14.772 ;
; a[9]       ; output[8]   ; 19.429 ; 18.971 ; 19.475 ; 19.102 ;
; a[9]       ; output[9]   ; 19.063 ; 18.506 ; 18.936 ; 18.372 ;
; a[9]       ; output[10]  ; 17.738 ; 15.199 ; 15.904 ; 17.150 ;
; a[9]       ; output[11]  ; 19.951 ; 19.605 ; 19.928 ; 19.583 ;
; a[9]       ; output[12]  ; 19.758 ; 15.188 ; 15.754 ; 19.074 ;
; a[9]       ; output[13]  ; 18.369 ; 18.221 ; 18.389 ; 18.281 ;
; a[9]       ; output[14]  ; 14.322 ; 13.616 ; 13.709 ; 14.355 ;
; a[9]       ; output[15]  ; 18.953 ; 18.635 ; 19.171 ; 18.640 ;
; a[9]       ; output[16]  ; 21.116 ; 16.898 ; 17.207 ; 20.606 ;
; a[9]       ; output[17]  ; 17.987 ; 14.910 ; 15.662 ; 17.669 ;
; a[9]       ; output[18]  ; 17.474 ; 16.648 ; 17.085 ; 17.033 ;
; a[9]       ; output[19]  ; 18.370 ; 16.965 ; 17.825 ; 17.947 ;
; a[9]       ; output[20]  ; 19.402 ; 17.719 ; 18.223 ; 18.749 ;
; a[9]       ; output[21]  ; 18.773 ; 18.240 ; 18.988 ; 18.448 ;
; a[9]       ; output[22]  ; 15.687 ; 15.539 ; 15.729 ; 15.519 ;
; a[9]       ; output[23]  ; 19.003 ; 17.569 ; 18.335 ; 18.558 ;
; a[9]       ; output[24]  ; 17.270 ; 16.978 ; 17.413 ; 17.106 ;
; a[9]       ; output[25]  ; 18.819 ; 16.984 ; 17.843 ; 18.362 ;
; a[9]       ; output[26]  ; 17.953 ; 16.663 ; 17.050 ; 17.426 ;
; a[9]       ; output[27]  ; 18.857 ; 18.281 ; 18.883 ; 18.351 ;
; a[9]       ; output[28]  ; 22.764 ; 22.211 ; 22.675 ; 22.107 ;
; a[9]       ; output[29]  ; 18.364 ; 17.937 ; 18.328 ; 17.966 ;
; a[9]       ; output[30]  ; 18.581 ; 18.023 ; 18.561 ; 18.068 ;
; a[9]       ; output[31]  ; 18.520 ; 16.047 ; 16.774 ; 18.243 ;
; a[10]      ; output[0]   ; 17.101 ; 17.061 ; 17.631 ; 17.653 ;
; a[10]      ; output[1]   ; 19.874 ;        ;        ; 19.521 ;
; a[10]      ; output[2]   ; 17.558 ; 18.029 ; 18.212 ; 17.523 ;
; a[10]      ; output[3]   ; 19.343 ; 18.709 ; 19.554 ; 18.884 ;
; a[10]      ; output[4]   ; 17.267 ; 17.015 ; 17.294 ; 17.194 ;
; a[10]      ; output[5]   ; 18.694 ; 18.086 ; 18.817 ; 18.253 ;
; a[10]      ; output[6]   ; 17.057 ;        ;        ; 16.648 ;
; a[10]      ; output[7]   ; 15.641 ; 15.417 ; 15.846 ; 15.623 ;
; a[10]      ; output[8]   ; 19.573 ; 19.115 ; 19.670 ; 19.297 ;
; a[10]      ; output[9]   ; 18.713 ; 18.258 ; 18.766 ; 18.275 ;
; a[10]      ; output[10]  ; 18.583 ; 17.786 ; 18.559 ; 18.079 ;
; a[10]      ; output[11]  ; 19.817 ; 19.471 ; 19.900 ; 19.555 ;
; a[10]      ; output[12]  ; 20.603 ; 15.207 ; 16.083 ; 20.003 ;
; a[10]      ; output[13]  ; 19.954 ; 19.806 ; 19.995 ; 19.887 ;
; a[10]      ; output[14]  ; 15.167 ; 13.635 ; 14.038 ; 15.284 ;
; a[10]      ; output[15]  ; 18.819 ; 18.501 ; 19.143 ; 18.612 ;
; a[10]      ; output[16]  ; 21.961 ; 16.917 ; 17.536 ; 21.535 ;
; a[10]      ; output[17]  ; 17.963 ; 14.929 ; 15.991 ; 17.938 ;
; a[10]      ; output[18]  ; 18.319 ; 16.667 ; 17.414 ; 17.962 ;
; a[10]      ; output[19]  ; 18.236 ; 16.984 ; 18.154 ; 17.919 ;
; a[10]      ; output[20]  ; 20.247 ; 17.738 ; 18.552 ; 19.678 ;
; a[10]      ; output[21]  ; 20.358 ; 19.825 ; 20.594 ; 20.054 ;
; a[10]      ; output[22]  ; 16.078 ; 15.558 ; 16.058 ; 15.975 ;
; a[10]      ; output[23]  ; 18.869 ; 17.588 ; 18.664 ; 18.530 ;
; a[10]      ; output[24]  ; 18.115 ; 17.823 ; 18.342 ; 18.035 ;
; a[10]      ; output[25]  ; 18.514 ; 18.088 ; 18.619 ; 18.237 ;
; a[10]      ; output[26]  ; 18.798 ; 16.682 ; 17.379 ; 18.355 ;
; a[10]      ; output[27]  ; 18.723 ; 18.147 ; 18.986 ; 18.410 ;
; a[10]      ; output[28]  ; 23.609 ; 23.056 ; 23.604 ; 23.036 ;
; a[10]      ; output[29]  ; 19.949 ; 19.522 ; 19.934 ; 19.572 ;
; a[10]      ; output[30]  ; 19.426 ; 18.868 ; 19.490 ; 18.997 ;
; a[10]      ; output[31]  ; 18.386 ; 16.066 ; 17.103 ; 18.215 ;
; a[11]      ; output[0]   ; 17.714 ; 17.674 ; 17.764 ; 17.786 ;
; a[11]      ; output[1]   ; 18.697 ;        ;        ; 18.229 ;
; a[11]      ; output[2]   ; 16.776 ; 17.247 ; 17.349 ; 16.660 ;
; a[11]      ; output[3]   ; 18.713 ;        ;        ; 18.157 ;
; a[11]      ; output[4]   ; 16.485 ; 16.233 ; 16.431 ; 16.331 ;
; a[11]      ; output[5]   ; 17.517 ; 16.909 ; 17.525 ; 16.961 ;
; a[11]      ; output[6]   ; 16.275 ;        ;        ; 15.785 ;
; a[11]      ; output[7]   ; 14.812 ; 14.588 ; 14.919 ; 14.696 ;
; a[11]      ; output[8]   ; 18.791 ; 18.333 ; 18.807 ; 18.434 ;
; a[11]      ; output[9]   ; 17.536 ; 17.081 ; 17.474 ; 16.983 ;
; a[11]      ; output[10]  ; 17.591 ; 17.004 ; 17.696 ; 17.094 ;
; a[11]      ; output[11]  ; 19.105 ; 18.759 ; 19.116 ; 18.771 ;
; a[11]      ; output[12]  ; 19.121 ; 15.820 ; 16.216 ; 18.465 ;
; a[11]      ; output[13]  ; 19.242 ; 19.094 ; 19.211 ; 19.103 ;
; a[11]      ; output[14]  ; 14.881 ; 14.248 ; 14.171 ; 14.961 ;
; a[11]      ; output[15]  ; 18.107 ; 17.789 ; 18.359 ; 17.828 ;
; a[11]      ; output[16]  ; 20.479 ; 17.530 ; 17.669 ; 19.997 ;
; a[11]      ; output[17]  ; 17.251 ; 15.542 ; 16.124 ; 17.154 ;
; a[11]      ; output[18]  ; 17.737 ; 17.280 ; 17.547 ; 17.143 ;
; a[11]      ; output[19]  ; 18.175 ; 17.597 ; 18.287 ; 17.647 ;
; a[11]      ; output[20]  ; 18.813 ; 18.351 ; 18.685 ; 18.161 ;
; a[11]      ; output[21]  ; 19.646 ; 19.113 ; 19.810 ; 19.270 ;
; a[11]      ; output[22]  ; 16.319 ; 16.171 ; 16.191 ; 15.981 ;
; a[11]      ; output[23]  ; 18.685 ; 18.201 ; 18.797 ; 18.251 ;
; a[11]      ; output[24]  ; 16.633 ; 16.341 ; 16.804 ; 16.497 ;
; a[11]      ; output[25]  ; 18.193 ; 17.616 ; 18.305 ; 17.666 ;
; a[11]      ; output[26]  ; 17.814 ; 17.295 ; 17.875 ; 17.307 ;
; a[11]      ; output[27]  ; 19.007 ; 18.431 ; 19.119 ; 18.543 ;
; a[11]      ; output[28]  ; 22.127 ; 21.574 ; 22.066 ; 21.498 ;
; a[11]      ; output[29]  ; 19.237 ; 18.810 ; 19.150 ; 18.788 ;
; a[11]      ; output[30]  ; 19.140 ; 18.582 ; 19.167 ; 18.674 ;
; a[11]      ; output[31]  ; 17.674 ; 16.679 ; 17.236 ; 17.431 ;
; a[12]      ; output[0]   ; 17.004 ; 16.373 ; 16.925 ; 16.947 ;
; a[12]      ; output[1]   ; 19.120 ;        ;        ; 18.675 ;
; a[12]      ; output[2]   ; 17.467 ; 17.938 ; 18.069 ; 17.380 ;
; a[12]      ; output[3]   ; 19.136 ;        ;        ; 18.603 ;
; a[12]      ; output[4]   ; 19.761 ; 19.509 ; 19.811 ; 19.688 ;
; a[12]      ; output[5]   ; 17.940 ; 17.332 ; 17.971 ; 17.407 ;
; a[12]      ; output[6]   ; 16.966 ;        ;        ; 16.505 ;
; a[12]      ; output[7]   ; 15.235 ; 15.011 ; 15.365 ; 15.142 ;
; a[12]      ; output[8]   ; 20.212 ; 19.754 ; 20.317 ; 19.944 ;
; a[12]      ; output[9]   ; 17.959 ; 17.504 ; 17.920 ; 17.429 ;
; a[12]      ; output[10]  ; 18.282 ; 17.695 ; 18.416 ; 17.814 ;
; a[12]      ; output[11]  ; 18.822 ;        ;        ; 18.427 ;
; a[12]      ; output[12]  ; 19.693 ; 19.081 ; 19.864 ; 19.356 ;
; a[12]      ; output[13]  ; 19.477 ; 19.329 ; 19.420 ; 19.312 ;
; a[12]      ; output[14]  ; 15.326 ; 12.947 ; 13.332 ; 15.389 ;
; a[12]      ; output[15]  ; 18.803 ; 18.485 ; 19.086 ; 18.555 ;
; a[12]      ; output[16]  ; 20.924 ; 16.229 ; 16.830 ; 20.425 ;
; a[12]      ; output[17]  ; 17.486 ; 14.241 ; 15.285 ; 17.363 ;
; a[12]      ; output[18]  ; 18.000 ; 15.979 ; 16.708 ; 17.571 ;
; a[12]      ; output[19]  ; 18.581 ; 16.296 ; 17.448 ; 18.151 ;
; a[12]      ; output[20]  ; 19.210 ; 17.050 ; 17.846 ; 18.568 ;
; a[12]      ; output[21]  ; 19.881 ; 19.348 ; 20.019 ; 19.479 ;
; a[12]      ; output[22]  ; 16.237 ; 14.870 ; 15.352 ; 16.080 ;
; a[12]      ; output[23]  ; 18.853 ; 16.900 ; 17.958 ; 18.473 ;
; a[12]      ; output[24]  ; 17.078 ; 16.786 ; 17.232 ; 16.925 ;
; a[12]      ; output[25]  ; 18.037 ; 17.611 ; 18.044 ; 17.662 ;
; a[12]      ; output[26]  ; 18.259 ; 17.698 ; 18.303 ; 17.735 ;
; a[12]      ; output[27]  ; 18.702 ; 18.139 ; 18.847 ; 18.271 ;
; a[12]      ; output[28]  ; 22.572 ; 22.019 ; 22.494 ; 21.926 ;
; a[12]      ; output[29]  ; 19.472 ; 19.045 ; 19.359 ; 18.997 ;
; a[12]      ; output[30]  ; 19.585 ; 19.027 ; 19.595 ; 19.102 ;
; a[12]      ; output[31]  ; 18.370 ; 15.378 ; 16.397 ; 18.158 ;
; a[13]      ; output[0]   ; 17.193 ; 17.153 ; 17.402 ; 17.424 ;
; a[13]      ; output[1]   ; 18.827 ;        ;        ; 18.547 ;
; a[13]      ; output[2]   ; 16.895 ; 17.366 ; 17.531 ; 16.842 ;
; a[13]      ; output[3]   ; 18.524 ;        ;        ; 18.057 ;
; a[13]      ; output[4]   ; 19.189 ; 18.937 ; 19.273 ; 19.150 ;
; a[13]      ; output[5]   ; 17.694 ;        ;        ; 17.305 ;
; a[13]      ; output[6]   ; 16.394 ;        ;        ; 15.967 ;
; a[13]      ; output[7]   ; 14.623 ; 14.399 ; 14.819 ; 14.596 ;
; a[13]      ; output[8]   ; 19.640 ; 19.182 ; 19.779 ; 19.406 ;
; a[13]      ; output[9]   ; 17.666 ; 17.211 ; 17.792 ; 17.301 ;
; a[13]      ; output[10]  ; 17.710 ; 17.123 ; 17.878 ; 17.276 ;
; a[13]      ; output[11]  ; 18.210 ;        ;        ; 17.881 ;
; a[13]      ; output[12]  ; 19.121 ; 18.509 ; 19.326 ; 18.818 ;
; a[13]      ; output[13]  ; 18.969 ; 18.821 ; 18.958 ; 18.850 ;
; a[13]      ; output[14]  ; 15.111 ; 13.727 ; 13.809 ; 15.247 ;
; a[13]      ; output[15]  ; 18.295 ; 17.977 ; 18.624 ; 18.093 ;
; a[13]      ; output[16]  ; 21.347 ; 17.009 ; 17.307 ; 20.688 ;
; a[13]      ; output[17]  ; 16.978 ; 15.021 ; 15.762 ; 16.901 ;
; a[13]      ; output[18]  ; 17.785 ; 16.759 ; 17.185 ; 17.429 ;
; a[13]      ; output[19]  ; 18.073 ; 17.076 ; 17.925 ; 17.689 ;
; a[13]      ; output[20]  ; 18.514 ; 17.830 ; 18.323 ; 17.900 ;
; a[13]      ; output[21]  ; 19.373 ; 18.840 ; 19.557 ; 19.017 ;
; a[13]      ; output[22]  ; 16.022 ; 15.650 ; 15.829 ; 15.938 ;
; a[13]      ; output[23]  ; 18.345 ; 17.680 ; 18.435 ; 18.011 ;
; a[13]      ; output[24]  ; 17.501 ; 17.209 ; 17.495 ; 17.188 ;
; a[13]      ; output[25]  ; 17.672 ; 17.103 ; 17.943 ; 17.304 ;
; a[13]      ; output[26]  ; 18.044 ; 17.483 ; 18.161 ; 17.593 ;
; a[13]      ; output[27]  ; 18.486 ; 17.910 ; 18.757 ; 18.181 ;
; a[13]      ; output[28]  ; 20.784 ; 20.231 ; 20.672 ; 20.104 ;
; a[13]      ; output[29]  ; 18.964 ; 18.537 ; 18.897 ; 18.535 ;
; a[13]      ; output[30]  ; 19.370 ; 18.812 ; 19.453 ; 18.960 ;
; a[13]      ; output[31]  ; 17.862 ; 16.158 ; 16.874 ; 17.696 ;
; a[14]      ; output[0]   ; 16.847 ; 16.807 ; 17.257 ; 17.279 ;
; a[14]      ; output[1]   ; 18.392 ;        ;        ; 18.076 ;
; a[14]      ; output[2]   ; 15.724 ; 16.195 ; 16.315 ; 15.626 ;
; a[14]      ; output[3]   ; 18.089 ;        ;        ; 17.586 ;
; a[14]      ; output[4]   ; 18.450 ; 18.198 ; 18.453 ; 18.330 ;
; a[14]      ; output[5]   ; 17.259 ;        ;        ; 16.834 ;
; a[14]      ; output[6]   ; 17.461 ; 16.827 ; 17.387 ; 16.746 ;
; a[14]      ; output[7]   ; 14.188 ; 13.964 ; 14.348 ; 14.125 ;
; a[14]      ; output[8]   ; 18.901 ; 18.443 ; 18.959 ; 18.586 ;
; a[14]      ; output[9]   ; 17.231 ; 16.776 ; 17.321 ; 16.830 ;
; a[14]      ; output[10]  ; 16.539 ; 15.952 ; 16.662 ; 16.060 ;
; a[14]      ; output[11]  ; 17.775 ;        ;        ; 17.410 ;
; a[14]      ; output[12]  ; 18.382 ; 17.770 ; 18.506 ; 17.998 ;
; a[14]      ; output[13]  ; 15.512 ;        ;        ; 15.607 ;
; a[14]      ; output[14]  ; 16.129 ; 16.016 ; 16.127 ; 16.007 ;
; a[14]      ; output[15]  ; 18.198 ; 17.880 ; 18.546 ; 18.015 ;
; a[14]      ; output[16]  ; 20.980 ; 16.663 ; 17.162 ; 20.293 ;
; a[14]      ; output[17]  ; 16.803 ; 14.675 ; 15.617 ; 16.741 ;
; a[14]      ; output[18]  ; 17.418 ; 16.413 ; 17.040 ; 17.034 ;
; a[14]      ; output[19]  ; 17.976 ; 16.730 ; 17.780 ; 17.611 ;
; a[14]      ; output[20]  ; 18.147 ; 17.484 ; 18.178 ; 17.654 ;
; a[14]      ; output[21]  ; 19.814 ; 19.281 ; 19.953 ; 19.413 ;
; a[14]      ; output[22]  ; 15.655 ; 15.304 ; 15.684 ; 15.543 ;
; a[14]      ; output[23]  ; 18.248 ; 17.334 ; 18.290 ; 17.933 ;
; a[14]      ; output[24]  ; 17.134 ; 16.842 ; 17.100 ; 16.793 ;
; a[14]      ; output[25]  ; 17.354 ; 16.928 ; 17.798 ; 17.159 ;
; a[14]      ; output[26]  ; 17.677 ; 17.116 ; 17.766 ; 17.198 ;
; a[14]      ; output[27]  ; 18.140 ; 17.564 ; 18.612 ; 18.036 ;
; a[14]      ; output[28]  ; 20.417 ; 19.864 ; 20.277 ; 19.709 ;
; a[14]      ; output[29]  ; 18.229 ; 17.802 ; 18.150 ; 17.788 ;
; a[14]      ; output[30]  ; 19.003 ; 18.445 ; 19.058 ; 18.565 ;
; a[14]      ; output[31]  ; 17.765 ; 15.812 ; 16.729 ; 17.618 ;
; a[15]      ; output[0]   ; 17.231 ; 17.353 ; 17.246 ; 17.277 ;
; a[15]      ; output[1]   ; 20.583 ;        ;        ; 20.003 ;
; a[15]      ; output[2]   ; 16.047 ; 16.518 ; 16.717 ; 16.028 ;
; a[15]      ; output[3]   ; 20.215 ;        ;        ; 19.438 ;
; a[15]      ; output[4]   ; 18.773 ; 18.521 ; 18.855 ; 18.732 ;
; a[15]      ; output[5]   ; 19.450 ;        ;        ; 18.761 ;
; a[15]      ; output[6]   ; 17.784 ; 17.150 ; 17.789 ; 17.148 ;
; a[15]      ; output[7]   ; 16.645 ;        ;        ; 16.286 ;
; a[15]      ; output[8]   ; 19.224 ; 18.766 ; 19.361 ; 18.988 ;
; a[15]      ; output[9]   ; 19.422 ; 18.967 ; 19.248 ; 18.757 ;
; a[15]      ; output[10]  ; 16.862 ; 16.275 ; 17.064 ; 16.462 ;
; a[15]      ; output[11]  ; 19.901 ;        ;        ; 19.262 ;
; a[15]      ; output[12]  ; 18.705 ; 18.093 ; 18.908 ; 18.400 ;
; a[15]      ; output[13]  ; 17.703 ;        ;        ; 17.534 ;
; a[15]      ; output[14]  ; 16.452 ; 16.339 ; 16.529 ; 16.409 ;
; a[15]      ; output[15]  ; 19.627 ; 18.273 ; 19.026 ; 19.075 ;
; a[15]      ; output[16]  ; 21.901 ; 17.256 ; 17.509 ; 21.228 ;
; a[15]      ; output[17]  ; 17.196 ; 15.268 ; 15.964 ; 17.221 ;
; a[15]      ; output[18]  ; 18.192 ; 17.006 ; 17.387 ; 17.761 ;
; a[15]      ; output[19]  ; 18.369 ; 17.323 ; 18.127 ; 18.091 ;
; a[15]      ; output[20]  ; 19.068 ; 18.077 ; 18.525 ; 18.440 ;
; a[15]      ; output[21]  ; 20.207 ; 19.674 ; 20.433 ; 19.893 ;
; a[15]      ; output[22]  ; 16.631 ; 15.897 ; 16.031 ; 16.292 ;
; a[15]      ; output[23]  ; 18.641 ; 17.927 ; 18.637 ; 18.413 ;
; a[15]      ; output[24]  ; 18.055 ; 17.763 ; 18.035 ; 17.728 ;
; a[15]      ; output[25]  ; 17.919 ; 17.342 ; 18.145 ; 17.520 ;
; a[15]      ; output[26]  ; 18.451 ; 17.890 ; 18.493 ; 17.925 ;
; a[15]      ; output[27]  ; 18.733 ; 18.157 ; 18.959 ; 18.383 ;
; a[15]      ; output[28]  ; 21.338 ; 20.785 ; 21.212 ; 20.644 ;
; a[15]      ; output[29]  ; 18.622 ; 18.195 ; 18.630 ; 18.268 ;
; a[15]      ; output[30]  ; 19.915 ; 19.357 ; 19.746 ; 19.253 ;
; a[15]      ; output[31]  ; 18.158 ; 16.405 ; 17.076 ; 18.098 ;
; a[16]      ; output[0]   ; 16.711 ; 16.833 ; 17.027 ; 17.058 ;
; a[16]      ; output[1]   ; 20.177 ;        ;        ; 19.722 ;
; a[16]      ; output[2]   ; 15.629 ; 16.100 ; 16.369 ; 15.680 ;
; a[16]      ; output[3]   ; 19.809 ;        ;        ; 19.157 ;
; a[16]      ; output[4]   ; 18.306 ; 18.054 ; 18.477 ; 18.354 ;
; a[16]      ; output[5]   ; 19.044 ;        ;        ; 18.480 ;
; a[16]      ; output[6]   ; 17.366 ; 16.732 ; 17.441 ; 16.800 ;
; a[16]      ; output[7]   ; 16.239 ;        ;        ; 16.005 ;
; a[16]      ; output[8]   ; 18.045 ;        ;        ; 17.912 ;
; a[16]      ; output[9]   ; 19.016 ; 18.561 ; 18.967 ; 18.476 ;
; a[16]      ; output[10]  ; 16.444 ; 15.857 ; 16.716 ; 16.114 ;
; a[16]      ; output[11]  ; 19.495 ;        ;        ; 18.981 ;
; a[16]      ; output[12]  ; 18.238 ; 17.626 ; 18.530 ; 18.022 ;
; a[16]      ; output[13]  ; 17.297 ;        ;        ; 17.253 ;
; a[16]      ; output[14]  ; 16.034 ; 15.921 ; 16.181 ; 16.061 ;
; a[16]      ; output[15]  ; 19.221 ;        ;        ; 18.794 ;
; a[16]      ; output[16]  ; 21.916 ; 19.444 ; 19.840 ; 21.242 ;
; a[16]      ; output[17]  ; 17.892 ; 14.748 ; 15.745 ; 17.752 ;
; a[16]      ; output[18]  ; 18.207 ; 16.486 ; 17.168 ; 17.775 ;
; a[16]      ; output[19]  ; 18.085 ; 16.803 ; 17.908 ; 17.785 ;
; a[16]      ; output[20]  ; 19.083 ; 17.557 ; 18.306 ; 18.454 ;
; a[16]      ; output[21]  ; 20.903 ; 20.370 ; 20.964 ; 20.424 ;
; a[16]      ; output[22]  ; 16.646 ; 15.377 ; 15.812 ; 16.306 ;
; a[16]      ; output[23]  ; 18.926 ; 17.407 ; 18.418 ; 18.573 ;
; a[16]      ; output[24]  ; 18.070 ; 17.778 ; 18.049 ; 17.742 ;
; a[16]      ; output[25]  ; 18.443 ; 18.017 ; 18.433 ; 18.051 ;
; a[16]      ; output[26]  ; 18.466 ; 17.905 ; 18.507 ; 17.939 ;
; a[16]      ; output[27]  ; 18.213 ; 17.643 ; 18.740 ; 18.164 ;
; a[16]      ; output[28]  ; 21.353 ; 20.800 ; 21.226 ; 20.658 ;
; a[16]      ; output[29]  ; 19.318 ; 18.891 ; 19.161 ; 18.799 ;
; a[16]      ; output[30]  ; 19.930 ; 19.372 ; 19.760 ; 19.267 ;
; a[16]      ; output[31]  ; 18.369 ; 15.885 ; 16.857 ; 18.175 ;
; a[17]      ; output[0]   ; 16.869 ; 16.991 ; 16.881 ; 16.941 ;
; a[17]      ; output[1]   ; 19.198 ;        ;        ; 18.770 ;
; a[17]      ; output[2]   ; 16.207 ; 16.678 ; 16.961 ; 16.272 ;
; a[17]      ; output[3]   ; 19.222 ;        ;        ; 18.593 ;
; a[17]      ; output[4]   ; 18.884 ; 18.632 ; 19.069 ; 18.946 ;
; a[17]      ; output[5]   ; 18.522 ;        ;        ; 17.983 ;
; a[17]      ; output[6]   ; 17.944 ; 17.310 ; 18.033 ; 17.392 ;
; a[17]      ; output[7]   ; 15.652 ;        ;        ; 15.441 ;
; a[17]      ; output[8]   ; 18.623 ;        ;        ; 18.504 ;
; a[17]      ; output[9]   ; 18.500 ; 18.045 ; 18.472 ; 17.981 ;
; a[17]      ; output[10]  ; 17.022 ; 16.435 ; 17.308 ; 16.706 ;
; a[17]      ; output[11]  ; 18.908 ;        ;        ; 18.417 ;
; a[17]      ; output[12]  ; 18.816 ; 18.204 ; 19.122 ; 18.614 ;
; a[17]      ; output[13]  ; 16.775 ;        ;        ; 16.756 ;
; a[17]      ; output[14]  ; 16.612 ; 16.499 ; 16.773 ; 16.653 ;
; a[17]      ; output[15]  ; 18.634 ;        ;        ; 18.230 ;
; a[17]      ; output[16]  ; 20.351 ; 20.022 ; 20.432 ; 20.096 ;
; a[17]      ; output[17]  ; 18.494 ; 14.398 ; 15.122 ; 18.327 ;
; a[17]      ; output[18]  ; 19.108 ; 16.644 ; 17.051 ; 18.720 ;
; a[17]      ; output[19]  ; 18.687 ; 16.961 ; 17.791 ; 18.360 ;
; a[17]      ; output[20]  ; 18.177 ; 17.715 ; 18.189 ; 17.665 ;
; a[17]      ; output[21]  ; 21.505 ; 20.972 ; 21.539 ; 20.999 ;
; a[17]      ; output[22]  ; 17.547 ; 15.535 ; 15.695 ; 17.251 ;
; a[17]      ; output[23]  ; 19.528 ; 17.565 ; 18.301 ; 19.148 ;
; a[17]      ; output[24]  ; 15.800 ; 15.207 ; 15.385 ; 15.616 ;
; a[17]      ; output[25]  ; 19.045 ; 18.619 ; 19.008 ; 18.626 ;
; a[17]      ; output[26]  ; 19.367 ; 18.806 ; 19.452 ; 18.884 ;
; a[17]      ; output[27]  ; 18.808 ; 18.245 ; 19.056 ; 18.480 ;
; a[17]      ; output[28]  ; 20.363 ; 19.810 ; 20.424 ; 19.856 ;
; a[17]      ; output[29]  ; 19.920 ; 19.493 ; 19.736 ; 19.374 ;
; a[17]      ; output[30]  ; 20.831 ; 20.273 ; 20.705 ; 20.212 ;
; a[17]      ; output[31]  ; 18.971 ; 16.043 ; 16.740 ; 18.750 ;
; a[18]      ; output[0]   ; 18.262 ; 18.384 ; 18.445 ; 18.505 ;
; a[18]      ; output[1]   ; 19.383 ;        ;        ; 18.981 ;
; a[18]      ; output[2]   ; 16.049 ; 16.520 ; 16.686 ; 15.997 ;
; a[18]      ; output[3]   ; 19.407 ;        ;        ; 18.804 ;
; a[18]      ; output[4]   ; 18.908 ; 18.656 ; 19.104 ; 18.981 ;
; a[18]      ; output[5]   ; 18.707 ;        ;        ; 18.194 ;
; a[18]      ; output[6]   ; 17.863 ; 17.229 ; 17.914 ; 17.273 ;
; a[18]      ; output[7]   ; 15.837 ;        ;        ; 15.652 ;
; a[18]      ; output[8]   ; 18.647 ;        ;        ; 18.539 ;
; a[18]      ; output[9]   ; 18.685 ; 18.230 ; 18.683 ; 18.192 ;
; a[18]      ; output[10]  ; 16.516 ;        ;        ; 16.128 ;
; a[18]      ; output[11]  ; 19.093 ;        ;        ; 18.628 ;
; a[18]      ; output[12]  ; 18.840 ; 18.228 ; 19.157 ; 18.649 ;
; a[18]      ; output[13]  ; 16.960 ;        ;        ; 16.967 ;
; a[18]      ; output[14]  ; 16.531 ; 16.418 ; 16.654 ; 16.534 ;
; a[18]      ; output[15]  ; 18.819 ;        ;        ; 18.441 ;
; a[18]      ; output[16]  ; 20.375 ; 20.046 ; 20.467 ; 20.131 ;
; a[18]      ; output[17]  ; 18.234 ;        ;        ; 17.938 ;
; a[18]      ; output[18]  ; 19.311 ; 18.132 ; 18.649 ; 18.954 ;
; a[18]      ; output[19]  ; 18.932 ; 18.354 ; 19.355 ; 18.715 ;
; a[18]      ; output[20]  ; 19.570 ; 19.108 ; 19.753 ; 19.229 ;
; a[18]      ; output[21]  ; 21.208 ; 20.675 ; 21.263 ; 20.723 ;
; a[18]      ; output[22]  ; 17.750 ; 16.928 ; 17.259 ; 17.485 ;
; a[18]      ; output[23]  ; 19.541 ; 18.958 ; 19.865 ; 19.319 ;
; a[18]      ; output[24]  ; 16.828 ; 16.600 ; 16.949 ; 16.721 ;
; a[18]      ; output[25]  ; 18.950 ; 18.373 ; 19.373 ; 18.734 ;
; a[18]      ; output[26]  ; 19.570 ; 19.009 ; 19.686 ; 19.118 ;
; a[18]      ; output[27]  ; 19.764 ; 19.188 ; 20.187 ; 19.611 ;
; a[18]      ; output[28]  ; 21.596 ; 21.043 ; 21.717 ; 21.164 ;
; a[18]      ; output[29]  ; 19.623 ; 19.196 ; 19.460 ; 19.098 ;
; a[18]      ; output[30]  ; 21.034 ; 20.476 ; 20.939 ; 20.446 ;
; a[18]      ; output[31]  ; 18.984 ; 17.436 ; 18.304 ; 18.734 ;
; a[19]      ; output[0]   ; 16.194 ; 16.316 ; 16.148 ; 16.208 ;
; a[19]      ; output[1]   ; 19.024 ;        ;        ; 18.554 ;
; a[19]      ; output[2]   ; 15.426 ; 15.897 ; 15.980 ; 15.291 ;
; a[19]      ; output[3]   ; 19.572 ;        ;        ; 18.960 ;
; a[19]      ; output[4]   ; 18.285 ; 18.033 ; 18.398 ; 18.275 ;
; a[19]      ; output[5]   ; 18.348 ;        ;        ; 17.767 ;
; a[19]      ; output[6]   ; 17.240 ; 16.606 ; 17.208 ; 16.567 ;
; a[19]      ; output[7]   ; 15.745 ;        ;        ; 15.589 ;
; a[19]      ; output[8]   ; 18.024 ;        ;        ; 17.833 ;
; a[19]      ; output[9]   ; 18.326 ; 17.871 ; 18.256 ; 17.765 ;
; a[19]      ; output[10]  ; 15.893 ;        ;        ; 15.422 ;
; a[19]      ; output[11]  ; 18.495 ;        ;        ; 18.013 ;
; a[19]      ; output[12]  ; 18.217 ; 17.605 ; 18.451 ; 17.943 ;
; a[19]      ; output[13]  ; 16.601 ;        ;        ; 16.540 ;
; a[19]      ; output[14]  ; 15.908 ; 15.795 ; 15.948 ; 15.828 ;
; a[19]      ; output[15]  ; 18.727 ;        ;        ; 18.378 ;
; a[19]      ; output[16]  ; 19.752 ; 19.423 ; 19.761 ; 19.425 ;
; a[19]      ; output[17]  ; 17.875 ;        ;        ; 17.511 ;
; a[19]      ; output[18]  ; 17.966 ; 17.509 ; 17.943 ; 17.572 ;
; a[19]      ; output[19]  ; 19.086 ; 15.777 ; 16.562 ; 18.623 ;
; a[19]      ; output[20]  ; 18.157 ; 17.040 ; 17.456 ; 17.664 ;
; a[19]      ; output[21]  ; 20.019 ; 19.486 ; 20.042 ; 19.502 ;
; a[19]      ; output[22]  ; 15.824 ; 14.860 ; 14.962 ; 15.647 ;
; a[19]      ; output[23]  ; 18.352 ; 16.890 ; 17.568 ; 17.911 ;
; a[19]      ; output[24]  ; 15.864 ; 14.532 ; 14.652 ; 15.628 ;
; a[19]      ; output[25]  ; 16.882 ; 16.305 ; 17.076 ; 16.437 ;
; a[19]      ; output[26]  ; 16.391 ; 15.984 ; 16.283 ; 15.943 ;
; a[19]      ; output[27]  ; 17.696 ; 17.120 ; 17.890 ; 17.314 ;
; a[19]      ; output[28]  ; 20.427 ; 19.874 ; 20.436 ; 19.868 ;
; a[19]      ; output[29]  ; 18.434 ; 18.007 ; 18.239 ; 17.877 ;
; a[19]      ; output[30]  ; 19.108 ; 18.550 ; 19.101 ; 18.608 ;
; a[19]      ; output[31]  ; 17.795 ; 15.368 ; 16.007 ; 17.513 ;
; a[20]      ; output[0]   ; 16.411 ; 16.533 ; 16.728 ; 16.788 ;
; a[20]      ; output[1]   ; 20.128 ;        ;        ; 19.596 ;
; a[20]      ; output[2]   ; 15.502 ; 15.973 ; 16.053 ; 15.364 ;
; a[20]      ; output[3]   ; 20.676 ;        ;        ; 20.002 ;
; a[20]      ; output[4]   ; 18.231 ; 17.979 ; 18.270 ; 18.170 ;
; a[20]      ; output[5]   ; 19.452 ;        ;        ; 18.809 ;
; a[20]      ; output[6]   ; 17.316 ; 16.682 ; 17.281 ; 16.640 ;
; a[20]      ; output[7]   ; 16.849 ;        ;        ; 16.631 ;
; a[20]      ; output[8]   ; 18.285 ;        ;        ; 17.968 ;
; a[20]      ; output[9]   ; 19.430 ; 18.975 ; 19.298 ; 18.807 ;
; a[20]      ; output[10]  ; 15.969 ;        ;        ; 15.495 ;
; a[20]      ; output[11]  ; 19.599 ;        ;        ; 19.055 ;
; a[20]      ; output[12]  ; 18.481 ; 17.869 ; 18.573 ; 18.065 ;
; a[20]      ; output[13]  ; 17.705 ;        ;        ; 17.582 ;
; a[20]      ; output[14]  ; 15.984 ; 15.871 ; 16.021 ; 15.901 ;
; a[20]      ; output[15]  ; 19.831 ;        ;        ; 19.420 ;
; a[20]      ; output[16]  ; 20.013 ; 19.684 ; 19.896 ; 19.560 ;
; a[20]      ; output[17]  ; 18.979 ;        ;        ; 18.553 ;
; a[20]      ; output[18]  ; 18.042 ; 17.585 ; 18.016 ; 17.645 ;
; a[20]      ; output[19]  ; 20.190 ;        ;        ; 19.665 ;
; a[20]      ; output[20]  ; 20.529 ; 20.712 ; 21.147 ; 19.957 ;
; a[20]      ; output[21]  ; 20.777 ; 20.244 ; 20.868 ; 20.328 ;
; a[20]      ; output[22]  ; 17.056 ; 15.077 ; 15.542 ; 16.844 ;
; a[20]      ; output[23]  ; 18.849 ; 17.107 ; 18.148 ; 18.415 ;
; a[20]      ; output[24]  ; 17.096 ; 14.749 ; 15.232 ; 16.825 ;
; a[20]      ; output[25]  ; 17.099 ; 16.522 ; 17.656 ; 17.017 ;
; a[20]      ; output[26]  ; 17.402 ; 16.201 ; 16.863 ; 17.140 ;
; a[20]      ; output[27]  ; 17.913 ; 17.337 ; 18.470 ; 17.894 ;
; a[20]      ; output[28]  ; 21.659 ; 21.106 ; 21.633 ; 21.065 ;
; a[20]      ; output[29]  ; 19.192 ; 18.765 ; 19.065 ; 18.703 ;
; a[20]      ; output[30]  ; 20.340 ; 19.782 ; 20.298 ; 19.805 ;
; a[20]      ; output[31]  ; 18.292 ; 15.585 ; 16.587 ; 18.017 ;
; a[21]      ; output[0]   ; 16.062 ; 16.115 ; 16.009 ; 16.069 ;
; a[21]      ; output[1]   ; 18.869 ;        ;        ; 18.438 ;
; a[21]      ; output[2]   ; 15.711 ; 16.182 ; 16.220 ; 15.531 ;
; a[21]      ; output[3]   ; 19.267 ;        ;        ; 18.632 ;
; a[21]      ; output[4]   ; 18.440 ; 18.188 ; 18.437 ; 18.337 ;
; a[21]      ; output[5]   ; 18.873 ;        ;        ; 18.387 ;
; a[21]      ; output[6]   ; 17.525 ; 16.891 ; 17.448 ; 16.807 ;
; a[21]      ; output[7]   ; 15.440 ;        ;        ; 15.261 ;
; a[21]      ; output[8]   ; 18.494 ;        ;        ; 18.135 ;
; a[21]      ; output[9]   ; 18.171 ; 17.716 ; 18.140 ; 17.649 ;
; a[21]      ; output[10]  ; 16.178 ;        ;        ; 15.662 ;
; a[21]      ; output[11]  ; 18.190 ;        ;        ; 17.685 ;
; a[21]      ; output[12]  ; 18.690 ; 18.078 ; 18.740 ; 18.232 ;
; a[21]      ; output[13]  ; 16.045 ;        ;        ; 15.978 ;
; a[21]      ; output[14]  ; 16.193 ; 16.080 ; 16.188 ; 16.068 ;
; a[21]      ; output[15]  ; 18.422 ;        ;        ; 18.050 ;
; a[21]      ; output[16]  ; 20.222 ; 19.893 ; 20.063 ; 19.727 ;
; a[21]      ; output[17]  ; 17.720 ;        ;        ; 17.395 ;
; a[21]      ; output[18]  ; 18.251 ; 17.794 ; 18.183 ; 17.812 ;
; a[21]      ; output[19]  ; 18.781 ;        ;        ; 18.295 ;
; a[21]      ; output[20]  ; 20.738 ; 20.921 ; 21.314 ; 20.124 ;
; a[21]      ; output[21]  ; 21.021 ; 20.488 ; 21.104 ; 20.564 ;
; a[21]      ; output[22]  ; 16.160 ; 14.659 ; 14.823 ; 15.902 ;
; a[21]      ; output[23]  ; 19.093 ; 16.689 ; 17.429 ; 18.651 ;
; a[21]      ; output[24]  ; 15.726 ; 15.434 ; 15.939 ; 15.632 ;
; a[21]      ; output[25]  ; 16.769 ; 16.104 ; 16.937 ; 16.406 ;
; a[21]      ; output[26]  ; 16.506 ; 15.783 ; 16.144 ; 16.198 ;
; a[21]      ; output[27]  ; 17.495 ; 16.919 ; 17.751 ; 17.175 ;
; a[21]      ; output[28]  ; 20.052 ; 19.499 ; 20.228 ; 19.675 ;
; a[21]      ; output[29]  ; 19.436 ; 19.009 ; 19.301 ; 18.939 ;
; a[21]      ; output[30]  ; 19.444 ; 18.886 ; 19.356 ; 18.863 ;
; a[21]      ; output[31]  ; 18.536 ; 15.167 ; 15.868 ; 18.253 ;
; a[22]      ; output[0]   ; 16.251 ; 15.061 ; 15.515 ; 16.122 ;
; a[22]      ; output[1]   ; 18.740 ;        ;        ; 18.373 ;
; a[22]      ; output[2]   ; 15.331 ; 15.802 ; 16.004 ; 15.315 ;
; a[22]      ; output[3]   ; 19.138 ;        ;        ; 18.567 ;
; a[22]      ; output[4]   ; 18.629 ; 18.377 ; 18.682 ; 18.582 ;
; a[22]      ; output[5]   ; 18.744 ;        ;        ; 18.322 ;
; a[22]      ; output[6]   ; 17.254 ;        ;        ; 16.739 ;
; a[22]      ; output[7]   ; 15.311 ;        ;        ; 15.196 ;
; a[22]      ; output[8]   ; 18.683 ;        ;        ; 18.380 ;
; a[22]      ; output[9]   ; 18.042 ; 17.587 ; 18.075 ; 17.584 ;
; a[22]      ; output[10]  ; 15.798 ;        ;        ; 15.446 ;
; a[22]      ; output[11]  ; 18.061 ;        ;        ; 17.620 ;
; a[22]      ; output[12]  ; 18.879 ; 18.267 ; 18.985 ; 18.477 ;
; a[22]      ; output[13]  ; 15.916 ;        ;        ; 15.913 ;
; a[22]      ; output[14]  ; 15.791 ; 15.678 ; 15.894 ; 15.774 ;
; a[22]      ; output[15]  ; 18.293 ;        ;        ; 17.985 ;
; a[22]      ; output[16]  ; 20.411 ; 20.082 ; 20.308 ; 19.972 ;
; a[22]      ; output[17]  ; 17.591 ;        ;        ; 17.330 ;
; a[22]      ; output[18]  ; 17.871 ; 17.414 ; 17.967 ; 17.596 ;
; a[22]      ; output[19]  ; 18.652 ;        ;        ; 18.230 ;
; a[22]      ; output[20]  ; 20.927 ; 21.110 ; 21.559 ; 20.369 ;
; a[22]      ; output[21]  ; 18.958 ;        ;        ; 18.538 ;
; a[22]      ; output[22]  ; 17.221 ; 17.722 ; 17.916 ; 16.959 ;
; a[22]      ; output[23]  ; 19.094 ; 16.183 ; 17.239 ; 18.731 ;
; a[22]      ; output[24]  ; 15.614 ; 15.322 ; 15.854 ; 15.547 ;
; a[22]      ; output[25]  ; 17.037 ; 16.611 ; 17.032 ; 16.650 ;
; a[22]      ; output[26]  ; 16.394 ; 15.277 ; 15.954 ; 16.113 ;
; a[22]      ; output[27]  ; 16.989 ; 16.413 ; 17.561 ; 16.985 ;
; a[22]      ; output[28]  ; 19.940 ; 19.387 ; 20.143 ; 19.590 ;
; a[22]      ; output[29]  ; 18.681 ; 18.254 ; 18.737 ; 18.310 ;
; a[22]      ; output[30]  ; 19.332 ; 18.774 ; 19.271 ; 18.778 ;
; a[22]      ; output[31]  ; 18.537 ; 14.661 ; 15.678 ; 18.333 ;
; a[23]      ; output[0]   ; 16.587 ; 15.971 ; 16.094 ; 16.322 ;
; a[23]      ; output[1]   ; 19.020 ;        ;        ; 18.580 ;
; a[23]      ; output[2]   ; 15.667 ; 16.138 ; 16.204 ; 15.515 ;
; a[23]      ; output[3]   ; 19.666 ;        ;        ; 19.052 ;
; a[23]      ; output[4]   ; 18.965 ; 18.713 ; 18.882 ; 18.782 ;
; a[23]      ; output[5]   ; 19.024 ;        ;        ; 18.529 ;
; a[23]      ; output[6]   ; 17.590 ;        ;        ; 16.939 ;
; a[23]      ; output[7]   ; 15.630 ;        ;        ; 15.393 ;
; a[23]      ; output[8]   ; 19.019 ;        ;        ; 18.580 ;
; a[23]      ; output[9]   ; 18.322 ; 17.867 ; 18.282 ; 17.791 ;
; a[23]      ; output[10]  ; 16.134 ;        ;        ; 15.646 ;
; a[23]      ; output[11]  ; 18.589 ;        ;        ; 18.105 ;
; a[23]      ; output[12]  ; 19.215 ; 18.603 ; 19.185 ; 18.677 ;
; a[23]      ; output[13]  ; 16.196 ;        ;        ; 16.120 ;
; a[23]      ; output[14]  ; 16.127 ; 16.014 ; 16.094 ; 15.974 ;
; a[23]      ; output[15]  ; 18.173 ;        ;        ; 17.742 ;
; a[23]      ; output[16]  ; 20.747 ; 20.418 ; 20.508 ; 20.172 ;
; a[23]      ; output[17]  ; 17.871 ;        ;        ; 17.537 ;
; a[23]      ; output[18]  ; 18.207 ; 17.750 ; 18.167 ; 17.796 ;
; a[23]      ; output[19]  ; 19.180 ;        ;        ; 18.715 ;
; a[23]      ; output[20]  ; 21.263 ; 21.446 ; 21.759 ; 20.569 ;
; a[23]      ; output[21]  ; 19.238 ;        ;        ; 18.745 ;
; a[23]      ; output[22]  ; 17.557 ; 18.058 ; 18.116 ; 17.159 ;
; a[23]      ; output[23]  ; 19.731 ; 16.672 ; 17.322 ; 19.237 ;
; a[23]      ; output[24]  ; 16.245 ; 15.953 ; 16.432 ; 16.125 ;
; a[23]      ; output[25]  ; 17.386 ; 16.960 ; 17.326 ; 16.885 ;
; a[23]      ; output[26]  ; 18.939 ; 18.378 ; 18.755 ; 18.187 ;
; a[23]      ; output[27]  ; 17.987 ; 17.411 ; 18.140 ; 17.564 ;
; a[23]      ; output[28]  ; 20.571 ; 20.018 ; 20.721 ; 20.168 ;
; a[23]      ; output[29]  ; 19.030 ; 18.603 ; 18.972 ; 18.545 ;
; a[23]      ; output[30]  ; 21.436 ; 20.878 ; 21.134 ; 20.641 ;
; a[23]      ; output[31]  ; 18.886 ; 15.659 ; 16.257 ; 18.568 ;
; a[24]      ; output[0]   ; 16.289 ; 16.249 ; 16.606 ; 16.516 ;
; a[24]      ; output[1]   ; 18.648 ;        ;        ; 18.362 ;
; a[24]      ; output[2]   ; 15.520 ; 15.991 ; 16.212 ; 15.523 ;
; a[24]      ; output[3]   ; 19.294 ;        ;        ; 18.834 ;
; a[24]      ; output[4]   ; 18.280 ; 18.028 ; 18.320 ; 18.220 ;
; a[24]      ; output[5]   ; 18.652 ;        ;        ; 18.311 ;
; a[24]      ; output[6]   ; 17.443 ;        ;        ; 16.947 ;
; a[24]      ; output[7]   ; 15.258 ;        ;        ; 15.175 ;
; a[24]      ; output[8]   ; 19.073 ; 18.615 ; 19.212 ; 18.839 ;
; a[24]      ; output[9]   ; 17.950 ; 17.495 ; 18.064 ; 17.573 ;
; a[24]      ; output[10]  ; 15.987 ;        ;        ; 15.654 ;
; a[24]      ; output[11]  ; 18.217 ;        ;        ; 17.887 ;
; a[24]      ; output[12]  ; 18.530 ; 17.918 ; 18.623 ; 18.115 ;
; a[24]      ; output[13]  ; 15.824 ;        ;        ; 15.902 ;
; a[24]      ; output[14]  ; 15.980 ; 15.867 ; 16.102 ; 15.982 ;
; a[24]      ; output[15]  ; 17.801 ;        ;        ; 17.524 ;
; a[24]      ; output[16]  ; 20.049 ; 19.720 ; 19.962 ; 19.626 ;
; a[24]      ; output[17]  ; 17.499 ;        ;        ; 17.319 ;
; a[24]      ; output[18]  ; 18.060 ; 17.603 ; 18.175 ; 17.804 ;
; a[24]      ; output[19]  ; 18.808 ;        ;        ; 18.497 ;
; a[24]      ; output[20]  ; 20.578 ; 20.761 ; 21.197 ; 20.007 ;
; a[24]      ; output[21]  ; 18.866 ;        ;        ; 18.527 ;
; a[24]      ; output[22]  ; 17.410 ; 17.911 ; 18.124 ; 17.167 ;
; a[24]      ; output[23]  ; 19.359 ;        ;        ; 19.019 ;
; a[24]      ; output[24]  ; 16.439 ; 16.211 ; 16.549 ; 16.425 ;
; a[24]      ; output[25]  ; 17.451 ; 16.927 ; 17.838 ; 17.199 ;
; a[24]      ; output[26]  ; 18.585 ; 18.024 ; 18.519 ; 17.951 ;
; a[24]      ; output[27]  ; 18.504 ; 17.941 ; 18.652 ; 18.076 ;
; a[24]      ; output[28]  ; 20.217 ; 19.664 ; 20.485 ; 19.932 ;
; a[24]      ; output[29]  ; 18.997 ; 18.570 ; 19.101 ; 18.674 ;
; a[24]      ; output[30]  ; 21.082 ; 20.524 ; 20.898 ; 20.405 ;
; a[24]      ; output[31]  ; 18.530 ; 15.937 ; 16.769 ; 18.224 ;
; a[25]      ; output[0]   ; 16.021 ; 15.914 ; 16.192 ; 16.102 ;
; a[25]      ; output[1]   ; 19.128 ;        ;        ; 18.729 ;
; a[25]      ; output[2]   ; 15.652 ; 16.123 ; 16.328 ; 15.639 ;
; a[25]      ; output[3]   ; 19.553 ;        ;        ; 18.968 ;
; a[25]      ; output[4]   ; 18.412 ; 18.160 ; 18.436 ; 18.336 ;
; a[25]      ; output[5]   ; 18.781 ;        ;        ; 18.303 ;
; a[25]      ; output[6]   ; 17.575 ;        ;        ; 17.063 ;
; a[25]      ; output[7]   ; 15.517 ;        ;        ; 15.309 ;
; a[25]      ; output[8]   ; 19.205 ; 18.747 ; 19.328 ; 18.955 ;
; a[25]      ; output[9]   ; 17.502 ;        ;        ; 17.057 ;
; a[25]      ; output[10]  ; 16.119 ;        ;        ; 15.770 ;
; a[25]      ; output[11]  ; 18.476 ;        ;        ; 18.021 ;
; a[25]      ; output[12]  ; 18.662 ; 18.050 ; 18.739 ; 18.231 ;
; a[25]      ; output[13]  ; 15.953 ;        ;        ; 15.894 ;
; a[25]      ; output[14]  ; 16.112 ; 15.999 ; 16.218 ; 16.098 ;
; a[25]      ; output[15]  ; 18.060 ;        ;        ; 17.658 ;
; a[25]      ; output[16]  ; 20.181 ; 19.852 ; 20.078 ; 19.742 ;
; a[25]      ; output[17]  ; 17.979 ;        ;        ; 17.686 ;
; a[25]      ; output[18]  ; 18.192 ; 17.735 ; 18.291 ; 17.920 ;
; a[25]      ; output[19]  ; 19.067 ;        ;        ; 18.631 ;
; a[25]      ; output[20]  ; 20.710 ; 20.893 ; 21.313 ; 20.123 ;
; a[25]      ; output[21]  ; 18.995 ;        ;        ; 18.519 ;
; a[25]      ; output[22]  ; 17.542 ; 18.043 ; 18.240 ; 17.283 ;
; a[25]      ; output[23]  ; 19.618 ;        ;        ; 19.153 ;
; a[25]      ; output[24]  ; 16.571 ; 16.343 ; 16.665 ; 16.541 ;
; a[25]      ; output[25]  ; 18.754 ; 17.093 ; 17.574 ; 18.226 ;
; a[25]      ; output[26]  ; 18.882 ; 18.321 ; 18.818 ; 18.250 ;
; a[25]      ; output[27]  ; 18.670 ; 18.107 ; 18.816 ; 18.240 ;
; a[25]      ; output[28]  ; 19.762 ; 19.209 ; 19.768 ; 19.215 ;
; a[25]      ; output[29]  ; 19.163 ; 18.736 ; 19.279 ; 18.852 ;
; a[25]      ; output[30]  ; 21.379 ; 20.821 ; 21.197 ; 20.704 ;
; a[25]      ; output[31]  ; 18.696 ; 15.602 ; 16.355 ; 18.402 ;
; a[26]      ; output[0]   ; 16.857 ; 15.718 ; 16.207 ; 16.678 ;
; a[26]      ; output[1]   ; 19.330 ;        ;        ; 18.853 ;
; a[26]      ; output[2]   ; 16.314 ; 16.785 ; 16.820 ; 16.131 ;
; a[26]      ; output[3]   ; 19.755 ;        ;        ; 19.092 ;
; a[26]      ; output[4]   ; 19.248 ; 18.996 ; 19.222 ; 19.122 ;
; a[26]      ; output[5]   ; 18.983 ;        ;        ; 18.427 ;
; a[26]      ; output[6]   ; 18.305 ;        ;        ; 17.641 ;
; a[26]      ; output[7]   ; 15.719 ;        ;        ; 15.433 ;
; a[26]      ; output[8]   ; 20.041 ; 19.583 ; 20.114 ; 19.741 ;
; a[26]      ; output[9]   ; 17.704 ;        ;        ; 17.181 ;
; a[26]      ; output[10]  ; 17.383 ; 16.796 ; 17.506 ; 16.904 ;
; a[26]      ; output[11]  ; 18.678 ;        ;        ; 18.145 ;
; a[26]      ; output[12]  ; 19.498 ; 18.886 ; 19.525 ; 19.017 ;
; a[26]      ; output[13]  ; 16.155 ;        ;        ; 16.018 ;
; a[26]      ; output[14]  ; 16.842 ; 16.729 ; 16.796 ; 16.676 ;
; a[26]      ; output[15]  ; 18.262 ;        ;        ; 17.782 ;
; a[26]      ; output[16]  ; 21.017 ; 20.688 ; 20.864 ; 20.528 ;
; a[26]      ; output[17]  ; 18.181 ;        ;        ; 17.810 ;
; a[26]      ; output[18]  ; 18.854 ; 18.397 ; 18.783 ; 18.412 ;
; a[26]      ; output[19]  ; 19.269 ;        ;        ; 18.755 ;
; a[26]      ; output[20]  ; 21.546 ; 21.729 ; 22.099 ; 20.909 ;
; a[26]      ; output[21]  ; 19.197 ;        ;        ; 18.643 ;
; a[26]      ; output[22]  ; 18.272 ; 18.773 ; 18.818 ; 17.861 ;
; a[26]      ; output[23]  ; 19.820 ;        ;        ; 19.277 ;
; a[26]      ; output[24]  ; 17.407 ; 17.179 ; 17.451 ; 17.327 ;
; a[26]      ; output[25]  ; 18.956 ;        ;        ; 18.350 ;
; a[26]      ; output[26]  ; 20.218 ; 19.811 ; 19.986 ; 19.580 ;
; a[26]      ; output[27]  ; 18.574 ; 18.011 ; 18.647 ; 18.071 ;
; a[26]      ; output[28]  ; 19.566 ; 19.013 ; 19.783 ; 19.230 ;
; a[26]      ; output[29]  ; 17.083 ; 16.656 ; 17.098 ; 16.736 ;
; a[26]      ; output[30]  ; 21.621 ; 21.063 ; 21.390 ; 20.897 ;
; a[26]      ; output[31]  ; 18.600 ; 15.406 ; 16.370 ; 18.233 ;
; a[27]      ; output[0]   ; 15.826 ; 15.297 ; 15.579 ; 15.820 ;
; a[27]      ; output[1]   ; 19.736 ;        ;        ; 19.343 ;
; a[27]      ; output[2]   ; 15.283 ; 15.754 ; 15.962 ; 15.273 ;
; a[27]      ; output[3]   ; 20.291 ;        ;        ; 19.758 ;
; a[27]      ; output[4]   ; 18.217 ; 17.965 ; 18.364 ; 18.264 ;
; a[27]      ; output[5]   ; 19.389 ;        ;        ; 18.917 ;
; a[27]      ; output[6]   ; 17.274 ;        ;        ; 16.783 ;
; a[27]      ; output[7]   ; 16.248 ;        ;        ; 16.108 ;
; a[27]      ; output[8]   ; 19.010 ; 18.552 ; 19.256 ; 18.883 ;
; a[27]      ; output[9]   ; 18.110 ;        ;        ; 17.671 ;
; a[27]      ; output[10]  ; 16.352 ; 15.765 ; 16.648 ; 16.046 ;
; a[27]      ; output[11]  ; 18.370 ;        ;        ; 17.914 ;
; a[27]      ; output[12]  ; 18.467 ; 17.855 ; 18.667 ; 18.159 ;
; a[27]      ; output[13]  ; 16.561 ;        ;        ; 16.508 ;
; a[27]      ; output[14]  ; 15.811 ; 15.698 ; 15.938 ; 15.818 ;
; a[27]      ; output[15]  ; 18.791 ;        ;        ; 18.457 ;
; a[27]      ; output[16]  ; 19.986 ; 19.657 ; 20.006 ; 19.670 ;
; a[27]      ; output[17]  ; 18.587 ;        ;        ; 18.300 ;
; a[27]      ; output[18]  ; 17.823 ; 17.366 ; 17.925 ; 17.554 ;
; a[27]      ; output[19]  ; 19.805 ;        ;        ; 19.421 ;
; a[27]      ; output[20]  ; 20.515 ; 20.698 ; 21.241 ; 20.051 ;
; a[27]      ; output[21]  ; 19.603 ;        ;        ; 19.133 ;
; a[27]      ; output[22]  ; 17.241 ; 17.742 ; 17.960 ; 17.003 ;
; a[27]      ; output[23]  ; 20.349 ;        ;        ; 19.952 ;
; a[27]      ; output[24]  ; 16.376 ; 16.148 ; 16.593 ; 16.469 ;
; a[27]      ; output[25]  ; 19.362 ;        ;        ; 18.840 ;
; a[27]      ; output[26]  ; 19.187 ; 18.780 ; 19.128 ; 18.722 ;
; a[27]      ; output[27]  ; 18.824 ; 17.955 ; 18.623 ; 18.226 ;
; a[27]      ; output[28]  ; 19.145 ; 18.592 ; 19.163 ; 18.610 ;
; a[27]      ; output[29]  ; 17.027 ; 16.600 ; 17.074 ; 16.712 ;
; a[27]      ; output[30]  ; 18.682 ; 18.124 ; 18.917 ; 18.359 ;
; a[27]      ; output[31]  ; 18.544 ; 14.985 ; 15.742 ; 18.209 ;
; a[28]      ; output[0]   ; 16.811 ; 15.262 ; 15.815 ; 16.744 ;
; a[28]      ; output[1]   ; 20.012 ;        ;        ; 19.561 ;
; a[28]      ; output[2]   ; 15.570 ; 16.041 ; 16.225 ; 15.536 ;
; a[28]      ; output[3]   ; 20.567 ;        ;        ; 19.976 ;
; a[28]      ; output[4]   ; 18.514 ; 18.262 ; 18.586 ; 18.486 ;
; a[28]      ; output[5]   ; 19.665 ;        ;        ; 19.135 ;
; a[28]      ; output[6]   ; 17.561 ;        ;        ; 17.046 ;
; a[28]      ; output[7]   ; 16.524 ;        ;        ; 16.326 ;
; a[28]      ; output[8]   ; 19.995 ; 19.537 ; 20.180 ; 19.807 ;
; a[28]      ; output[9]   ; 18.386 ;        ;        ; 17.889 ;
; a[28]      ; output[10]  ; 16.639 ; 16.052 ; 16.911 ; 16.309 ;
; a[28]      ; output[11]  ; 18.646 ;        ;        ; 18.132 ;
; a[28]      ; output[12]  ; 18.016 ; 17.404 ; 18.097 ; 17.589 ;
; a[28]      ; output[13]  ; 16.837 ;        ;        ; 16.726 ;
; a[28]      ; output[14]  ; 16.098 ; 15.985 ; 16.201 ; 16.081 ;
; a[28]      ; output[15]  ; 19.067 ;        ;        ; 18.675 ;
; a[28]      ; output[16]  ; 20.971 ; 20.642 ; 20.930 ; 20.594 ;
; a[28]      ; output[17]  ; 18.863 ;        ;        ; 18.518 ;
; a[28]      ; output[18]  ; 18.110 ; 17.653 ; 18.188 ; 17.817 ;
; a[28]      ; output[19]  ; 20.081 ;        ;        ; 19.639 ;
; a[28]      ; output[20]  ; 20.812 ; 20.995 ; 21.463 ; 20.273 ;
; a[28]      ; output[21]  ; 19.879 ;        ;        ; 19.351 ;
; a[28]      ; output[22]  ; 17.528 ; 18.029 ; 18.223 ; 17.266 ;
; a[28]      ; output[23]  ; 20.625 ;        ;        ; 20.170 ;
; a[28]      ; output[24]  ; 17.361 ; 17.133 ; 17.517 ; 17.393 ;
; a[28]      ; output[25]  ; 19.638 ;        ;        ; 19.058 ;
; a[28]      ; output[26]  ; 19.474 ; 19.067 ; 19.391 ; 18.985 ;
; a[28]      ; output[27]  ; 19.100 ;        ;        ; 18.444 ;
; a[28]      ; output[28]  ; 19.269 ; 18.716 ; 19.417 ; 18.864 ;
; a[28]      ; output[29]  ; 18.086 ; 17.659 ; 18.104 ; 17.677 ;
; a[28]      ; output[30]  ; 18.978 ; 18.420 ; 19.171 ; 18.613 ;
; a[28]      ; output[31]  ; 17.881 ; 17.432 ; 18.153 ; 17.686 ;
; a[29]      ; output[0]   ; 16.711 ; 14.886 ; 15.110 ; 16.571 ;
; a[29]      ; output[1]   ; 17.979 ;        ;        ; 17.548 ;
; a[29]      ; output[2]   ; 15.470 ; 15.941 ; 16.052 ; 15.363 ;
; a[29]      ; output[3]   ; 18.862 ;        ;        ; 18.300 ;
; a[29]      ; output[4]   ; 18.414 ; 18.162 ; 18.413 ; 18.313 ;
; a[29]      ; output[5]   ; 16.883 ;        ;        ; 16.446 ;
; a[29]      ; output[6]   ; 17.461 ;        ;        ; 16.873 ;
; a[29]      ; output[7]   ; 14.819 ;        ;        ; 14.650 ;
; a[29]      ; output[8]   ; 19.895 ; 19.437 ; 20.007 ; 19.634 ;
; a[29]      ; output[9]   ; 16.353 ;        ;        ; 15.876 ;
; a[29]      ; output[10]  ; 16.539 ; 15.952 ; 16.738 ; 16.136 ;
; a[29]      ; output[11]  ; 16.941 ;        ;        ; 16.456 ;
; a[29]      ; output[12]  ; 17.916 ; 17.304 ; 17.924 ; 17.416 ;
; a[29]      ; output[13]  ; 13.991 ;        ;        ; 14.089 ;
; a[29]      ; output[14]  ; 15.998 ; 15.885 ; 16.028 ; 15.908 ;
; a[29]      ; output[15]  ; 17.362 ;        ;        ; 16.999 ;
; a[29]      ; output[16]  ; 20.871 ; 20.542 ; 20.757 ; 20.421 ;
; a[29]      ; output[17]  ; 16.830 ;        ;        ; 16.505 ;
; a[29]      ; output[18]  ; 18.010 ; 17.553 ; 18.015 ; 17.644 ;
; a[29]      ; output[19]  ; 18.376 ;        ;        ; 17.963 ;
; a[29]      ; output[20]  ; 20.712 ; 20.895 ; 21.290 ; 20.100 ;
; a[29]      ; output[21]  ; 17.097 ;        ;        ; 16.662 ;
; a[29]      ; output[22]  ; 17.428 ; 17.929 ; 18.050 ; 17.093 ;
; a[29]      ; output[23]  ; 18.920 ;        ;        ; 18.494 ;
; a[29]      ; output[24]  ; 17.261 ; 17.033 ; 17.344 ; 17.220 ;
; a[29]      ; output[25]  ; 17.605 ;        ;        ; 17.045 ;
; a[29]      ; output[26]  ; 19.374 ; 18.967 ; 19.218 ; 18.812 ;
; a[29]      ; output[27]  ; 17.395 ;        ;        ; 16.768 ;
; a[29]      ; output[28]  ; 18.393 ;        ;        ; 17.845 ;
; a[29]      ; output[29]  ; 17.561 ; 17.134 ; 17.548 ; 17.121 ;
; a[29]      ; output[30]  ; 17.256 ; 16.698 ; 17.289 ; 16.796 ;
; a[29]      ; output[31]  ; 17.356 ; 16.907 ; 17.597 ; 17.130 ;
; a[30]      ; output[0]   ; 16.359 ; 15.747 ; 16.194 ; 16.410 ;
; a[30]      ; output[1]   ; 18.436 ;        ;        ; 18.142 ;
; a[30]      ; output[2]   ; 14.507 ; 14.978 ; 15.281 ; 14.592 ;
; a[30]      ; output[3]   ; 19.319 ;        ;        ; 18.894 ;
; a[30]      ; output[4]   ; 18.062 ; 17.810 ; 18.252 ; 18.152 ;
; a[30]      ; output[5]   ; 17.340 ;        ;        ; 17.040 ;
; a[30]      ; output[6]   ; 15.945 ;        ;        ; 15.483 ;
; a[30]      ; output[7]   ; 15.276 ;        ;        ; 15.244 ;
; a[30]      ; output[8]   ; 19.543 ; 19.085 ; 19.846 ; 19.473 ;
; a[30]      ; output[9]   ; 16.810 ;        ;        ; 16.470 ;
; a[30]      ; output[10]  ; 15.576 ; 14.989 ; 15.967 ; 15.365 ;
; a[30]      ; output[11]  ; 17.398 ;        ;        ; 17.050 ;
; a[30]      ; output[12]  ; 17.564 ; 16.952 ; 17.763 ; 17.255 ;
; a[30]      ; output[13]  ; 14.448 ;        ;        ; 14.683 ;
; a[30]      ; output[14]  ; 13.943 ; 13.830 ; 14.133 ; 14.013 ;
; a[30]      ; output[15]  ; 17.819 ;        ;        ; 17.593 ;
; a[30]      ; output[16]  ; 20.519 ; 20.190 ; 20.596 ; 20.260 ;
; a[30]      ; output[17]  ; 17.287 ;        ;        ; 17.099 ;
; a[30]      ; output[18]  ; 17.047 ; 16.590 ; 17.244 ; 16.873 ;
; a[30]      ; output[19]  ; 18.833 ;        ;        ; 18.557 ;
; a[30]      ; output[20]  ; 20.360 ; 20.543 ; 21.129 ; 19.939 ;
; a[30]      ; output[21]  ; 17.554 ;        ;        ; 17.256 ;
; a[30]      ; output[22]  ; 15.912 ; 16.413 ; 16.660 ; 15.703 ;
; a[30]      ; output[23]  ; 19.377 ;        ;        ; 19.088 ;
; a[30]      ; output[24]  ; 16.909 ; 16.681 ; 17.183 ; 17.059 ;
; a[30]      ; output[25]  ; 18.062 ;        ;        ; 17.639 ;
; a[30]      ; output[26]  ; 18.411 ; 18.004 ; 18.447 ; 18.041 ;
; a[30]      ; output[27]  ; 17.852 ;        ;        ; 17.362 ;
; a[30]      ; output[28]  ; 18.041 ;        ;        ; 17.684 ;
; a[30]      ; output[29]  ; 14.653 ;        ;        ; 14.533 ;
; a[30]      ; output[30]  ; 18.466 ; 17.908 ; 18.784 ; 18.226 ;
; a[30]      ; output[31]  ; 16.618 ; 15.435 ; 16.357 ; 16.529 ;
; a[31]      ; output[0]   ; 13.672 ; 12.460 ; 12.393 ; 13.451 ;
; a[31]      ; output[1]   ; 14.858 ;        ;        ; 14.319 ;
; a[31]      ; output[2]   ; 11.880 ; 12.351 ; 12.401 ; 11.712 ;
; a[31]      ; output[3]   ; 14.698 ;        ;        ; 14.129 ;
; a[31]      ; output[4]   ; 15.375 ; 15.123 ; 15.293 ; 15.193 ;
; a[31]      ; output[5]   ; 14.024 ;        ;        ; 13.409 ;
; a[31]      ; output[6]   ; 12.823 ;        ;        ; 12.058 ;
; a[31]      ; output[7]   ; 10.108 ;        ;        ; 9.932  ;
; a[31]      ; output[8]   ; 16.856 ; 16.398 ; 16.887 ; 16.514 ;
; a[31]      ; output[9]   ; 13.232 ;        ;        ; 12.647 ;
; a[31]      ; output[10]  ; 12.949 ; 12.362 ; 13.087 ; 12.485 ;
; a[31]      ; output[11]  ; 12.512 ;        ;        ; 11.968 ;
; a[31]      ; output[12]  ; 14.877 ; 14.265 ; 14.804 ; 14.296 ;
; a[31]      ; output[13]  ; 11.072 ;        ;        ; 10.972 ;
; a[31]      ; output[14]  ; 11.182 ; 11.069 ; 11.131 ; 11.011 ;
; a[31]      ; output[15]  ; 11.130 ;        ;        ; 10.772 ;
; a[31]      ; output[16]  ; 17.832 ; 17.503 ; 17.637 ; 17.301 ;
; a[31]      ; output[17]  ; 13.709 ;        ;        ; 13.276 ;
; a[31]      ; output[18]  ; 14.420 ; 13.963 ; 14.364 ; 13.993 ;
; a[31]      ; output[19]  ; 14.212 ;        ;        ; 13.792 ;
; a[31]      ; output[20]  ; 17.673 ; 17.856 ; 18.170 ; 16.980 ;
; a[31]      ; output[21]  ; 14.238 ;        ;        ; 13.625 ;
; a[31]      ; output[22]  ; 12.790 ; 13.291 ; 13.235 ; 12.278 ;
; a[31]      ; output[23]  ; 13.570 ;        ;        ; 13.005 ;
; a[31]      ; output[24]  ; 14.222 ; 13.994 ; 14.224 ; 14.100 ;
; a[31]      ; output[25]  ; 14.484 ;        ;        ; 13.816 ;
; a[31]      ; output[26]  ; 15.784 ; 15.377 ; 15.567 ; 15.161 ;
; a[31]      ; output[27]  ; 12.970 ;        ;        ; 12.281 ;
; a[31]      ; output[28]  ; 15.354 ;        ;        ; 14.725 ;
; a[31]      ; output[29]  ; 10.585 ;        ;        ; 10.264 ;
; a[31]      ; output[30]  ; 11.629 ;        ;        ; 11.090 ;
; a[31]      ; output[31]  ; 14.810 ; 14.361 ; 14.876 ; 14.409 ;
; b[0]       ; output[0]   ; 19.395 ; 19.417 ; 19.706 ; 19.728 ;
; b[0]       ; output[1]   ; 20.516 ; 19.751 ; 20.839 ; 20.134 ;
; b[0]       ; output[2]   ; 17.390 ; 17.547 ; 17.742 ; 17.906 ;
; b[0]       ; output[3]   ; 21.644 ; 21.265 ; 21.955 ; 21.576 ;
; b[0]       ; output[4]   ; 19.370 ; 19.118 ; 19.729 ; 19.477 ;
; b[0]       ; output[5]   ; 20.007 ; 19.278 ; 20.420 ; 19.547 ;
; b[0]       ; output[6]   ; 18.009 ; 17.375 ; 18.374 ; 17.740 ;
; b[0]       ; output[7]   ; 16.866 ; 16.469 ; 17.279 ; 16.738 ;
; b[0]       ; output[8]   ; 20.416 ; 19.958 ; 20.744 ; 20.286 ;
; b[0]       ; output[9]   ; 21.101 ; 20.544 ; 21.431 ; 20.874 ;
; b[0]       ; output[10]  ; 19.326 ; 18.453 ; 19.682 ; 18.802 ;
; b[0]       ; output[11]  ; 20.589 ; 20.243 ; 21.042 ; 20.696 ;
; b[0]       ; output[12]  ; 20.309 ; 19.311 ; 20.684 ; 19.679 ;
; b[0]       ; output[13]  ; 20.158 ; 20.010 ; 20.488 ; 20.340 ;
; b[0]       ; output[14]  ; 16.677 ; 16.564 ; 17.042 ; 16.929 ;
; b[0]       ; output[15]  ; 19.624 ; 19.273 ; 20.044 ; 19.726 ;
; b[0]       ; output[16]  ; 22.450 ; 21.549 ; 22.873 ; 21.815 ;
; b[0]       ; output[17]  ; 20.025 ; 19.251 ; 20.355 ; 19.574 ;
; b[0]       ; output[18]  ; 19.232 ; 18.775 ; 19.591 ; 19.134 ;
; b[0]       ; output[19]  ; 20.423 ; 19.782 ; 20.836 ; 20.051 ;
; b[0]       ; output[20]  ; 21.693 ; 21.571 ; 22.081 ; 21.916 ;
; b[0]       ; output[21]  ; 21.483 ; 20.950 ; 21.878 ; 21.345 ;
; b[0]       ; output[22]  ; 18.326 ; 18.450 ; 18.688 ; 18.778 ;
; b[0]       ; output[23]  ; 20.967 ; 20.313 ; 21.380 ; 20.582 ;
; b[0]       ; output[24]  ; 18.604 ; 18.312 ; 19.027 ; 18.735 ;
; b[0]       ; output[25]  ; 20.857 ; 19.944 ; 21.187 ; 20.267 ;
; b[0]       ; output[26]  ; 19.895 ; 19.488 ; 20.223 ; 19.816 ;
; b[0]       ; output[27]  ; 20.750 ; 20.174 ; 21.061 ; 20.485 ;
; b[0]       ; output[28]  ; 23.315 ; 22.762 ; 23.690 ; 23.137 ;
; b[0]       ; output[29]  ; 20.153 ; 19.726 ; 20.483 ; 20.056 ;
; b[0]       ; output[30]  ; 21.730 ; 21.172 ; 22.158 ; 21.600 ;
; b[0]       ; output[31]  ; 19.158 ; 18.696 ; 19.611 ; 18.939 ;
; b[1]       ; output[0]   ; 19.373 ; 19.333 ; 19.692 ; 19.652 ;
; b[1]       ; output[1]   ; 18.934 ; 18.385 ; 19.265 ; 18.704 ;
; b[1]       ; output[2]   ; 16.112 ; 16.265 ; 16.505 ; 16.584 ;
; b[1]       ; output[3]   ; 21.560 ; 21.181 ; 21.879 ; 21.500 ;
; b[1]       ; output[4]   ; 18.578 ; 18.326 ; 18.797 ; 18.697 ;
; b[1]       ; output[5]   ; 19.295 ; 18.601 ; 19.614 ; 18.920 ;
; b[1]       ; output[6]   ; 18.082 ; 17.283 ; 18.401 ; 17.602 ;
; b[1]       ; output[7]   ; 15.253 ; 15.151 ; 15.572 ; 15.470 ;
; b[1]       ; output[8]   ; 20.059 ; 19.601 ; 20.391 ; 20.018 ;
; b[1]       ; output[9]   ; 19.574 ; 19.017 ; 19.899 ; 19.342 ;
; b[1]       ; output[10]  ; 18.215 ; 17.490 ; 18.534 ; 17.809 ;
; b[1]       ; output[11]  ; 19.302 ; 18.956 ; 19.740 ; 19.394 ;
; b[1]       ; output[12]  ; 19.340 ; 18.406 ; 19.669 ; 18.778 ;
; b[1]       ; output[13]  ; 19.119 ; 18.971 ; 19.444 ; 19.296 ;
; b[1]       ; output[14]  ; 16.020 ; 15.907 ; 16.339 ; 16.226 ;
; b[1]       ; output[15]  ; 19.301 ; 18.983 ; 19.620 ; 19.302 ;
; b[1]       ; output[16]  ; 21.336 ; 20.706 ; 21.700 ; 20.805 ;
; b[1]       ; output[17]  ; 18.498 ; 17.809 ; 18.823 ; 18.256 ;
; b[1]       ; output[18]  ; 19.396 ; 18.939 ; 19.715 ; 19.258 ;
; b[1]       ; output[19]  ; 19.834 ; 19.256 ; 20.153 ; 19.575 ;
; b[1]       ; output[20]  ; 20.876 ; 21.059 ; 21.674 ; 20.674 ;
; b[1]       ; output[21]  ; 20.769 ; 20.236 ; 21.088 ; 20.555 ;
; b[1]       ; output[22]  ; 17.978 ; 17.830 ; 18.297 ; 18.149 ;
; b[1]       ; output[23]  ; 20.344 ; 19.860 ; 20.663 ; 20.179 ;
; b[1]       ; output[24]  ; 17.730 ; 17.502 ; 18.049 ; 17.821 ;
; b[1]       ; output[25]  ; 19.852 ; 19.275 ; 20.171 ; 19.594 ;
; b[1]       ; output[26]  ; 19.361 ; 18.954 ; 19.680 ; 19.273 ;
; b[1]       ; output[27]  ; 20.666 ; 20.090 ; 20.985 ; 20.409 ;
; b[1]       ; output[28]  ; 22.498 ; 21.945 ; 22.817 ; 22.264 ;
; b[1]       ; output[29]  ; 19.114 ; 18.687 ; 19.439 ; 19.012 ;
; b[1]       ; output[30]  ; 20.334 ; 19.776 ; 20.771 ; 20.213 ;
; b[1]       ; output[31]  ; 18.783 ; 18.338 ; 19.102 ; 18.657 ;
; b[2]       ; output[0]   ; 19.328 ; 19.350 ; 19.632 ; 19.654 ;
; b[2]       ; output[1]   ; 18.140 ; 17.500 ; 18.316 ; 17.892 ;
; b[2]       ; output[2]   ; 16.081 ; 15.962 ; 16.352 ; 16.233 ;
; b[2]       ; output[3]   ; 21.577 ; 21.198 ; 21.881 ; 21.502 ;
; b[2]       ; output[4]   ; 18.037 ; 17.868 ; 18.362 ; 18.110 ;
; b[2]       ; output[5]   ; 19.312 ; 18.618 ; 19.616 ; 18.922 ;
; b[2]       ; output[6]   ; 17.876 ; 17.077 ; 18.246 ; 17.447 ;
; b[2]       ; output[7]   ; 15.265 ; 15.168 ; 15.569 ; 15.472 ;
; b[2]       ; output[8]   ; 19.414 ; 18.851 ; 19.784 ; 19.221 ;
; b[2]       ; output[9]   ; 18.514 ; 17.957 ; 18.677 ; 18.120 ;
; b[2]       ; output[10]  ; 18.009 ; 17.284 ; 18.379 ; 17.654 ;
; b[2]       ; output[11]  ; 18.842 ; 18.496 ; 19.146 ; 18.800 ;
; b[2]       ; output[12]  ; 17.859 ; 17.273 ; 18.229 ; 17.643 ;
; b[2]       ; output[13]  ; 17.940 ; 17.792 ; 18.216 ; 18.068 ;
; b[2]       ; output[14]  ; 15.814 ; 15.701 ; 16.184 ; 16.071 ;
; b[2]       ; output[15]  ; 19.318 ; 19.000 ; 19.622 ; 19.304 ;
; b[2]       ; output[16]  ; 19.469 ; 18.983 ; 19.739 ; 19.353 ;
; b[2]       ; output[17]  ; 17.688 ; 17.156 ; 17.992 ; 17.460 ;
; b[2]       ; output[18]  ; 19.190 ; 18.733 ; 19.560 ; 19.103 ;
; b[2]       ; output[19]  ; 19.851 ; 19.211 ; 20.155 ; 19.515 ;
; b[2]       ; output[20]  ; 20.266 ; 19.804 ; 20.636 ; 20.174 ;
; b[2]       ; output[21]  ; 20.786 ; 20.253 ; 21.090 ; 20.557 ;
; b[2]       ; output[22]  ; 17.772 ; 17.624 ; 18.142 ; 17.994 ;
; b[2]       ; output[23]  ; 20.361 ; 19.815 ; 20.665 ; 20.119 ;
; b[2]       ; output[24]  ; 17.524 ; 17.296 ; 17.894 ; 17.666 ;
; b[2]       ; output[25]  ; 19.869 ; 19.230 ; 20.173 ; 19.534 ;
; b[2]       ; output[26]  ; 19.155 ; 18.748 ; 19.525 ; 19.118 ;
; b[2]       ; output[27]  ; 20.683 ; 20.107 ; 20.987 ; 20.411 ;
; b[2]       ; output[28]  ; 22.292 ; 21.739 ; 22.662 ; 22.109 ;
; b[2]       ; output[29]  ; 19.105 ; 18.678 ; 19.409 ; 18.982 ;
; b[2]       ; output[30]  ; 19.933 ; 19.375 ; 20.303 ; 19.745 ;
; b[2]       ; output[31]  ; 18.800 ; 18.293 ; 19.104 ; 18.597 ;
; b[3]       ; output[0]   ; 19.474 ; 19.434 ; 19.697 ; 19.657 ;
; b[3]       ; output[1]   ; 16.780 ; 16.378 ; 16.851 ; 16.492 ;
; b[3]       ; output[2]   ; 15.188 ; 15.069 ; 15.434 ; 15.315 ;
; b[3]       ; output[3]   ; 21.223 ; 20.844 ; 21.446 ; 21.067 ;
; b[3]       ; output[4]   ; 17.516 ; 17.264 ; 17.561 ; 17.461 ;
; b[3]       ; output[5]   ; 19.396 ; 18.702 ; 19.619 ; 18.925 ;
; b[3]       ; output[6]   ; 18.183 ; 17.384 ; 18.406 ; 17.607 ;
; b[3]       ; output[7]   ; 15.354 ; 15.252 ; 15.577 ; 15.475 ;
; b[3]       ; output[8]   ; 19.721 ; 19.158 ; 19.944 ; 19.381 ;
; b[3]       ; output[9]   ; 17.320 ; 16.763 ; 17.543 ; 16.986 ;
; b[3]       ; output[10]  ; 18.316 ; 17.591 ; 18.539 ; 17.814 ;
; b[3]       ; output[11]  ; 18.926 ; 18.580 ; 19.149 ; 18.803 ;
; b[3]       ; output[12]  ; 18.166 ; 17.580 ; 18.389 ; 17.803 ;
; b[3]       ; output[13]  ; 17.144 ; 16.996 ; 17.367 ; 17.219 ;
; b[3]       ; output[14]  ; 16.121 ; 16.008 ; 16.354 ; 16.241 ;
; b[3]       ; output[15]  ; 19.402 ; 19.084 ; 19.625 ; 19.307 ;
; b[3]       ; output[16]  ; 19.619 ; 19.290 ; 19.842 ; 19.513 ;
; b[3]       ; output[17]  ; 17.772 ; 17.302 ; 17.995 ; 17.525 ;
; b[3]       ; output[18]  ; 19.497 ; 19.040 ; 19.720 ; 19.263 ;
; b[3]       ; output[19]  ; 19.935 ; 19.357 ; 20.158 ; 19.580 ;
; b[3]       ; output[20]  ; 20.573 ; 20.111 ; 20.796 ; 20.334 ;
; b[3]       ; output[21]  ; 20.870 ; 20.337 ; 21.093 ; 20.560 ;
; b[3]       ; output[22]  ; 18.079 ; 17.931 ; 18.302 ; 18.154 ;
; b[3]       ; output[23]  ; 20.445 ; 19.961 ; 20.668 ; 20.184 ;
; b[3]       ; output[24]  ; 17.831 ; 17.603 ; 18.054 ; 17.826 ;
; b[3]       ; output[25]  ; 19.953 ; 19.376 ; 20.176 ; 19.599 ;
; b[3]       ; output[26]  ; 19.462 ; 19.055 ; 19.685 ; 19.278 ;
; b[3]       ; output[27]  ; 20.767 ; 20.191 ; 20.990 ; 20.414 ;
; b[3]       ; output[28]  ; 22.599 ; 22.046 ; 22.822 ; 22.269 ;
; b[3]       ; output[29]  ; 19.189 ; 18.762 ; 19.412 ; 18.985 ;
; b[3]       ; output[30]  ; 20.240 ; 19.682 ; 20.463 ; 19.905 ;
; b[3]       ; output[31]  ; 18.884 ; 18.439 ; 19.107 ; 18.662 ;
; b[4]       ; output[0]   ; 19.475 ; 19.497 ; 19.730 ; 19.752 ;
; b[4]       ; output[1]   ; 15.497 ; 15.128 ; 15.843 ; 15.494 ;
; b[4]       ; output[2]   ; 13.213 ; 13.129 ; 13.404 ; 13.277 ;
; b[4]       ; output[3]   ; 17.265 ; 16.673 ; 17.401 ; 17.022 ;
; b[4]       ; output[4]   ; 17.336 ; 17.167 ; 17.627 ; 17.375 ;
; b[4]       ; output[5]   ; 19.459 ; 18.765 ; 19.714 ; 19.020 ;
; b[4]       ; output[6]   ; 18.078 ; 17.279 ; 18.381 ; 17.582 ;
; b[4]       ; output[7]   ; 15.412 ; 15.315 ; 15.667 ; 15.570 ;
; b[4]       ; output[8]   ; 19.616 ; 19.053 ; 19.919 ; 19.356 ;
; b[4]       ; output[9]   ; 17.383 ; 16.826 ; 17.638 ; 17.081 ;
; b[4]       ; output[10]  ; 18.211 ; 17.486 ; 18.514 ; 17.789 ;
; b[4]       ; output[11]  ; 18.989 ; 18.643 ; 19.244 ; 18.898 ;
; b[4]       ; output[12]  ; 18.061 ; 17.475 ; 18.364 ; 17.778 ;
; b[4]       ; output[13]  ; 17.207 ; 17.059 ; 17.462 ; 17.314 ;
; b[4]       ; output[14]  ; 16.016 ; 15.903 ; 16.319 ; 16.206 ;
; b[4]       ; output[15]  ; 19.465 ; 19.147 ; 19.720 ; 19.402 ;
; b[4]       ; output[16]  ; 19.514 ; 19.185 ; 19.817 ; 19.488 ;
; b[4]       ; output[17]  ; 17.835 ; 17.303 ; 18.090 ; 17.558 ;
; b[4]       ; output[18]  ; 19.392 ; 18.935 ; 19.695 ; 19.238 ;
; b[4]       ; output[19]  ; 19.998 ; 19.358 ; 20.253 ; 19.613 ;
; b[4]       ; output[20]  ; 20.468 ; 20.006 ; 20.771 ; 20.309 ;
; b[4]       ; output[21]  ; 20.933 ; 20.400 ; 21.188 ; 20.655 ;
; b[4]       ; output[22]  ; 17.974 ; 17.826 ; 18.277 ; 18.129 ;
; b[4]       ; output[23]  ; 20.508 ; 19.962 ; 20.763 ; 20.217 ;
; b[4]       ; output[24]  ; 17.726 ; 17.498 ; 18.029 ; 17.801 ;
; b[4]       ; output[25]  ; 20.016 ; 19.377 ; 20.271 ; 19.632 ;
; b[4]       ; output[26]  ; 19.357 ; 18.950 ; 19.660 ; 19.253 ;
; b[4]       ; output[27]  ; 20.830 ; 20.254 ; 21.085 ; 20.509 ;
; b[4]       ; output[28]  ; 22.494 ; 21.941 ; 22.797 ; 22.244 ;
; b[4]       ; output[29]  ; 19.252 ; 18.825 ; 19.507 ; 19.080 ;
; b[4]       ; output[30]  ; 20.135 ; 19.577 ; 20.438 ; 19.880 ;
; b[4]       ; output[31]  ; 18.947 ; 18.440 ; 19.202 ; 18.695 ;
; b[5]       ; output[0]   ; 18.787 ; 18.747 ; 19.068 ; 19.028 ;
; b[5]       ; output[5]   ; 18.271 ; 17.577 ; 18.552 ; 17.858 ;
; b[5]       ; output[6]   ; 17.496 ; 16.697 ; 17.777 ; 16.978 ;
; b[5]       ; output[7]   ; 14.667 ; 14.565 ; 14.948 ; 14.846 ;
; b[5]       ; output[8]   ; 19.034 ; 18.471 ; 19.315 ; 18.752 ;
; b[5]       ; output[9]   ; 16.633 ; 16.076 ; 16.914 ; 16.357 ;
; b[5]       ; output[10]  ; 17.629 ; 16.904 ; 17.910 ; 17.185 ;
; b[5]       ; output[11]  ; 18.239 ; 17.893 ; 18.520 ; 18.174 ;
; b[5]       ; output[12]  ; 17.479 ; 16.893 ; 17.760 ; 17.174 ;
; b[5]       ; output[13]  ; 16.457 ; 16.309 ; 16.738 ; 16.590 ;
; b[5]       ; output[14]  ; 15.434 ; 15.321 ; 15.715 ; 15.602 ;
; b[5]       ; output[15]  ; 18.715 ; 18.397 ; 18.996 ; 18.678 ;
; b[5]       ; output[16]  ; 18.932 ; 18.603 ; 19.213 ; 18.884 ;
; b[5]       ; output[17]  ; 17.085 ; 16.615 ; 17.366 ; 16.896 ;
; b[5]       ; output[18]  ; 18.810 ; 18.353 ; 19.091 ; 18.634 ;
; b[5]       ; output[19]  ; 19.248 ; 18.670 ; 19.529 ; 18.951 ;
; b[5]       ; output[20]  ; 19.886 ; 19.424 ; 20.167 ; 19.705 ;
; b[5]       ; output[21]  ; 20.183 ; 19.650 ; 20.464 ; 19.931 ;
; b[5]       ; output[22]  ; 17.392 ; 17.244 ; 17.673 ; 17.525 ;
; b[5]       ; output[23]  ; 19.758 ; 19.274 ; 20.039 ; 19.555 ;
; b[5]       ; output[24]  ; 17.144 ; 16.916 ; 17.425 ; 17.197 ;
; b[5]       ; output[25]  ; 19.266 ; 18.689 ; 19.547 ; 18.970 ;
; b[5]       ; output[26]  ; 18.775 ; 18.368 ; 19.056 ; 18.649 ;
; b[5]       ; output[27]  ; 20.080 ; 19.504 ; 20.361 ; 19.785 ;
; b[5]       ; output[28]  ; 21.912 ; 21.359 ; 22.193 ; 21.640 ;
; b[5]       ; output[29]  ; 18.502 ; 18.075 ; 18.783 ; 18.356 ;
; b[5]       ; output[30]  ; 19.553 ; 18.995 ; 19.834 ; 19.276 ;
; b[5]       ; output[31]  ; 18.197 ; 17.752 ; 18.478 ; 18.033 ;
; b[6]       ; output[0]   ; 19.143 ; 19.165 ; 19.392 ; 19.414 ;
; b[6]       ; output[6]   ; 17.229 ; 16.547 ; 17.526 ; 16.844 ;
; b[6]       ; output[7]   ; 15.080 ; 14.983 ; 15.329 ; 15.232 ;
; b[6]       ; output[8]   ; 19.313 ; 18.750 ; 19.610 ; 19.047 ;
; b[6]       ; output[9]   ; 17.051 ; 16.494 ; 17.300 ; 16.743 ;
; b[6]       ; output[10]  ; 17.908 ; 17.183 ; 18.205 ; 17.480 ;
; b[6]       ; output[11]  ; 18.657 ; 18.311 ; 18.906 ; 18.560 ;
; b[6]       ; output[12]  ; 17.758 ; 17.172 ; 18.055 ; 17.469 ;
; b[6]       ; output[13]  ; 16.875 ; 16.727 ; 17.124 ; 16.976 ;
; b[6]       ; output[14]  ; 15.713 ; 15.600 ; 16.010 ; 15.897 ;
; b[6]       ; output[15]  ; 19.133 ; 18.815 ; 19.382 ; 19.064 ;
; b[6]       ; output[16]  ; 19.211 ; 18.882 ; 19.508 ; 19.179 ;
; b[6]       ; output[17]  ; 17.503 ; 16.971 ; 17.752 ; 17.220 ;
; b[6]       ; output[18]  ; 19.089 ; 18.632 ; 19.386 ; 18.929 ;
; b[6]       ; output[19]  ; 19.666 ; 19.026 ; 19.915 ; 19.275 ;
; b[6]       ; output[20]  ; 20.165 ; 19.703 ; 20.462 ; 20.000 ;
; b[6]       ; output[21]  ; 20.601 ; 20.068 ; 20.850 ; 20.317 ;
; b[6]       ; output[22]  ; 17.671 ; 17.523 ; 17.968 ; 17.820 ;
; b[6]       ; output[23]  ; 20.176 ; 19.630 ; 20.425 ; 19.879 ;
; b[6]       ; output[24]  ; 17.423 ; 17.195 ; 17.720 ; 17.492 ;
; b[6]       ; output[25]  ; 19.684 ; 19.045 ; 19.933 ; 19.294 ;
; b[6]       ; output[26]  ; 19.054 ; 18.647 ; 19.351 ; 18.944 ;
; b[6]       ; output[27]  ; 20.498 ; 19.922 ; 20.747 ; 20.171 ;
; b[6]       ; output[28]  ; 22.191 ; 21.638 ; 22.488 ; 21.935 ;
; b[6]       ; output[29]  ; 18.920 ; 18.493 ; 19.169 ; 18.742 ;
; b[6]       ; output[30]  ; 19.832 ; 19.274 ; 20.129 ; 19.571 ;
; b[6]       ; output[31]  ; 18.615 ; 18.108 ; 18.864 ; 18.357 ;
; b[7]       ; output[0]   ; 18.393 ; 18.353 ; 18.646 ; 18.606 ;
; b[7]       ; output[7]   ; 13.830 ; 13.733 ; 14.083 ; 13.986 ;
; b[7]       ; output[8]   ; 18.640 ; 18.077 ; 18.893 ; 18.330 ;
; b[7]       ; output[9]   ; 16.239 ; 15.682 ; 16.492 ; 15.935 ;
; b[7]       ; output[10]  ; 17.235 ; 16.510 ; 17.488 ; 16.763 ;
; b[7]       ; output[11]  ; 17.845 ; 17.499 ; 18.098 ; 17.752 ;
; b[7]       ; output[12]  ; 17.085 ; 16.499 ; 17.338 ; 16.752 ;
; b[7]       ; output[13]  ; 16.063 ; 15.915 ; 16.316 ; 16.168 ;
; b[7]       ; output[14]  ; 15.040 ; 14.927 ; 15.293 ; 15.180 ;
; b[7]       ; output[15]  ; 18.321 ; 18.003 ; 18.574 ; 18.256 ;
; b[7]       ; output[16]  ; 18.538 ; 18.209 ; 18.791 ; 18.462 ;
; b[7]       ; output[17]  ; 16.691 ; 16.221 ; 16.944 ; 16.474 ;
; b[7]       ; output[18]  ; 18.416 ; 17.959 ; 18.669 ; 18.212 ;
; b[7]       ; output[19]  ; 18.854 ; 18.276 ; 19.107 ; 18.529 ;
; b[7]       ; output[20]  ; 19.492 ; 19.030 ; 19.745 ; 19.283 ;
; b[7]       ; output[21]  ; 19.789 ; 19.256 ; 20.042 ; 19.509 ;
; b[7]       ; output[22]  ; 16.998 ; 16.850 ; 17.251 ; 17.103 ;
; b[7]       ; output[23]  ; 19.364 ; 18.880 ; 19.617 ; 19.133 ;
; b[7]       ; output[24]  ; 16.750 ; 16.522 ; 17.003 ; 16.775 ;
; b[7]       ; output[25]  ; 18.872 ; 18.295 ; 19.125 ; 18.548 ;
; b[7]       ; output[26]  ; 18.381 ; 17.974 ; 18.634 ; 18.227 ;
; b[7]       ; output[27]  ; 19.686 ; 19.110 ; 19.939 ; 19.363 ;
; b[7]       ; output[28]  ; 21.518 ; 20.965 ; 21.771 ; 21.218 ;
; b[7]       ; output[29]  ; 18.108 ; 17.681 ; 18.361 ; 17.934 ;
; b[7]       ; output[30]  ; 19.159 ; 18.601 ; 19.412 ; 18.854 ;
; b[7]       ; output[31]  ; 17.803 ; 17.358 ; 18.056 ; 17.611 ;
; b[8]       ; output[0]   ; 18.976 ; 18.998 ; 19.350 ; 19.372 ;
; b[8]       ; output[8]   ; 18.549 ; 18.103 ; 18.903 ; 18.435 ;
; b[8]       ; output[9]   ; 16.884 ; 16.327 ; 17.258 ; 16.701 ;
; b[8]       ; output[10]  ; 17.690 ; 16.965 ; 18.022 ; 17.297 ;
; b[8]       ; output[11]  ; 18.490 ; 18.144 ; 18.864 ; 18.518 ;
; b[8]       ; output[12]  ; 17.540 ; 16.954 ; 17.872 ; 17.286 ;
; b[8]       ; output[13]  ; 16.708 ; 16.560 ; 17.082 ; 16.934 ;
; b[8]       ; output[14]  ; 15.495 ; 15.382 ; 15.827 ; 15.714 ;
; b[8]       ; output[15]  ; 18.966 ; 18.648 ; 19.340 ; 19.022 ;
; b[8]       ; output[16]  ; 18.993 ; 18.664 ; 19.325 ; 18.996 ;
; b[8]       ; output[17]  ; 17.336 ; 16.804 ; 17.710 ; 17.178 ;
; b[8]       ; output[18]  ; 18.871 ; 18.414 ; 19.203 ; 18.746 ;
; b[8]       ; output[19]  ; 19.499 ; 18.859 ; 19.873 ; 19.233 ;
; b[8]       ; output[20]  ; 19.947 ; 19.485 ; 20.279 ; 19.817 ;
; b[8]       ; output[21]  ; 20.434 ; 19.901 ; 20.808 ; 20.275 ;
; b[8]       ; output[22]  ; 17.453 ; 17.305 ; 17.785 ; 17.637 ;
; b[8]       ; output[23]  ; 20.009 ; 19.463 ; 20.383 ; 19.837 ;
; b[8]       ; output[24]  ; 17.205 ; 16.977 ; 17.537 ; 17.309 ;
; b[8]       ; output[25]  ; 19.517 ; 18.878 ; 19.891 ; 19.252 ;
; b[8]       ; output[26]  ; 18.836 ; 18.429 ; 19.168 ; 18.761 ;
; b[8]       ; output[27]  ; 20.331 ; 19.755 ; 20.705 ; 20.129 ;
; b[8]       ; output[28]  ; 21.973 ; 21.420 ; 22.305 ; 21.752 ;
; b[8]       ; output[29]  ; 18.753 ; 18.326 ; 19.127 ; 18.700 ;
; b[8]       ; output[30]  ; 19.614 ; 19.056 ; 19.946 ; 19.388 ;
; b[8]       ; output[31]  ; 18.448 ; 17.941 ; 18.822 ; 18.315 ;
; b[9]       ; output[0]   ; 18.397 ; 18.357 ; 18.701 ; 18.661 ;
; b[9]       ; output[9]   ; 15.805 ; 15.248 ; 16.109 ; 15.552 ;
; b[9]       ; output[10]  ; 17.239 ; 16.514 ; 17.543 ; 16.818 ;
; b[9]       ; output[11]  ; 17.849 ; 17.503 ; 18.153 ; 17.807 ;
; b[9]       ; output[12]  ; 17.089 ; 16.503 ; 17.393 ; 16.807 ;
; b[9]       ; output[13]  ; 16.067 ; 15.919 ; 16.371 ; 16.223 ;
; b[9]       ; output[14]  ; 15.044 ; 14.931 ; 15.348 ; 15.235 ;
; b[9]       ; output[15]  ; 18.325 ; 18.007 ; 18.629 ; 18.311 ;
; b[9]       ; output[16]  ; 18.542 ; 18.213 ; 18.846 ; 18.517 ;
; b[9]       ; output[17]  ; 16.695 ; 16.225 ; 16.999 ; 16.529 ;
; b[9]       ; output[18]  ; 18.420 ; 17.963 ; 18.724 ; 18.267 ;
; b[9]       ; output[19]  ; 18.858 ; 18.280 ; 19.162 ; 18.584 ;
; b[9]       ; output[20]  ; 19.496 ; 19.034 ; 19.800 ; 19.338 ;
; b[9]       ; output[21]  ; 19.793 ; 19.260 ; 20.097 ; 19.564 ;
; b[9]       ; output[22]  ; 17.002 ; 16.854 ; 17.306 ; 17.158 ;
; b[9]       ; output[23]  ; 19.368 ; 18.884 ; 19.672 ; 19.188 ;
; b[9]       ; output[24]  ; 16.754 ; 16.526 ; 17.058 ; 16.830 ;
; b[9]       ; output[25]  ; 18.876 ; 18.299 ; 19.180 ; 18.603 ;
; b[9]       ; output[26]  ; 18.385 ; 17.978 ; 18.689 ; 18.282 ;
; b[9]       ; output[27]  ; 19.690 ; 19.114 ; 19.994 ; 19.418 ;
; b[9]       ; output[28]  ; 21.522 ; 20.969 ; 21.826 ; 21.273 ;
; b[9]       ; output[29]  ; 18.112 ; 17.685 ; 18.416 ; 17.989 ;
; b[9]       ; output[30]  ; 19.163 ; 18.605 ; 19.467 ; 18.909 ;
; b[9]       ; output[31]  ; 17.807 ; 17.362 ; 18.111 ; 17.666 ;
; b[10]      ; output[0]   ; 17.675 ; 17.697 ; 17.937 ; 17.959 ;
; b[10]      ; output[10]  ; 15.823 ; 15.199 ; 16.135 ; 15.527 ;
; b[10]      ; output[11]  ; 17.189 ; 16.843 ; 17.451 ; 17.105 ;
; b[10]      ; output[12]  ; 16.203 ; 15.617 ; 16.531 ; 15.945 ;
; b[10]      ; output[13]  ; 15.407 ; 15.259 ; 15.669 ; 15.521 ;
; b[10]      ; output[14]  ; 14.158 ; 14.045 ; 14.486 ; 14.373 ;
; b[10]      ; output[15]  ; 17.665 ; 17.347 ; 17.927 ; 17.609 ;
; b[10]      ; output[16]  ; 17.656 ; 17.327 ; 17.984 ; 17.655 ;
; b[10]      ; output[17]  ; 16.035 ; 15.503 ; 16.297 ; 15.765 ;
; b[10]      ; output[18]  ; 17.534 ; 17.077 ; 17.862 ; 17.405 ;
; b[10]      ; output[19]  ; 18.198 ; 17.558 ; 18.460 ; 17.820 ;
; b[10]      ; output[20]  ; 18.610 ; 18.148 ; 18.938 ; 18.476 ;
; b[10]      ; output[21]  ; 19.133 ; 18.600 ; 19.395 ; 18.862 ;
; b[10]      ; output[22]  ; 16.116 ; 15.968 ; 16.444 ; 16.296 ;
; b[10]      ; output[23]  ; 18.708 ; 18.162 ; 18.970 ; 18.424 ;
; b[10]      ; output[24]  ; 15.868 ; 15.640 ; 16.196 ; 15.968 ;
; b[10]      ; output[25]  ; 18.216 ; 17.577 ; 18.478 ; 17.839 ;
; b[10]      ; output[26]  ; 17.499 ; 17.092 ; 17.827 ; 17.420 ;
; b[10]      ; output[27]  ; 19.030 ; 18.454 ; 19.292 ; 18.716 ;
; b[10]      ; output[28]  ; 20.636 ; 20.083 ; 20.964 ; 20.411 ;
; b[10]      ; output[29]  ; 17.452 ; 17.025 ; 17.714 ; 17.287 ;
; b[10]      ; output[30]  ; 18.277 ; 17.719 ; 18.605 ; 18.047 ;
; b[10]      ; output[31]  ; 17.147 ; 16.640 ; 17.409 ; 16.902 ;
; b[11]      ; output[0]   ; 17.867 ; 17.829 ; 18.178 ; 18.138 ;
; b[11]      ; output[11]  ; 16.881 ; 16.535 ; 17.192 ; 16.846 ;
; b[11]      ; output[12]  ; 16.559 ; 15.973 ; 16.870 ; 16.284 ;
; b[11]      ; output[13]  ; 15.539 ; 15.391 ; 15.848 ; 15.700 ;
; b[11]      ; output[14]  ; 14.514 ; 14.401 ; 14.825 ; 14.712 ;
; b[11]      ; output[15]  ; 17.797 ; 17.479 ; 18.106 ; 17.788 ;
; b[11]      ; output[16]  ; 18.012 ; 17.683 ; 18.323 ; 17.994 ;
; b[11]      ; output[17]  ; 16.167 ; 15.695 ; 16.476 ; 16.006 ;
; b[11]      ; output[18]  ; 17.890 ; 17.433 ; 18.201 ; 17.744 ;
; b[11]      ; output[19]  ; 18.330 ; 17.750 ; 18.639 ; 18.061 ;
; b[11]      ; output[20]  ; 18.966 ; 18.504 ; 19.277 ; 18.815 ;
; b[11]      ; output[21]  ; 19.265 ; 18.732 ; 19.574 ; 19.041 ;
; b[11]      ; output[22]  ; 16.472 ; 16.324 ; 16.783 ; 16.635 ;
; b[11]      ; output[23]  ; 18.840 ; 18.354 ; 19.149 ; 18.665 ;
; b[11]      ; output[24]  ; 16.224 ; 15.996 ; 16.535 ; 16.307 ;
; b[11]      ; output[25]  ; 18.348 ; 17.769 ; 18.657 ; 18.080 ;
; b[11]      ; output[26]  ; 17.855 ; 17.448 ; 18.166 ; 17.759 ;
; b[11]      ; output[27]  ; 19.162 ; 18.586 ; 19.471 ; 18.895 ;
; b[11]      ; output[28]  ; 20.992 ; 20.439 ; 21.303 ; 20.750 ;
; b[11]      ; output[29]  ; 17.584 ; 17.157 ; 17.893 ; 17.466 ;
; b[11]      ; output[30]  ; 18.633 ; 18.075 ; 18.944 ; 18.386 ;
; b[11]      ; output[31]  ; 17.279 ; 16.832 ; 17.588 ; 17.143 ;
; b[12]      ; output[0]   ; 18.125 ; 18.147 ; 18.393 ; 18.415 ;
; b[12]      ; output[12]  ; 16.124 ; 15.616 ; 16.440 ; 15.932 ;
; b[12]      ; output[13]  ; 15.857 ; 15.709 ; 16.125 ; 15.977 ;
; b[12]      ; output[14]  ; 14.586 ; 14.473 ; 14.902 ; 14.789 ;
; b[12]      ; output[15]  ; 18.115 ; 17.797 ; 18.383 ; 18.065 ;
; b[12]      ; output[16]  ; 18.084 ; 17.755 ; 18.400 ; 18.071 ;
; b[12]      ; output[17]  ; 16.485 ; 15.953 ; 16.753 ; 16.221 ;
; b[12]      ; output[18]  ; 17.962 ; 17.505 ; 18.278 ; 17.821 ;
; b[12]      ; output[19]  ; 18.648 ; 18.008 ; 18.916 ; 18.276 ;
; b[12]      ; output[20]  ; 19.046 ; 18.576 ; 19.354 ; 18.892 ;
; b[12]      ; output[21]  ; 19.583 ; 19.050 ; 19.851 ; 19.318 ;
; b[12]      ; output[22]  ; 16.552 ; 16.396 ; 16.860 ; 16.712 ;
; b[12]      ; output[23]  ; 19.158 ; 18.612 ; 19.426 ; 18.880 ;
; b[12]      ; output[24]  ; 16.296 ; 16.068 ; 16.612 ; 16.384 ;
; b[12]      ; output[25]  ; 18.666 ; 18.027 ; 18.934 ; 18.295 ;
; b[12]      ; output[26]  ; 17.927 ; 17.520 ; 18.243 ; 17.836 ;
; b[12]      ; output[27]  ; 19.480 ; 18.904 ; 19.748 ; 19.172 ;
; b[12]      ; output[28]  ; 21.064 ; 20.511 ; 21.380 ; 20.827 ;
; b[12]      ; output[29]  ; 17.902 ; 17.475 ; 18.170 ; 17.743 ;
; b[12]      ; output[30]  ; 18.705 ; 18.147 ; 19.021 ; 18.463 ;
; b[12]      ; output[31]  ; 17.597 ; 17.090 ; 17.865 ; 17.358 ;
; b[13]      ; output[0]   ; 17.905 ; 17.865 ; 18.223 ; 18.183 ;
; b[13]      ; output[13]  ; 15.142 ; 14.994 ; 15.460 ; 15.312 ;
; b[13]      ; output[14]  ; 14.552 ; 14.439 ; 14.870 ; 14.757 ;
; b[13]      ; output[15]  ; 17.833 ; 17.515 ; 18.151 ; 17.833 ;
; b[13]      ; output[16]  ; 18.050 ; 17.721 ; 18.368 ; 18.039 ;
; b[13]      ; output[17]  ; 16.203 ; 15.733 ; 16.521 ; 16.051 ;
; b[13]      ; output[18]  ; 17.928 ; 17.471 ; 18.246 ; 17.789 ;
; b[13]      ; output[19]  ; 18.366 ; 17.788 ; 18.684 ; 18.106 ;
; b[13]      ; output[20]  ; 19.004 ; 18.542 ; 19.322 ; 18.860 ;
; b[13]      ; output[21]  ; 19.301 ; 18.768 ; 19.619 ; 19.086 ;
; b[13]      ; output[22]  ; 16.510 ; 16.362 ; 16.828 ; 16.680 ;
; b[13]      ; output[23]  ; 18.876 ; 18.392 ; 19.194 ; 18.710 ;
; b[13]      ; output[24]  ; 16.262 ; 16.034 ; 16.580 ; 16.352 ;
; b[13]      ; output[25]  ; 18.384 ; 17.807 ; 18.702 ; 18.125 ;
; b[13]      ; output[26]  ; 17.893 ; 17.486 ; 18.211 ; 17.804 ;
; b[13]      ; output[27]  ; 19.198 ; 18.622 ; 19.516 ; 18.940 ;
; b[13]      ; output[28]  ; 21.030 ; 20.477 ; 21.348 ; 20.795 ;
; b[13]      ; output[29]  ; 17.620 ; 17.193 ; 17.938 ; 17.511 ;
; b[13]      ; output[30]  ; 18.671 ; 18.113 ; 18.989 ; 18.431 ;
; b[13]      ; output[31]  ; 17.315 ; 16.870 ; 17.633 ; 17.188 ;
; b[14]      ; output[0]   ; 17.396 ; 17.418 ; 17.703 ; 17.725 ;
; b[14]      ; output[14]  ; 13.349 ; 13.236 ; 13.656 ; 13.543 ;
; b[14]      ; output[15]  ; 17.386 ; 17.068 ; 17.693 ; 17.375 ;
; b[14]      ; output[16]  ; 17.349 ; 17.020 ; 17.614 ; 17.285 ;
; b[14]      ; output[17]  ; 15.756 ; 15.224 ; 16.063 ; 15.531 ;
; b[14]      ; output[18]  ; 17.227 ; 16.770 ; 17.492 ; 17.035 ;
; b[14]      ; output[19]  ; 17.919 ; 17.279 ; 18.226 ; 17.586 ;
; b[14]      ; output[20]  ; 18.317 ; 17.841 ; 18.624 ; 18.106 ;
; b[14]      ; output[21]  ; 18.854 ; 18.321 ; 19.161 ; 18.628 ;
; b[14]      ; output[22]  ; 15.823 ; 15.661 ; 16.130 ; 15.926 ;
; b[14]      ; output[23]  ; 18.429 ; 17.883 ; 18.736 ; 18.190 ;
; b[14]      ; output[24]  ; 15.561 ; 15.333 ; 15.826 ; 15.598 ;
; b[14]      ; output[25]  ; 17.937 ; 17.298 ; 18.244 ; 17.605 ;
; b[14]      ; output[26]  ; 17.192 ; 16.785 ; 17.457 ; 17.050 ;
; b[14]      ; output[27]  ; 18.751 ; 18.175 ; 19.058 ; 18.482 ;
; b[14]      ; output[28]  ; 20.329 ; 19.776 ; 20.594 ; 20.041 ;
; b[14]      ; output[29]  ; 17.173 ; 16.746 ; 17.480 ; 17.053 ;
; b[14]      ; output[30]  ; 17.970 ; 17.412 ; 18.235 ; 17.677 ;
; b[14]      ; output[31]  ; 16.868 ; 16.361 ; 17.175 ; 16.668 ;
; b[15]      ; output[0]   ; 17.899 ; 18.021 ; 18.180 ; 18.302 ;
; b[15]      ; output[15]  ; 17.603 ; 17.285 ; 17.884 ; 17.566 ;
; b[15]      ; output[16]  ; 18.253 ; 17.924 ; 18.534 ; 18.205 ;
; b[15]      ; output[17]  ; 16.406 ; 15.936 ; 16.687 ; 16.217 ;
; b[15]      ; output[18]  ; 18.131 ; 17.674 ; 18.412 ; 17.955 ;
; b[15]      ; output[19]  ; 18.569 ; 17.991 ; 18.850 ; 18.272 ;
; b[15]      ; output[20]  ; 19.207 ; 18.745 ; 19.488 ; 19.026 ;
; b[15]      ; output[21]  ; 19.504 ; 18.971 ; 19.785 ; 19.252 ;
; b[15]      ; output[22]  ; 16.713 ; 16.565 ; 16.994 ; 16.846 ;
; b[15]      ; output[23]  ; 19.079 ; 18.595 ; 19.360 ; 18.876 ;
; b[15]      ; output[24]  ; 16.465 ; 16.237 ; 16.746 ; 16.518 ;
; b[15]      ; output[25]  ; 18.587 ; 18.010 ; 18.868 ; 18.291 ;
; b[15]      ; output[26]  ; 18.096 ; 17.689 ; 18.377 ; 17.970 ;
; b[15]      ; output[27]  ; 19.401 ; 18.825 ; 19.682 ; 19.106 ;
; b[15]      ; output[28]  ; 21.233 ; 20.680 ; 21.514 ; 20.961 ;
; b[15]      ; output[29]  ; 17.823 ; 17.396 ; 18.104 ; 17.677 ;
; b[15]      ; output[30]  ; 18.874 ; 18.316 ; 19.155 ; 18.597 ;
; b[15]      ; output[31]  ; 17.518 ; 17.073 ; 17.799 ; 17.354 ;
; b[16]      ; output[0]   ; 17.483 ; 17.545 ; 17.645 ; 17.755 ;
; b[16]      ; output[16]  ; 17.292 ; 16.963 ; 17.454 ; 17.125 ;
; b[16]      ; output[17]  ; 16.201 ; 15.669 ; 16.363 ; 15.831 ;
; b[16]      ; output[18]  ; 17.655 ; 17.198 ; 17.865 ; 17.408 ;
; b[16]      ; output[19]  ; 18.364 ; 17.724 ; 18.526 ; 17.886 ;
; b[16]      ; output[20]  ; 18.762 ; 18.269 ; 18.941 ; 18.479 ;
; b[16]      ; output[21]  ; 19.299 ; 18.766 ; 19.461 ; 18.928 ;
; b[16]      ; output[22]  ; 16.268 ; 16.089 ; 16.447 ; 16.299 ;
; b[16]      ; output[23]  ; 18.874 ; 18.328 ; 19.036 ; 18.490 ;
; b[16]      ; output[24]  ; 15.989 ; 15.761 ; 16.199 ; 15.971 ;
; b[16]      ; output[25]  ; 18.382 ; 17.743 ; 18.544 ; 17.905 ;
; b[16]      ; output[26]  ; 17.620 ; 17.213 ; 17.830 ; 17.423 ;
; b[16]      ; output[27]  ; 19.196 ; 18.620 ; 19.358 ; 18.782 ;
; b[16]      ; output[28]  ; 20.757 ; 20.204 ; 20.967 ; 20.414 ;
; b[16]      ; output[29]  ; 17.618 ; 17.191 ; 17.780 ; 17.353 ;
; b[16]      ; output[30]  ; 18.398 ; 17.840 ; 18.608 ; 18.050 ;
; b[16]      ; output[31]  ; 17.313 ; 16.806 ; 17.475 ; 16.968 ;
; b[17]      ; output[0]   ; 16.774 ; 16.896 ; 17.036 ; 17.158 ;
; b[17]      ; output[17]  ; 14.843 ; 14.302 ; 15.105 ; 14.564 ;
; b[17]      ; output[18]  ; 17.006 ; 16.549 ; 17.268 ; 16.811 ;
; b[17]      ; output[19]  ; 17.444 ; 16.866 ; 17.706 ; 17.128 ;
; b[17]      ; output[20]  ; 18.082 ; 17.620 ; 18.344 ; 17.882 ;
; b[17]      ; output[21]  ; 18.379 ; 17.846 ; 18.641 ; 18.108 ;
; b[17]      ; output[22]  ; 15.588 ; 15.440 ; 15.850 ; 15.702 ;
; b[17]      ; output[23]  ; 17.954 ; 17.470 ; 18.216 ; 17.732 ;
; b[17]      ; output[24]  ; 15.340 ; 15.112 ; 15.602 ; 15.374 ;
; b[17]      ; output[25]  ; 17.462 ; 16.885 ; 17.724 ; 17.147 ;
; b[17]      ; output[26]  ; 16.971 ; 16.564 ; 17.233 ; 16.826 ;
; b[17]      ; output[27]  ; 18.276 ; 17.700 ; 18.538 ; 17.962 ;
; b[17]      ; output[28]  ; 20.108 ; 19.555 ; 20.370 ; 19.817 ;
; b[17]      ; output[29]  ; 16.698 ; 16.271 ; 16.960 ; 16.533 ;
; b[17]      ; output[30]  ; 17.749 ; 17.191 ; 18.011 ; 17.453 ;
; b[17]      ; output[31]  ; 16.393 ; 15.948 ; 16.655 ; 16.210 ;
; b[18]      ; output[0]   ; 17.956 ; 18.078 ; 18.322 ; 18.444 ;
; b[18]      ; output[18]  ; 17.642 ; 17.199 ; 18.008 ; 17.565 ;
; b[18]      ; output[19]  ; 18.769 ; 18.129 ; 19.128 ; 18.488 ;
; b[18]      ; output[20]  ; 19.264 ; 18.802 ; 19.630 ; 19.168 ;
; b[18]      ; output[21]  ; 19.704 ; 19.171 ; 20.063 ; 19.530 ;
; b[18]      ; output[22]  ; 16.770 ; 16.622 ; 17.136 ; 16.988 ;
; b[18]      ; output[23]  ; 19.279 ; 18.733 ; 19.638 ; 19.092 ;
; b[18]      ; output[24]  ; 16.522 ; 16.294 ; 16.888 ; 16.660 ;
; b[18]      ; output[25]  ; 18.787 ; 18.148 ; 19.146 ; 18.507 ;
; b[18]      ; output[26]  ; 18.153 ; 17.746 ; 18.519 ; 18.112 ;
; b[18]      ; output[27]  ; 19.601 ; 19.025 ; 19.960 ; 19.384 ;
; b[18]      ; output[28]  ; 21.290 ; 20.737 ; 21.656 ; 21.103 ;
; b[18]      ; output[29]  ; 18.023 ; 17.596 ; 18.382 ; 17.955 ;
; b[18]      ; output[30]  ; 18.931 ; 18.373 ; 19.297 ; 18.739 ;
; b[18]      ; output[31]  ; 17.718 ; 17.211 ; 18.077 ; 17.570 ;
; b[19]      ; output[0]   ; 17.667 ; 17.789 ; 17.941 ; 18.063 ;
; b[19]      ; output[19]  ; 17.904 ; 17.251 ; 18.178 ; 17.525 ;
; b[19]      ; output[20]  ; 18.975 ; 18.513 ; 19.249 ; 18.787 ;
; b[19]      ; output[21]  ; 19.272 ; 18.739 ; 19.546 ; 19.013 ;
; b[19]      ; output[22]  ; 16.481 ; 16.333 ; 16.755 ; 16.607 ;
; b[19]      ; output[23]  ; 18.847 ; 18.363 ; 19.121 ; 18.637 ;
; b[19]      ; output[24]  ; 16.233 ; 16.005 ; 16.507 ; 16.279 ;
; b[19]      ; output[25]  ; 18.355 ; 17.778 ; 18.629 ; 18.052 ;
; b[19]      ; output[26]  ; 17.864 ; 17.457 ; 18.138 ; 17.731 ;
; b[19]      ; output[27]  ; 19.169 ; 18.593 ; 19.443 ; 18.867 ;
; b[19]      ; output[28]  ; 21.001 ; 20.448 ; 21.275 ; 20.722 ;
; b[19]      ; output[29]  ; 17.591 ; 17.164 ; 17.865 ; 17.438 ;
; b[19]      ; output[30]  ; 18.642 ; 18.084 ; 18.916 ; 18.358 ;
; b[19]      ; output[31]  ; 17.286 ; 16.841 ; 17.560 ; 17.115 ;
; b[20]      ; output[0]   ; 16.335 ; 16.407 ; 16.617 ; 16.739 ;
; b[20]      ; output[20]  ; 17.164 ; 16.665 ; 17.496 ; 16.931 ;
; b[20]      ; output[21]  ; 18.180 ; 17.647 ; 18.446 ; 17.913 ;
; b[20]      ; output[22]  ; 15.149 ; 14.951 ; 15.431 ; 15.283 ;
; b[20]      ; output[23]  ; 17.755 ; 17.209 ; 18.021 ; 17.475 ;
; b[20]      ; output[24]  ; 14.851 ; 14.623 ; 15.183 ; 14.955 ;
; b[20]      ; output[25]  ; 17.263 ; 16.624 ; 17.529 ; 16.890 ;
; b[20]      ; output[26]  ; 16.482 ; 16.075 ; 16.814 ; 16.407 ;
; b[20]      ; output[27]  ; 18.077 ; 17.501 ; 18.343 ; 17.767 ;
; b[20]      ; output[28]  ; 19.619 ; 19.066 ; 19.951 ; 19.398 ;
; b[20]      ; output[29]  ; 16.499 ; 16.072 ; 16.765 ; 16.338 ;
; b[20]      ; output[30]  ; 17.260 ; 16.702 ; 17.592 ; 17.034 ;
; b[20]      ; output[31]  ; 16.194 ; 15.687 ; 16.460 ; 15.953 ;
; b[21]      ; output[0]   ; 17.559 ; 17.681 ; 17.943 ; 18.065 ;
; b[21]      ; output[21]  ; 18.726 ; 18.193 ; 19.110 ; 18.577 ;
; b[21]      ; output[22]  ; 16.373 ; 16.225 ; 16.757 ; 16.609 ;
; b[21]      ; output[23]  ; 18.739 ; 18.255 ; 19.123 ; 18.639 ;
; b[21]      ; output[24]  ; 16.125 ; 15.897 ; 16.509 ; 16.281 ;
; b[21]      ; output[25]  ; 18.247 ; 17.670 ; 18.631 ; 18.054 ;
; b[21]      ; output[26]  ; 17.756 ; 17.349 ; 18.140 ; 17.733 ;
; b[21]      ; output[27]  ; 19.061 ; 18.485 ; 19.445 ; 18.869 ;
; b[21]      ; output[28]  ; 20.893 ; 20.340 ; 21.277 ; 20.724 ;
; b[21]      ; output[29]  ; 17.483 ; 17.056 ; 17.867 ; 17.440 ;
; b[21]      ; output[30]  ; 18.534 ; 17.976 ; 18.918 ; 18.360 ;
; b[21]      ; output[31]  ; 17.178 ; 16.733 ; 17.562 ; 17.117 ;
; b[22]      ; output[0]   ; 16.090 ; 16.128 ; 16.420 ; 16.458 ;
; b[22]      ; output[22]  ; 14.841 ; 14.576 ; 15.129 ; 14.874 ;
; b[22]      ; output[23]  ; 17.814 ; 17.268 ; 18.144 ; 17.598 ;
; b[22]      ; output[24]  ; 15.022 ; 14.794 ; 15.310 ; 15.082 ;
; b[22]      ; output[25]  ; 17.322 ; 16.683 ; 17.652 ; 17.013 ;
; b[22]      ; output[26]  ; 16.653 ; 16.246 ; 16.941 ; 16.534 ;
; b[22]      ; output[27]  ; 18.136 ; 17.560 ; 18.466 ; 17.890 ;
; b[22]      ; output[28]  ; 19.790 ; 19.237 ; 20.078 ; 19.525 ;
; b[22]      ; output[29]  ; 16.558 ; 16.131 ; 16.888 ; 16.461 ;
; b[22]      ; output[30]  ; 17.431 ; 16.873 ; 17.719 ; 17.161 ;
; b[22]      ; output[31]  ; 16.253 ; 15.746 ; 16.583 ; 16.076 ;
; b[23]      ; output[0]   ; 16.589 ; 16.549 ; 16.931 ; 16.891 ;
; b[23]      ; output[23]  ; 17.810 ; 17.251 ; 18.152 ; 17.593 ;
; b[23]      ; output[24]  ; 15.629 ; 15.401 ; 15.971 ; 15.743 ;
; b[23]      ; output[25]  ; 17.751 ; 17.174 ; 18.093 ; 17.516 ;
; b[23]      ; output[26]  ; 17.260 ; 16.853 ; 17.602 ; 17.195 ;
; b[23]      ; output[27]  ; 18.565 ; 17.989 ; 18.907 ; 18.331 ;
; b[23]      ; output[28]  ; 20.397 ; 19.844 ; 20.739 ; 20.186 ;
; b[23]      ; output[29]  ; 16.987 ; 16.560 ; 17.329 ; 16.902 ;
; b[23]      ; output[30]  ; 18.038 ; 17.480 ; 18.380 ; 17.822 ;
; b[23]      ; output[31]  ; 16.682 ; 16.237 ; 17.024 ; 16.579 ;
; b[24]      ; output[0]   ; 16.642 ; 16.552 ; 16.990 ; 16.900 ;
; b[24]      ; output[24]  ; 14.996 ; 14.783 ; 15.344 ; 15.116 ;
; b[24]      ; output[25]  ; 17.874 ; 17.235 ; 18.222 ; 17.583 ;
; b[24]      ; output[26]  ; 17.169 ; 16.762 ; 17.475 ; 17.068 ;
; b[24]      ; output[27]  ; 18.688 ; 18.112 ; 19.036 ; 18.460 ;
; b[24]      ; output[28]  ; 20.306 ; 19.753 ; 20.612 ; 20.059 ;
; b[24]      ; output[29]  ; 17.110 ; 16.683 ; 17.458 ; 17.031 ;
; b[24]      ; output[30]  ; 17.947 ; 17.389 ; 18.253 ; 17.695 ;
; b[24]      ; output[31]  ; 16.805 ; 16.298 ; 17.153 ; 16.646 ;
; b[25]      ; output[0]   ; 16.362 ; 16.322 ; 16.705 ; 16.665 ;
; b[25]      ; output[25]  ; 17.091 ; 16.446 ; 17.434 ; 16.782 ;
; b[25]      ; output[26]  ; 17.033 ; 16.626 ; 17.376 ; 16.969 ;
; b[25]      ; output[27]  ; 18.342 ; 17.766 ; 18.681 ; 18.105 ;
; b[25]      ; output[28]  ; 20.170 ; 19.617 ; 20.513 ; 19.960 ;
; b[25]      ; output[29]  ; 16.764 ; 16.337 ; 17.103 ; 16.676 ;
; b[25]      ; output[30]  ; 17.811 ; 17.253 ; 18.154 ; 17.596 ;
; b[25]      ; output[31]  ; 16.459 ; 16.010 ; 16.798 ; 16.353 ;
; b[26]      ; output[0]   ; 17.019 ; 16.929 ; 17.162 ; 17.072 ;
; b[26]      ; output[26]  ; 17.061 ; 16.654 ; 17.162 ; 16.755 ;
; b[26]      ; output[27]  ; 19.065 ; 18.489 ; 19.208 ; 18.632 ;
; b[26]      ; output[28]  ; 20.746 ; 20.193 ; 20.847 ; 20.294 ;
; b[26]      ; output[29]  ; 17.487 ; 17.060 ; 17.630 ; 17.203 ;
; b[26]      ; output[30]  ; 18.387 ; 17.829 ; 18.488 ; 17.930 ;
; b[26]      ; output[31]  ; 17.182 ; 16.675 ; 17.325 ; 16.818 ;
; b[27]      ; output[0]   ; 16.448 ; 16.408 ; 16.750 ; 16.710 ;
; b[27]      ; output[27]  ; 17.991 ; 17.415 ; 18.293 ; 17.717 ;
; b[27]      ; output[28]  ; 20.256 ; 19.703 ; 20.558 ; 20.005 ;
; b[27]      ; output[29]  ; 16.846 ; 16.419 ; 17.148 ; 16.721 ;
; b[27]      ; output[30]  ; 17.897 ; 17.339 ; 18.199 ; 17.641 ;
; b[27]      ; output[31]  ; 16.541 ; 16.096 ; 16.843 ; 16.398 ;
; b[28]      ; output[0]   ; 16.697 ; 16.607 ; 16.965 ; 16.875 ;
; b[28]      ; output[28]  ; 19.898 ; 19.345 ; 20.124 ; 19.571 ;
; b[28]      ; output[29]  ; 17.165 ; 16.738 ; 17.433 ; 17.006 ;
; b[28]      ; output[30]  ; 18.087 ; 17.529 ; 18.313 ; 17.755 ;
; b[28]      ; output[31]  ; 16.860 ; 16.353 ; 17.128 ; 16.621 ;
; b[29]      ; output[0]   ; 15.733 ; 15.693 ; 16.095 ; 16.055 ;
; b[29]      ; output[29]  ; 15.698 ; 15.271 ; 16.060 ; 15.633 ;
; b[29]      ; output[30]  ; 17.182 ; 16.624 ; 17.544 ; 16.986 ;
; b[29]      ; output[31]  ; 15.854 ; 15.381 ; 16.188 ; 15.743 ;
; b[30]      ; output[0]   ; 16.394 ; 16.273 ; 16.799 ; 16.678 ;
; b[30]      ; output[30]  ; 17.186 ; 16.628 ; 17.562 ; 17.004 ;
; b[30]      ; output[31]  ; 16.557 ; 16.050 ; 16.962 ; 16.455 ;
; b[31]      ; output[0]   ; 16.400 ; 16.360 ; 16.624 ; 16.584 ;
; b[31]      ; output[31]  ; 16.060 ; 15.540 ; 16.284 ; 15.764 ;
; op[0]      ; output[0]   ; 19.887 ; 19.847 ; 19.955 ; 19.977 ;
; op[0]      ; output[1]   ; 19.561 ; 19.337 ; 19.601 ; 19.427 ;
; op[0]      ; output[2]   ; 16.626 ; 16.779 ; 16.672 ; 16.825 ;
; op[0]      ; output[3]   ; 22.074 ; 21.695 ; 22.204 ; 21.825 ;
; op[0]      ; output[4]   ; 17.508 ; 17.256 ; 17.554 ; 17.302 ;
; op[0]      ; output[5]   ; 19.809 ; 19.115 ; 19.939 ; 19.245 ;
; op[0]      ; output[6]   ; 18.596 ; 17.797 ; 18.642 ; 17.843 ;
; op[0]      ; output[7]   ; 15.767 ; 15.665 ; 15.892 ; 15.795 ;
; op[0]      ; output[8]   ; 20.134 ; 19.571 ; 20.180 ; 19.617 ;
; op[0]      ; output[9]   ; 17.733 ; 17.176 ; 17.863 ; 17.306 ;
; op[0]      ; output[10]  ; 18.729 ; 18.004 ; 18.775 ; 18.050 ;
; op[0]      ; output[11]  ; 19.339 ; 18.993 ; 19.469 ; 19.123 ;
; op[0]      ; output[12]  ; 18.579 ; 17.993 ; 18.625 ; 18.039 ;
; op[0]      ; output[13]  ; 17.557 ; 17.409 ; 17.687 ; 17.539 ;
; op[0]      ; output[14]  ; 16.534 ; 16.421 ; 16.580 ; 16.467 ;
; op[0]      ; output[15]  ; 19.815 ; 19.497 ; 19.945 ; 19.627 ;
; op[0]      ; output[16]  ; 20.032 ; 19.703 ; 20.078 ; 19.749 ;
; op[0]      ; output[17]  ; 18.185 ; 17.715 ; 18.315 ; 17.783 ;
; op[0]      ; output[18]  ; 19.910 ; 19.453 ; 19.956 ; 19.499 ;
; op[0]      ; output[19]  ; 20.348 ; 19.770 ; 20.478 ; 19.838 ;
; op[0]      ; output[20]  ; 20.986 ; 20.524 ; 21.032 ; 20.570 ;
; op[0]      ; output[21]  ; 21.283 ; 20.750 ; 21.413 ; 20.880 ;
; op[0]      ; output[22]  ; 18.492 ; 18.344 ; 18.538 ; 18.390 ;
; op[0]      ; output[23]  ; 20.858 ; 20.374 ; 20.988 ; 20.442 ;
; op[0]      ; output[24]  ; 18.244 ; 18.016 ; 18.290 ; 18.062 ;
; op[0]      ; output[25]  ; 20.366 ; 19.789 ; 20.496 ; 19.857 ;
; op[0]      ; output[26]  ; 19.875 ; 19.468 ; 19.921 ; 19.514 ;
; op[0]      ; output[27]  ; 21.180 ; 20.604 ; 21.310 ; 20.734 ;
; op[0]      ; output[28]  ; 23.012 ; 22.459 ; 23.058 ; 22.505 ;
; op[0]      ; output[29]  ; 19.602 ; 19.175 ; 19.732 ; 19.305 ;
; op[0]      ; output[30]  ; 20.653 ; 20.095 ; 20.699 ; 20.141 ;
; op[0]      ; output[31]  ; 19.297 ; 18.852 ; 19.427 ; 18.920 ;
; op[1]      ; output[0]   ; 16.946 ; 16.968 ; 16.879 ; 16.901 ;
; op[1]      ; output[1]   ; 16.441 ; 16.217 ; 16.277 ; 16.103 ;
; op[1]      ; output[2]   ; 13.506 ; 13.659 ; 13.350 ; 13.503 ;
; op[1]      ; output[3]   ; 18.954 ; 18.575 ; 18.840 ; 18.461 ;
; op[1]      ; output[4]   ; 14.388 ; 14.136 ; 14.277 ; 14.025 ;
; op[1]      ; output[5]   ; 16.883 ; 16.189 ; 16.809 ; 16.115 ;
; op[1]      ; output[6]   ; 15.498 ; 14.699 ; 15.490 ; 14.691 ;
; op[1]      ; output[7]   ; 12.883 ; 12.786 ; 12.816 ; 12.719 ;
; op[1]      ; output[8]   ; 17.112 ; 16.549 ; 17.111 ; 16.548 ;
; op[1]      ; output[9]   ; 14.949 ; 14.392 ; 15.063 ; 14.506 ;
; op[1]      ; output[10]  ; 15.707 ; 14.982 ; 15.706 ; 14.981 ;
; op[1]      ; output[11]  ; 16.460 ; 16.114 ; 16.393 ; 16.047 ;
; op[1]      ; output[12]  ; 15.557 ; 14.971 ; 15.556 ; 14.970 ;
; op[1]      ; output[13]  ; 15.224 ; 15.076 ; 15.340 ; 15.192 ;
; op[1]      ; output[14]  ; 13.512 ; 13.399 ; 13.511 ; 13.398 ;
; op[1]      ; output[15]  ; 16.936 ; 16.618 ; 16.869 ; 16.551 ;
; op[1]      ; output[16]  ; 17.010 ; 16.681 ; 17.009 ; 16.680 ;
; op[1]      ; output[17]  ; 15.306 ; 14.774 ; 15.239 ; 14.707 ;
; op[1]      ; output[18]  ; 16.888 ; 16.431 ; 16.887 ; 16.430 ;
; op[1]      ; output[19]  ; 17.469 ; 16.829 ; 17.402 ; 16.762 ;
; op[1]      ; output[20]  ; 17.964 ; 17.502 ; 17.963 ; 17.501 ;
; op[1]      ; output[21]  ; 18.404 ; 17.871 ; 18.337 ; 17.804 ;
; op[1]      ; output[22]  ; 15.470 ; 15.322 ; 15.469 ; 15.321 ;
; op[1]      ; output[23]  ; 17.979 ; 17.433 ; 17.912 ; 17.366 ;
; op[1]      ; output[24]  ; 15.222 ; 14.994 ; 15.221 ; 14.993 ;
; op[1]      ; output[25]  ; 17.487 ; 16.848 ; 17.420 ; 16.781 ;
; op[1]      ; output[26]  ; 16.853 ; 16.446 ; 16.852 ; 16.445 ;
; op[1]      ; output[27]  ; 18.301 ; 17.725 ; 18.234 ; 17.658 ;
; op[1]      ; output[28]  ; 19.990 ; 19.437 ; 19.989 ; 19.436 ;
; op[1]      ; output[29]  ; 16.723 ; 16.296 ; 16.656 ; 16.229 ;
; op[1]      ; output[30]  ; 17.631 ; 17.073 ; 17.630 ; 17.072 ;
; op[1]      ; output[31]  ; 16.418 ; 15.911 ; 16.351 ; 15.844 ;
; op[2]      ; output[0]   ; 19.924 ; 19.946 ; 20.143 ; 20.165 ;
; op[2]      ; output[1]   ; 19.011 ; 18.837 ; 19.206 ; 19.032 ;
; op[2]      ; output[2]   ; 15.886 ; 16.027 ; 16.135 ; 16.288 ;
; op[2]      ; output[3]   ; 21.574 ; 21.195 ; 21.769 ; 21.390 ;
; op[2]      ; output[4]   ; 17.324 ; 17.072 ; 17.491 ; 17.239 ;
; op[2]      ; output[5]   ; 19.873 ; 19.179 ; 20.077 ; 19.383 ;
; op[2]      ; output[6]   ; 18.537 ; 17.738 ; 18.696 ; 17.897 ;
; op[2]      ; output[7]   ; 15.861 ; 15.764 ; 16.080 ; 15.983 ;
; op[2]      ; output[8]   ; 20.139 ; 19.576 ; 20.313 ; 19.750 ;
; op[2]      ; output[9]   ; 17.832 ; 17.275 ; 18.051 ; 17.494 ;
; op[2]      ; output[10]  ; 18.734 ; 18.009 ; 18.908 ; 18.183 ;
; op[2]      ; output[11]  ; 19.438 ; 19.092 ; 19.657 ; 19.311 ;
; op[2]      ; output[12]  ; 18.584 ; 17.998 ; 18.758 ; 18.172 ;
; op[2]      ; output[13]  ; 17.656 ; 17.508 ; 17.875 ; 17.727 ;
; op[2]      ; output[14]  ; 16.539 ; 16.426 ; 16.713 ; 16.600 ;
; op[2]      ; output[15]  ; 19.914 ; 19.596 ; 20.133 ; 19.815 ;
; op[2]      ; output[16]  ; 20.037 ; 19.708 ; 20.211 ; 19.882 ;
; op[2]      ; output[17]  ; 18.284 ; 17.752 ; 18.503 ; 17.971 ;
; op[2]      ; output[18]  ; 19.915 ; 19.458 ; 20.089 ; 19.632 ;
; op[2]      ; output[19]  ; 20.447 ; 19.807 ; 20.666 ; 20.026 ;
; op[2]      ; output[20]  ; 20.991 ; 20.529 ; 21.165 ; 20.703 ;
; op[2]      ; output[21]  ; 21.382 ; 20.849 ; 21.601 ; 21.068 ;
; op[2]      ; output[22]  ; 18.497 ; 18.349 ; 18.671 ; 18.523 ;
; op[2]      ; output[23]  ; 20.957 ; 20.411 ; 21.176 ; 20.630 ;
; op[2]      ; output[24]  ; 18.249 ; 18.021 ; 18.423 ; 18.195 ;
; op[2]      ; output[25]  ; 20.465 ; 19.826 ; 20.684 ; 20.045 ;
; op[2]      ; output[26]  ; 19.880 ; 19.473 ; 20.054 ; 19.647 ;
; op[2]      ; output[27]  ; 21.279 ; 20.703 ; 21.498 ; 20.922 ;
; op[2]      ; output[28]  ; 23.017 ; 22.464 ; 23.191 ; 22.638 ;
; op[2]      ; output[29]  ; 19.701 ; 19.274 ; 19.920 ; 19.493 ;
; op[2]      ; output[30]  ; 20.658 ; 20.100 ; 20.832 ; 20.274 ;
; op[2]      ; output[31]  ; 19.396 ; 18.889 ; 19.615 ; 19.108 ;
; op[3]      ; output[0]   ; 13.520 ; 13.453 ; 13.829 ; 13.783 ;
; op[3]      ; output[1]   ; 17.093 ; 16.724 ; 17.548 ; 17.374 ;
; op[3]      ; output[2]   ; 13.670 ; 13.606 ; 13.973 ; 13.909 ;
; op[3]      ; output[3]   ; 18.732 ; 18.140 ; 19.209 ; 18.830 ;
; op[3]      ; output[4]   ; 14.419 ; 14.292 ; 14.867 ; 14.747 ;
; op[3]      ; output[5]   ; 17.582 ; 16.888 ; 17.888 ; 17.194 ;
; op[3]      ; output[6]   ; 16.148 ; 15.570 ; 16.451 ; 15.873 ;
; op[3]      ; output[7]   ; 14.080 ; 13.983 ; 14.459 ; 14.362 ;
; op[3]      ; output[8]   ; 17.726 ; 17.410 ; 18.208 ; 17.939 ;
; op[3]      ; output[9]   ; 16.666 ; 16.109 ; 17.063 ; 16.506 ;
; op[3]      ; output[10]  ; 16.544 ; 16.107 ; 16.847 ; 16.441 ;
; op[3]      ; output[11]  ; 17.591 ; 17.245 ; 18.049 ; 17.703 ;
; op[3]      ; output[12]  ; 16.877 ; 16.369 ; 17.180 ; 16.672 ;
; op[3]      ; output[13]  ; 16.934 ; 16.786 ; 17.340 ; 17.192 ;
; op[3]      ; output[14]  ; 14.420 ; 14.300 ; 14.723 ; 14.603 ;
; op[3]      ; output[15]  ; 17.362 ; 16.988 ; 17.668 ; 17.294 ;
; op[3]      ; output[16]  ; 17.246 ; 16.910 ; 17.767 ; 17.438 ;
; op[3]      ; output[17]  ; 14.048 ; 13.691 ; 14.351 ; 13.994 ;
; op[3]      ; output[18]  ; 15.474 ; 15.103 ; 15.824 ; 15.367 ;
; op[3]      ; output[19]  ; 15.893 ; 15.542 ; 16.199 ; 15.848 ;
; op[3]      ; output[20]  ; 17.617 ; 16.427 ; 17.307 ; 17.490 ;
; op[3]      ; output[21]  ; 16.967 ; 16.434 ; 17.403 ; 16.863 ;
; op[3]      ; output[22]  ; 14.502 ; 14.249 ; 14.808 ; 14.555 ;
; op[3]      ; output[23]  ; 15.753 ; 17.812 ; 18.888 ; 15.657 ;
; op[3]      ; output[24]  ; 15.423 ; 15.299 ; 15.932 ; 15.704 ;
; op[3]      ; output[25]  ; 15.168 ; 14.836 ; 15.474 ; 15.142 ;
; op[3]      ; output[26]  ; 16.302 ; 15.896 ; 16.633 ; 16.226 ;
; op[3]      ; output[27]  ; 15.930 ; 15.391 ; 16.262 ; 15.694 ;
; op[3]      ; output[28]  ; 18.137 ; 17.569 ; 18.789 ; 18.236 ;
; op[3]      ; output[29]  ; 15.463 ; 15.036 ; 15.618 ; 15.256 ;
; op[3]      ; output[30]  ; 17.563 ; 17.005 ; 17.896 ; 17.403 ;
; op[3]      ; output[31]  ; 15.715 ; 14.765 ; 15.243 ; 15.704 ;
+------------+-------------+--------+--------+--------+--------+


+-----------------------------------------------------------+
; Minimum Progagation Delay                                 ;
+------------+-------------+-------+-------+-------+--------+
; Input Port ; Output Port ; RR    ; RF    ; FR    ; FF     ;
+------------+-------------+-------+-------+-------+--------+
; a[0]       ; output[0]   ; 4.773 ; 4.919 ; 5.462 ; 5.627  ;
; a[0]       ; output[1]   ; 6.770 ; 7.068 ; 7.596 ; 7.809  ;
; a[0]       ; output[2]   ; 5.625 ; 6.486 ; 7.060 ; 6.568  ;
; a[0]       ; output[3]   ; 7.776 ; 7.997 ; 8.564 ; 8.804  ;
; a[0]       ; output[4]   ; 6.297 ; 7.045 ; 7.548 ; 7.319  ;
; a[0]       ; output[5]   ; 7.494 ; 7.723 ; 8.347 ; 8.569  ;
; a[0]       ; output[6]   ; 6.667 ; 7.431 ; 7.911 ; 7.631  ;
; a[0]       ; output[7]   ; 6.143 ; 6.326 ; 6.979 ; 7.128  ;
; a[0]       ; output[8]   ; 7.855 ; 8.672 ; 9.023 ; 8.951  ;
; a[0]       ; output[9]   ; 6.924 ; 7.109 ; 7.700 ; 7.885  ;
; a[0]       ; output[10]  ; 6.976 ; 7.588 ; 8.004 ; 8.014  ;
; a[0]       ; output[11]  ; 7.668 ; 7.931 ; 8.444 ; 8.707  ;
; a[0]       ; output[12]  ; 6.730 ; 7.455 ; 7.990 ; 7.746  ;
; a[0]       ; output[13]  ; 6.808 ; 7.020 ; 7.584 ; 7.796  ;
; a[0]       ; output[14]  ; 6.094 ; 6.702 ; 7.261 ; 7.080  ;
; a[0]       ; output[15]  ; 7.284 ; 7.508 ; 8.153 ; 8.370  ;
; a[0]       ; output[16]  ; 6.924 ; 8.206 ; 8.666 ; 7.988  ;
; a[0]       ; output[17]  ; 6.229 ; 7.427 ; 7.912 ; 7.226  ;
; a[0]       ; output[18]  ; 6.658 ; 8.027 ; 8.546 ; 7.649  ;
; a[0]       ; output[19]  ; 6.922 ; 8.444 ; 8.816 ; 8.020  ;
; a[0]       ; output[20]  ; 6.929 ; 8.245 ; 8.735 ; 7.967  ;
; a[0]       ; output[21]  ; 7.372 ; 7.606 ; 8.218 ; 8.445  ;
; a[0]       ; output[22]  ; 6.084 ; 7.193 ; 7.745 ; 7.067  ;
; a[0]       ; output[23]  ; 7.622 ; 8.681 ; 9.098 ; 8.729  ;
; a[0]       ; output[24]  ; 6.512 ; 7.411 ; 7.955 ; 7.525  ;
; a[0]       ; output[25]  ; 6.973 ; 8.390 ; 8.843 ; 8.023  ;
; a[0]       ; output[26]  ; 7.137 ; 8.122 ; 8.586 ; 8.176  ;
; a[0]       ; output[27]  ; 7.412 ; 7.683 ; 8.221 ; 8.511  ;
; a[0]       ; output[28]  ; 7.905 ; 8.211 ; 8.889 ; 9.101  ;
; a[0]       ; output[29]  ; 7.562 ; 7.741 ; 8.503 ; 8.637  ;
; a[0]       ; output[30]  ; 7.609 ; 7.781 ; 8.563 ; 8.690  ;
; a[0]       ; output[31]  ; 7.370 ; 8.026 ; 8.531 ; 8.439  ;
; a[1]       ; output[0]   ; 6.094 ; 6.285 ; 6.740 ; 6.950  ;
; a[1]       ; output[1]   ; 6.153 ; 6.416 ; 6.814 ; 7.096  ;
; a[1]       ; output[2]   ; 5.850 ; 5.992 ; 6.487 ; 6.629  ;
; a[1]       ; output[3]   ; 7.938 ; 8.159 ; 8.733 ; 8.973  ;
; a[1]       ; output[4]   ; 6.338 ; 6.551 ; 6.975 ; 7.188  ;
; a[1]       ; output[5]   ; 7.264 ; 7.493 ; 7.961 ; 8.190  ;
; a[1]       ; output[6]   ; 6.701 ; 6.937 ; 7.338 ; 7.589  ;
; a[1]       ; output[7]   ; 5.709 ; 5.892 ; 6.406 ; 6.589  ;
; a[1]       ; output[8]   ; 7.813 ; 8.178 ; 8.450 ; 8.830  ;
; a[1]       ; output[9]   ; 6.430 ; 6.615 ; 7.127 ; 7.312  ;
; a[1]       ; output[10]  ; 6.794 ; 7.094 ; 7.431 ; 7.746  ;
; a[1]       ; output[11]  ; 7.174 ; 7.437 ; 7.871 ; 8.134  ;
; a[1]       ; output[12]  ; 6.780 ; 6.961 ; 7.417 ; 7.598  ;
; a[1]       ; output[13]  ; 6.314 ; 6.526 ; 7.011 ; 7.223  ;
; a[1]       ; output[14]  ; 6.051 ; 6.208 ; 6.688 ; 6.845  ;
; a[1]       ; output[15]  ; 7.060 ; 7.284 ; 7.757 ; 7.981  ;
; a[1]       ; output[16]  ; 7.456 ; 7.712 ; 8.093 ; 8.349  ;
; a[1]       ; output[17]  ; 6.397 ; 6.933 ; 7.339 ; 7.380  ;
; a[1]       ; output[18]  ; 7.210 ; 7.533 ; 7.973 ; 8.170  ;
; a[1]       ; output[19]  ; 7.084 ; 7.950 ; 8.243 ; 8.189  ;
; a[1]       ; output[20]  ; 7.525 ; 7.751 ; 8.162 ; 8.388  ;
; a[1]       ; output[21]  ; 7.540 ; 7.774 ; 8.372 ; 8.599  ;
; a[1]       ; output[22]  ; 6.535 ; 6.699 ; 7.172 ; 7.336  ;
; a[1]       ; output[23]  ; 7.784 ; 8.187 ; 8.525 ; 8.869  ;
; a[1]       ; output[24]  ; 6.745 ; 6.917 ; 7.382 ; 7.554  ;
; a[1]       ; output[25]  ; 7.141 ; 7.896 ; 8.270 ; 8.177  ;
; a[1]       ; output[26]  ; 7.376 ; 7.628 ; 8.013 ; 8.265  ;
; a[1]       ; output[27]  ; 7.574 ; 7.845 ; 8.390 ; 8.680  ;
; a[1]       ; output[28]  ; 8.631 ; 8.937 ; 9.268 ; 9.574  ;
; a[1]       ; output[29]  ; 7.267 ; 7.446 ; 7.964 ; 8.143  ;
; a[1]       ; output[30]  ; 7.591 ; 7.763 ; 8.228 ; 8.400  ;
; a[1]       ; output[31]  ; 7.261 ; 7.532 ; 7.958 ; 8.214  ;
; a[2]       ; output[0]   ; 6.696 ; 6.925 ; 7.417 ; 7.631  ;
; a[2]       ; output[1]   ; 7.435 ; 7.861 ; 8.220 ; 8.552  ;
; a[2]       ; output[2]   ; 4.980 ; 5.232 ; 5.773 ; 5.860  ;
; a[2]       ; output[3]   ; 7.948 ; 8.169 ; 8.769 ; 9.009  ;
; a[2]       ; output[4]   ; 6.638 ; 6.851 ; 7.344 ; 7.557  ;
; a[2]       ; output[5]   ; 7.564 ; 7.793 ; 8.330 ; 8.559  ;
; a[2]       ; output[6]   ; 7.001 ; 7.237 ; 7.707 ; 7.958  ;
; a[2]       ; output[7]   ; 6.009 ; 6.192 ; 6.775 ; 6.958  ;
; a[2]       ; output[8]   ; 8.113 ; 8.478 ; 8.819 ; 9.199  ;
; a[2]       ; output[9]   ; 6.730 ; 6.915 ; 7.496 ; 7.681  ;
; a[2]       ; output[10]  ; 7.094 ; 7.394 ; 7.800 ; 8.115  ;
; a[2]       ; output[11]  ; 7.474 ; 7.737 ; 8.240 ; 8.503  ;
; a[2]       ; output[12]  ; 7.080 ; 7.261 ; 7.786 ; 7.967  ;
; a[2]       ; output[13]  ; 6.614 ; 6.826 ; 7.380 ; 7.592  ;
; a[2]       ; output[14]  ; 6.351 ; 6.508 ; 7.057 ; 7.214  ;
; a[2]       ; output[15]  ; 7.360 ; 7.584 ; 8.126 ; 8.350  ;
; a[2]       ; output[16]  ; 7.756 ; 8.012 ; 8.462 ; 8.718  ;
; a[2]       ; output[17]  ; 6.942 ; 7.233 ; 7.708 ; 7.984  ;
; a[2]       ; output[18]  ; 7.289 ; 7.833 ; 8.342 ; 8.344  ;
; a[2]       ; output[19]  ; 7.094 ; 8.250 ; 8.612 ; 8.225  ;
; a[2]       ; output[20]  ; 7.825 ; 8.051 ; 8.531 ; 8.757  ;
; a[2]       ; output[21]  ; 8.047 ; 8.281 ; 8.813 ; 9.047  ;
; a[2]       ; output[22]  ; 6.715 ; 6.999 ; 7.541 ; 7.705  ;
; a[2]       ; output[23]  ; 7.794 ; 8.487 ; 8.894 ; 8.934  ;
; a[2]       ; output[24]  ; 7.045 ; 7.217 ; 7.751 ; 7.923  ;
; a[2]       ; output[25]  ; 7.873 ; 8.196 ; 8.639 ; 8.947  ;
; a[2]       ; output[26]  ; 7.676 ; 7.928 ; 8.382 ; 8.634  ;
; a[2]       ; output[27]  ; 7.584 ; 7.855 ; 8.426 ; 8.716  ;
; a[2]       ; output[28]  ; 8.931 ; 9.237 ; 9.637 ; 9.943  ;
; a[2]       ; output[29]  ; 7.567 ; 7.746 ; 8.333 ; 8.512  ;
; a[2]       ; output[30]  ; 7.891 ; 8.063 ; 8.597 ; 8.769  ;
; a[2]       ; output[31]  ; 7.542 ; 7.832 ; 8.327 ; 8.583  ;
; a[3]       ; output[0]   ; 6.614 ; 6.843 ; 7.319 ; 7.533  ;
; a[3]       ; output[1]   ; 7.710 ;       ;       ; 8.851  ;
; a[3]       ; output[2]   ; 6.803 ; 6.945 ; 7.648 ; 7.790  ;
; a[3]       ; output[3]   ; 6.836 ; 7.095 ; 7.511 ; 7.789  ;
; a[3]       ; output[4]   ; 6.556 ; 6.769 ; 7.246 ; 7.459  ;
; a[3]       ; output[5]   ; 7.482 ; 7.711 ; 8.232 ; 8.461  ;
; a[3]       ; output[6]   ; 6.919 ; 7.155 ; 7.609 ; 7.860  ;
; a[3]       ; output[7]   ; 5.927 ; 6.110 ; 6.677 ; 6.860  ;
; a[3]       ; output[8]   ; 8.031 ; 8.396 ; 8.721 ; 9.101  ;
; a[3]       ; output[9]   ; 6.648 ; 6.833 ; 7.398 ; 7.583  ;
; a[3]       ; output[10]  ; 7.012 ; 7.312 ; 7.702 ; 8.017  ;
; a[3]       ; output[11]  ; 7.392 ; 7.655 ; 8.142 ; 8.405  ;
; a[3]       ; output[12]  ; 6.998 ; 7.179 ; 7.688 ; 7.869  ;
; a[3]       ; output[13]  ; 6.532 ; 6.744 ; 7.282 ; 7.494  ;
; a[3]       ; output[14]  ; 6.269 ; 6.426 ; 6.959 ; 7.116  ;
; a[3]       ; output[15]  ; 7.278 ; 7.502 ; 8.028 ; 8.252  ;
; a[3]       ; output[16]  ; 7.674 ; 7.930 ; 8.364 ; 8.620  ;
; a[3]       ; output[17]  ; 6.860 ; 7.151 ; 7.610 ; 7.886  ;
; a[3]       ; output[18]  ; 7.554 ; 7.751 ; 8.244 ; 8.441  ;
; a[3]       ; output[19]  ; 6.973 ; 8.168 ; 8.514 ; 8.078  ;
; a[3]       ; output[20]  ; 7.743 ; 7.969 ; 8.433 ; 8.659  ;
; a[3]       ; output[21]  ; 7.965 ; 8.199 ; 8.715 ; 8.949  ;
; a[3]       ; output[22]  ; 6.753 ; 6.917 ; 7.443 ; 7.607  ;
; a[3]       ; output[23]  ; 7.673 ; 8.405 ; 8.796 ; 8.787  ;
; a[3]       ; output[24]  ; 6.963 ; 7.135 ; 7.653 ; 7.825  ;
; a[3]       ; output[25]  ; 7.791 ; 8.114 ; 8.541 ; 8.849  ;
; a[3]       ; output[26]  ; 7.594 ; 7.846 ; 8.284 ; 8.536  ;
; a[3]       ; output[27]  ; 7.463 ; 7.734 ; 8.279 ; 8.569  ;
; a[3]       ; output[28]  ; 8.849 ; 9.155 ; 9.539 ; 9.845  ;
; a[3]       ; output[29]  ; 7.485 ; 7.664 ; 8.235 ; 8.414  ;
; a[3]       ; output[30]  ; 7.809 ; 7.981 ; 8.499 ; 8.671  ;
; a[3]       ; output[31]  ; 7.421 ; 7.750 ; 8.229 ; 8.485  ;
; a[4]       ; output[0]   ; 6.447 ; 6.676 ; 7.134 ; 7.348  ;
; a[4]       ; output[1]   ; 7.590 ;       ;       ; 8.706  ;
; a[4]       ; output[2]   ; 6.225 ; 6.367 ; 6.992 ; 7.134  ;
; a[4]       ; output[3]   ; 8.062 ; 8.377 ; 8.880 ; 9.101  ;
; a[4]       ; output[4]   ; 5.422 ; 5.959 ; 6.431 ; 6.333  ;
; a[4]       ; output[5]   ; 7.315 ; 7.544 ; 8.047 ; 8.276  ;
; a[4]       ; output[6]   ; 6.752 ; 6.988 ; 7.424 ; 7.675  ;
; a[4]       ; output[7]   ; 5.760 ; 5.943 ; 6.492 ; 6.675  ;
; a[4]       ; output[8]   ; 7.864 ; 8.229 ; 8.536 ; 8.916  ;
; a[4]       ; output[9]   ; 6.481 ; 6.666 ; 7.213 ; 7.398  ;
; a[4]       ; output[10]  ; 6.845 ; 7.145 ; 7.517 ; 7.832  ;
; a[4]       ; output[11]  ; 7.225 ; 7.488 ; 7.957 ; 8.220  ;
; a[4]       ; output[12]  ; 6.831 ; 7.012 ; 7.503 ; 7.684  ;
; a[4]       ; output[13]  ; 6.365 ; 6.577 ; 7.097 ; 7.309  ;
; a[4]       ; output[14]  ; 6.102 ; 6.259 ; 6.774 ; 6.931  ;
; a[4]       ; output[15]  ; 7.111 ; 7.335 ; 7.843 ; 8.067  ;
; a[4]       ; output[16]  ; 7.507 ; 7.763 ; 8.179 ; 8.435  ;
; a[4]       ; output[17]  ; 6.693 ; 6.984 ; 7.425 ; 7.701  ;
; a[4]       ; output[18]  ; 7.387 ; 7.584 ; 8.059 ; 8.256  ;
; a[4]       ; output[19]  ; 7.326 ; 8.001 ; 8.329 ; 8.439  ;
; a[4]       ; output[20]  ; 7.576 ; 7.802 ; 8.248 ; 8.474  ;
; a[4]       ; output[21]  ; 7.489 ; 7.723 ; 8.327 ; 8.554  ;
; a[4]       ; output[22]  ; 6.586 ; 6.750 ; 7.258 ; 7.422  ;
; a[4]       ; output[23]  ; 7.541 ; 8.238 ; 8.611 ; 8.619  ;
; a[4]       ; output[24]  ; 6.796 ; 6.968 ; 7.468 ; 7.640  ;
; a[4]       ; output[25]  ; 7.624 ; 7.947 ; 8.356 ; 8.664  ;
; a[4]       ; output[26]  ; 7.427 ; 7.679 ; 8.099 ; 8.351  ;
; a[4]       ; output[27]  ; 7.585 ; 7.856 ; 8.391 ; 8.681  ;
; a[4]       ; output[28]  ; 8.682 ; 8.988 ; 9.354 ; 9.660  ;
; a[4]       ; output[29]  ; 7.318 ; 7.497 ; 8.050 ; 8.229  ;
; a[4]       ; output[30]  ; 7.642 ; 7.814 ; 8.314 ; 8.486  ;
; a[4]       ; output[31]  ; 7.270 ; 7.583 ; 8.044 ; 8.300  ;
; a[5]       ; output[0]   ; 6.507 ; 6.736 ; 7.178 ; 7.392  ;
; a[5]       ; output[1]   ; 7.910 ;       ;       ; 9.047  ;
; a[5]       ; output[2]   ; 6.332 ; 6.474 ; 7.108 ; 7.250  ;
; a[5]       ; output[3]   ; 7.515 ;       ;       ; 8.485  ;
; a[5]       ; output[4]   ; 7.516 ; 7.729 ; 8.324 ; 8.537  ;
; a[5]       ; output[5]   ; 5.969 ; 6.227 ; 6.598 ; 6.849  ;
; a[5]       ; output[6]   ; 6.812 ; 7.048 ; 7.468 ; 7.719  ;
; a[5]       ; output[7]   ; 5.820 ; 6.003 ; 6.536 ; 6.719  ;
; a[5]       ; output[8]   ; 7.924 ; 8.289 ; 8.580 ; 8.960  ;
; a[5]       ; output[9]   ; 6.541 ; 6.726 ; 7.257 ; 7.442  ;
; a[5]       ; output[10]  ; 6.905 ; 7.205 ; 7.561 ; 7.876  ;
; a[5]       ; output[11]  ; 7.285 ; 7.548 ; 8.001 ; 8.264  ;
; a[5]       ; output[12]  ; 6.891 ; 7.072 ; 7.547 ; 7.728  ;
; a[5]       ; output[13]  ; 6.425 ; 6.637 ; 7.141 ; 7.353  ;
; a[5]       ; output[14]  ; 6.162 ; 6.319 ; 6.818 ; 6.975  ;
; a[5]       ; output[15]  ; 7.171 ; 7.395 ; 7.887 ; 8.111  ;
; a[5]       ; output[16]  ; 7.567 ; 7.823 ; 8.223 ; 8.479  ;
; a[5]       ; output[17]  ; 6.753 ; 7.044 ; 7.469 ; 7.745  ;
; a[5]       ; output[18]  ; 7.447 ; 7.644 ; 8.103 ; 8.300  ;
; a[5]       ; output[19]  ; 7.441 ; 8.061 ; 8.373 ; 8.541  ;
; a[5]       ; output[20]  ; 7.636 ; 7.862 ; 8.292 ; 8.518  ;
; a[5]       ; output[21]  ; 7.604 ; 7.838 ; 8.429 ; 8.656  ;
; a[5]       ; output[22]  ; 6.461 ; 6.810 ; 7.302 ; 7.459  ;
; a[5]       ; output[23]  ; 7.656 ; 8.298 ; 8.655 ; 8.721  ;
; a[5]       ; output[24]  ; 6.856 ; 7.028 ; 7.512 ; 7.684  ;
; a[5]       ; output[25]  ; 7.684 ; 8.007 ; 8.400 ; 8.708  ;
; a[5]       ; output[26]  ; 7.487 ; 7.739 ; 8.143 ; 8.395  ;
; a[5]       ; output[27]  ; 7.700 ; 7.971 ; 8.493 ; 8.783  ;
; a[5]       ; output[28]  ; 8.742 ; 9.048 ; 9.398 ; 9.704  ;
; a[5]       ; output[29]  ; 7.378 ; 7.557 ; 8.094 ; 8.273  ;
; a[5]       ; output[30]  ; 7.702 ; 7.874 ; 8.358 ; 8.530  ;
; a[5]       ; output[31]  ; 7.372 ; 7.643 ; 8.088 ; 8.344  ;
; a[6]       ; output[0]   ; 6.478 ; 6.699 ; 7.181 ; 7.418  ;
; a[6]       ; output[1]   ; 8.067 ;       ;       ; 9.259  ;
; a[6]       ; output[2]   ; 6.247 ; 6.389 ; 7.126 ; 7.261  ;
; a[6]       ; output[3]   ; 7.672 ;       ;       ; 8.697  ;
; a[6]       ; output[4]   ; 7.982 ; 8.195 ; 8.849 ; 9.062  ;
; a[6]       ; output[5]   ; 7.793 ; 8.093 ; 8.631 ; 8.950  ;
; a[6]       ; output[6]   ; 6.255 ; 6.422 ; 6.987 ; 7.154  ;
; a[6]       ; output[7]   ; 5.928 ; 6.111 ; 6.681 ; 6.864  ;
; a[6]       ; output[8]   ; 8.032 ; 8.397 ; 8.725 ; 9.105  ;
; a[6]       ; output[9]   ; 6.649 ; 6.834 ; 7.402 ; 7.587  ;
; a[6]       ; output[10]  ; 7.013 ; 7.313 ; 7.706 ; 8.021  ;
; a[6]       ; output[11]  ; 7.393 ; 7.656 ; 8.146 ; 8.409  ;
; a[6]       ; output[12]  ; 6.999 ; 7.180 ; 7.692 ; 7.873  ;
; a[6]       ; output[13]  ; 6.533 ; 6.745 ; 7.286 ; 7.498  ;
; a[6]       ; output[14]  ; 6.270 ; 6.427 ; 6.963 ; 7.120  ;
; a[6]       ; output[15]  ; 7.279 ; 7.503 ; 8.032 ; 8.256  ;
; a[6]       ; output[16]  ; 7.675 ; 7.931 ; 8.368 ; 8.624  ;
; a[6]       ; output[17]  ; 6.861 ; 7.152 ; 7.614 ; 7.890  ;
; a[6]       ; output[18]  ; 7.555 ; 7.752 ; 8.248 ; 8.445  ;
; a[6]       ; output[19]  ; 7.710 ; 8.169 ; 8.518 ; 8.880  ;
; a[6]       ; output[20]  ; 7.744 ; 7.970 ; 8.437 ; 8.663  ;
; a[6]       ; output[21]  ; 7.880 ; 8.114 ; 8.719 ; 8.953  ;
; a[6]       ; output[22]  ; 6.632 ; 6.918 ; 7.447 ; 7.611  ;
; a[6]       ; output[23]  ; 7.925 ; 8.406 ; 8.800 ; 9.060  ;
; a[6]       ; output[24]  ; 6.964 ; 7.136 ; 7.657 ; 7.829  ;
; a[6]       ; output[25]  ; 7.792 ; 8.115 ; 8.545 ; 8.853  ;
; a[6]       ; output[26]  ; 7.595 ; 7.847 ; 8.288 ; 8.540  ;
; a[6]       ; output[27]  ; 7.969 ; 8.240 ; 8.832 ; 9.122  ;
; a[6]       ; output[28]  ; 8.850 ; 9.156 ; 9.543 ; 9.849  ;
; a[6]       ; output[29]  ; 7.486 ; 7.665 ; 8.239 ; 8.418  ;
; a[6]       ; output[30]  ; 7.810 ; 7.982 ; 8.503 ; 8.675  ;
; a[6]       ; output[31]  ; 7.480 ; 7.751 ; 8.233 ; 8.489  ;
; a[7]       ; output[0]   ; 6.280 ; 6.505 ; 6.963 ; 7.207  ;
; a[7]       ; output[1]   ; 7.879 ;       ;       ; 9.042  ;
; a[7]       ; output[2]   ; 6.216 ; 6.358 ; 7.080 ; 7.215  ;
; a[7]       ; output[3]   ; 8.333 ; 8.648 ; 9.211 ; 9.432  ;
; a[7]       ; output[4]   ; 7.951 ; 8.164 ; 8.803 ; 9.016  ;
; a[7]       ; output[5]   ; 7.605 ; 7.905 ; 8.414 ; 8.733  ;
; a[7]       ; output[6]   ; 6.674 ; 6.858 ; 7.449 ; 7.626  ;
; a[7]       ; output[7]   ; 4.992 ; 5.257 ; 5.800 ; 5.860  ;
; a[7]       ; output[8]   ; 7.731 ; 8.096 ; 8.405 ; 8.785  ;
; a[7]       ; output[9]   ; 6.348 ; 6.533 ; 7.082 ; 7.267  ;
; a[7]       ; output[10]  ; 6.712 ; 7.012 ; 7.386 ; 7.701  ;
; a[7]       ; output[11]  ; 7.092 ; 7.355 ; 7.826 ; 8.089  ;
; a[7]       ; output[12]  ; 6.698 ; 6.879 ; 7.372 ; 7.553  ;
; a[7]       ; output[13]  ; 6.232 ; 6.444 ; 6.966 ; 7.178  ;
; a[7]       ; output[14]  ; 5.969 ; 6.126 ; 6.643 ; 6.800  ;
; a[7]       ; output[15]  ; 6.978 ; 7.202 ; 7.712 ; 7.936  ;
; a[7]       ; output[16]  ; 7.374 ; 7.630 ; 8.048 ; 8.304  ;
; a[7]       ; output[17]  ; 6.560 ; 6.851 ; 7.294 ; 7.570  ;
; a[7]       ; output[18]  ; 7.254 ; 7.451 ; 7.928 ; 8.125  ;
; a[7]       ; output[19]  ; 7.464 ; 7.868 ; 8.198 ; 8.587  ;
; a[7]       ; output[20]  ; 7.443 ; 7.669 ; 8.117 ; 8.343  ;
; a[7]       ; output[21]  ; 7.665 ; 7.899 ; 8.399 ; 8.633  ;
; a[7]       ; output[22]  ; 6.453 ; 6.617 ; 7.127 ; 7.291  ;
; a[7]       ; output[23]  ; 7.746 ; 8.105 ; 8.480 ; 8.824  ;
; a[7]       ; output[24]  ; 6.663 ; 6.835 ; 7.337 ; 7.509  ;
; a[7]       ; output[25]  ; 7.491 ; 7.814 ; 8.225 ; 8.533  ;
; a[7]       ; output[26]  ; 7.294 ; 7.546 ; 7.968 ; 8.220  ;
; a[7]       ; output[27]  ; 7.897 ; 8.168 ; 8.631 ; 8.902  ;
; a[7]       ; output[28]  ; 8.549 ; 8.855 ; 9.223 ; 9.529  ;
; a[7]       ; output[29]  ; 7.185 ; 7.364 ; 7.919 ; 8.098  ;
; a[7]       ; output[30]  ; 7.509 ; 7.681 ; 8.183 ; 8.355  ;
; a[7]       ; output[31]  ; 7.179 ; 7.450 ; 7.913 ; 8.169  ;
; a[8]       ; output[0]   ; 6.802 ; 7.061 ; 7.578 ; 7.798  ;
; a[8]       ; output[1]   ; 7.764 ;       ;       ; 8.923  ;
; a[8]       ; output[2]   ; 6.157 ; 6.299 ; 7.052 ; 7.187  ;
; a[8]       ; output[3]   ; 8.218 ; 8.533 ; 9.092 ; 9.313  ;
; a[8]       ; output[4]   ; 7.152 ; 7.365 ; 8.074 ; 8.283  ;
; a[8]       ; output[5]   ; 7.490 ; 7.790 ; 8.295 ; 8.614  ;
; a[8]       ; output[6]   ; 6.615 ; 6.799 ; 7.421 ; 7.598  ;
; a[8]       ; output[7]   ; 6.460 ; 6.711 ; 7.333 ; 7.497  ;
; a[8]       ; output[8]   ; 7.030 ; 7.297 ; 7.725 ; 7.992  ;
; a[8]       ; output[9]   ; 6.453 ; 6.638 ; 7.224 ; 7.409  ;
; a[8]       ; output[10]  ; 6.817 ; 7.117 ; 7.528 ; 7.843  ;
; a[8]       ; output[11]  ; 7.197 ; 7.460 ; 7.968 ; 8.231  ;
; a[8]       ; output[12]  ; 6.803 ; 6.984 ; 7.514 ; 7.695  ;
; a[8]       ; output[13]  ; 6.337 ; 6.549 ; 7.108 ; 7.320  ;
; a[8]       ; output[14]  ; 6.074 ; 6.231 ; 6.785 ; 6.942  ;
; a[8]       ; output[15]  ; 7.083 ; 7.307 ; 7.854 ; 8.078  ;
; a[8]       ; output[16]  ; 7.479 ; 7.735 ; 8.190 ; 8.446  ;
; a[8]       ; output[17]  ; 6.665 ; 6.956 ; 7.436 ; 7.712  ;
; a[8]       ; output[18]  ; 7.359 ; 7.556 ; 8.070 ; 8.267  ;
; a[8]       ; output[19]  ; 7.569 ; 7.973 ; 8.340 ; 8.729  ;
; a[8]       ; output[20]  ; 7.548 ; 7.774 ; 8.259 ; 8.485  ;
; a[8]       ; output[21]  ; 7.658 ; 7.892 ; 8.540 ; 8.767  ;
; a[8]       ; output[22]  ; 6.558 ; 6.722 ; 7.269 ; 7.433  ;
; a[8]       ; output[23]  ; 7.851 ; 8.210 ; 8.622 ; 8.966  ;
; a[8]       ; output[24]  ; 6.768 ; 6.940 ; 7.479 ; 7.651  ;
; a[8]       ; output[25]  ; 7.596 ; 7.919 ; 8.367 ; 8.675  ;
; a[8]       ; output[26]  ; 7.399 ; 7.651 ; 8.110 ; 8.362  ;
; a[8]       ; output[27]  ; 7.912 ; 8.183 ; 8.773 ; 9.044  ;
; a[8]       ; output[28]  ; 8.654 ; 8.960 ; 9.365 ; 9.671  ;
; a[8]       ; output[29]  ; 7.290 ; 7.469 ; 8.061 ; 8.240  ;
; a[8]       ; output[30]  ; 7.614 ; 7.786 ; 8.325 ; 8.497  ;
; a[8]       ; output[31]  ; 7.284 ; 7.555 ; 8.055 ; 8.311  ;
; a[9]       ; output[0]   ; 6.635 ; 6.870 ; 7.327 ; 7.547  ;
; a[9]       ; output[1]   ; 8.027 ;       ;       ; 9.190  ;
; a[9]       ; output[2]   ; 6.130 ; 6.272 ; 7.019 ; 7.154  ;
; a[9]       ; output[3]   ; 8.035 ; 8.350 ; 8.876 ; 9.097  ;
; a[9]       ; output[4]   ; 7.125 ; 7.338 ; 8.041 ; 8.250  ;
; a[9]       ; output[5]   ; 7.465 ; 7.765 ; 8.249 ; 8.568  ;
; a[9]       ; output[6]   ; 6.588 ; 6.772 ; 7.388 ; 7.565  ;
; a[9]       ; output[7]   ; 6.277 ; 6.528 ; 7.117 ; 7.281  ;
; a[9]       ; output[8]   ; 8.451 ; 8.807 ; 9.297 ; 9.616  ;
; a[9]       ; output[9]   ; 5.552 ; 5.776 ; 6.211 ; 6.418  ;
; a[9]       ; output[10]  ; 6.600 ; 6.900 ; 7.277 ; 7.592  ;
; a[9]       ; output[11]  ; 6.980 ; 7.243 ; 7.717 ; 7.980  ;
; a[9]       ; output[12]  ; 6.586 ; 6.767 ; 7.263 ; 7.444  ;
; a[9]       ; output[13]  ; 6.120 ; 6.332 ; 6.857 ; 7.069  ;
; a[9]       ; output[14]  ; 5.857 ; 6.014 ; 6.534 ; 6.691  ;
; a[9]       ; output[15]  ; 6.866 ; 7.090 ; 7.603 ; 7.827  ;
; a[9]       ; output[16]  ; 7.262 ; 7.518 ; 7.939 ; 8.195  ;
; a[9]       ; output[17]  ; 6.448 ; 6.739 ; 7.185 ; 7.461  ;
; a[9]       ; output[18]  ; 7.142 ; 7.339 ; 7.819 ; 8.016  ;
; a[9]       ; output[19]  ; 7.352 ; 7.756 ; 8.089 ; 8.478  ;
; a[9]       ; output[20]  ; 7.331 ; 7.557 ; 8.008 ; 8.234  ;
; a[9]       ; output[21]  ; 7.553 ; 7.787 ; 8.290 ; 8.524  ;
; a[9]       ; output[22]  ; 6.341 ; 6.505 ; 7.018 ; 7.182  ;
; a[9]       ; output[23]  ; 7.634 ; 7.993 ; 8.371 ; 8.715  ;
; a[9]       ; output[24]  ; 6.551 ; 6.723 ; 7.228 ; 7.400  ;
; a[9]       ; output[25]  ; 7.379 ; 7.702 ; 8.116 ; 8.424  ;
; a[9]       ; output[26]  ; 7.182 ; 7.434 ; 7.859 ; 8.111  ;
; a[9]       ; output[27]  ; 7.785 ; 8.056 ; 8.522 ; 8.793  ;
; a[9]       ; output[28]  ; 8.437 ; 8.743 ; 9.114 ; 9.420  ;
; a[9]       ; output[29]  ; 7.073 ; 7.252 ; 7.810 ; 7.989  ;
; a[9]       ; output[30]  ; 7.397 ; 7.569 ; 8.074 ; 8.246  ;
; a[9]       ; output[31]  ; 7.067 ; 7.338 ; 7.804 ; 8.060  ;
; a[10]      ; output[0]   ; 6.766 ; 7.001 ; 7.459 ; 7.679  ;
; a[10]      ; output[1]   ; 8.413 ;       ;       ; 9.634  ;
; a[10]      ; output[2]   ; 7.377 ; 7.519 ; 8.404 ; 8.539  ;
; a[10]      ; output[3]   ; 8.421 ; 8.736 ; 9.320 ; 9.541  ;
; a[10]      ; output[4]   ; 7.354 ; 7.567 ; 8.312 ; 8.521  ;
; a[10]      ; output[5]   ; 7.851 ; 8.151 ; 8.693 ; 9.012  ;
; a[10]      ; output[6]   ; 7.287 ;       ;       ; 8.357  ;
; a[10]      ; output[7]   ; 6.663 ; 6.914 ; 7.561 ; 7.725  ;
; a[10]      ; output[8]   ; 8.680 ; 9.036 ; 9.568 ; 9.887  ;
; a[10]      ; output[9]   ; 7.759 ; 8.053 ; 8.700 ; 8.900  ;
; a[10]      ; output[10]  ; 6.586 ; 6.886 ; 7.290 ; 7.582  ;
; a[10]      ; output[11]  ; 7.111 ; 7.374 ; 7.849 ; 8.112  ;
; a[10]      ; output[12]  ; 6.717 ; 6.898 ; 7.395 ; 7.576  ;
; a[10]      ; output[13]  ; 6.251 ; 6.463 ; 6.989 ; 7.201  ;
; a[10]      ; output[14]  ; 5.988 ; 6.145 ; 6.666 ; 6.823  ;
; a[10]      ; output[15]  ; 6.997 ; 7.221 ; 7.735 ; 7.959  ;
; a[10]      ; output[16]  ; 7.393 ; 7.649 ; 8.071 ; 8.327  ;
; a[10]      ; output[17]  ; 6.579 ; 6.870 ; 7.317 ; 7.593  ;
; a[10]      ; output[18]  ; 7.273 ; 7.470 ; 7.951 ; 8.148  ;
; a[10]      ; output[19]  ; 7.483 ; 7.887 ; 8.221 ; 8.610  ;
; a[10]      ; output[20]  ; 7.462 ; 7.688 ; 8.140 ; 8.366  ;
; a[10]      ; output[21]  ; 7.684 ; 7.918 ; 8.422 ; 8.656  ;
; a[10]      ; output[22]  ; 6.472 ; 6.636 ; 7.150 ; 7.314  ;
; a[10]      ; output[23]  ; 7.765 ; 8.124 ; 8.503 ; 8.847  ;
; a[10]      ; output[24]  ; 6.682 ; 6.854 ; 7.360 ; 7.532  ;
; a[10]      ; output[25]  ; 7.510 ; 7.833 ; 8.248 ; 8.556  ;
; a[10]      ; output[26]  ; 7.313 ; 7.565 ; 7.991 ; 8.243  ;
; a[10]      ; output[27]  ; 7.916 ; 8.187 ; 8.654 ; 8.925  ;
; a[10]      ; output[28]  ; 8.568 ; 8.874 ; 9.246 ; 9.552  ;
; a[10]      ; output[29]  ; 7.204 ; 7.383 ; 7.942 ; 8.121  ;
; a[10]      ; output[30]  ; 7.528 ; 7.700 ; 8.206 ; 8.378  ;
; a[10]      ; output[31]  ; 7.198 ; 7.469 ; 7.936 ; 8.192  ;
; a[11]      ; output[0]   ; 6.612 ; 7.114 ; 7.574 ; 7.609  ;
; a[11]      ; output[1]   ; 7.886 ;       ;       ; 9.009  ;
; a[11]      ; output[2]   ; 6.985 ; 7.127 ; 7.933 ; 8.068  ;
; a[11]      ; output[3]   ; 8.058 ;       ;       ; 9.076  ;
; a[11]      ; output[4]   ; 6.962 ; 7.175 ; 7.841 ; 8.050  ;
; a[11]      ; output[5]   ; 7.324 ; 7.624 ; 8.068 ; 8.387  ;
; a[11]      ; output[6]   ; 6.895 ;       ;       ; 7.886  ;
; a[11]      ; output[7]   ; 6.241 ; 6.492 ; 7.040 ; 7.204  ;
; a[11]      ; output[8]   ; 8.288 ; 8.644 ; 9.097 ; 9.416  ;
; a[11]      ; output[9]   ; 7.232 ; 7.526 ; 8.075 ; 8.275  ;
; a[11]      ; output[10]  ; 7.317 ; 7.574 ; 8.206 ; 8.369  ;
; a[11]      ; output[11]  ; 6.123 ; 6.706 ; 7.138 ; 7.037  ;
; a[11]      ; output[12]  ; 6.830 ; 7.011 ; 7.510 ; 7.691  ;
; a[11]      ; output[13]  ; 6.364 ; 6.576 ; 7.104 ; 7.316  ;
; a[11]      ; output[14]  ; 6.101 ; 6.258 ; 6.781 ; 6.938  ;
; a[11]      ; output[15]  ; 7.110 ; 7.334 ; 7.850 ; 8.074  ;
; a[11]      ; output[16]  ; 7.506 ; 7.762 ; 8.186 ; 8.442  ;
; a[11]      ; output[17]  ; 6.692 ; 6.983 ; 7.432 ; 7.708  ;
; a[11]      ; output[18]  ; 7.384 ; 7.583 ; 8.066 ; 8.263  ;
; a[11]      ; output[19]  ; 7.366 ; 8.000 ; 8.336 ; 8.476  ;
; a[11]      ; output[20]  ; 7.575 ; 7.801 ; 8.255 ; 8.481  ;
; a[11]      ; output[21]  ; 7.797 ; 8.031 ; 8.537 ; 8.771  ;
; a[11]      ; output[22]  ; 6.585 ; 6.749 ; 7.265 ; 7.429  ;
; a[11]      ; output[23]  ; 7.684 ; 8.237 ; 8.618 ; 8.769  ;
; a[11]      ; output[24]  ; 6.795 ; 6.967 ; 7.475 ; 7.647  ;
; a[11]      ; output[25]  ; 7.458 ; 7.691 ; 8.263 ; 8.515  ;
; a[11]      ; output[26]  ; 7.426 ; 7.678 ; 8.106 ; 8.358  ;
; a[11]      ; output[27]  ; 7.625 ; 7.896 ; 8.428 ; 8.718  ;
; a[11]      ; output[28]  ; 8.681 ; 8.987 ; 9.361 ; 9.667  ;
; a[11]      ; output[29]  ; 7.317 ; 7.496 ; 8.057 ; 8.236  ;
; a[11]      ; output[30]  ; 7.641 ; 7.813 ; 8.321 ; 8.493  ;
; a[11]      ; output[31]  ; 7.311 ; 7.582 ; 8.051 ; 8.307  ;
; a[12]      ; output[0]   ; 6.454 ; 6.689 ; 7.120 ; 7.340  ;
; a[12]      ; output[1]   ; 8.093 ;       ;       ; 9.276  ;
; a[12]      ; output[2]   ; 7.266 ; 7.408 ; 8.273 ; 8.408  ;
; a[12]      ; output[3]   ; 8.265 ;       ;       ; 9.343  ;
; a[12]      ; output[4]   ; 8.103 ; 8.316 ; 9.025 ; 9.238  ;
; a[12]      ; output[5]   ; 7.531 ; 7.831 ; 8.335 ; 8.654  ;
; a[12]      ; output[6]   ; 7.176 ;       ;       ; 8.226  ;
; a[12]      ; output[7]   ; 6.448 ; 6.699 ; 7.307 ; 7.471  ;
; a[12]      ; output[8]   ; 8.791 ; 9.147 ; 9.684 ; 10.003 ;
; a[12]      ; output[9]   ; 7.439 ; 7.733 ; 8.342 ; 8.542  ;
; a[12]      ; output[10]  ; 7.598 ; 7.855 ; 8.546 ; 8.709  ;
; a[12]      ; output[11]  ; 7.907 ;       ;       ; 9.016  ;
; a[12]      ; output[12]  ; 5.641 ; 6.061 ; 6.527 ; 6.521  ;
; a[12]      ; output[13]  ; 5.939 ; 6.151 ; 6.650 ; 6.862  ;
; a[12]      ; output[14]  ; 5.676 ; 5.833 ; 6.327 ; 6.484  ;
; a[12]      ; output[15]  ; 6.685 ; 6.909 ; 7.396 ; 7.620  ;
; a[12]      ; output[16]  ; 7.081 ; 7.337 ; 7.732 ; 7.988  ;
; a[12]      ; output[17]  ; 6.267 ; 6.558 ; 6.978 ; 7.254  ;
; a[12]      ; output[18]  ; 6.961 ; 7.158 ; 7.612 ; 7.809  ;
; a[12]      ; output[19]  ; 7.171 ; 7.575 ; 7.882 ; 8.271  ;
; a[12]      ; output[20]  ; 7.150 ; 7.376 ; 7.801 ; 8.027  ;
; a[12]      ; output[21]  ; 7.372 ; 7.606 ; 8.083 ; 8.317  ;
; a[12]      ; output[22]  ; 6.160 ; 6.324 ; 6.811 ; 6.975  ;
; a[12]      ; output[23]  ; 7.453 ; 7.812 ; 8.164 ; 8.508  ;
; a[12]      ; output[24]  ; 6.370 ; 6.542 ; 7.021 ; 7.193  ;
; a[12]      ; output[25]  ; 7.198 ; 7.521 ; 7.909 ; 8.217  ;
; a[12]      ; output[26]  ; 7.001 ; 7.253 ; 7.652 ; 7.904  ;
; a[12]      ; output[27]  ; 7.604 ; 7.875 ; 8.315 ; 8.586  ;
; a[12]      ; output[28]  ; 8.256 ; 8.562 ; 8.907 ; 9.213  ;
; a[12]      ; output[29]  ; 6.892 ; 7.071 ; 7.603 ; 7.782  ;
; a[12]      ; output[30]  ; 7.216 ; 7.388 ; 7.867 ; 8.039  ;
; a[12]      ; output[31]  ; 6.886 ; 7.157 ; 7.597 ; 7.853  ;
; a[13]      ; output[0]   ; 6.727 ; 6.962 ; 7.416 ; 7.636  ;
; a[13]      ; output[1]   ; 7.987 ;       ;       ; 9.130  ;
; a[13]      ; output[2]   ; 7.081 ; 7.223 ; 8.044 ; 8.179  ;
; a[13]      ; output[3]   ; 8.085 ;       ;       ; 9.121  ;
; a[13]      ; output[4]   ; 7.918 ; 8.131 ; 8.796 ; 9.009  ;
; a[13]      ; output[5]   ; 7.412 ;       ;       ; 8.487  ;
; a[13]      ; output[6]   ; 6.991 ;       ;       ; 7.997  ;
; a[13]      ; output[7]   ; 6.268 ; 6.519 ; 7.085 ; 7.249  ;
; a[13]      ; output[8]   ; 8.606 ; 8.962 ; 9.455 ; 9.774  ;
; a[13]      ; output[9]   ; 7.333 ; 7.627 ; 8.196 ; 8.396  ;
; a[13]      ; output[10]  ; 7.413 ; 7.670 ; 8.317 ; 8.480  ;
; a[13]      ; output[11]  ; 7.727 ;       ;       ; 8.794  ;
; a[13]      ; output[12]  ; 7.969 ; 8.150 ; 8.900 ; 9.105  ;
; a[13]      ; output[13]  ; 5.536 ; 5.772 ; 6.237 ; 6.470  ;
; a[13]      ; output[14]  ; 5.949 ; 6.106 ; 6.623 ; 6.780  ;
; a[13]      ; output[15]  ; 6.958 ; 7.182 ; 7.692 ; 7.916  ;
; a[13]      ; output[16]  ; 7.354 ; 7.610 ; 8.028 ; 8.284  ;
; a[13]      ; output[17]  ; 6.540 ; 6.831 ; 7.274 ; 7.550  ;
; a[13]      ; output[18]  ; 7.234 ; 7.431 ; 7.908 ; 8.105  ;
; a[13]      ; output[19]  ; 7.444 ; 7.848 ; 8.178 ; 8.567  ;
; a[13]      ; output[20]  ; 7.423 ; 7.649 ; 8.097 ; 8.323  ;
; a[13]      ; output[21]  ; 7.645 ; 7.879 ; 8.379 ; 8.613  ;
; a[13]      ; output[22]  ; 6.433 ; 6.597 ; 7.107 ; 7.271  ;
; a[13]      ; output[23]  ; 7.726 ; 8.085 ; 8.460 ; 8.804  ;
; a[13]      ; output[24]  ; 6.643 ; 6.815 ; 7.317 ; 7.489  ;
; a[13]      ; output[25]  ; 7.431 ; 7.664 ; 8.205 ; 8.484  ;
; a[13]      ; output[26]  ; 7.274 ; 7.526 ; 7.948 ; 8.200  ;
; a[13]      ; output[27]  ; 7.741 ; 8.012 ; 8.558 ; 8.846  ;
; a[13]      ; output[28]  ; 8.529 ; 8.835 ; 9.203 ; 9.509  ;
; a[13]      ; output[29]  ; 7.165 ; 7.344 ; 7.899 ; 8.078  ;
; a[13]      ; output[30]  ; 7.489 ; 7.661 ; 8.163 ; 8.335  ;
; a[13]      ; output[31]  ; 7.159 ; 7.430 ; 7.893 ; 8.149  ;
; a[14]      ; output[0]   ; 6.594 ; 6.829 ; 7.273 ; 7.493  ;
; a[14]      ; output[1]   ; 7.747 ;       ;       ; 8.854  ;
; a[14]      ; output[2]   ; 6.593 ; 6.735 ; 7.475 ; 7.610  ;
; a[14]      ; output[3]   ; 7.845 ;       ;       ; 8.845  ;
; a[14]      ; output[4]   ; 7.592 ; 7.805 ; 8.411 ; 8.624  ;
; a[14]      ; output[5]   ; 7.172 ;       ;       ; 8.211  ;
; a[14]      ; output[6]   ; 7.276 ; 7.460 ; 8.105 ; 8.282  ;
; a[14]      ; output[7]   ; 6.028 ; 6.279 ; 6.809 ; 6.973  ;
; a[14]      ; output[8]   ; 8.280 ; 8.636 ; 9.070 ; 9.389  ;
; a[14]      ; output[9]   ; 7.093 ; 7.387 ; 7.920 ; 8.120  ;
; a[14]      ; output[10]  ; 6.925 ; 7.182 ; 7.748 ; 7.911  ;
; a[14]      ; output[11]  ; 7.487 ;       ;       ; 8.518  ;
; a[14]      ; output[12]  ; 7.643 ; 7.824 ; 8.515 ; 8.720  ;
; a[14]      ; output[13]  ; 6.547 ;       ;       ; 7.587  ;
; a[14]      ; output[14]  ; 5.335 ; 5.667 ; 6.182 ; 6.215  ;
; a[14]      ; output[15]  ; 6.825 ; 7.049 ; 7.549 ; 7.773  ;
; a[14]      ; output[16]  ; 7.221 ; 7.477 ; 7.885 ; 8.141  ;
; a[14]      ; output[17]  ; 6.407 ; 6.698 ; 7.131 ; 7.407  ;
; a[14]      ; output[18]  ; 7.101 ; 7.298 ; 7.765 ; 7.962  ;
; a[14]      ; output[19]  ; 7.311 ; 7.715 ; 8.035 ; 8.424  ;
; a[14]      ; output[20]  ; 7.290 ; 7.516 ; 7.954 ; 8.180  ;
; a[14]      ; output[21]  ; 7.512 ; 7.746 ; 8.236 ; 8.470  ;
; a[14]      ; output[22]  ; 6.300 ; 6.464 ; 6.964 ; 7.128  ;
; a[14]      ; output[23]  ; 7.593 ; 7.952 ; 8.317 ; 8.661  ;
; a[14]      ; output[24]  ; 6.510 ; 6.682 ; 7.174 ; 7.346  ;
; a[14]      ; output[25]  ; 7.281 ; 7.514 ; 8.056 ; 8.308  ;
; a[14]      ; output[26]  ; 7.141 ; 7.393 ; 7.805 ; 8.057  ;
; a[14]      ; output[27]  ; 7.602 ; 7.873 ; 8.404 ; 8.692  ;
; a[14]      ; output[28]  ; 8.396 ; 8.702 ; 9.060 ; 9.366  ;
; a[14]      ; output[29]  ; 7.032 ; 7.211 ; 7.756 ; 7.935  ;
; a[14]      ; output[30]  ; 7.356 ; 7.528 ; 8.020 ; 8.192  ;
; a[14]      ; output[31]  ; 7.026 ; 7.297 ; 7.750 ; 8.006  ;
; a[15]      ; output[0]   ; 6.789 ; 7.024 ; 7.523 ; 7.743  ;
; a[15]      ; output[1]   ; 8.636 ;       ;       ; 9.880  ;
; a[15]      ; output[2]   ; 6.789 ; 6.931 ; 7.741 ; 7.876  ;
; a[15]      ; output[3]   ; 8.682 ;       ;       ; 9.828  ;
; a[15]      ; output[4]   ; 7.788 ; 8.001 ; 8.677 ; 8.890  ;
; a[15]      ; output[5]   ; 8.061 ;       ;       ; 9.237  ;
; a[15]      ; output[6]   ; 7.472 ; 7.656 ; 8.371 ; 8.548  ;
; a[15]      ; output[7]   ; 6.985 ;       ;       ; 8.075  ;
; a[15]      ; output[8]   ; 8.476 ; 8.832 ; 9.336 ; 9.655  ;
; a[15]      ; output[9]   ; 7.982 ; 8.276 ; 8.946 ; 9.146  ;
; a[15]      ; output[10]  ; 7.121 ; 7.378 ; 8.014 ; 8.177  ;
; a[15]      ; output[11]  ; 8.324 ;       ;       ; 9.501  ;
; a[15]      ; output[12]  ; 7.839 ; 8.020 ; 8.781 ; 8.986  ;
; a[15]      ; output[13]  ; 7.436 ;       ;       ; 8.613  ;
; a[15]      ; output[14]  ; 6.988 ; 7.145 ; 7.919 ; 8.069  ;
; a[15]      ; output[15]  ; 6.273 ; 6.545 ; 7.022 ; 7.251  ;
; a[15]      ; output[16]  ; 7.416 ; 7.672 ; 8.135 ; 8.391  ;
; a[15]      ; output[17]  ; 6.602 ; 6.893 ; 7.381 ; 7.657  ;
; a[15]      ; output[18]  ; 7.296 ; 7.493 ; 8.015 ; 8.212  ;
; a[15]      ; output[19]  ; 7.506 ; 7.910 ; 8.285 ; 8.674  ;
; a[15]      ; output[20]  ; 7.485 ; 7.711 ; 8.204 ; 8.430  ;
; a[15]      ; output[21]  ; 7.707 ; 7.941 ; 8.486 ; 8.720  ;
; a[15]      ; output[22]  ; 6.495 ; 6.659 ; 7.214 ; 7.378  ;
; a[15]      ; output[23]  ; 7.788 ; 8.147 ; 8.567 ; 8.911  ;
; a[15]      ; output[24]  ; 6.705 ; 6.877 ; 7.424 ; 7.596  ;
; a[15]      ; output[25]  ; 7.500 ; 7.733 ; 8.312 ; 8.594  ;
; a[15]      ; output[26]  ; 7.336 ; 7.588 ; 8.055 ; 8.307  ;
; a[15]      ; output[27]  ; 7.821 ; 8.092 ; 8.690 ; 8.978  ;
; a[15]      ; output[28]  ; 8.591 ; 8.897 ; 9.310 ; 9.616  ;
; a[15]      ; output[29]  ; 7.227 ; 7.406 ; 8.006 ; 8.185  ;
; a[15]      ; output[30]  ; 7.551 ; 7.723 ; 8.270 ; 8.442  ;
; a[15]      ; output[31]  ; 7.221 ; 7.492 ; 8.000 ; 8.256  ;
; a[16]      ; output[0]   ; 6.625 ; 6.894 ; 7.353 ; 7.573  ;
; a[16]      ; output[1]   ; 8.530 ;       ;       ; 9.738  ;
; a[16]      ; output[2]   ; 6.612 ; 6.754 ; 7.509 ; 7.644  ;
; a[16]      ; output[3]   ; 8.576 ;       ;       ; 9.686  ;
; a[16]      ; output[4]   ; 7.602 ; 7.815 ; 8.435 ; 8.648  ;
; a[16]      ; output[5]   ; 7.955 ;       ;       ; 9.095  ;
; a[16]      ; output[6]   ; 7.295 ; 7.479 ; 8.139 ; 8.316  ;
; a[16]      ; output[7]   ; 6.879 ;       ;       ; 7.933  ;
; a[16]      ; output[8]   ; 8.037 ;       ;       ; 9.146  ;
; a[16]      ; output[9]   ; 7.876 ; 8.170 ; 8.804 ; 9.004  ;
; a[16]      ; output[10]  ; 6.944 ; 7.201 ; 7.782 ; 7.945  ;
; a[16]      ; output[11]  ; 8.218 ;       ;       ; 9.359  ;
; a[16]      ; output[12]  ; 7.653 ; 7.834 ; 8.539 ; 8.744  ;
; a[16]      ; output[13]  ; 7.330 ;       ;       ; 8.471  ;
; a[16]      ; output[14]  ; 6.811 ; 6.968 ; 7.687 ; 7.837  ;
; a[16]      ; output[15]  ; 8.088 ;       ;       ; 9.264  ;
; a[16]      ; output[16]  ; 6.509 ; 6.938 ; 7.347 ; 7.495  ;
; a[16]      ; output[17]  ; 6.472 ; 6.763 ; 7.211 ; 7.487  ;
; a[16]      ; output[18]  ; 7.166 ; 7.363 ; 7.845 ; 8.042  ;
; a[16]      ; output[19]  ; 7.376 ; 7.780 ; 8.115 ; 8.504  ;
; a[16]      ; output[20]  ; 7.355 ; 7.581 ; 8.034 ; 8.260  ;
; a[16]      ; output[21]  ; 7.577 ; 7.811 ; 8.316 ; 8.550  ;
; a[16]      ; output[22]  ; 6.365 ; 6.529 ; 7.044 ; 7.208  ;
; a[16]      ; output[23]  ; 7.658 ; 8.017 ; 8.397 ; 8.741  ;
; a[16]      ; output[24]  ; 6.575 ; 6.747 ; 7.254 ; 7.426  ;
; a[16]      ; output[25]  ; 7.403 ; 7.726 ; 8.142 ; 8.450  ;
; a[16]      ; output[26]  ; 7.206 ; 7.458 ; 7.885 ; 8.137  ;
; a[16]      ; output[27]  ; 7.713 ; 7.984 ; 8.530 ; 8.818  ;
; a[16]      ; output[28]  ; 8.461 ; 8.767 ; 9.140 ; 9.446  ;
; a[16]      ; output[29]  ; 7.097 ; 7.276 ; 7.836 ; 8.015  ;
; a[16]      ; output[30]  ; 7.421 ; 7.593 ; 8.100 ; 8.272  ;
; a[16]      ; output[31]  ; 7.091 ; 7.362 ; 7.830 ; 8.086  ;
; a[17]      ; output[0]   ; 6.635 ; 6.870 ; 7.371 ; 7.591  ;
; a[17]      ; output[1]   ; 8.107 ;       ;       ; 9.308  ;
; a[17]      ; output[2]   ; 6.789 ; 6.931 ; 7.765 ; 7.900  ;
; a[17]      ; output[3]   ; 8.311 ;       ;       ; 9.431  ;
; a[17]      ; output[4]   ; 7.779 ; 7.992 ; 8.691 ; 8.904  ;
; a[17]      ; output[5]   ; 7.710 ;       ;       ; 8.866  ;
; a[17]      ; output[6]   ; 7.472 ; 7.656 ; 8.395 ; 8.572  ;
; a[17]      ; output[7]   ; 6.614 ;       ;       ; 7.678  ;
; a[17]      ; output[8]   ; 8.214 ;       ;       ; 9.402  ;
; a[17]      ; output[9]   ; 7.608 ; 7.902 ; 8.543 ; 8.743  ;
; a[17]      ; output[10]  ; 7.121 ; 7.378 ; 8.038 ; 8.201  ;
; a[17]      ; output[11]  ; 7.953 ;       ;       ; 9.104  ;
; a[17]      ; output[12]  ; 7.830 ; 8.011 ; 8.795 ; 9.000  ;
; a[17]      ; output[13]  ; 7.085 ;       ;       ; 8.242  ;
; a[17]      ; output[14]  ; 6.988 ; 7.145 ; 7.943 ; 8.093  ;
; a[17]      ; output[15]  ; 7.823 ;       ;       ; 9.009  ;
; a[17]      ; output[16]  ; 8.474 ; 8.730 ; 9.469 ; 9.718  ;
; a[17]      ; output[17]  ; 5.261 ; 5.447 ; 5.991 ; 6.170  ;
; a[17]      ; output[18]  ; 7.142 ; 7.339 ; 7.863 ; 8.060  ;
; a[17]      ; output[19]  ; 7.352 ; 7.756 ; 8.133 ; 8.522  ;
; a[17]      ; output[20]  ; 7.331 ; 7.557 ; 8.052 ; 8.278  ;
; a[17]      ; output[21]  ; 7.553 ; 7.787 ; 8.334 ; 8.568  ;
; a[17]      ; output[22]  ; 6.341 ; 6.505 ; 7.062 ; 7.226  ;
; a[17]      ; output[23]  ; 7.634 ; 7.993 ; 8.415 ; 8.759  ;
; a[17]      ; output[24]  ; 6.551 ; 6.723 ; 7.272 ; 7.444  ;
; a[17]      ; output[25]  ; 7.379 ; 7.702 ; 8.160 ; 8.468  ;
; a[17]      ; output[26]  ; 7.182 ; 7.434 ; 7.903 ; 8.155  ;
; a[17]      ; output[27]  ; 7.785 ; 8.056 ; 8.566 ; 8.837  ;
; a[17]      ; output[28]  ; 8.437 ; 8.743 ; 9.158 ; 9.464  ;
; a[17]      ; output[29]  ; 7.073 ; 7.252 ; 7.854 ; 8.033  ;
; a[17]      ; output[30]  ; 7.397 ; 7.569 ; 8.118 ; 8.290  ;
; a[17]      ; output[31]  ; 7.067 ; 7.338 ; 7.848 ; 8.104  ;
; a[18]      ; output[0]   ; 6.917 ; 7.510 ; 8.095 ; 7.995  ;
; a[18]      ; output[1]   ; 8.271 ;       ;       ; 9.478  ;
; a[18]      ; output[2]   ; 6.838 ; 6.980 ; 7.759 ; 7.894  ;
; a[18]      ; output[3]   ; 8.475 ;       ;       ; 9.601  ;
; a[18]      ; output[4]   ; 7.894 ; 8.107 ; 8.804 ; 9.017  ;
; a[18]      ; output[5]   ; 7.874 ;       ;       ; 9.036  ;
; a[18]      ; output[6]   ; 7.534 ; 7.718 ; 8.435 ; 8.612  ;
; a[18]      ; output[7]   ; 6.778 ;       ;       ; 7.848  ;
; a[18]      ; output[8]   ; 8.329 ;       ;       ; 9.515  ;
; a[18]      ; output[9]   ; 7.772 ; 8.066 ; 8.713 ; 8.913  ;
; a[18]      ; output[10]  ; 7.014 ;       ;       ; 8.050  ;
; a[18]      ; output[11]  ; 8.117 ;       ;       ; 9.274  ;
; a[18]      ; output[12]  ; 7.945 ; 8.126 ; 8.908 ; 9.113  ;
; a[18]      ; output[13]  ; 7.249 ;       ;       ; 8.412  ;
; a[18]      ; output[14]  ; 7.050 ; 7.207 ; 7.983 ; 8.133  ;
; a[18]      ; output[15]  ; 7.987 ;       ;       ; 9.179  ;
; a[18]      ; output[16]  ; 8.589 ; 8.845 ; 9.582 ; 9.831  ;
; a[18]      ; output[17]  ; 7.617 ;       ;       ; 8.757  ;
; a[18]      ; output[18]  ; 6.465 ; 6.861 ; 7.447 ; 7.475  ;
; a[18]      ; output[19]  ; 7.871 ; 8.403 ; 8.857 ; 9.093  ;
; a[18]      ; output[20]  ; 7.829 ; 8.204 ; 8.776 ; 8.942  ;
; a[18]      ; output[21]  ; 8.200 ; 8.434 ; 9.058 ; 9.292  ;
; a[18]      ; output[22]  ; 6.988 ; 7.152 ; 7.786 ; 7.950  ;
; a[18]      ; output[23]  ; 8.251 ; 8.640 ; 9.139 ; 9.447  ;
; a[18]      ; output[24]  ; 6.869 ; 7.370 ; 7.996 ; 7.918  ;
; a[18]      ; output[25]  ; 7.257 ; 8.349 ; 8.884 ; 8.342  ;
; a[18]      ; output[26]  ; 7.829 ; 8.081 ; 8.627 ; 8.879  ;
; a[18]      ; output[27]  ; 7.997 ; 8.268 ; 8.890 ; 9.178  ;
; a[18]      ; output[28]  ; 8.653 ; 8.959 ; 9.693 ; 9.905  ;
; a[18]      ; output[29]  ; 7.720 ; 7.899 ; 8.578 ; 8.757  ;
; a[18]      ; output[30]  ; 8.044 ; 8.216 ; 8.842 ; 9.014  ;
; a[18]      ; output[31]  ; 7.714 ; 7.985 ; 8.572 ; 8.828  ;
; a[19]      ; output[0]   ; 6.322 ; 6.557 ; 6.984 ; 7.204  ;
; a[19]      ; output[1]   ; 8.014 ;       ;       ; 9.153  ;
; a[19]      ; output[2]   ; 6.490 ; 6.632 ; 7.336 ; 7.471  ;
; a[19]      ; output[3]   ; 8.435 ;       ;       ; 9.546  ;
; a[19]      ; output[4]   ; 7.546 ; 7.759 ; 8.381 ; 8.594  ;
; a[19]      ; output[5]   ; 7.617 ;       ;       ; 8.711  ;
; a[19]      ; output[6]   ; 7.186 ; 7.370 ; 8.012 ; 8.189  ;
; a[19]      ; output[7]   ; 6.606 ;       ;       ; 7.630  ;
; a[19]      ; output[8]   ; 7.981 ;       ;       ; 9.092  ;
; a[19]      ; output[9]   ; 7.515 ; 7.809 ; 8.388 ; 8.588  ;
; a[19]      ; output[10]  ; 6.666 ;       ;       ; 7.627  ;
; a[19]      ; output[11]  ; 7.777 ;       ;       ; 8.871  ;
; a[19]      ; output[12]  ; 7.597 ; 7.778 ; 8.485 ; 8.690  ;
; a[19]      ; output[13]  ; 6.992 ;       ;       ; 8.087  ;
; a[19]      ; output[14]  ; 6.702 ; 6.859 ; 7.560 ; 7.710  ;
; a[19]      ; output[15]  ; 7.815 ;       ;       ; 8.961  ;
; a[19]      ; output[16]  ; 8.241 ; 8.497 ; 9.159 ; 9.408  ;
; a[19]      ; output[17]  ; 7.360 ;       ;       ; 8.432  ;
; a[19]      ; output[18]  ; 7.472 ; 7.669 ; 8.351 ; 8.504  ;
; a[19]      ; output[19]  ; 6.010 ; 6.293 ; 6.683 ; 6.985  ;
; a[19]      ; output[20]  ; 7.018 ; 7.244 ; 7.665 ; 7.891  ;
; a[19]      ; output[21]  ; 7.240 ; 7.474 ; 7.947 ; 8.181  ;
; a[19]      ; output[22]  ; 6.028 ; 6.192 ; 6.675 ; 6.839  ;
; a[19]      ; output[23]  ; 7.321 ; 7.680 ; 8.028 ; 8.372  ;
; a[19]      ; output[24]  ; 6.238 ; 6.410 ; 6.885 ; 7.057  ;
; a[19]      ; output[25]  ; 6.723 ; 7.389 ; 7.773 ; 7.688  ;
; a[19]      ; output[26]  ; 6.869 ; 7.121 ; 7.516 ; 7.768  ;
; a[19]      ; output[27]  ; 7.463 ; 7.734 ; 8.179 ; 8.450  ;
; a[19]      ; output[28]  ; 8.124 ; 8.430 ; 8.771 ; 9.077  ;
; a[19]      ; output[29]  ; 6.760 ; 6.939 ; 7.467 ; 7.646  ;
; a[19]      ; output[30]  ; 7.084 ; 7.256 ; 7.731 ; 7.903  ;
; a[19]      ; output[31]  ; 6.754 ; 7.025 ; 7.461 ; 7.717  ;
; a[20]      ; output[0]   ; 6.488 ; 6.723 ; 7.204 ; 7.424  ;
; a[20]      ; output[1]   ; 8.462 ;       ;       ; 9.687  ;
; a[20]      ; output[2]   ; 6.513 ; 6.655 ; 7.400 ; 7.535  ;
; a[20]      ; output[3]   ; 8.883 ;       ;       ; 10.080 ;
; a[20]      ; output[4]   ; 7.520 ; 7.733 ; 8.492 ; 8.701  ;
; a[20]      ; output[5]   ; 8.065 ;       ;       ; 9.245  ;
; a[20]      ; output[6]   ; 7.209 ; 7.393 ; 8.076 ; 8.253  ;
; a[20]      ; output[7]   ; 7.054 ;       ;       ; 8.164  ;
; a[20]      ; output[8]   ; 8.061 ;       ;       ; 9.199  ;
; a[20]      ; output[9]   ; 7.963 ; 8.257 ; 8.922 ; 9.122  ;
; a[20]      ; output[10]  ; 6.689 ;       ;       ; 7.691  ;
; a[20]      ; output[11]  ; 8.225 ;       ;       ; 9.405  ;
; a[20]      ; output[12]  ; 7.673 ; 7.854 ; 8.580 ; 8.785  ;
; a[20]      ; output[13]  ; 7.440 ;       ;       ; 8.621  ;
; a[20]      ; output[14]  ; 6.725 ; 6.882 ; 7.624 ; 7.774  ;
; a[20]      ; output[15]  ; 8.263 ;       ;       ; 9.495  ;
; a[20]      ; output[16]  ; 8.321 ; 8.577 ; 9.266 ; 9.515  ;
; a[20]      ; output[17]  ; 7.808 ;       ;       ; 8.966  ;
; a[20]      ; output[18]  ; 7.495 ; 7.692 ; 8.415 ; 8.568  ;
; a[20]      ; output[19]  ; 8.397 ;       ;       ; 9.658  ;
; a[20]      ; output[20]  ; 6.375 ; 6.757 ; 7.236 ; 7.352  ;
; a[20]      ; output[21]  ; 7.406 ; 7.640 ; 8.167 ; 8.401  ;
; a[20]      ; output[22]  ; 6.194 ; 6.358 ; 6.895 ; 7.059  ;
; a[20]      ; output[23]  ; 7.487 ; 7.846 ; 8.248 ; 8.592  ;
; a[20]      ; output[24]  ; 6.404 ; 6.576 ; 7.105 ; 7.277  ;
; a[20]      ; output[25]  ; 6.963 ; 7.555 ; 7.993 ; 7.982  ;
; a[20]      ; output[26]  ; 7.035 ; 7.287 ; 7.736 ; 7.988  ;
; a[20]      ; output[27]  ; 7.140 ; 7.411 ; 7.913 ; 8.203  ;
; a[20]      ; output[28]  ; 8.290 ; 8.596 ; 8.991 ; 9.297  ;
; a[20]      ; output[29]  ; 6.926 ; 7.105 ; 7.687 ; 7.866  ;
; a[20]      ; output[30]  ; 7.250 ; 7.422 ; 7.951 ; 8.123  ;
; a[20]      ; output[31]  ; 6.920 ; 7.191 ; 7.681 ; 7.937  ;
; a[21]      ; output[0]   ; 6.255 ; 6.490 ; 6.937 ; 7.157  ;
; a[21]      ; output[1]   ; 7.995 ;       ;       ; 9.162  ;
; a[21]      ; output[2]   ; 6.627 ; 6.769 ; 7.514 ; 7.649  ;
; a[21]      ; output[3]   ; 8.362 ;       ;       ; 9.485  ;
; a[21]      ; output[4]   ; 7.634 ; 7.847 ; 8.606 ; 8.815  ;
; a[21]      ; output[5]   ; 7.868 ;       ;       ; 9.035  ;
; a[21]      ; output[6]   ; 7.323 ; 7.507 ; 8.190 ; 8.367  ;
; a[21]      ; output[7]   ; 6.533 ;       ;       ; 7.569  ;
; a[21]      ; output[8]   ; 8.175 ;       ;       ; 9.313  ;
; a[21]      ; output[9]   ; 7.496 ; 7.790 ; 8.397 ; 8.597  ;
; a[21]      ; output[10]  ; 6.803 ;       ;       ; 7.805  ;
; a[21]      ; output[11]  ; 7.704 ;       ;       ; 8.810  ;
; a[21]      ; output[12]  ; 7.787 ; 7.968 ; 8.694 ; 8.899  ;
; a[21]      ; output[13]  ; 6.847 ;       ;       ; 7.946  ;
; a[21]      ; output[14]  ; 6.839 ; 6.996 ; 7.738 ; 7.888  ;
; a[21]      ; output[15]  ; 7.742 ;       ;       ; 8.900  ;
; a[21]      ; output[16]  ; 8.435 ; 8.691 ; 9.380 ; 9.629  ;
; a[21]      ; output[17]  ; 7.341 ;       ;       ; 8.441  ;
; a[21]      ; output[18]  ; 7.609 ; 7.806 ; 8.529 ; 8.682  ;
; a[21]      ; output[19]  ; 7.876 ;       ;       ; 9.063  ;
; a[21]      ; output[20]  ; 8.536 ; 8.762 ; 9.512 ; 9.721  ;
; a[21]      ; output[21]  ; 6.178 ; 6.430 ; 6.844 ; 7.115  ;
; a[21]      ; output[22]  ; 5.961 ; 6.125 ; 6.628 ; 6.792  ;
; a[21]      ; output[23]  ; 7.254 ; 7.613 ; 7.981 ; 8.325  ;
; a[21]      ; output[24]  ; 6.171 ; 6.343 ; 6.838 ; 7.010  ;
; a[21]      ; output[25]  ; 6.999 ; 7.322 ; 7.726 ; 8.034  ;
; a[21]      ; output[26]  ; 6.802 ; 7.054 ; 7.469 ; 7.721  ;
; a[21]      ; output[27]  ; 7.252 ; 7.523 ; 8.034 ; 8.324  ;
; a[21]      ; output[28]  ; 8.057 ; 8.363 ; 8.724 ; 9.030  ;
; a[21]      ; output[29]  ; 6.693 ; 6.872 ; 7.420 ; 7.599  ;
; a[21]      ; output[30]  ; 7.017 ; 7.189 ; 7.684 ; 7.856  ;
; a[21]      ; output[31]  ; 6.687 ; 6.958 ; 7.414 ; 7.670  ;
; a[22]      ; output[0]   ; 6.104 ; 6.339 ; 6.761 ; 6.981  ;
; a[22]      ; output[1]   ; 7.912 ;       ;       ; 9.078  ;
; a[22]      ; output[2]   ; 6.468 ; 6.610 ; 7.349 ; 7.484  ;
; a[22]      ; output[3]   ; 8.279 ;       ;       ; 9.401  ;
; a[22]      ; output[4]   ; 7.669 ; 7.882 ; 8.659 ; 8.868  ;
; a[22]      ; output[5]   ; 7.785 ;       ;       ; 8.951  ;
; a[22]      ; output[6]   ; 7.224 ;       ;       ; 8.248  ;
; a[22]      ; output[7]   ; 6.450 ;       ;       ; 7.485  ;
; a[22]      ; output[8]   ; 8.210 ;       ;       ; 9.366  ;
; a[22]      ; output[9]   ; 7.413 ; 7.707 ; 8.313 ; 8.513  ;
; a[22]      ; output[10]  ; 6.644 ;       ;       ; 7.640  ;
; a[22]      ; output[11]  ; 7.621 ;       ;       ; 8.726  ;
; a[22]      ; output[12]  ; 7.822 ; 8.003 ; 8.747 ; 8.952  ;
; a[22]      ; output[13]  ; 6.764 ;       ;       ; 7.862  ;
; a[22]      ; output[14]  ; 6.687 ; 6.844 ; 7.552 ; 7.702  ;
; a[22]      ; output[15]  ; 7.659 ;       ;       ; 8.816  ;
; a[22]      ; output[16]  ; 8.470 ; 8.726 ; 9.433 ; 9.682  ;
; a[22]      ; output[17]  ; 7.258 ;       ;       ; 8.357  ;
; a[22]      ; output[18]  ; 7.450 ; 7.647 ; 8.364 ; 8.517  ;
; a[22]      ; output[19]  ; 7.793 ;       ;       ; 8.979  ;
; a[22]      ; output[20]  ; 8.571 ; 8.797 ; 9.565 ; 9.774  ;
; a[22]      ; output[21]  ; 7.960 ;       ;       ; 9.140  ;
; a[22]      ; output[22]  ; 5.222 ; 5.477 ; 5.993 ; 6.105  ;
; a[22]      ; output[23]  ; 7.103 ; 7.462 ; 7.805 ; 8.149  ;
; a[22]      ; output[24]  ; 6.020 ; 6.192 ; 6.662 ; 6.834  ;
; a[22]      ; output[25]  ; 6.848 ; 7.171 ; 7.550 ; 7.858  ;
; a[22]      ; output[26]  ; 6.651 ; 6.903 ; 7.293 ; 7.545  ;
; a[22]      ; output[27]  ; 7.219 ; 7.490 ; 7.956 ; 8.227  ;
; a[22]      ; output[28]  ; 7.906 ; 8.212 ; 8.548 ; 8.854  ;
; a[22]      ; output[29]  ; 6.542 ; 6.721 ; 7.244 ; 7.423  ;
; a[22]      ; output[30]  ; 6.866 ; 7.038 ; 7.508 ; 7.680  ;
; a[22]      ; output[31]  ; 6.536 ; 6.807 ; 7.238 ; 7.494  ;
; a[23]      ; output[0]   ; 6.431 ; 6.666 ; 7.122 ; 7.342  ;
; a[23]      ; output[1]   ; 8.026 ;       ;       ; 9.173  ;
; a[23]      ; output[2]   ; 6.634 ; 6.776 ; 7.523 ; 7.658  ;
; a[23]      ; output[3]   ; 8.473 ;       ;       ; 9.595  ;
; a[23]      ; output[4]   ; 7.835 ; 8.048 ; 8.833 ; 9.042  ;
; a[23]      ; output[5]   ; 7.899 ;       ;       ; 9.046  ;
; a[23]      ; output[6]   ; 7.390 ;       ;       ; 8.422  ;
; a[23]      ; output[7]   ; 6.594 ;       ;       ; 7.610  ;
; a[23]      ; output[8]   ; 8.376 ;       ;       ; 9.540  ;
; a[23]      ; output[9]   ; 7.527 ; 7.821 ; 8.408 ; 8.608  ;
; a[23]      ; output[10]  ; 6.810 ;       ;       ; 7.814  ;
; a[23]      ; output[11]  ; 7.815 ;       ;       ; 8.920  ;
; a[23]      ; output[12]  ; 7.988 ; 8.169 ; 8.921 ; 9.126  ;
; a[23]      ; output[13]  ; 6.878 ;       ;       ; 7.957  ;
; a[23]      ; output[14]  ; 6.853 ; 7.010 ; 7.726 ; 7.876  ;
; a[23]      ; output[15]  ; 7.646 ;       ;       ; 8.770  ;
; a[23]      ; output[16]  ; 8.636 ; 8.892 ; 9.607 ; 9.856  ;
; a[23]      ; output[17]  ; 7.372 ;       ;       ; 8.452  ;
; a[23]      ; output[18]  ; 7.616 ; 7.813 ; 8.538 ; 8.691  ;
; a[23]      ; output[19]  ; 7.987 ;       ;       ; 9.173  ;
; a[23]      ; output[20]  ; 8.737 ; 8.963 ; 9.739 ; 9.948  ;
; a[23]      ; output[21]  ; 8.074 ;       ;       ; 9.235  ;
; a[23]      ; output[22]  ; 7.338 ; 7.502 ; 8.295 ; 8.452  ;
; a[23]      ; output[23]  ; 6.070 ; 6.327 ; 6.738 ; 6.976  ;
; a[23]      ; output[24]  ; 6.347 ; 6.519 ; 7.023 ; 7.195  ;
; a[23]      ; output[25]  ; 7.175 ; 7.498 ; 7.911 ; 8.219  ;
; a[23]      ; output[26]  ; 6.978 ; 7.230 ; 7.654 ; 7.906  ;
; a[23]      ; output[27]  ; 7.379 ; 7.650 ; 8.175 ; 8.465  ;
; a[23]      ; output[28]  ; 8.233 ; 8.539 ; 8.909 ; 9.215  ;
; a[23]      ; output[29]  ; 6.869 ; 7.048 ; 7.605 ; 7.784  ;
; a[23]      ; output[30]  ; 7.193 ; 7.365 ; 7.869 ; 8.041  ;
; a[23]      ; output[31]  ; 6.863 ; 7.134 ; 7.599 ; 7.855  ;
; a[24]      ; output[0]   ; 6.453 ; 6.682 ; 7.184 ; 7.429  ;
; a[24]      ; output[1]   ; 7.854 ;       ;       ; 9.005  ;
; a[24]      ; output[2]   ; 6.533 ; 6.675 ; 7.426 ; 7.561  ;
; a[24]      ; output[3]   ; 8.301 ;       ;       ; 9.427  ;
; a[24]      ; output[4]   ; 7.525 ; 7.738 ; 8.478 ; 8.687  ;
; a[24]      ; output[5]   ; 7.727 ;       ;       ; 8.878  ;
; a[24]      ; output[6]   ; 7.289 ;       ;       ; 8.325  ;
; a[24]      ; output[7]   ; 6.422 ;       ;       ; 7.442  ;
; a[24]      ; output[8]   ; 8.325 ; 8.681 ; 9.173 ; 9.492  ;
; a[24]      ; output[9]   ; 7.355 ; 7.649 ; 8.240 ; 8.440  ;
; a[24]      ; output[10]  ; 6.709 ;       ;       ; 7.717  ;
; a[24]      ; output[11]  ; 7.643 ;       ;       ; 8.752  ;
; a[24]      ; output[12]  ; 7.678 ; 7.859 ; 8.566 ; 8.771  ;
; a[24]      ; output[13]  ; 6.706 ;       ;       ; 7.789  ;
; a[24]      ; output[14]  ; 6.752 ; 6.909 ; 7.629 ; 7.779  ;
; a[24]      ; output[15]  ; 7.474 ;       ;       ; 8.602  ;
; a[24]      ; output[16]  ; 8.326 ; 8.582 ; 9.259 ; 9.508  ;
; a[24]      ; output[17]  ; 7.200 ;       ;       ; 8.284  ;
; a[24]      ; output[18]  ; 7.515 ; 7.712 ; 8.441 ; 8.594  ;
; a[24]      ; output[19]  ; 7.815 ;       ;       ; 9.005  ;
; a[24]      ; output[20]  ; 8.427 ; 8.653 ; 9.384 ; 9.593  ;
; a[24]      ; output[21]  ; 7.902 ;       ;       ; 9.067  ;
; a[24]      ; output[22]  ; 7.237 ; 7.401 ; 8.198 ; 8.355  ;
; a[24]      ; output[23]  ; 8.055 ;       ;       ; 9.228  ;
; a[24]      ; output[24]  ; 5.388 ; 5.900 ; 6.405 ; 6.291  ;
; a[24]      ; output[25]  ; 7.267 ; 7.500 ; 8.049 ; 8.301  ;
; a[24]      ; output[26]  ; 7.139 ; 7.391 ; 7.850 ; 8.102  ;
; a[24]      ; output[27]  ; 7.742 ; 8.013 ; 8.513 ; 8.784  ;
; a[24]      ; output[28]  ; 8.341 ; 8.647 ; 9.105 ; 9.411  ;
; a[24]      ; output[29]  ; 7.030 ; 7.209 ; 7.801 ; 7.980  ;
; a[24]      ; output[30]  ; 7.354 ; 7.526 ; 8.065 ; 8.237  ;
; a[24]      ; output[31]  ; 7.024 ; 7.295 ; 7.795 ; 8.051  ;
; a[25]      ; output[0]   ; 6.492 ; 6.702 ; 7.202 ; 7.443  ;
; a[25]      ; output[1]   ; 8.065 ;       ;       ; 9.221  ;
; a[25]      ; output[2]   ; 6.598 ; 6.740 ; 7.498 ; 7.633  ;
; a[25]      ; output[3]   ; 8.426 ;       ;       ; 9.559  ;
; a[25]      ; output[4]   ; 7.590 ; 7.803 ; 8.550 ; 8.759  ;
; a[25]      ; output[5]   ; 7.795 ;       ;       ; 8.945  ;
; a[25]      ; output[6]   ; 7.354 ;       ;       ; 8.397  ;
; a[25]      ; output[7]   ; 6.547 ;       ;       ; 7.574  ;
; a[25]      ; output[8]   ; 8.390 ; 8.746 ; 9.245 ; 9.564  ;
; a[25]      ; output[9]   ; 7.251 ;       ;       ; 8.330  ;
; a[25]      ; output[10]  ; 6.774 ;       ;       ; 7.789  ;
; a[25]      ; output[11]  ; 7.768 ;       ;       ; 8.884  ;
; a[25]      ; output[12]  ; 7.743 ; 7.924 ; 8.638 ; 8.843  ;
; a[25]      ; output[13]  ; 6.774 ;       ;       ; 7.856  ;
; a[25]      ; output[14]  ; 6.817 ; 6.974 ; 7.701 ; 7.851  ;
; a[25]      ; output[15]  ; 7.599 ;       ;       ; 8.734  ;
; a[25]      ; output[16]  ; 8.391 ; 8.647 ; 9.331 ; 9.580  ;
; a[25]      ; output[17]  ; 7.411 ;       ;       ; 8.500  ;
; a[25]      ; output[18]  ; 7.580 ; 7.777 ; 8.513 ; 8.666  ;
; a[25]      ; output[19]  ; 7.940 ;       ;       ; 9.137  ;
; a[25]      ; output[20]  ; 8.492 ; 8.718 ; 9.456 ; 9.665  ;
; a[25]      ; output[21]  ; 7.970 ;       ;       ; 9.134  ;
; a[25]      ; output[22]  ; 7.302 ; 7.466 ; 8.270 ; 8.427  ;
; a[25]      ; output[23]  ; 8.180 ;       ;       ; 9.360  ;
; a[25]      ; output[24]  ; 6.918 ; 7.090 ; 7.866 ; 8.002  ;
; a[25]      ; output[25]  ; 5.874 ; 6.094 ; 6.608 ; 6.795  ;
; a[25]      ; output[26]  ; 7.004 ; 7.256 ; 7.706 ; 7.958  ;
; a[25]      ; output[27]  ; 7.607 ; 7.878 ; 8.369 ; 8.640  ;
; a[25]      ; output[28]  ; 7.791 ; 8.097 ; 8.720 ; 8.932  ;
; a[25]      ; output[29]  ; 6.895 ; 7.074 ; 7.657 ; 7.836  ;
; a[25]      ; output[30]  ; 7.219 ; 7.391 ; 7.921 ; 8.093  ;
; a[25]      ; output[31]  ; 6.889 ; 7.160 ; 7.651 ; 7.907  ;
; a[26]      ; output[0]   ; 6.320 ; 6.539 ; 7.042 ; 7.277  ;
; a[26]      ; output[1]   ; 8.156 ;       ;       ; 9.309  ;
; a[26]      ; output[2]   ; 6.907 ; 7.049 ; 7.810 ; 7.945  ;
; a[26]      ; output[3]   ; 8.517 ;       ;       ; 9.647  ;
; a[26]      ; output[4]   ; 7.905 ; 8.118 ; 8.894 ; 9.103  ;
; a[26]      ; output[5]   ; 7.886 ;       ;       ; 9.033  ;
; a[26]      ; output[6]   ; 7.665 ;       ;       ; 8.730  ;
; a[26]      ; output[7]   ; 6.638 ;       ;       ; 7.662  ;
; a[26]      ; output[8]   ; 8.705 ; 9.061 ; 9.589 ; 9.908  ;
; a[26]      ; output[9]   ; 7.342 ;       ;       ; 8.418  ;
; a[26]      ; output[10]  ; 7.286 ; 7.543 ; 8.176 ; 8.339  ;
; a[26]      ; output[11]  ; 7.859 ;       ;       ; 8.972  ;
; a[26]      ; output[12]  ; 8.058 ; 8.239 ; 8.982 ; 9.187  ;
; a[26]      ; output[13]  ; 6.865 ;       ;       ; 7.944  ;
; a[26]      ; output[14]  ; 7.128 ; 7.285 ; 8.034 ; 8.184  ;
; a[26]      ; output[15]  ; 7.690 ;       ;       ; 8.822  ;
; a[26]      ; output[16]  ; 8.706 ; 8.962 ; 9.675 ; 9.924  ;
; a[26]      ; output[17]  ; 7.502 ;       ;       ; 8.588  ;
; a[26]      ; output[18]  ; 7.889 ; 8.086 ; 8.825 ; 8.978  ;
; a[26]      ; output[19]  ; 8.031 ;       ;       ; 9.225  ;
; a[26]      ; output[20]  ; 8.807 ; 9.033 ; 9.800 ; 10.009 ;
; a[26]      ; output[21]  ; 8.061 ;       ;       ; 9.222  ;
; a[26]      ; output[22]  ; 7.613 ; 7.777 ; 8.603 ; 8.760  ;
; a[26]      ; output[23]  ; 8.271 ;       ;       ; 9.448  ;
; a[26]      ; output[24]  ; 7.233 ; 7.405 ; 8.210 ; 8.346  ;
; a[26]      ; output[25]  ; 7.916 ;       ;       ; 9.009  ;
; a[26]      ; output[26]  ; 6.018 ; 6.618 ; 7.069 ; 6.958  ;
; a[26]      ; output[27]  ; 7.538 ; 7.809 ; 8.300 ; 8.571  ;
; a[26]      ; output[28]  ; 7.885 ; 8.191 ; 8.818 ; 9.030  ;
; a[26]      ; output[29]  ; 6.826 ; 7.005 ; 7.588 ; 7.767  ;
; a[26]      ; output[30]  ; 7.150 ; 7.322 ; 7.852 ; 8.024  ;
; a[26]      ; output[31]  ; 6.820 ; 7.091 ; 7.582 ; 7.838  ;
; a[27]      ; output[0]   ; 6.127 ; 6.339 ; 6.841 ; 7.071  ;
; a[27]      ; output[1]   ; 8.362 ;       ;       ; 9.569  ;
; a[27]      ; output[2]   ; 6.553 ; 6.695 ; 7.441 ; 7.576  ;
; a[27]      ; output[3]   ; 8.747 ;       ;       ; 9.922  ;
; a[27]      ; output[4]   ; 7.551 ; 7.764 ; 8.525 ; 8.734  ;
; a[27]      ; output[5]   ; 8.092 ;       ;       ; 9.293  ;
; a[27]      ; output[6]   ; 7.311 ;       ;       ; 8.361  ;
; a[27]      ; output[7]   ; 6.873 ;       ;       ; 7.960  ;
; a[27]      ; output[8]   ; 8.351 ; 8.707 ; 9.220 ; 9.539  ;
; a[27]      ; output[9]   ; 7.548 ;       ;       ; 8.678  ;
; a[27]      ; output[10]  ; 6.932 ; 7.189 ; 7.807 ; 7.970  ;
; a[27]      ; output[11]  ; 7.801 ;       ;       ; 8.924  ;
; a[27]      ; output[12]  ; 7.704 ; 7.885 ; 8.613 ; 8.818  ;
; a[27]      ; output[13]  ; 7.071 ;       ;       ; 8.204  ;
; a[27]      ; output[14]  ; 6.774 ; 6.931 ; 7.665 ; 7.815  ;
; a[27]      ; output[15]  ; 7.925 ;       ;       ; 9.120  ;
; a[27]      ; output[16]  ; 8.352 ; 8.608 ; 9.306 ; 9.555  ;
; a[27]      ; output[17]  ; 7.708 ;       ;       ; 8.848  ;
; a[27]      ; output[18]  ; 7.535 ; 7.732 ; 8.456 ; 8.609  ;
; a[27]      ; output[19]  ; 8.261 ;       ;       ; 9.500  ;
; a[27]      ; output[20]  ; 8.453 ; 8.679 ; 9.431 ; 9.640  ;
; a[27]      ; output[21]  ; 8.267 ;       ;       ; 9.482  ;
; a[27]      ; output[22]  ; 7.259 ; 7.423 ; 8.234 ; 8.391  ;
; a[27]      ; output[23]  ; 8.506 ;       ;       ; 9.746  ;
; a[27]      ; output[24]  ; 6.879 ; 7.051 ; 7.841 ; 7.977  ;
; a[27]      ; output[25]  ; 8.122 ;       ;       ; 9.269  ;
; a[27]      ; output[26]  ; 8.007 ; 8.259 ; 9.022 ; 9.187  ;
; a[27]      ; output[27]  ; 6.262 ; 6.546 ; 6.972 ; 7.261  ;
; a[27]      ; output[28]  ; 7.984 ; 8.290 ; 8.698 ; 9.004  ;
; a[27]      ; output[29]  ; 6.628 ; 6.807 ; 7.394 ; 7.573  ;
; a[27]      ; output[30]  ; 6.952 ; 7.124 ; 7.658 ; 7.830  ;
; a[27]      ; output[31]  ; 6.622 ; 6.893 ; 7.388 ; 7.644  ;
; a[28]      ; output[0]   ; 6.337 ; 6.546 ; 7.046 ; 7.240  ;
; a[28]      ; output[1]   ; 8.466 ;       ;       ; 9.685  ;
; a[28]      ; output[2]   ; 6.672 ; 6.814 ; 7.570 ; 7.705  ;
; a[28]      ; output[3]   ; 8.851 ;       ;       ; 10.038 ;
; a[28]      ; output[4]   ; 7.744 ; 7.957 ; 8.754 ; 8.963  ;
; a[28]      ; output[5]   ; 8.196 ;       ;       ; 9.409  ;
; a[28]      ; output[6]   ; 7.430 ;       ;       ; 8.490  ;
; a[28]      ; output[7]   ; 6.977 ;       ;       ; 8.076  ;
; a[28]      ; output[8]   ; 8.769 ; 9.125 ; 9.679 ; 9.998  ;
; a[28]      ; output[9]   ; 7.652 ;       ;       ; 8.794  ;
; a[28]      ; output[10]  ; 7.051 ; 7.308 ; 7.936 ; 8.099  ;
; a[28]      ; output[11]  ; 7.905 ;       ;       ; 9.040  ;
; a[28]      ; output[12]  ; 7.610 ; 7.791 ; 8.531 ; 8.736  ;
; a[28]      ; output[13]  ; 7.175 ;       ;       ; 8.320  ;
; a[28]      ; output[14]  ; 6.893 ; 7.050 ; 7.794 ; 7.944  ;
; a[28]      ; output[15]  ; 8.029 ;       ;       ; 9.236  ;
; a[28]      ; output[16]  ; 8.770 ; 9.026 ; 9.765 ; 10.014 ;
; a[28]      ; output[17]  ; 7.812 ;       ;       ; 8.964  ;
; a[28]      ; output[18]  ; 7.654 ; 7.851 ; 8.585 ; 8.738  ;
; a[28]      ; output[19]  ; 8.365 ;       ;       ; 9.616  ;
; a[28]      ; output[20]  ; 8.646 ; 8.872 ; 9.660 ; 9.869  ;
; a[28]      ; output[21]  ; 8.371 ;       ;       ; 9.598  ;
; a[28]      ; output[22]  ; 7.378 ; 7.542 ; 8.363 ; 8.520  ;
; a[28]      ; output[23]  ; 8.610 ;       ;       ; 9.862  ;
; a[28]      ; output[24]  ; 7.297 ; 7.469 ; 8.300 ; 8.436  ;
; a[28]      ; output[25]  ; 8.226 ;       ;       ; 9.385  ;
; a[28]      ; output[26]  ; 8.126 ; 8.378 ; 9.151 ; 9.316  ;
; a[28]      ; output[27]  ; 8.090 ;       ;       ; 9.281  ;
; a[28]      ; output[28]  ; 6.464 ; 6.908 ; 7.347 ; 7.462  ;
; a[28]      ; output[29]  ; 6.683 ; 6.862 ; 7.436 ; 7.615  ;
; a[28]      ; output[30]  ; 7.007 ; 7.179 ; 7.700 ; 7.872  ;
; a[28]      ; output[31]  ; 6.677 ; 6.948 ; 7.430 ; 7.686  ;
; a[29]      ; output[0]   ; 6.061 ; 6.270 ; 6.737 ; 6.931  ;
; a[29]      ; output[1]   ; 7.645 ;       ;       ; 8.750  ;
; a[29]      ; output[2]   ; 6.529 ; 6.671 ; 7.415 ; 7.550  ;
; a[29]      ; output[3]   ; 8.165 ;       ;       ; 9.240  ;
; a[29]      ; output[4]   ; 7.601 ; 7.814 ; 8.599 ; 8.808  ;
; a[29]      ; output[5]   ; 7.080 ;       ;       ; 8.125  ;
; a[29]      ; output[6]   ; 7.287 ;       ;       ; 8.335  ;
; a[29]      ; output[7]   ; 6.291 ;       ;       ; 7.278  ;
; a[29]      ; output[8]   ; 8.626 ; 8.982 ; 9.524 ; 9.843  ;
; a[29]      ; output[9]   ; 6.831 ;       ;       ; 7.859  ;
; a[29]      ; output[10]  ; 6.908 ; 7.165 ; 7.781 ; 7.944  ;
; a[29]      ; output[11]  ; 7.219 ;       ;       ; 8.242  ;
; a[29]      ; output[12]  ; 7.467 ; 7.648 ; 8.376 ; 8.581  ;
; a[29]      ; output[13]  ; 6.041 ;       ;       ; 7.036  ;
; a[29]      ; output[14]  ; 6.750 ; 6.907 ; 7.639 ; 7.789  ;
; a[29]      ; output[15]  ; 7.343 ;       ;       ; 8.438  ;
; a[29]      ; output[16]  ; 8.627 ; 8.883 ; 9.610 ; 9.859  ;
; a[29]      ; output[17]  ; 6.991 ;       ;       ; 8.029  ;
; a[29]      ; output[18]  ; 7.511 ; 7.708 ; 8.430 ; 8.583  ;
; a[29]      ; output[19]  ; 7.679 ;       ;       ; 8.818  ;
; a[29]      ; output[20]  ; 8.503 ; 8.729 ; 9.505 ; 9.714  ;
; a[29]      ; output[21]  ; 7.255 ;       ;       ; 8.314  ;
; a[29]      ; output[22]  ; 7.235 ; 7.399 ; 8.208 ; 8.365  ;
; a[29]      ; output[23]  ; 7.924 ;       ;       ; 9.064  ;
; a[29]      ; output[24]  ; 7.154 ; 7.326 ; 8.145 ; 8.281  ;
; a[29]      ; output[25]  ; 7.405 ;       ;       ; 8.450  ;
; a[29]      ; output[26]  ; 7.983 ; 8.235 ; 8.996 ; 9.161  ;
; a[29]      ; output[27]  ; 7.404 ;       ;       ; 8.483  ;
; a[29]      ; output[28]  ; 7.699 ;       ;       ; 8.842  ;
; a[29]      ; output[29]  ; 5.487 ; 5.663 ; 6.168 ; 6.363  ;
; a[29]      ; output[30]  ; 6.730 ; 6.902 ; 7.391 ; 7.563  ;
; a[29]      ; output[31]  ; 6.400 ; 6.671 ; 7.121 ; 7.377  ;
; a[30]      ; output[0]   ; 6.344 ; 6.547 ; 7.096 ; 7.315  ;
; a[30]      ; output[1]   ; 7.915 ;       ;       ; 9.076  ;
; a[30]      ; output[2]   ; 6.277 ; 6.419 ; 7.124 ; 7.259  ;
; a[30]      ; output[3]   ; 8.435 ;       ;       ; 9.566  ;
; a[30]      ; output[4]   ; 7.549 ; 7.762 ; 8.541 ; 8.750  ;
; a[30]      ; output[5]   ; 7.350 ;       ;       ; 8.451  ;
; a[30]      ; output[6]   ; 6.821 ;       ;       ; 7.812  ;
; a[30]      ; output[7]   ; 6.561 ;       ;       ; 7.604  ;
; a[30]      ; output[8]   ; 8.574 ; 8.930 ; 9.466 ; 9.785  ;
; a[30]      ; output[9]   ; 7.101 ;       ;       ; 8.185  ;
; a[30]      ; output[10]  ; 6.656 ; 6.913 ; 7.490 ; 7.653  ;
; a[30]      ; output[11]  ; 7.489 ;       ;       ; 8.568  ;
; a[30]      ; output[12]  ; 7.415 ; 7.596 ; 8.318 ; 8.523  ;
; a[30]      ; output[13]  ; 6.311 ;       ;       ; 7.362  ;
; a[30]      ; output[14]  ; 6.041 ; 6.198 ; 6.876 ; 7.026  ;
; a[30]      ; output[15]  ; 7.613 ;       ;       ; 8.764  ;
; a[30]      ; output[16]  ; 8.575 ; 8.831 ; 9.552 ; 9.801  ;
; a[30]      ; output[17]  ; 7.261 ;       ;       ; 8.355  ;
; a[30]      ; output[18]  ; 7.259 ; 7.456 ; 8.139 ; 8.292  ;
; a[30]      ; output[19]  ; 7.949 ;       ;       ; 9.144  ;
; a[30]      ; output[20]  ; 8.451 ; 8.677 ; 9.447 ; 9.656  ;
; a[30]      ; output[21]  ; 7.525 ;       ;       ; 8.640  ;
; a[30]      ; output[22]  ; 6.769 ; 6.933 ; 7.685 ; 7.842  ;
; a[30]      ; output[23]  ; 8.194 ;       ;       ; 9.390  ;
; a[30]      ; output[24]  ; 7.102 ; 7.274 ; 8.087 ; 8.223  ;
; a[30]      ; output[25]  ; 7.675 ;       ;       ; 8.776  ;
; a[30]      ; output[26]  ; 7.731 ; 7.983 ; 8.705 ; 8.870  ;
; a[30]      ; output[27]  ; 7.674 ;       ;       ; 8.809  ;
; a[30]      ; output[28]  ; 7.647 ;       ;       ; 8.784  ;
; a[30]      ; output[29]  ; 6.401 ;       ;       ; 7.393  ;
; a[30]      ; output[30]  ; 6.012 ; 6.462 ; 7.019 ; 6.949  ;
; a[30]      ; output[31]  ; 6.822 ; 7.093 ; 7.614 ; 7.870  ;
; a[31]      ; output[0]   ; 4.776 ; 5.379 ; 5.322 ; 5.204  ;
; a[31]      ; output[1]   ; 6.455 ;       ;       ; 7.089  ;
; a[31]      ; output[2]   ; 5.153 ; 5.295 ; 5.499 ; 5.634  ;
; a[31]      ; output[3]   ; 6.579 ;       ;       ; 7.142  ;
; a[31]      ; output[4]   ; 5.754 ; 5.967 ; 6.178 ; 6.387  ;
; a[31]      ; output[5]   ; 5.980 ;       ;       ; 6.592  ;
; a[31]      ; output[6]   ; 5.534 ;       ;       ; 6.033  ;
; a[31]      ; output[7]   ; 4.499 ;       ;       ; 4.942  ;
; a[31]      ; output[8]   ; 6.148 ; 7.807 ; 7.858 ; 6.720  ;
; a[31]      ; output[9]   ; 4.844 ;       ;       ; 5.316  ;
; a[31]      ; output[10]  ; 4.686 ; 5.789 ; 5.865 ; 5.109  ;
; a[31]      ; output[11]  ; 5.522 ;       ;       ; 6.024  ;
; a[31]      ; output[12]  ; 5.518 ; 5.699 ; 5.830 ; 6.035  ;
; a[31]      ; output[13]  ; 4.919 ;       ;       ; 5.482  ;
; a[31]      ; output[14]  ; 4.949 ; 5.106 ; 5.259 ; 5.409  ;
; a[31]      ; output[15]  ; 5.022 ;       ;       ; 5.501  ;
; a[31]      ; output[16]  ; 5.872 ; 6.128 ; 6.149 ; 6.398  ;
; a[31]      ; output[17]  ; 4.735 ;       ;       ; 5.195  ;
; a[31]      ; output[18]  ; 5.076 ; 5.273 ; 5.408 ; 5.561  ;
; a[31]      ; output[19]  ; 5.325 ;       ;       ; 5.863  ;
; a[31]      ; output[20]  ; 5.948 ; 6.174 ; 6.281 ; 6.490  ;
; a[31]      ; output[21]  ; 5.465 ;       ;       ; 6.005  ;
; a[31]      ; output[22]  ; 4.546 ; 4.710 ; 4.825 ; 4.982  ;
; a[31]      ; output[23]  ; 5.923 ;       ;       ; 6.480  ;
; a[31]      ; output[24]  ; 4.917 ; 5.089 ; 5.286 ; 5.422  ;
; a[31]      ; output[25]  ; 5.417 ;       ;       ; 5.905  ;
; a[31]      ; output[26]  ; 5.662 ; 5.914 ; 6.056 ; 6.221  ;
; a[31]      ; output[27]  ; 5.711 ;       ;       ; 6.268  ;
; a[31]      ; output[28]  ; 5.787 ;       ;       ; 6.344  ;
; a[31]      ; output[29]  ; 4.778 ;       ;       ; 5.191  ;
; a[31]      ; output[30]  ; 5.113 ;       ;       ; 5.541  ;
; a[31]      ; output[31]  ; 4.714 ; 4.927 ; 4.913 ; 5.145  ;
; b[0]       ; output[0]   ; 5.347 ; 5.491 ; 6.100 ; 6.253  ;
; b[0]       ; output[1]   ; 6.844 ; 7.142 ; 7.567 ; 7.865  ;
; b[0]       ; output[2]   ; 6.153 ; 6.047 ; 6.533 ; 7.112  ;
; b[0]       ; output[3]   ; 7.671 ; 7.991 ; 8.409 ; 8.722  ;
; b[0]       ; output[4]   ; 7.128 ; 6.909 ; 7.293 ; 8.039  ;
; b[0]       ; output[5]   ; 7.472 ; 7.797 ; 8.185 ; 8.520  ;
; b[0]       ; output[6]   ; 6.704 ; 6.888 ; 7.441 ; 7.625  ;
; b[0]       ; output[7]   ; 6.217 ; 6.400 ; 6.940 ; 7.123  ;
; b[0]       ; output[8]   ; 8.127 ; 8.412 ; 8.749 ; 9.299  ;
; b[0]       ; output[9]   ; 7.067 ; 7.252 ; 7.790 ; 7.975  ;
; b[0]       ; output[10]  ; 6.625 ; 6.882 ; 7.349 ; 7.606  ;
; b[0]       ; output[11]  ; 7.611 ; 7.975 ; 8.324 ; 8.711  ;
; b[0]       ; output[12]  ; 7.385 ; 7.336 ; 7.726 ; 8.291  ;
; b[0]       ; output[13]  ; 6.433 ; 6.769 ; 7.146 ; 7.505  ;
; b[0]       ; output[14]  ; 6.445 ; 6.559 ; 7.002 ; 7.504  ;
; b[0]       ; output[15]  ; 7.358 ; 7.582 ; 8.081 ; 8.305  ;
; b[0]       ; output[16]  ; 8.246 ; 8.005 ; 8.296 ; 9.200  ;
; b[0]       ; output[17]  ; 6.303 ; 6.613 ; 7.026 ; 7.329  ;
; b[0]       ; output[18]  ; 7.186 ; 7.128 ; 7.566 ; 8.149  ;
; b[0]       ; output[19]  ; 6.996 ; 7.408 ; 7.719 ; 8.124  ;
; b[0]       ; output[20]  ; 7.630 ; 7.557 ; 7.925 ; 8.728  ;
; b[0]       ; output[21]  ; 7.446 ; 7.680 ; 8.169 ; 8.403  ;
; b[0]       ; output[22]  ; 6.612 ; 6.546 ; 6.992 ; 7.661  ;
; b[0]       ; output[23]  ; 7.696 ; 8.117 ; 8.419 ; 8.833  ;
; b[0]       ; output[24]  ; 6.670 ; 6.975 ; 7.380 ; 7.704  ;
; b[0]       ; output[25]  ; 6.879 ; 7.211 ; 7.626 ; 7.899  ;
; b[0]       ; output[26]  ; 7.207 ; 7.590 ; 7.950 ; 8.326  ;
; b[0]       ; output[27]  ; 7.385 ; 7.656 ; 8.120 ; 8.391  ;
; b[0]       ; output[28]  ; 7.617 ; 8.050 ; 8.342 ; 8.768  ;
; b[0]       ; output[29]  ; 6.523 ; 6.800 ; 7.236 ; 7.536  ;
; b[0]       ; output[30]  ; 6.885 ; 7.123 ; 7.545 ; 7.752  ;
; b[0]       ; output[31]  ; 7.427 ; 7.816 ; 8.167 ; 8.533  ;
; b[1]       ; output[0]   ; 6.434 ; 6.132 ; 6.661 ; 7.453  ;
; b[1]       ; output[1]   ; 6.370 ; 6.665 ; 7.162 ; 7.414  ;
; b[1]       ; output[2]   ; 5.787 ; 6.035 ; 6.512 ; 6.753  ;
; b[1]       ; output[3]   ; 7.859 ; 8.105 ; 8.540 ; 8.761  ;
; b[1]       ; output[4]   ; 6.792 ; 7.005 ; 7.541 ; 7.754  ;
; b[1]       ; output[5]   ; 7.435 ; 7.825 ; 8.236 ; 8.590  ;
; b[1]       ; output[6]   ; 6.623 ; 6.815 ; 7.361 ; 7.545  ;
; b[1]       ; output[7]   ; 6.258 ; 6.429 ; 6.907 ; 7.090  ;
; b[1]       ; output[8]   ; 8.033 ; 8.461 ; 8.804 ; 9.160  ;
; b[1]       ; output[9]   ; 7.163 ; 7.432 ; 7.936 ; 8.191  ;
; b[1]       ; output[10]  ; 6.662 ; 6.928 ; 7.428 ; 7.706  ;
; b[1]       ; output[11]  ; 7.481 ; 7.812 ; 8.234 ; 8.584  ;
; b[1]       ; output[12]  ; 7.458 ; 7.568 ; 8.015 ; 8.304  ;
; b[1]       ; output[13]  ; 6.392 ; 6.742 ; 7.188 ; 7.489  ;
; b[1]       ; output[14]  ; 6.221 ; 6.489 ; 6.945 ; 7.237  ;
; b[1]       ; output[15]  ; 7.380 ; 7.604 ; 8.048 ; 8.272  ;
; b[1]       ; output[16]  ; 8.106 ; 8.204 ; 8.548 ; 9.061  ;
; b[1]       ; output[17]  ; 7.235 ; 6.860 ; 7.313 ; 8.366  ;
; b[1]       ; output[18]  ; 6.820 ; 7.116 ; 7.545 ; 7.834  ;
; b[1]       ; output[19]  ; 7.239 ; 7.321 ; 7.686 ; 8.411  ;
; b[1]       ; output[20]  ; 7.537 ; 7.789 ; 8.214 ; 8.661  ;
; b[1]       ; output[21]  ; 7.610 ; 7.931 ; 8.411 ; 8.665  ;
; b[1]       ; output[22]  ; 6.246 ; 6.534 ; 6.971 ; 7.252  ;
; b[1]       ; output[23]  ; 7.737 ; 8.030 ; 8.386 ; 8.877  ;
; b[1]       ; output[24]  ; 6.572 ; 6.805 ; 7.328 ; 7.504  ;
; b[1]       ; output[25]  ; 6.785 ; 7.070 ; 7.524 ; 7.828  ;
; b[1]       ; output[26]  ; 6.772 ; 7.089 ; 7.523 ; 7.840  ;
; b[1]       ; output[27]  ; 7.185 ; 7.456 ; 7.926 ; 8.197  ;
; b[1]       ; output[28]  ; 7.824 ; 7.968 ; 8.355 ; 9.035  ;
; b[1]       ; output[29]  ; 6.105 ; 6.325 ; 6.815 ; 7.006  ;
; b[1]       ; output[30]  ; 7.084 ; 7.322 ; 7.797 ; 8.004  ;
; b[1]       ; output[31]  ; 7.466 ; 7.740 ; 8.134 ; 8.568  ;
; b[2]       ; output[0]   ; 6.040 ; 6.071 ; 6.538 ; 7.005  ;
; b[2]       ; output[1]   ; 7.231 ; 7.444 ; 7.811 ; 8.109  ;
; b[2]       ; output[2]   ; 5.293 ; 5.671 ; 6.262 ; 6.196  ;
; b[2]       ; output[3]   ; 7.429 ; 7.751 ; 8.183 ; 8.425  ;
; b[2]       ; output[4]   ; 6.470 ; 6.795 ; 7.206 ; 7.487  ;
; b[2]       ; output[5]   ; 6.641 ; 6.955 ; 7.331 ; 7.665  ;
; b[2]       ; output[6]   ; 6.634 ; 6.871 ; 7.357 ; 7.613  ;
; b[2]       ; output[7]   ; 5.749 ; 5.962 ; 6.458 ; 6.711  ;
; b[2]       ; output[8]   ; 7.457 ; 7.813 ; 8.155 ; 8.530  ;
; b[2]       ; output[9]   ; 6.666 ; 6.960 ; 7.360 ; 7.654  ;
; b[2]       ; output[10]  ; 6.304 ; 6.526 ; 7.002 ; 7.263  ;
; b[2]       ; output[11]  ; 7.018 ; 7.331 ; 7.726 ; 8.063  ;
; b[2]       ; output[12]  ; 6.903 ; 7.222 ; 7.639 ; 7.914  ;
; b[2]       ; output[13]  ; 6.016 ; 6.331 ; 6.706 ; 7.041  ;
; b[2]       ; output[14]  ; 6.044 ; 6.306 ; 6.768 ; 7.049  ;
; b[2]       ; output[15]  ; 6.827 ; 7.179 ; 7.558 ; 7.906  ;
; b[2]       ; output[16]  ; 7.717 ; 7.973 ; 8.415 ; 8.671  ;
; b[2]       ; output[17]  ; 6.679 ; 6.673 ; 7.104 ; 7.727  ;
; b[2]       ; output[18]  ; 7.110 ; 7.307 ; 7.808 ; 8.005  ;
; b[2]       ; output[19]  ; 7.037 ; 7.436 ; 7.741 ; 8.133  ;
; b[2]       ; output[20]  ; 7.010 ; 7.341 ; 7.745 ; 8.017  ;
; b[2]       ; output[21]  ; 7.226 ; 7.460 ; 7.972 ; 8.206  ;
; b[2]       ; output[22]  ; 6.051 ; 6.307 ; 6.774 ; 7.049  ;
; b[2]       ; output[23]  ; 7.375 ; 7.752 ; 8.123 ; 8.451  ;
; b[2]       ; output[24]  ; 6.349 ; 6.521 ; 7.046 ; 7.218  ;
; b[2]       ; output[25]  ; 6.909 ; 7.079 ; 7.486 ; 7.940  ;
; b[2]       ; output[26]  ; 6.923 ; 7.178 ; 7.674 ; 7.967  ;
; b[2]       ; output[27]  ; 7.163 ; 7.434 ; 7.867 ; 8.138  ;
; b[2]       ; output[28]  ; 7.485 ; 7.867 ; 8.195 ; 8.518  ;
; b[2]       ; output[29]  ; 6.152 ; 6.372 ; 6.847 ; 7.038  ;
; b[2]       ; output[30]  ; 7.023 ; 7.261 ; 7.674 ; 7.881  ;
; b[2]       ; output[31]  ; 7.101 ; 7.430 ; 7.849 ; 8.142  ;
; b[3]       ; output[0]   ; 6.277 ; 6.161 ; 6.646 ; 7.285  ;
; b[3]       ; output[1]   ; 6.893 ; 7.106 ; 7.448 ; 7.746  ;
; b[3]       ; output[2]   ; 5.083 ; 5.225 ; 5.747 ; 5.889  ;
; b[3]       ; output[3]   ; 6.795 ; 7.084 ; 7.523 ; 7.769  ;
; b[3]       ; output[4]   ; 6.798 ; 6.288 ; 6.762 ; 7.640  ;
; b[3]       ; output[5]   ; 6.848 ; 7.015 ; 7.358 ; 7.660  ;
; b[3]       ; output[6]   ; 6.161 ; 6.378 ; 6.883 ; 7.093  ;
; b[3]       ; output[7]   ; 5.623 ; 5.712 ; 6.176 ; 6.359  ;
; b[3]       ; output[8]   ; 7.626 ; 7.969 ; 8.325 ; 8.687  ;
; b[3]       ; output[9]   ; 6.472 ; 6.657 ; 7.165 ; 7.350  ;
; b[3]       ; output[10]  ; 6.317 ; 6.526 ; 7.066 ; 7.294  ;
; b[3]       ; output[11]  ; 6.950 ; 7.250 ; 7.703 ; 7.996  ;
; b[3]       ; output[12]  ; 6.463 ; 6.717 ; 7.194 ; 7.468  ;
; b[3]       ; output[13]  ; 5.661 ; 5.940 ; 6.345 ; 6.643  ;
; b[3]       ; output[14]  ; 5.627 ; 5.591 ; 6.108 ; 6.508  ;
; b[3]       ; output[15]  ; 6.619 ; 6.843 ; 7.320 ; 7.544  ;
; b[3]       ; output[16]  ; 7.845 ; 8.205 ; 8.533 ; 8.959  ;
; b[3]       ; output[17]  ; 6.065 ; 6.335 ; 6.741 ; 7.056  ;
; b[3]       ; output[18]  ; 6.065 ; 6.262 ; 6.729 ; 6.926  ;
; b[3]       ; output[19]  ; 6.501 ; 6.872 ; 7.202 ; 7.566  ;
; b[3]       ; output[20]  ; 6.586 ; 6.837 ; 7.318 ; 7.588  ;
; b[3]       ; output[21]  ; 6.719 ; 6.946 ; 7.309 ; 7.543  ;
; b[3]       ; output[22]  ; 5.680 ; 5.920 ; 6.403 ; 6.636  ;
; b[3]       ; output[23]  ; 6.827 ; 7.158 ; 7.529 ; 7.853  ;
; b[3]       ; output[24]  ; 6.236 ; 6.493 ; 6.874 ; 7.112  ;
; b[3]       ; output[25]  ; 6.452 ; 6.761 ; 7.145 ; 7.447  ;
; b[3]       ; output[26]  ; 6.615 ; 6.908 ; 7.275 ; 7.530  ;
; b[3]       ; output[27]  ; 6.748 ; 7.019 ; 7.449 ; 7.720  ;
; b[3]       ; output[28]  ; 7.147 ; 7.529 ; 7.832 ; 8.155  ;
; b[3]       ; output[29]  ; 6.345 ; 6.565 ; 7.093 ; 7.284  ;
; b[3]       ; output[30]  ; 6.943 ; 7.115 ; 7.623 ; 7.795  ;
; b[3]       ; output[31]  ; 6.547 ; 6.849 ; 7.249 ; 7.544  ;
; b[4]       ; output[0]   ; 5.287 ; 5.473 ; 6.038 ; 6.200  ;
; b[4]       ; output[1]   ; 6.392 ; 6.936 ; 7.353 ; 7.383  ;
; b[4]       ; output[2]   ; 5.560 ; 5.590 ; 6.072 ; 6.437  ;
; b[4]       ; output[3]   ; 6.851 ; 7.094 ; 7.585 ; 7.824  ;
; b[4]       ; output[4]   ; 5.473 ; 5.699 ; 6.142 ; 6.387  ;
; b[4]       ; output[5]   ; 6.992 ; 7.302 ; 7.756 ; 8.049  ;
; b[4]       ; output[6]   ; 6.450 ; 6.511 ; 7.058 ; 7.399  ;
; b[4]       ; output[7]   ; 5.734 ; 5.917 ; 6.510 ; 6.693  ;
; b[4]       ; output[8]   ; 7.563 ; 7.449 ; 7.824 ; 8.640  ;
; b[4]       ; output[9]   ; 5.959 ; 6.245 ; 6.696 ; 6.903  ;
; b[4]       ; output[10]  ; 6.069 ; 6.306 ; 6.775 ; 7.005  ;
; b[4]       ; output[11]  ; 6.567 ; 6.901 ; 7.298 ; 7.545  ;
; b[4]       ; output[12]  ; 6.670 ; 6.140 ; 6.626 ; 7.571  ;
; b[4]       ; output[13]  ; 5.436 ; 5.796 ; 6.193 ; 6.392  ;
; b[4]       ; output[14]  ; 5.832 ; 5.480 ; 6.030 ; 6.671  ;
; b[4]       ; output[15]  ; 5.944 ; 6.769 ; 7.114 ; 6.894  ;
; b[4]       ; output[16]  ; 6.989 ; 7.245 ; 7.703 ; 7.959  ;
; b[4]       ; output[17]  ; 5.587 ; 6.102 ; 6.571 ; 6.523  ;
; b[4]       ; output[18]  ; 6.485 ; 6.736 ; 7.274 ; 7.471  ;
; b[4]       ; output[19]  ; 6.333 ; 6.703 ; 7.069 ; 7.359  ;
; b[4]       ; output[20]  ; 6.178 ; 6.621 ; 7.060 ; 7.115  ;
; b[4]       ; output[21]  ; 6.517 ; 6.827 ; 7.188 ; 7.517  ;
; b[4]       ; output[22]  ; 5.467 ; 5.631 ; 6.159 ; 6.323  ;
; b[4]       ; output[23]  ; 6.959 ; 7.292 ; 7.632 ; 8.016  ;
; b[4]       ; output[24]  ; 6.247 ; 6.485 ; 6.980 ; 7.237  ;
; b[4]       ; output[25]  ; 6.525 ; 6.812 ; 7.252 ; 7.489  ;
; b[4]       ; output[26]  ; 6.648 ; 6.903 ; 7.359 ; 7.652  ;
; b[4]       ; output[27]  ; 6.751 ; 7.140 ; 7.485 ; 7.802  ;
; b[4]       ; output[28]  ; 6.895 ; 7.234 ; 7.559 ; 7.917  ;
; b[4]       ; output[29]  ; 5.763 ; 6.016 ; 6.494 ; 6.675  ;
; b[4]       ; output[30]  ; 6.278 ; 6.549 ; 7.056 ; 7.252  ;
; b[4]       ; output[31]  ; 6.438 ; 7.126 ; 7.559 ; 7.440  ;
; b[5]       ; output[0]   ; 6.917 ; 7.146 ; 7.610 ; 7.839  ;
; b[5]       ; output[5]   ; 6.105 ; 6.359 ; 6.779 ; 7.052  ;
; b[5]       ; output[6]   ; 7.222 ; 7.458 ; 7.915 ; 8.151  ;
; b[5]       ; output[7]   ; 6.230 ; 6.413 ; 6.923 ; 7.106  ;
; b[5]       ; output[8]   ; 8.334 ; 8.699 ; 9.027 ; 9.392  ;
; b[5]       ; output[9]   ; 6.951 ; 7.136 ; 7.644 ; 7.829  ;
; b[5]       ; output[10]  ; 7.315 ; 7.615 ; 8.008 ; 8.308  ;
; b[5]       ; output[11]  ; 7.695 ; 7.958 ; 8.388 ; 8.651  ;
; b[5]       ; output[12]  ; 7.301 ; 7.482 ; 7.994 ; 8.175  ;
; b[5]       ; output[13]  ; 6.835 ; 7.047 ; 7.528 ; 7.740  ;
; b[5]       ; output[14]  ; 6.572 ; 6.729 ; 7.265 ; 7.422  ;
; b[5]       ; output[15]  ; 7.581 ; 7.805 ; 8.274 ; 8.498  ;
; b[5]       ; output[16]  ; 7.977 ; 8.233 ; 8.670 ; 8.926  ;
; b[5]       ; output[17]  ; 7.163 ; 7.454 ; 7.856 ; 8.147  ;
; b[5]       ; output[18]  ; 7.857 ; 8.054 ; 8.550 ; 8.747  ;
; b[5]       ; output[19]  ; 8.067 ; 8.471 ; 8.760 ; 9.164  ;
; b[5]       ; output[20]  ; 8.046 ; 8.272 ; 8.739 ; 8.965  ;
; b[5]       ; output[21]  ; 8.268 ; 8.502 ; 8.961 ; 9.195  ;
; b[5]       ; output[22]  ; 7.056 ; 7.220 ; 7.749 ; 7.913  ;
; b[5]       ; output[23]  ; 8.349 ; 8.708 ; 9.042 ; 9.401  ;
; b[5]       ; output[24]  ; 7.266 ; 7.438 ; 7.959 ; 8.131  ;
; b[5]       ; output[25]  ; 8.094 ; 8.417 ; 8.787 ; 9.110  ;
; b[5]       ; output[26]  ; 7.897 ; 8.149 ; 8.590 ; 8.842  ;
; b[5]       ; output[27]  ; 8.500 ; 8.771 ; 9.193 ; 9.464  ;
; b[5]       ; output[28]  ; 9.152 ; 9.458 ; 9.845 ; 10.151 ;
; b[5]       ; output[29]  ; 7.788 ; 7.967 ; 8.481 ; 8.660  ;
; b[5]       ; output[30]  ; 8.112 ; 8.284 ; 8.805 ; 8.977  ;
; b[5]       ; output[31]  ; 7.782 ; 8.053 ; 8.475 ; 8.746  ;
; b[6]       ; output[0]   ; 6.898 ; 7.121 ; 7.546 ; 7.769  ;
; b[6]       ; output[6]   ; 5.977 ; 6.144 ; 6.660 ; 6.827  ;
; b[6]       ; output[7]   ; 6.350 ; 6.533 ; 6.998 ; 7.181  ;
; b[6]       ; output[8]   ; 8.454 ; 8.819 ; 9.102 ; 9.467  ;
; b[6]       ; output[9]   ; 7.071 ; 7.256 ; 7.719 ; 7.904  ;
; b[6]       ; output[10]  ; 7.435 ; 7.735 ; 8.083 ; 8.383  ;
; b[6]       ; output[11]  ; 7.815 ; 8.078 ; 8.463 ; 8.726  ;
; b[6]       ; output[12]  ; 7.421 ; 7.602 ; 8.069 ; 8.250  ;
; b[6]       ; output[13]  ; 6.955 ; 7.167 ; 7.603 ; 7.815  ;
; b[6]       ; output[14]  ; 6.692 ; 6.849 ; 7.340 ; 7.497  ;
; b[6]       ; output[15]  ; 7.701 ; 7.925 ; 8.349 ; 8.573  ;
; b[6]       ; output[16]  ; 8.097 ; 8.353 ; 8.745 ; 9.001  ;
; b[6]       ; output[17]  ; 7.283 ; 7.574 ; 7.931 ; 8.222  ;
; b[6]       ; output[18]  ; 7.977 ; 8.174 ; 8.625 ; 8.822  ;
; b[6]       ; output[19]  ; 8.187 ; 8.591 ; 8.835 ; 9.239  ;
; b[6]       ; output[20]  ; 8.166 ; 8.392 ; 8.814 ; 9.040  ;
; b[6]       ; output[21]  ; 8.388 ; 8.622 ; 9.036 ; 9.270  ;
; b[6]       ; output[22]  ; 7.176 ; 7.340 ; 7.824 ; 7.988  ;
; b[6]       ; output[23]  ; 8.469 ; 8.828 ; 9.117 ; 9.476  ;
; b[6]       ; output[24]  ; 7.386 ; 7.558 ; 8.034 ; 8.206  ;
; b[6]       ; output[25]  ; 8.214 ; 8.537 ; 8.862 ; 9.185  ;
; b[6]       ; output[26]  ; 8.017 ; 8.269 ; 8.665 ; 8.917  ;
; b[6]       ; output[27]  ; 8.620 ; 8.891 ; 9.268 ; 9.539  ;
; b[6]       ; output[28]  ; 9.272 ; 9.578 ; 9.920 ; 10.226 ;
; b[6]       ; output[29]  ; 7.908 ; 8.087 ; 8.556 ; 8.735  ;
; b[6]       ; output[30]  ; 8.232 ; 8.404 ; 8.880 ; 9.052  ;
; b[6]       ; output[31]  ; 7.902 ; 8.173 ; 8.550 ; 8.821  ;
; b[7]       ; output[0]   ; 6.662 ; 6.887 ; 7.292 ; 7.517  ;
; b[7]       ; output[7]   ; 4.982 ; 5.255 ; 5.784 ; 5.839  ;
; b[7]       ; output[8]   ; 8.113 ; 8.478 ; 8.743 ; 9.108  ;
; b[7]       ; output[9]   ; 6.730 ; 6.915 ; 7.360 ; 7.545  ;
; b[7]       ; output[10]  ; 7.094 ; 7.394 ; 7.724 ; 8.024  ;
; b[7]       ; output[11]  ; 7.474 ; 7.737 ; 8.104 ; 8.367  ;
; b[7]       ; output[12]  ; 7.080 ; 7.261 ; 7.710 ; 7.891  ;
; b[7]       ; output[13]  ; 6.614 ; 6.826 ; 7.244 ; 7.456  ;
; b[7]       ; output[14]  ; 6.351 ; 6.508 ; 6.981 ; 7.138  ;
; b[7]       ; output[15]  ; 7.360 ; 7.584 ; 7.990 ; 8.214  ;
; b[7]       ; output[16]  ; 7.756 ; 8.012 ; 8.386 ; 8.642  ;
; b[7]       ; output[17]  ; 6.942 ; 7.233 ; 7.572 ; 7.863  ;
; b[7]       ; output[18]  ; 7.636 ; 7.833 ; 8.266 ; 8.463  ;
; b[7]       ; output[19]  ; 7.846 ; 8.250 ; 8.476 ; 8.880  ;
; b[7]       ; output[20]  ; 7.825 ; 8.051 ; 8.455 ; 8.681  ;
; b[7]       ; output[21]  ; 8.047 ; 8.281 ; 8.677 ; 8.911  ;
; b[7]       ; output[22]  ; 6.835 ; 6.999 ; 7.465 ; 7.629  ;
; b[7]       ; output[23]  ; 8.128 ; 8.487 ; 8.758 ; 9.117  ;
; b[7]       ; output[24]  ; 7.045 ; 7.217 ; 7.675 ; 7.847  ;
; b[7]       ; output[25]  ; 7.873 ; 8.196 ; 8.503 ; 8.826  ;
; b[7]       ; output[26]  ; 7.676 ; 7.928 ; 8.306 ; 8.558  ;
; b[7]       ; output[27]  ; 8.279 ; 8.550 ; 8.909 ; 9.180  ;
; b[7]       ; output[28]  ; 8.931 ; 9.237 ; 9.561 ; 9.867  ;
; b[7]       ; output[29]  ; 7.567 ; 7.746 ; 8.197 ; 8.376  ;
; b[7]       ; output[30]  ; 7.891 ; 8.063 ; 8.521 ; 8.693  ;
; b[7]       ; output[31]  ; 7.561 ; 7.832 ; 8.191 ; 8.462  ;
; b[8]       ; output[0]   ; 7.453 ; 7.662 ; 8.189 ; 8.398  ;
; b[8]       ; output[8]   ; 7.235 ; 7.502 ; 7.975 ; 8.242  ;
; b[8]       ; output[9]   ; 7.054 ; 7.239 ; 7.790 ; 7.975  ;
; b[8]       ; output[10]  ; 7.418 ; 7.718 ; 8.154 ; 8.454  ;
; b[8]       ; output[11]  ; 7.798 ; 8.061 ; 8.534 ; 8.797  ;
; b[8]       ; output[12]  ; 7.404 ; 7.585 ; 8.140 ; 8.321  ;
; b[8]       ; output[13]  ; 6.938 ; 7.150 ; 7.674 ; 7.886  ;
; b[8]       ; output[14]  ; 6.675 ; 6.832 ; 7.411 ; 7.568  ;
; b[8]       ; output[15]  ; 7.684 ; 7.908 ; 8.420 ; 8.644  ;
; b[8]       ; output[16]  ; 8.080 ; 8.336 ; 8.816 ; 9.072  ;
; b[8]       ; output[17]  ; 7.266 ; 7.557 ; 8.002 ; 8.293  ;
; b[8]       ; output[18]  ; 7.960 ; 8.157 ; 8.696 ; 8.893  ;
; b[8]       ; output[19]  ; 8.170 ; 8.574 ; 8.906 ; 9.310  ;
; b[8]       ; output[20]  ; 8.149 ; 8.375 ; 8.885 ; 9.111  ;
; b[8]       ; output[21]  ; 8.371 ; 8.605 ; 9.107 ; 9.341  ;
; b[8]       ; output[22]  ; 7.159 ; 7.323 ; 7.895 ; 8.059  ;
; b[8]       ; output[23]  ; 8.452 ; 8.811 ; 9.188 ; 9.547  ;
; b[8]       ; output[24]  ; 7.369 ; 7.541 ; 8.105 ; 8.277  ;
; b[8]       ; output[25]  ; 8.197 ; 8.520 ; 8.933 ; 9.256  ;
; b[8]       ; output[26]  ; 8.000 ; 8.252 ; 8.736 ; 8.988  ;
; b[8]       ; output[27]  ; 8.603 ; 8.874 ; 9.339 ; 9.610  ;
; b[8]       ; output[28]  ; 9.255 ; 9.561 ; 9.991 ; 10.297 ;
; b[8]       ; output[29]  ; 7.891 ; 8.070 ; 8.627 ; 8.806  ;
; b[8]       ; output[30]  ; 8.215 ; 8.387 ; 8.951 ; 9.123  ;
; b[8]       ; output[31]  ; 7.885 ; 8.156 ; 8.621 ; 8.892  ;
; b[9]       ; output[0]   ; 7.180 ; 7.415 ; 7.859 ; 8.094  ;
; b[9]       ; output[9]   ; 5.652 ; 5.879 ; 6.350 ; 6.537  ;
; b[9]       ; output[10]  ; 7.145 ; 7.445 ; 7.824 ; 8.124  ;
; b[9]       ; output[11]  ; 7.525 ; 7.788 ; 8.204 ; 8.467  ;
; b[9]       ; output[12]  ; 7.131 ; 7.312 ; 7.810 ; 7.991  ;
; b[9]       ; output[13]  ; 6.665 ; 6.877 ; 7.344 ; 7.556  ;
; b[9]       ; output[14]  ; 6.402 ; 6.559 ; 7.081 ; 7.238  ;
; b[9]       ; output[15]  ; 7.411 ; 7.635 ; 8.090 ; 8.314  ;
; b[9]       ; output[16]  ; 7.807 ; 8.063 ; 8.486 ; 8.742  ;
; b[9]       ; output[17]  ; 6.993 ; 7.284 ; 7.672 ; 7.963  ;
; b[9]       ; output[18]  ; 7.687 ; 7.884 ; 8.366 ; 8.563  ;
; b[9]       ; output[19]  ; 7.897 ; 8.301 ; 8.576 ; 8.980  ;
; b[9]       ; output[20]  ; 7.876 ; 8.102 ; 8.555 ; 8.781  ;
; b[9]       ; output[21]  ; 8.098 ; 8.332 ; 8.777 ; 9.011  ;
; b[9]       ; output[22]  ; 6.886 ; 7.050 ; 7.565 ; 7.729  ;
; b[9]       ; output[23]  ; 8.179 ; 8.538 ; 8.858 ; 9.217  ;
; b[9]       ; output[24]  ; 7.096 ; 7.268 ; 7.775 ; 7.947  ;
; b[9]       ; output[25]  ; 7.924 ; 8.247 ; 8.603 ; 8.926  ;
; b[9]       ; output[26]  ; 7.727 ; 7.979 ; 8.406 ; 8.658  ;
; b[9]       ; output[27]  ; 8.330 ; 8.601 ; 9.009 ; 9.280  ;
; b[9]       ; output[28]  ; 8.982 ; 9.288 ; 9.661 ; 9.967  ;
; b[9]       ; output[29]  ; 7.618 ; 7.797 ; 8.297 ; 8.476  ;
; b[9]       ; output[30]  ; 7.942 ; 8.114 ; 8.621 ; 8.793  ;
; b[9]       ; output[31]  ; 7.612 ; 7.883 ; 8.291 ; 8.562  ;
; b[10]      ; output[0]   ; 6.830 ; 7.060 ; 7.453 ; 7.688  ;
; b[10]      ; output[10]  ; 6.355 ; 6.518 ; 7.030 ; 7.193  ;
; b[10]      ; output[11]  ; 7.175 ; 7.438 ; 7.798 ; 8.061  ;
; b[10]      ; output[12]  ; 6.776 ; 6.957 ; 7.404 ; 7.585  ;
; b[10]      ; output[13]  ; 6.315 ; 6.527 ; 6.938 ; 7.150  ;
; b[10]      ; output[14]  ; 6.047 ; 6.204 ; 6.675 ; 6.832  ;
; b[10]      ; output[15]  ; 7.061 ; 7.285 ; 7.684 ; 7.908  ;
; b[10]      ; output[16]  ; 7.452 ; 7.708 ; 8.080 ; 8.336  ;
; b[10]      ; output[17]  ; 6.643 ; 6.934 ; 7.266 ; 7.557  ;
; b[10]      ; output[18]  ; 7.332 ; 7.529 ; 7.960 ; 8.157  ;
; b[10]      ; output[19]  ; 7.547 ; 7.951 ; 8.170 ; 8.574  ;
; b[10]      ; output[20]  ; 7.521 ; 7.747 ; 8.149 ; 8.375  ;
; b[10]      ; output[21]  ; 7.748 ; 7.982 ; 8.371 ; 8.605  ;
; b[10]      ; output[22]  ; 6.531 ; 6.695 ; 7.159 ; 7.323  ;
; b[10]      ; output[23]  ; 7.829 ; 8.188 ; 8.452 ; 8.811  ;
; b[10]      ; output[24]  ; 6.741 ; 6.913 ; 7.369 ; 7.541  ;
; b[10]      ; output[25]  ; 7.574 ; 7.897 ; 8.197 ; 8.520  ;
; b[10]      ; output[26]  ; 7.372 ; 7.624 ; 8.000 ; 8.252  ;
; b[10]      ; output[27]  ; 7.980 ; 8.251 ; 8.603 ; 8.874  ;
; b[10]      ; output[28]  ; 8.627 ; 8.933 ; 9.255 ; 9.561  ;
; b[10]      ; output[29]  ; 7.268 ; 7.447 ; 7.891 ; 8.070  ;
; b[10]      ; output[30]  ; 7.587 ; 7.759 ; 8.215 ; 8.387  ;
; b[10]      ; output[31]  ; 7.262 ; 7.533 ; 7.885 ; 8.156  ;
; b[11]      ; output[0]   ; 6.958 ; 7.181 ; 7.618 ; 7.853  ;
; b[11]      ; output[11]  ; 6.012 ; 6.599 ; 7.030 ; 6.928  ;
; b[11]      ; output[12]  ; 6.897 ; 7.078 ; 7.569 ; 7.750  ;
; b[11]      ; output[13]  ; 6.443 ; 6.655 ; 7.103 ; 7.315  ;
; b[11]      ; output[14]  ; 6.168 ; 6.325 ; 6.840 ; 6.997  ;
; b[11]      ; output[15]  ; 7.189 ; 7.413 ; 7.849 ; 8.073  ;
; b[11]      ; output[16]  ; 7.573 ; 7.829 ; 8.245 ; 8.501  ;
; b[11]      ; output[17]  ; 6.771 ; 7.062 ; 7.431 ; 7.722  ;
; b[11]      ; output[18]  ; 7.453 ; 7.650 ; 8.125 ; 8.322  ;
; b[11]      ; output[19]  ; 7.675 ; 8.079 ; 8.335 ; 8.739  ;
; b[11]      ; output[20]  ; 7.642 ; 7.868 ; 8.314 ; 8.540  ;
; b[11]      ; output[21]  ; 7.876 ; 8.110 ; 8.536 ; 8.770  ;
; b[11]      ; output[22]  ; 6.652 ; 6.816 ; 7.324 ; 7.488  ;
; b[11]      ; output[23]  ; 7.957 ; 8.316 ; 8.617 ; 8.976  ;
; b[11]      ; output[24]  ; 6.862 ; 7.034 ; 7.534 ; 7.706  ;
; b[11]      ; output[25]  ; 7.702 ; 8.025 ; 8.362 ; 8.685  ;
; b[11]      ; output[26]  ; 7.493 ; 7.745 ; 8.165 ; 8.417  ;
; b[11]      ; output[27]  ; 8.108 ; 8.379 ; 8.768 ; 9.039  ;
; b[11]      ; output[28]  ; 8.748 ; 9.054 ; 9.420 ; 9.726  ;
; b[11]      ; output[29]  ; 7.396 ; 7.575 ; 8.056 ; 8.235  ;
; b[11]      ; output[30]  ; 7.708 ; 7.880 ; 8.380 ; 8.552  ;
; b[11]      ; output[31]  ; 7.390 ; 7.661 ; 8.050 ; 8.321  ;
; b[12]      ; output[0]   ; 7.026 ; 7.250 ; 7.689 ; 7.924  ;
; b[12]      ; output[12]  ; 5.758 ; 6.111 ; 6.596 ; 6.638  ;
; b[12]      ; output[13]  ; 6.511 ; 6.723 ; 7.174 ; 7.386  ;
; b[12]      ; output[14]  ; 6.237 ; 6.394 ; 6.911 ; 7.068  ;
; b[12]      ; output[15]  ; 7.257 ; 7.481 ; 7.920 ; 8.144  ;
; b[12]      ; output[16]  ; 7.642 ; 7.898 ; 8.316 ; 8.572  ;
; b[12]      ; output[17]  ; 6.839 ; 7.130 ; 7.502 ; 7.793  ;
; b[12]      ; output[18]  ; 7.522 ; 7.719 ; 8.196 ; 8.393  ;
; b[12]      ; output[19]  ; 7.743 ; 8.147 ; 8.406 ; 8.810  ;
; b[12]      ; output[20]  ; 7.711 ; 7.937 ; 8.385 ; 8.611  ;
; b[12]      ; output[21]  ; 7.944 ; 8.178 ; 8.607 ; 8.841  ;
; b[12]      ; output[22]  ; 6.721 ; 6.885 ; 7.395 ; 7.559  ;
; b[12]      ; output[23]  ; 8.025 ; 8.384 ; 8.688 ; 9.047  ;
; b[12]      ; output[24]  ; 6.931 ; 7.103 ; 7.605 ; 7.777  ;
; b[12]      ; output[25]  ; 7.770 ; 8.093 ; 8.433 ; 8.756  ;
; b[12]      ; output[26]  ; 7.562 ; 7.814 ; 8.236 ; 8.488  ;
; b[12]      ; output[27]  ; 8.176 ; 8.447 ; 8.839 ; 9.110  ;
; b[12]      ; output[28]  ; 8.817 ; 9.123 ; 9.491 ; 9.797  ;
; b[12]      ; output[29]  ; 7.464 ; 7.643 ; 8.127 ; 8.306  ;
; b[12]      ; output[30]  ; 7.777 ; 7.949 ; 8.451 ; 8.623  ;
; b[12]      ; output[31]  ; 7.458 ; 7.729 ; 8.121 ; 8.392  ;
; b[13]      ; output[0]   ; 6.942 ; 7.177 ; 7.614 ; 7.849  ;
; b[13]      ; output[13]  ; 5.153 ; 5.382 ; 5.825 ; 6.047  ;
; b[13]      ; output[14]  ; 6.164 ; 6.321 ; 6.836 ; 6.993  ;
; b[13]      ; output[15]  ; 7.173 ; 7.397 ; 7.845 ; 8.069  ;
; b[13]      ; output[16]  ; 7.569 ; 7.825 ; 8.241 ; 8.497  ;
; b[13]      ; output[17]  ; 6.755 ; 7.046 ; 7.427 ; 7.718  ;
; b[13]      ; output[18]  ; 7.449 ; 7.646 ; 8.121 ; 8.318  ;
; b[13]      ; output[19]  ; 7.659 ; 8.063 ; 8.331 ; 8.735  ;
; b[13]      ; output[20]  ; 7.638 ; 7.864 ; 8.310 ; 8.536  ;
; b[13]      ; output[21]  ; 7.860 ; 8.094 ; 8.532 ; 8.766  ;
; b[13]      ; output[22]  ; 6.648 ; 6.812 ; 7.320 ; 7.484  ;
; b[13]      ; output[23]  ; 7.941 ; 8.300 ; 8.613 ; 8.972  ;
; b[13]      ; output[24]  ; 6.858 ; 7.030 ; 7.530 ; 7.702  ;
; b[13]      ; output[25]  ; 7.686 ; 8.009 ; 8.358 ; 8.681  ;
; b[13]      ; output[26]  ; 7.489 ; 7.741 ; 8.161 ; 8.413  ;
; b[13]      ; output[27]  ; 8.092 ; 8.363 ; 8.764 ; 9.035  ;
; b[13]      ; output[28]  ; 8.744 ; 9.050 ; 9.416 ; 9.722  ;
; b[13]      ; output[29]  ; 7.380 ; 7.559 ; 8.052 ; 8.231  ;
; b[13]      ; output[30]  ; 7.704 ; 7.876 ; 8.376 ; 8.548  ;
; b[13]      ; output[31]  ; 7.374 ; 7.645 ; 8.046 ; 8.317  ;
; b[14]      ; output[0]   ; 6.704 ; 6.939 ; 7.378 ; 7.613  ;
; b[14]      ; output[14]  ; 4.938 ; 5.247 ; 5.773 ; 5.793  ;
; b[14]      ; output[15]  ; 6.935 ; 7.159 ; 7.609 ; 7.833  ;
; b[14]      ; output[16]  ; 7.331 ; 7.587 ; 8.005 ; 8.261  ;
; b[14]      ; output[17]  ; 6.517 ; 6.808 ; 7.191 ; 7.482  ;
; b[14]      ; output[18]  ; 7.211 ; 7.408 ; 7.885 ; 8.082  ;
; b[14]      ; output[19]  ; 7.421 ; 7.825 ; 8.095 ; 8.499  ;
; b[14]      ; output[20]  ; 7.400 ; 7.626 ; 8.074 ; 8.300  ;
; b[14]      ; output[21]  ; 7.622 ; 7.856 ; 8.296 ; 8.530  ;
; b[14]      ; output[22]  ; 6.410 ; 6.574 ; 7.084 ; 7.248  ;
; b[14]      ; output[23]  ; 7.703 ; 8.062 ; 8.377 ; 8.736  ;
; b[14]      ; output[24]  ; 6.620 ; 6.792 ; 7.294 ; 7.466  ;
; b[14]      ; output[25]  ; 7.448 ; 7.771 ; 8.122 ; 8.445  ;
; b[14]      ; output[26]  ; 7.251 ; 7.503 ; 7.925 ; 8.177  ;
; b[14]      ; output[27]  ; 7.854 ; 8.125 ; 8.528 ; 8.799  ;
; b[14]      ; output[28]  ; 8.506 ; 8.812 ; 9.180 ; 9.486  ;
; b[14]      ; output[29]  ; 7.142 ; 7.321 ; 7.816 ; 7.995  ;
; b[14]      ; output[30]  ; 7.466 ; 7.638 ; 8.140 ; 8.312  ;
; b[14]      ; output[31]  ; 7.136 ; 7.407 ; 7.810 ; 8.081  ;
; b[15]      ; output[0]   ; 7.020 ; 7.255 ; 7.698 ; 7.933  ;
; b[15]      ; output[15]  ; 5.976 ; 6.218 ; 6.654 ; 6.915  ;
; b[15]      ; output[16]  ; 7.647 ; 7.903 ; 8.325 ; 8.581  ;
; b[15]      ; output[17]  ; 6.833 ; 7.124 ; 7.511 ; 7.802  ;
; b[15]      ; output[18]  ; 7.527 ; 7.724 ; 8.205 ; 8.402  ;
; b[15]      ; output[19]  ; 7.737 ; 8.141 ; 8.415 ; 8.819  ;
; b[15]      ; output[20]  ; 7.716 ; 7.942 ; 8.394 ; 8.620  ;
; b[15]      ; output[21]  ; 7.938 ; 8.172 ; 8.616 ; 8.850  ;
; b[15]      ; output[22]  ; 6.726 ; 6.890 ; 7.404 ; 7.568  ;
; b[15]      ; output[23]  ; 8.019 ; 8.378 ; 8.697 ; 9.056  ;
; b[15]      ; output[24]  ; 6.936 ; 7.108 ; 7.614 ; 7.786  ;
; b[15]      ; output[25]  ; 7.764 ; 8.087 ; 8.442 ; 8.765  ;
; b[15]      ; output[26]  ; 7.567 ; 7.819 ; 8.245 ; 8.497  ;
; b[15]      ; output[27]  ; 8.170 ; 8.441 ; 8.848 ; 9.119  ;
; b[15]      ; output[28]  ; 8.822 ; 9.128 ; 9.500 ; 9.806  ;
; b[15]      ; output[29]  ; 7.458 ; 7.637 ; 8.136 ; 8.315  ;
; b[15]      ; output[30]  ; 7.782 ; 7.954 ; 8.460 ; 8.632  ;
; b[15]      ; output[31]  ; 7.452 ; 7.723 ; 8.130 ; 8.401  ;
; b[16]      ; output[0]   ; 6.884 ; 7.105 ; 7.547 ; 7.782  ;
; b[16]      ; output[16]  ; 6.193 ; 6.449 ; 6.866 ; 7.122  ;
; b[16]      ; output[17]  ; 6.697 ; 6.988 ; 7.360 ; 7.651  ;
; b[16]      ; output[18]  ; 7.377 ; 7.574 ; 8.054 ; 8.251  ;
; b[16]      ; output[19]  ; 7.601 ; 8.005 ; 8.264 ; 8.668  ;
; b[16]      ; output[20]  ; 7.566 ; 7.792 ; 8.243 ; 8.469  ;
; b[16]      ; output[21]  ; 7.802 ; 8.036 ; 8.465 ; 8.699  ;
; b[16]      ; output[22]  ; 6.576 ; 6.740 ; 7.253 ; 7.417  ;
; b[16]      ; output[23]  ; 7.883 ; 8.242 ; 8.546 ; 8.905  ;
; b[16]      ; output[24]  ; 6.786 ; 6.958 ; 7.463 ; 7.635  ;
; b[16]      ; output[25]  ; 7.628 ; 7.951 ; 8.291 ; 8.614  ;
; b[16]      ; output[26]  ; 7.417 ; 7.669 ; 8.094 ; 8.346  ;
; b[16]      ; output[27]  ; 8.034 ; 8.305 ; 8.697 ; 8.968  ;
; b[16]      ; output[28]  ; 8.672 ; 8.978 ; 9.349 ; 9.655  ;
; b[16]      ; output[29]  ; 7.322 ; 7.501 ; 7.985 ; 8.164  ;
; b[16]      ; output[30]  ; 7.632 ; 7.804 ; 8.309 ; 8.481  ;
; b[16]      ; output[31]  ; 7.316 ; 7.587 ; 7.979 ; 8.250  ;
; b[17]      ; output[0]   ; 6.563 ; 6.798 ; 7.202 ; 7.437  ;
; b[17]      ; output[17]  ; 5.207 ; 5.409 ; 5.922 ; 6.091  ;
; b[17]      ; output[18]  ; 7.070 ; 7.267 ; 7.709 ; 7.906  ;
; b[17]      ; output[19]  ; 7.280 ; 7.684 ; 7.919 ; 8.323  ;
; b[17]      ; output[20]  ; 7.259 ; 7.485 ; 7.898 ; 8.124  ;
; b[17]      ; output[21]  ; 7.481 ; 7.715 ; 8.120 ; 8.354  ;
; b[17]      ; output[22]  ; 6.269 ; 6.433 ; 6.908 ; 7.072  ;
; b[17]      ; output[23]  ; 7.562 ; 7.921 ; 8.201 ; 8.560  ;
; b[17]      ; output[24]  ; 6.479 ; 6.651 ; 7.118 ; 7.290  ;
; b[17]      ; output[25]  ; 7.307 ; 7.630 ; 7.946 ; 8.269  ;
; b[17]      ; output[26]  ; 7.110 ; 7.362 ; 7.749 ; 8.001  ;
; b[17]      ; output[27]  ; 7.713 ; 7.984 ; 8.352 ; 8.623  ;
; b[17]      ; output[28]  ; 8.365 ; 8.671 ; 9.004 ; 9.310  ;
; b[17]      ; output[29]  ; 7.001 ; 7.180 ; 7.640 ; 7.819  ;
; b[17]      ; output[30]  ; 7.325 ; 7.497 ; 7.964 ; 8.136  ;
; b[17]      ; output[31]  ; 6.995 ; 7.266 ; 7.634 ; 7.905  ;
; b[18]      ; output[0]   ; 7.156 ; 7.384 ; 7.885 ; 8.113  ;
; b[18]      ; output[18]  ; 5.875 ; 6.271 ; 6.804 ; 6.809  ;
; b[18]      ; output[19]  ; 7.873 ; 8.277 ; 8.602 ; 9.006  ;
; b[18]      ; output[20]  ; 7.852 ; 8.078 ; 8.581 ; 8.807  ;
; b[18]      ; output[21]  ; 8.074 ; 8.308 ; 8.803 ; 9.037  ;
; b[18]      ; output[22]  ; 6.862 ; 7.026 ; 7.591 ; 7.755  ;
; b[18]      ; output[23]  ; 8.155 ; 8.514 ; 8.884 ; 9.243  ;
; b[18]      ; output[24]  ; 7.072 ; 7.244 ; 7.801 ; 7.973  ;
; b[18]      ; output[25]  ; 7.900 ; 8.223 ; 8.629 ; 8.952  ;
; b[18]      ; output[26]  ; 7.703 ; 7.955 ; 8.432 ; 8.684  ;
; b[18]      ; output[27]  ; 8.306 ; 8.577 ; 9.035 ; 9.306  ;
; b[18]      ; output[28]  ; 8.958 ; 9.264 ; 9.687 ; 9.993  ;
; b[18]      ; output[29]  ; 7.594 ; 7.773 ; 8.323 ; 8.502  ;
; b[18]      ; output[30]  ; 7.918 ; 8.090 ; 8.647 ; 8.819  ;
; b[18]      ; output[31]  ; 7.588 ; 7.859 ; 8.317 ; 8.588  ;
; b[19]      ; output[0]   ; 6.929 ; 7.164 ; 7.603 ; 7.838  ;
; b[19]      ; output[19]  ; 5.962 ; 6.292 ; 6.712 ; 6.951  ;
; b[19]      ; output[20]  ; 7.625 ; 7.851 ; 8.299 ; 8.525  ;
; b[19]      ; output[21]  ; 7.847 ; 8.081 ; 8.521 ; 8.755  ;
; b[19]      ; output[22]  ; 6.635 ; 6.799 ; 7.309 ; 7.473  ;
; b[19]      ; output[23]  ; 7.928 ; 8.287 ; 8.602 ; 8.961  ;
; b[19]      ; output[24]  ; 6.845 ; 7.017 ; 7.519 ; 7.691  ;
; b[19]      ; output[25]  ; 7.673 ; 7.996 ; 8.347 ; 8.670  ;
; b[19]      ; output[26]  ; 7.476 ; 7.728 ; 8.150 ; 8.402  ;
; b[19]      ; output[27]  ; 8.079 ; 8.350 ; 8.753 ; 9.024  ;
; b[19]      ; output[28]  ; 8.731 ; 9.037 ; 9.405 ; 9.711  ;
; b[19]      ; output[29]  ; 7.367 ; 7.546 ; 8.041 ; 8.220  ;
; b[19]      ; output[30]  ; 7.691 ; 7.863 ; 8.365 ; 8.537  ;
; b[19]      ; output[31]  ; 7.361 ; 7.632 ; 8.035 ; 8.306  ;
; b[20]      ; output[0]   ; 6.408 ; 6.628 ; 7.036 ; 7.271  ;
; b[20]      ; output[20]  ; 5.993 ; 6.414 ; 6.838 ; 6.904  ;
; b[20]      ; output[21]  ; 7.327 ; 7.561 ; 7.954 ; 8.188  ;
; b[20]      ; output[22]  ; 6.099 ; 6.263 ; 6.742 ; 6.906  ;
; b[20]      ; output[23]  ; 7.408 ; 7.767 ; 8.035 ; 8.394  ;
; b[20]      ; output[24]  ; 6.309 ; 6.481 ; 6.952 ; 7.124  ;
; b[20]      ; output[25]  ; 7.153 ; 7.476 ; 7.780 ; 8.103  ;
; b[20]      ; output[26]  ; 6.940 ; 7.192 ; 7.583 ; 7.835  ;
; b[20]      ; output[27]  ; 7.559 ; 7.830 ; 8.186 ; 8.457  ;
; b[20]      ; output[28]  ; 8.195 ; 8.501 ; 8.838 ; 9.144  ;
; b[20]      ; output[29]  ; 6.847 ; 7.026 ; 7.474 ; 7.653  ;
; b[20]      ; output[30]  ; 7.155 ; 7.327 ; 7.798 ; 7.970  ;
; b[20]      ; output[31]  ; 6.841 ; 7.112 ; 7.468 ; 7.739  ;
; b[21]      ; output[0]   ; 6.925 ; 7.160 ; 7.600 ; 7.835  ;
; b[21]      ; output[21]  ; 6.172 ; 6.454 ; 6.904 ; 7.143  ;
; b[21]      ; output[22]  ; 6.631 ; 6.795 ; 7.306 ; 7.470  ;
; b[21]      ; output[23]  ; 7.924 ; 8.283 ; 8.599 ; 8.958  ;
; b[21]      ; output[24]  ; 6.841 ; 7.013 ; 7.516 ; 7.688  ;
; b[21]      ; output[25]  ; 7.669 ; 7.992 ; 8.344 ; 8.667  ;
; b[21]      ; output[26]  ; 7.472 ; 7.724 ; 8.147 ; 8.399  ;
; b[21]      ; output[27]  ; 8.075 ; 8.346 ; 8.750 ; 9.021  ;
; b[21]      ; output[28]  ; 8.727 ; 9.033 ; 9.402 ; 9.708  ;
; b[21]      ; output[29]  ; 7.363 ; 7.542 ; 8.038 ; 8.217  ;
; b[21]      ; output[30]  ; 7.687 ; 7.859 ; 8.362 ; 8.534  ;
; b[21]      ; output[31]  ; 7.357 ; 7.628 ; 8.032 ; 8.303  ;
; b[22]      ; output[0]   ; 6.479 ; 6.714 ; 7.115 ; 7.350  ;
; b[22]      ; output[22]  ; 4.939 ; 5.159 ; 5.633 ; 5.777  ;
; b[22]      ; output[23]  ; 7.478 ; 7.837 ; 8.114 ; 8.473  ;
; b[22]      ; output[24]  ; 6.395 ; 6.567 ; 7.031 ; 7.203  ;
; b[22]      ; output[25]  ; 7.223 ; 7.546 ; 7.859 ; 8.182  ;
; b[22]      ; output[26]  ; 7.026 ; 7.278 ; 7.662 ; 7.914  ;
; b[22]      ; output[27]  ; 7.629 ; 7.900 ; 8.265 ; 8.536  ;
; b[22]      ; output[28]  ; 8.281 ; 8.587 ; 8.917 ; 9.223  ;
; b[22]      ; output[29]  ; 6.917 ; 7.096 ; 7.553 ; 7.732  ;
; b[22]      ; output[30]  ; 7.241 ; 7.413 ; 7.877 ; 8.049  ;
; b[22]      ; output[31]  ; 6.911 ; 7.182 ; 7.547 ; 7.818  ;
; b[23]      ; output[0]   ; 6.685 ; 6.920 ; 7.376 ; 7.611  ;
; b[23]      ; output[23]  ; 6.076 ; 6.333 ; 6.758 ; 6.996  ;
; b[23]      ; output[24]  ; 6.601 ; 6.773 ; 7.292 ; 7.464  ;
; b[23]      ; output[25]  ; 7.429 ; 7.752 ; 8.120 ; 8.443  ;
; b[23]      ; output[26]  ; 7.232 ; 7.484 ; 7.923 ; 8.175  ;
; b[23]      ; output[27]  ; 7.835 ; 8.106 ; 8.526 ; 8.797  ;
; b[23]      ; output[28]  ; 8.487 ; 8.793 ; 9.178 ; 9.484  ;
; b[23]      ; output[29]  ; 7.123 ; 7.302 ; 7.814 ; 7.993  ;
; b[23]      ; output[30]  ; 7.447 ; 7.619 ; 8.138 ; 8.310  ;
; b[23]      ; output[31]  ; 7.117 ; 7.388 ; 7.808 ; 8.079  ;
; b[24]      ; output[0]   ; 6.581 ; 6.808 ; 7.261 ; 7.488  ;
; b[24]      ; output[24]  ; 5.258 ; 5.736 ; 6.259 ; 6.132  ;
; b[24]      ; output[25]  ; 7.462 ; 7.785 ; 8.142 ; 8.465  ;
; b[24]      ; output[26]  ; 7.265 ; 7.517 ; 7.945 ; 8.197  ;
; b[24]      ; output[27]  ; 7.868 ; 8.139 ; 8.548 ; 8.819  ;
; b[24]      ; output[28]  ; 8.520 ; 8.826 ; 9.200 ; 9.506  ;
; b[24]      ; output[29]  ; 7.156 ; 7.335 ; 7.836 ; 8.015  ;
; b[24]      ; output[30]  ; 7.480 ; 7.652 ; 8.160 ; 8.332  ;
; b[24]      ; output[31]  ; 7.150 ; 7.421 ; 7.830 ; 8.101  ;
; b[25]      ; output[0]   ; 6.595 ; 6.805 ; 7.269 ; 7.479  ;
; b[25]      ; output[25]  ; 5.536 ; 5.740 ; 6.231 ; 6.428  ;
; b[25]      ; output[26]  ; 7.107 ; 7.359 ; 7.781 ; 8.033  ;
; b[25]      ; output[27]  ; 7.710 ; 7.981 ; 8.384 ; 8.655  ;
; b[25]      ; output[28]  ; 8.362 ; 8.668 ; 9.036 ; 9.342  ;
; b[25]      ; output[29]  ; 6.998 ; 7.177 ; 7.672 ; 7.851  ;
; b[25]      ; output[30]  ; 7.322 ; 7.494 ; 7.996 ; 8.168  ;
; b[25]      ; output[31]  ; 6.992 ; 7.263 ; 7.666 ; 7.937  ;
; b[26]      ; output[0]   ; 6.751 ; 6.968 ; 7.397 ; 7.614  ;
; b[26]      ; output[26]  ; 5.745 ; 6.346 ; 6.758 ; 6.624  ;
; b[26]      ; output[27]  ; 7.967 ; 8.238 ; 8.613 ; 8.884  ;
; b[26]      ; output[28]  ; 8.619 ; 8.925 ; 9.265 ; 9.571  ;
; b[26]      ; output[29]  ; 7.255 ; 7.434 ; 7.901 ; 8.080  ;
; b[26]      ; output[30]  ; 7.579 ; 7.751 ; 8.225 ; 8.397  ;
; b[26]      ; output[31]  ; 7.249 ; 7.520 ; 7.895 ; 8.166  ;
; b[27]      ; output[0]   ; 6.561 ; 6.773 ; 7.241 ; 7.453  ;
; b[27]      ; output[27]  ; 6.344 ; 6.626 ; 7.026 ; 7.327  ;
; b[27]      ; output[28]  ; 8.426 ; 8.732 ; 9.106 ; 9.412  ;
; b[27]      ; output[29]  ; 7.062 ; 7.241 ; 7.742 ; 7.921  ;
; b[27]      ; output[30]  ; 7.386 ; 7.558 ; 8.066 ; 8.238  ;
; b[27]      ; output[31]  ; 7.056 ; 7.327 ; 7.736 ; 8.007  ;
; b[28]      ; output[0]   ; 6.781 ; 6.989 ; 7.471 ; 7.679  ;
; b[28]      ; output[28]  ; 6.168 ; 6.560 ; 6.957 ; 7.121  ;
; b[28]      ; output[29]  ; 7.126 ; 7.305 ; 7.816 ; 7.995  ;
; b[28]      ; output[30]  ; 7.450 ; 7.622 ; 8.140 ; 8.312  ;
; b[28]      ; output[31]  ; 7.120 ; 7.391 ; 7.810 ; 8.081  ;
; b[29]      ; output[0]   ; 6.383 ; 6.585 ; 7.052 ; 7.261  ;
; b[29]      ; output[29]  ; 5.413 ; 5.673 ; 6.191 ; 6.293  ;
; b[29]      ; output[30]  ; 7.045 ; 7.217 ; 7.721 ; 7.893  ;
; b[29]      ; output[31]  ; 6.722 ; 6.993 ; 7.391 ; 7.662  ;
; b[30]      ; output[0]   ; 6.572 ; 6.773 ; 7.283 ; 7.484  ;
; b[30]      ; output[30]  ; 5.999 ; 6.198 ; 6.711 ; 6.929  ;
; b[30]      ; output[31]  ; 7.048 ; 7.319 ; 7.759 ; 8.030  ;
; b[31]      ; output[0]   ; 6.600 ; 6.098 ; 6.553 ; 7.527  ;
; b[31]      ; output[31]  ; 5.875 ; 6.120 ; 6.574 ; 6.776  ;
; op[0]      ; output[0]   ; 5.409 ; 5.496 ; 6.080 ; 6.167  ;
; op[0]      ; output[1]   ; 6.399 ; 6.667 ; 7.070 ; 7.338  ;
; op[0]      ; output[2]   ; 5.358 ; 5.500 ; 6.029 ; 6.171  ;
; op[0]      ; output[3]   ; 7.051 ; 7.343 ; 7.722 ; 8.007  ;
; op[0]      ; output[4]   ; 5.990 ; 6.194 ; 6.604 ; 6.811  ;
; op[0]      ; output[5]   ; 6.728 ; 6.953 ; 7.420 ; 7.707  ;
; op[0]      ; output[6]   ; 6.543 ; 6.710 ; 7.214 ; 7.381  ;
; op[0]      ; output[7]   ; 5.678 ; 5.813 ; 6.432 ; 6.619  ;
; op[0]      ; output[8]   ; 7.495 ; 7.812 ; 8.166 ; 8.483  ;
; op[0]      ; output[9]   ; 6.031 ; 6.212 ; 6.764 ; 6.964  ;
; op[0]      ; output[10]  ; 6.634 ; 6.797 ; 7.248 ; 7.411  ;
; op[0]      ; output[11]  ; 6.505 ; 6.840 ; 7.176 ; 7.504  ;
; op[0]      ; output[12]  ; 6.232 ; 6.422 ; 6.847 ; 7.044  ;
; op[0]      ; output[13]  ; 5.918 ; 6.154 ; 6.589 ; 6.825  ;
; op[0]      ; output[14]  ; 5.724 ; 5.891 ; 6.338 ; 6.479  ;
; op[0]      ; output[15]  ; 6.121 ; 6.368 ; 6.792 ; 7.039  ;
; op[0]      ; output[16]  ; 6.768 ; 7.025 ; 7.366 ; 7.618  ;
; op[0]      ; output[17]  ; 5.794 ; 5.945 ; 6.372 ; 6.524  ;
; op[0]      ; output[18]  ; 6.194 ; 6.403 ; 6.833 ; 7.020  ;
; op[0]      ; output[19]  ; 6.096 ; 6.367 ; 6.767 ; 7.038  ;
; op[0]      ; output[20]  ; 6.701 ; 6.857 ; 7.341 ; 7.528  ;
; op[0]      ; output[21]  ; 6.622 ; 6.906 ; 7.293 ; 7.577  ;
; op[0]      ; output[22]  ; 5.603 ; 5.842 ; 6.274 ; 6.514  ;
; op[0]      ; output[23]  ; 6.283 ; 6.518 ; 6.926 ; 7.168  ;
; op[0]      ; output[24]  ; 5.707 ; 5.883 ; 6.378 ; 6.554  ;
; op[0]      ; output[25]  ; 5.820 ; 5.991 ; 6.491 ; 6.662  ;
; op[0]      ; output[26]  ; 6.335 ; 6.646 ; 7.006 ; 7.310  ;
; op[0]      ; output[27]  ; 6.577 ; 6.864 ; 7.248 ; 7.535  ;
; op[0]      ; output[28]  ; 6.739 ; 6.997 ; 7.468 ; 7.745  ;
; op[0]      ; output[29]  ; 6.005 ; 6.186 ; 6.676 ; 6.857  ;
; op[0]      ; output[30]  ; 6.171 ; 6.342 ; 6.950 ; 7.084  ;
; op[0]      ; output[31]  ; 5.787 ; 6.005 ; 6.458 ; 6.669  ;
; op[1]      ; output[0]   ; 4.577 ; 4.690 ; 4.771 ; 4.884  ;
; op[1]      ; output[1]   ; 5.666 ; 5.916 ; 5.860 ; 6.110  ;
; op[1]      ; output[2]   ; 4.373 ; 4.502 ; 4.567 ; 4.696  ;
; op[1]      ; output[3]   ; 6.357 ; 6.588 ; 6.551 ; 6.782  ;
; op[1]      ; output[4]   ; 4.846 ; 5.053 ; 5.040 ; 5.247  ;
; op[1]      ; output[5]   ; 5.643 ; 5.868 ; 5.837 ; 6.062  ;
; op[1]      ; output[6]   ; 5.540 ; 5.707 ; 5.734 ; 5.901  ;
; op[1]      ; output[7]   ; 4.593 ; 4.728 ; 4.787 ; 4.922  ;
; op[1]      ; output[8]   ; 6.496 ; 6.770 ; 6.690 ; 6.964  ;
; op[1]      ; output[9]   ; 4.946 ; 5.127 ; 5.140 ; 5.321  ;
; op[1]      ; output[10]  ; 5.490 ; 5.653 ; 5.684 ; 5.847  ;
; op[1]      ; output[11]  ; 5.605 ; 5.868 ; 5.799 ; 6.062  ;
; op[1]      ; output[12]  ; 5.089 ; 5.286 ; 5.283 ; 5.480  ;
; op[1]      ; output[13]  ; 4.960 ; 5.205 ; 5.154 ; 5.399  ;
; op[1]      ; output[14]  ; 4.580 ; 4.721 ; 4.774 ; 4.915  ;
; op[1]      ; output[15]  ; 5.293 ; 5.503 ; 5.487 ; 5.697  ;
; op[1]      ; output[16]  ; 5.608 ; 5.860 ; 5.802 ; 6.054  ;
; op[1]      ; output[17]  ; 4.614 ; 4.766 ; 4.808 ; 4.960  ;
; op[1]      ; output[18]  ; 5.075 ; 5.262 ; 5.269 ; 5.456  ;
; op[1]      ; output[19]  ; 5.416 ; 5.681 ; 5.610 ; 5.875  ;
; op[1]      ; output[20]  ; 5.583 ; 5.798 ; 5.777 ; 5.992  ;
; op[1]      ; output[21]  ; 5.614 ; 5.834 ; 5.808 ; 6.028  ;
; op[1]      ; output[22]  ; 4.593 ; 4.757 ; 4.787 ; 4.951  ;
; op[1]      ; output[23]  ; 5.168 ; 5.410 ; 5.362 ; 5.604  ;
; op[1]      ; output[24]  ; 4.679 ; 4.842 ; 4.873 ; 5.036  ;
; op[1]      ; output[25]  ; 5.149 ; 5.320 ; 5.350 ; 5.521  ;
; op[1]      ; output[26]  ; 5.366 ; 5.612 ; 5.560 ; 5.806  ;
; op[1]      ; output[27]  ; 5.723 ; 6.004 ; 5.917 ; 6.198  ;
; op[1]      ; output[28]  ; 5.654 ; 5.912 ; 5.848 ; 6.106  ;
; op[1]      ; output[29]  ; 4.995 ; 5.173 ; 5.189 ; 5.367  ;
; op[1]      ; output[30]  ; 5.086 ; 5.257 ; 5.280 ; 5.451  ;
; op[1]      ; output[31]  ; 5.016 ; 5.177 ; 5.210 ; 5.371  ;
; op[2]      ; output[0]   ; 5.478 ; 5.698 ; 6.119 ; 6.206  ;
; op[2]      ; output[1]   ; 6.501 ; 6.762 ; 7.109 ; 7.377  ;
; op[2]      ; output[2]   ; 5.483 ; 5.618 ; 6.068 ; 6.210  ;
; op[2]      ; output[3]   ; 7.250 ; 7.383 ; 7.761 ; 8.127  ;
; op[2]      ; output[4]   ; 6.024 ; 6.224 ; 6.654 ; 6.861  ;
; op[2]      ; output[5]   ; 6.714 ; 6.939 ; 7.441 ; 7.666  ;
; op[2]      ; output[6]   ; 6.675 ; 6.842 ; 7.253 ; 7.420  ;
; op[2]      ; output[7]   ; 5.664 ; 5.799 ; 6.391 ; 6.526  ;
; op[2]      ; output[8]   ; 7.565 ; 7.901 ; 8.205 ; 8.522  ;
; op[2]      ; output[9]   ; 6.017 ; 6.198 ; 6.744 ; 6.925  ;
; op[2]      ; output[10]  ; 6.664 ; 6.827 ; 7.298 ; 7.461  ;
; op[2]      ; output[11]  ; 6.676 ; 6.880 ; 7.215 ; 7.552  ;
; op[2]      ; output[12]  ; 6.262 ; 6.452 ; 6.897 ; 7.094  ;
; op[2]      ; output[13]  ; 6.031 ; 6.276 ; 6.628 ; 6.864  ;
; op[2]      ; output[14]  ; 5.754 ; 5.921 ; 6.388 ; 6.529  ;
; op[2]      ; output[15]  ; 6.196 ; 6.436 ; 6.831 ; 7.078  ;
; op[2]      ; output[16]  ; 6.798 ; 7.069 ; 7.416 ; 7.668  ;
; op[2]      ; output[17]  ; 5.830 ; 5.975 ; 6.422 ; 6.574  ;
; op[2]      ; output[18]  ; 6.253 ; 6.433 ; 6.883 ; 7.070  ;
; op[2]      ; output[19]  ; 6.171 ; 6.462 ; 6.806 ; 7.077  ;
; op[2]      ; output[20]  ; 6.741 ; 6.978 ; 7.391 ; 7.567  ;
; op[2]      ; output[21]  ; 6.685 ; 6.905 ; 7.332 ; 7.616  ;
; op[2]      ; output[22]  ; 5.664 ; 5.828 ; 6.313 ; 6.553  ;
; op[2]      ; output[23]  ; 6.313 ; 6.548 ; 6.976 ; 7.218  ;
; op[2]      ; output[24]  ; 5.808 ; 6.003 ; 6.417 ; 6.593  ;
; op[2]      ; output[25]  ; 5.897 ; 6.088 ; 6.530 ; 6.701  ;
; op[2]      ; output[26]  ; 6.437 ; 6.683 ; 7.045 ; 7.410  ;
; op[2]      ; output[27]  ; 6.677 ; 6.957 ; 7.287 ; 7.574  ;
; op[2]      ; output[28]  ; 6.725 ; 6.983 ; 7.450 ; 7.710  ;
; op[2]      ; output[29]  ; 6.066 ; 6.244 ; 6.715 ; 6.896  ;
; op[2]      ; output[30]  ; 6.157 ; 6.328 ; 6.884 ; 7.055  ;
; op[2]      ; output[31]  ; 5.958 ; 6.045 ; 6.497 ; 6.813  ;
; op[3]      ; output[0]   ; 5.428 ; 5.648 ; 6.071 ; 6.158  ;
; op[3]      ; output[1]   ; 6.451 ; 6.712 ; 7.061 ; 7.329  ;
; op[3]      ; output[2]   ; 5.337 ; 5.466 ; 5.997 ; 6.126  ;
; op[3]      ; output[3]   ; 7.200 ; 7.333 ; 7.713 ; 8.079  ;
; op[3]      ; output[4]   ; 5.810 ; 6.017 ; 6.470 ; 6.677  ;
; op[3]      ; output[5]   ; 6.598 ; 6.823 ; 7.288 ; 7.513  ;
; op[3]      ; output[6]   ; 6.504 ; 6.671 ; 7.164 ; 7.331  ;
; op[3]      ; output[7]   ; 5.548 ; 5.683 ; 6.238 ; 6.373  ;
; op[3]      ; output[8]   ; 7.460 ; 7.734 ; 8.120 ; 8.394  ;
; op[3]      ; output[9]   ; 5.901 ; 6.082 ; 6.591 ; 6.772  ;
; op[3]      ; output[10]  ; 6.454 ; 6.617 ; 7.114 ; 7.277  ;
; op[3]      ; output[11]  ; 6.560 ; 6.823 ; 7.167 ; 7.504  ;
; op[3]      ; output[12]  ; 6.053 ; 6.250 ; 6.713 ; 6.910  ;
; op[3]      ; output[13]  ; 5.915 ; 6.160 ; 6.580 ; 6.816  ;
; op[3]      ; output[14]  ; 5.544 ; 5.685 ; 6.204 ; 6.345  ;
; op[3]      ; output[15]  ; 6.146 ; 6.386 ; 6.783 ; 7.030  ;
; op[3]      ; output[16]  ; 6.572 ; 6.824 ; 7.232 ; 7.484  ;
; op[3]      ; output[17]  ; 5.578 ; 5.730 ; 6.238 ; 6.390  ;
; op[3]      ; output[18]  ; 6.039 ; 6.226 ; 6.699 ; 6.886  ;
; op[3]      ; output[19]  ; 6.121 ; 6.412 ; 6.758 ; 7.029  ;
; op[3]      ; output[20]  ; 6.547 ; 6.762 ; 7.207 ; 7.422  ;
; op[3]      ; output[21]  ; 6.569 ; 6.789 ; 7.259 ; 7.479  ;
; op[3]      ; output[22]  ; 5.548 ; 5.712 ; 6.238 ; 6.402  ;
; op[3]      ; output[23]  ; 6.132 ; 6.374 ; 6.792 ; 7.034  ;
; op[3]      ; output[24]  ; 5.643 ; 5.806 ; 6.303 ; 6.466  ;
; op[3]      ; output[25]  ; 5.847 ; 6.038 ; 6.482 ; 6.653  ;
; op[3]      ; output[26]  ; 6.321 ; 6.567 ; 6.997 ; 7.257  ;
; op[3]      ; output[27]  ; 6.627 ; 6.907 ; 7.239 ; 7.526  ;
; op[3]      ; output[28]  ; 6.609 ; 6.867 ; 7.299 ; 7.557  ;
; op[3]      ; output[29]  ; 5.950 ; 6.128 ; 6.640 ; 6.818  ;
; op[3]      ; output[30]  ; 6.041 ; 6.212 ; 6.731 ; 6.902  ;
; op[3]      ; output[31]  ; 5.908 ; 5.995 ; 6.449 ; 6.765  ;
+------------+-------------+-------+-------+-------+--------+


+------------------------------------------------------------------------------------------------------------------------------------------------------------------------------------------------------------------------------------------------------------------------------------------------------------------------------------------------------------------+
; Board Trace Model Assignments                                                                                                                                                                                                                                                                                                                                    ;
+---------------+--------------+-------------------+-------------------------+-------------------------+---------------+---------------------+----------------+------------------+--------+------------------+------------------------+------------------------+--------------+---------------+-----------------+-------+---------------------+--------------------+
; Pin           ; I/O Standard ; Near Tline Length ; Near Tline L per Length ; Near Tline C per Length ; Near Series R ; Near Differential R ; Near Pull-up R ; Near Pull-down R ; Near C ; Far Tline Length ; Far Tline L per Length ; Far Tline C per Length ; Far Series R ; Far Pull-up R ; Far Pull-down R ; Far C ; Termination Voltage ; Far Differential R ;
+---------------+--------------+-------------------+-------------------------+-------------------------+---------------+---------------------+----------------+------------------+--------+------------------+------------------------+------------------------+--------------+---------------+-----------------+-------+---------------------+--------------------+
; output[31]    ; 2.5 V        ; 0 in              ; 0 H/in                  ; 0 F/in                  ; short         ; -                   ; open           ; open             ; open   ; 0 in             ; 0 H/in                 ; 0 F/in                 ; short        ; open          ; open            ; open  ; 0 V                 ; -                  ;
; output[30]    ; 2.5 V        ; 0 in              ; 0 H/in                  ; 0 F/in                  ; short         ; -                   ; open           ; open             ; open   ; 0 in             ; 0 H/in                 ; 0 F/in                 ; short        ; open          ; open            ; open  ; 0 V                 ; -                  ;
; output[29]    ; 2.5 V        ; 0 in              ; 0 H/in                  ; 0 F/in                  ; short         ; -                   ; open           ; open             ; open   ; 0 in             ; 0 H/in                 ; 0 F/in                 ; short        ; open          ; open            ; open  ; 0 V                 ; -                  ;
; output[28]    ; 2.5 V        ; 0 in              ; 0 H/in                  ; 0 F/in                  ; short         ; -                   ; open           ; open             ; open   ; 0 in             ; 0 H/in                 ; 0 F/in                 ; short        ; open          ; open            ; open  ; 0 V                 ; -                  ;
; output[27]    ; 2.5 V        ; 0 in              ; 0 H/in                  ; 0 F/in                  ; short         ; -                   ; open           ; open             ; open   ; 0 in             ; 0 H/in                 ; 0 F/in                 ; short        ; open          ; open            ; open  ; 0 V                 ; -                  ;
; output[26]    ; 2.5 V        ; 0 in              ; 0 H/in                  ; 0 F/in                  ; short         ; -                   ; open           ; open             ; open   ; 0 in             ; 0 H/in                 ; 0 F/in                 ; short        ; open          ; open            ; open  ; 0 V                 ; -                  ;
; output[25]    ; 2.5 V        ; 0 in              ; 0 H/in                  ; 0 F/in                  ; short         ; -                   ; open           ; open             ; open   ; 0 in             ; 0 H/in                 ; 0 F/in                 ; short        ; open          ; open            ; open  ; 0 V                 ; -                  ;
; output[24]    ; 2.5 V        ; 0 in              ; 0 H/in                  ; 0 F/in                  ; short         ; -                   ; open           ; open             ; open   ; 0 in             ; 0 H/in                 ; 0 F/in                 ; short        ; open          ; open            ; open  ; 0 V                 ; -                  ;
; output[23]    ; 2.5 V        ; 0 in              ; 0 H/in                  ; 0 F/in                  ; short         ; -                   ; open           ; open             ; open   ; 0 in             ; 0 H/in                 ; 0 F/in                 ; short        ; open          ; open            ; open  ; 0 V                 ; -                  ;
; output[22]    ; 2.5 V        ; 0 in              ; 0 H/in                  ; 0 F/in                  ; short         ; -                   ; open           ; open             ; open   ; 0 in             ; 0 H/in                 ; 0 F/in                 ; short        ; open          ; open            ; open  ; 0 V                 ; -                  ;
; output[21]    ; 2.5 V        ; 0 in              ; 0 H/in                  ; 0 F/in                  ; short         ; -                   ; open           ; open             ; open   ; 0 in             ; 0 H/in                 ; 0 F/in                 ; short        ; open          ; open            ; open  ; 0 V                 ; -                  ;
; output[20]    ; 2.5 V        ; 0 in              ; 0 H/in                  ; 0 F/in                  ; short         ; -                   ; open           ; open             ; open   ; 0 in             ; 0 H/in                 ; 0 F/in                 ; short        ; open          ; open            ; open  ; 0 V                 ; -                  ;
; output[19]    ; 2.5 V        ; 0 in              ; 0 H/in                  ; 0 F/in                  ; short         ; -                   ; open           ; open             ; open   ; 0 in             ; 0 H/in                 ; 0 F/in                 ; short        ; open          ; open            ; open  ; 0 V                 ; -                  ;
; output[18]    ; 2.5 V        ; 0 in              ; 0 H/in                  ; 0 F/in                  ; short         ; -                   ; open           ; open             ; open   ; 0 in             ; 0 H/in                 ; 0 F/in                 ; short        ; open          ; open            ; open  ; 0 V                 ; -                  ;
; output[17]    ; 2.5 V        ; 0 in              ; 0 H/in                  ; 0 F/in                  ; short         ; -                   ; open           ; open             ; open   ; 0 in             ; 0 H/in                 ; 0 F/in                 ; short        ; open          ; open            ; open  ; 0 V                 ; -                  ;
; output[16]    ; 2.5 V        ; 0 in              ; 0 H/in                  ; 0 F/in                  ; short         ; -                   ; open           ; open             ; open   ; 0 in             ; 0 H/in                 ; 0 F/in                 ; short        ; open          ; open            ; open  ; 0 V                 ; -                  ;
; output[15]    ; 2.5 V        ; 0 in              ; 0 H/in                  ; 0 F/in                  ; short         ; -                   ; open           ; open             ; open   ; 0 in             ; 0 H/in                 ; 0 F/in                 ; short        ; open          ; open            ; open  ; 0 V                 ; -                  ;
; output[14]    ; 2.5 V        ; 0 in              ; 0 H/in                  ; 0 F/in                  ; short         ; -                   ; open           ; open             ; open   ; 0 in             ; 0 H/in                 ; 0 F/in                 ; short        ; open          ; open            ; open  ; 0 V                 ; -                  ;
; output[13]    ; 2.5 V        ; 0 in              ; 0 H/in                  ; 0 F/in                  ; short         ; -                   ; open           ; open             ; open   ; 0 in             ; 0 H/in                 ; 0 F/in                 ; short        ; open          ; open            ; open  ; 0 V                 ; -                  ;
; output[12]    ; 2.5 V        ; 0 in              ; 0 H/in                  ; 0 F/in                  ; short         ; -                   ; open           ; open             ; open   ; 0 in             ; 0 H/in                 ; 0 F/in                 ; short        ; open          ; open            ; open  ; 0 V                 ; -                  ;
; output[11]    ; 2.5 V        ; 0 in              ; 0 H/in                  ; 0 F/in                  ; short         ; -                   ; open           ; open             ; open   ; 0 in             ; 0 H/in                 ; 0 F/in                 ; short        ; open          ; open            ; open  ; 0 V                 ; -                  ;
; output[10]    ; 2.5 V        ; 0 in              ; 0 H/in                  ; 0 F/in                  ; short         ; -                   ; open           ; open             ; open   ; 0 in             ; 0 H/in                 ; 0 F/in                 ; short        ; open          ; open            ; open  ; 0 V                 ; -                  ;
; output[9]     ; 2.5 V        ; 0 in              ; 0 H/in                  ; 0 F/in                  ; short         ; -                   ; open           ; open             ; open   ; 0 in             ; 0 H/in                 ; 0 F/in                 ; short        ; open          ; open            ; open  ; 0 V                 ; -                  ;
; output[8]     ; 2.5 V        ; 0 in              ; 0 H/in                  ; 0 F/in                  ; short         ; -                   ; open           ; open             ; open   ; 0 in             ; 0 H/in                 ; 0 F/in                 ; short        ; open          ; open            ; open  ; 0 V                 ; -                  ;
; output[7]     ; 2.5 V        ; 0 in              ; 0 H/in                  ; 0 F/in                  ; short         ; -                   ; open           ; open             ; open   ; 0 in             ; 0 H/in                 ; 0 F/in                 ; short        ; open          ; open            ; open  ; 0 V                 ; -                  ;
; output[6]     ; 2.5 V        ; 0 in              ; 0 H/in                  ; 0 F/in                  ; short         ; -                   ; open           ; open             ; open   ; 0 in             ; 0 H/in                 ; 0 F/in                 ; short        ; open          ; open            ; open  ; 0 V                 ; -                  ;
; output[5]     ; 2.5 V        ; 0 in              ; 0 H/in                  ; 0 F/in                  ; short         ; -                   ; open           ; open             ; open   ; 0 in             ; 0 H/in                 ; 0 F/in                 ; short        ; open          ; open            ; open  ; 0 V                 ; -                  ;
; output[4]     ; 2.5 V        ; 0 in              ; 0 H/in                  ; 0 F/in                  ; short         ; -                   ; open           ; open             ; open   ; 0 in             ; 0 H/in                 ; 0 F/in                 ; short        ; open          ; open            ; open  ; 0 V                 ; -                  ;
; output[3]     ; 2.5 V        ; 0 in              ; 0 H/in                  ; 0 F/in                  ; short         ; -                   ; open           ; open             ; open   ; 0 in             ; 0 H/in                 ; 0 F/in                 ; short        ; open          ; open            ; open  ; 0 V                 ; -                  ;
; output[2]     ; 2.5 V        ; 0 in              ; 0 H/in                  ; 0 F/in                  ; short         ; -                   ; open           ; open             ; open   ; 0 in             ; 0 H/in                 ; 0 F/in                 ; short        ; open          ; open            ; open  ; 0 V                 ; -                  ;
; output[1]     ; 2.5 V        ; 0 in              ; 0 H/in                  ; 0 F/in                  ; short         ; -                   ; open           ; open             ; open   ; 0 in             ; 0 H/in                 ; 0 F/in                 ; short        ; open          ; open            ; open  ; 0 V                 ; -                  ;
; output[0]     ; 2.5 V        ; 0 in              ; 0 H/in                  ; 0 F/in                  ; short         ; -                   ; open           ; open             ; open   ; 0 in             ; 0 H/in                 ; 0 F/in                 ; short        ; open          ; open            ; open  ; 0 V                 ; -                  ;
; ~ALTERA_DCLK~ ; 2.5 V        ; 0 in              ; 0 H/in                  ; 0 F/in                  ; short         ; -                   ; open           ; open             ; open   ; 0 in             ; 0 H/in                 ; 0 F/in                 ; short        ; open          ; open            ; open  ; 0 V                 ; -                  ;
; ~ALTERA_nCEO~ ; 2.5 V        ; 0 in              ; 0 H/in                  ; 0 F/in                  ; short         ; -                   ; open           ; open             ; open   ; 0 in             ; 0 H/in                 ; 0 F/in                 ; short        ; open          ; open            ; open  ; 0 V                 ; -                  ;
+---------------+--------------+-------------------+-------------------------+-------------------------+---------------+---------------------+----------------+------------------+--------+------------------+------------------------+------------------------+--------------+---------------+-----------------+-------+---------------------+--------------------+


+----------------------------------------------------------------------------+
; Input Transition Times                                                     ;
+-------------------------+--------------+-----------------+-----------------+
; Pin                     ; I/O Standard ; 10-90 Rise Time ; 90-10 Fall Time ;
+-------------------------+--------------+-----------------+-----------------+
; a[31]                   ; 2.5 V        ; 2000 ps         ; 2000 ps         ;
; op[1]                   ; 2.5 V        ; 2000 ps         ; 2000 ps         ;
; op[0]                   ; 2.5 V        ; 2000 ps         ; 2000 ps         ;
; op[2]                   ; 2.5 V        ; 2000 ps         ; 2000 ps         ;
; op[3]                   ; 2.5 V        ; 2000 ps         ; 2000 ps         ;
; b[31]                   ; 2.5 V        ; 2000 ps         ; 2000 ps         ;
; a[16]                   ; 2.5 V        ; 2000 ps         ; 2000 ps         ;
; a[17]                   ; 2.5 V        ; 2000 ps         ; 2000 ps         ;
; b[0]                    ; 2.5 V        ; 2000 ps         ; 2000 ps         ;
; a[18]                   ; 2.5 V        ; 2000 ps         ; 2000 ps         ;
; a[19]                   ; 2.5 V        ; 2000 ps         ; 2000 ps         ;
; b[1]                    ; 2.5 V        ; 2000 ps         ; 2000 ps         ;
; a[20]                   ; 2.5 V        ; 2000 ps         ; 2000 ps         ;
; a[21]                   ; 2.5 V        ; 2000 ps         ; 2000 ps         ;
; a[22]                   ; 2.5 V        ; 2000 ps         ; 2000 ps         ;
; a[23]                   ; 2.5 V        ; 2000 ps         ; 2000 ps         ;
; b[2]                    ; 2.5 V        ; 2000 ps         ; 2000 ps         ;
; a[30]                   ; 2.5 V        ; 2000 ps         ; 2000 ps         ;
; a[28]                   ; 2.5 V        ; 2000 ps         ; 2000 ps         ;
; a[29]                   ; 2.5 V        ; 2000 ps         ; 2000 ps         ;
; a[24]                   ; 2.5 V        ; 2000 ps         ; 2000 ps         ;
; a[25]                   ; 2.5 V        ; 2000 ps         ; 2000 ps         ;
; a[26]                   ; 2.5 V        ; 2000 ps         ; 2000 ps         ;
; a[27]                   ; 2.5 V        ; 2000 ps         ; 2000 ps         ;
; b[3]                    ; 2.5 V        ; 2000 ps         ; 2000 ps         ;
; b[4]                    ; 2.5 V        ; 2000 ps         ; 2000 ps         ;
; a[0]                    ; 2.5 V        ; 2000 ps         ; 2000 ps         ;
; a[1]                    ; 2.5 V        ; 2000 ps         ; 2000 ps         ;
; a[2]                    ; 2.5 V        ; 2000 ps         ; 2000 ps         ;
; a[3]                    ; 2.5 V        ; 2000 ps         ; 2000 ps         ;
; a[4]                    ; 2.5 V        ; 2000 ps         ; 2000 ps         ;
; a[5]                    ; 2.5 V        ; 2000 ps         ; 2000 ps         ;
; a[6]                    ; 2.5 V        ; 2000 ps         ; 2000 ps         ;
; a[7]                    ; 2.5 V        ; 2000 ps         ; 2000 ps         ;
; a[8]                    ; 2.5 V        ; 2000 ps         ; 2000 ps         ;
; a[9]                    ; 2.5 V        ; 2000 ps         ; 2000 ps         ;
; a[10]                   ; 2.5 V        ; 2000 ps         ; 2000 ps         ;
; a[11]                   ; 2.5 V        ; 2000 ps         ; 2000 ps         ;
; a[12]                   ; 2.5 V        ; 2000 ps         ; 2000 ps         ;
; a[13]                   ; 2.5 V        ; 2000 ps         ; 2000 ps         ;
; a[14]                   ; 2.5 V        ; 2000 ps         ; 2000 ps         ;
; a[15]                   ; 2.5 V        ; 2000 ps         ; 2000 ps         ;
; b[30]                   ; 2.5 V        ; 2000 ps         ; 2000 ps         ;
; b[29]                   ; 2.5 V        ; 2000 ps         ; 2000 ps         ;
; b[28]                   ; 2.5 V        ; 2000 ps         ; 2000 ps         ;
; b[27]                   ; 2.5 V        ; 2000 ps         ; 2000 ps         ;
; b[26]                   ; 2.5 V        ; 2000 ps         ; 2000 ps         ;
; b[25]                   ; 2.5 V        ; 2000 ps         ; 2000 ps         ;
; b[24]                   ; 2.5 V        ; 2000 ps         ; 2000 ps         ;
; b[23]                   ; 2.5 V        ; 2000 ps         ; 2000 ps         ;
; b[22]                   ; 2.5 V        ; 2000 ps         ; 2000 ps         ;
; b[21]                   ; 2.5 V        ; 2000 ps         ; 2000 ps         ;
; b[20]                   ; 2.5 V        ; 2000 ps         ; 2000 ps         ;
; b[19]                   ; 2.5 V        ; 2000 ps         ; 2000 ps         ;
; b[18]                   ; 2.5 V        ; 2000 ps         ; 2000 ps         ;
; b[17]                   ; 2.5 V        ; 2000 ps         ; 2000 ps         ;
; b[16]                   ; 2.5 V        ; 2000 ps         ; 2000 ps         ;
; b[15]                   ; 2.5 V        ; 2000 ps         ; 2000 ps         ;
; b[14]                   ; 2.5 V        ; 2000 ps         ; 2000 ps         ;
; b[13]                   ; 2.5 V        ; 2000 ps         ; 2000 ps         ;
; b[12]                   ; 2.5 V        ; 2000 ps         ; 2000 ps         ;
; b[11]                   ; 2.5 V        ; 2000 ps         ; 2000 ps         ;
; b[10]                   ; 2.5 V        ; 2000 ps         ; 2000 ps         ;
; b[9]                    ; 2.5 V        ; 2000 ps         ; 2000 ps         ;
; b[8]                    ; 2.5 V        ; 2000 ps         ; 2000 ps         ;
; b[7]                    ; 2.5 V        ; 2000 ps         ; 2000 ps         ;
; b[6]                    ; 2.5 V        ; 2000 ps         ; 2000 ps         ;
; b[5]                    ; 2.5 V        ; 2000 ps         ; 2000 ps         ;
; ~ALTERA_ASDO_DATA1~     ; 2.5 V        ; 2000 ps         ; 2000 ps         ;
; ~ALTERA_FLASH_nCE_nCSO~ ; 2.5 V        ; 2000 ps         ; 2000 ps         ;
; ~ALTERA_DATA0~          ; 2.5 V        ; 2000 ps         ; 2000 ps         ;
+-------------------------+--------------+-----------------+-----------------+


+--------------------------------------------------------------------------------------------------------------------------------------------------------------------------------------------------------------------------------------------------------------------------------------------------------------------------------------------------------------------------------------------------------------------------------------------------------------------------------------------------------------------------------------------------------------------------------------------------------------------------------------------------------------------------------------------+
; Slow Corner Signal Integrity Metrics                                                                                                                                                                                                                                                                                                                                                                                                                                                                                                                                                                                                                                                       ;
+---------------+--------------+---------------------+---------------------+------------------------------+------------------------------+---------------------+---------------------+--------------------------------------+--------------------------------------+-----------------------------+-----------------------------+----------------------------+----------------------------+-----------------------------+-----------------------------+--------------------+--------------------+-------------------------------------+-------------------------------------+----------------------------+----------------------------+---------------------------+---------------------------+
; Pin           ; I/O Standard ; Board Delay on Rise ; Board Delay on Fall ; Steady State Voh at FPGA Pin ; Steady State Vol at FPGA Pin ; Voh Max at FPGA Pin ; Vol Min at FPGA Pin ; Ringback Voltage on Rise at FPGA Pin ; Ringback Voltage on Fall at FPGA Pin ; 10-90 Rise Time at FPGA Pin ; 90-10 Fall Time at FPGA Pin ; Monotonic Rise at FPGA Pin ; Monotonic Fall at FPGA Pin ; Steady State Voh at Far-end ; Steady State Vol at Far-end ; Voh Max at Far-end ; Vol Min at Far-end ; Ringback Voltage on Rise at Far-end ; Ringback Voltage on Fall at Far-end ; 10-90 Rise Time at Far-end ; 90-10 Fall Time at Far-end ; Monotonic Rise at Far-end ; Monotonic Fall at Far-end ;
+---------------+--------------+---------------------+---------------------+------------------------------+------------------------------+---------------------+---------------------+--------------------------------------+--------------------------------------+-----------------------------+-----------------------------+----------------------------+----------------------------+-----------------------------+-----------------------------+--------------------+--------------------+-------------------------------------+-------------------------------------+----------------------------+----------------------------+---------------------------+---------------------------+
; output[31]    ; 2.5 V        ; 0 s                 ; 0 s                 ; 2.32 V                       ; 2.84e-007 V                  ; 2.35 V              ; -0.0105 V           ; 0.143 V                              ; 0.041 V                              ; 4.81e-010 s                 ; 4.81e-010 s                 ; Yes                        ; Yes                        ; 2.32 V                      ; 2.84e-007 V                 ; 2.35 V             ; -0.0105 V          ; 0.143 V                             ; 0.041 V                             ; 4.81e-010 s                ; 4.81e-010 s                ; Yes                       ; Yes                       ;
; output[30]    ; 2.5 V        ; 0 s                 ; 0 s                 ; 2.32 V                       ; 1.91e-007 V                  ; 2.34 V              ; -0.00803 V          ; 0.14 V                               ; 0.045 V                              ; 6.89e-010 s                 ; 6.56e-010 s                 ; Yes                        ; Yes                        ; 2.32 V                      ; 1.91e-007 V                 ; 2.34 V             ; -0.00803 V         ; 0.14 V                              ; 0.045 V                             ; 6.89e-010 s                ; 6.56e-010 s                ; Yes                       ; Yes                       ;
; output[29]    ; 2.5 V        ; 0 s                 ; 0 s                 ; 2.32 V                       ; 2.84e-007 V                  ; 2.35 V              ; -0.0105 V           ; 0.143 V                              ; 0.041 V                              ; 4.81e-010 s                 ; 4.81e-010 s                 ; Yes                        ; Yes                        ; 2.32 V                      ; 2.84e-007 V                 ; 2.35 V             ; -0.0105 V          ; 0.143 V                             ; 0.041 V                             ; 4.81e-010 s                ; 4.81e-010 s                ; Yes                       ; Yes                       ;
; output[28]    ; 2.5 V        ; 0 s                 ; 0 s                 ; 2.32 V                       ; 2.84e-007 V                  ; 2.35 V              ; -0.0105 V           ; 0.143 V                              ; 0.041 V                              ; 4.81e-010 s                 ; 4.81e-010 s                 ; Yes                        ; Yes                        ; 2.32 V                      ; 2.84e-007 V                 ; 2.35 V             ; -0.0105 V          ; 0.143 V                             ; 0.041 V                             ; 4.81e-010 s                ; 4.81e-010 s                ; Yes                       ; Yes                       ;
; output[27]    ; 2.5 V        ; 0 s                 ; 0 s                 ; 2.32 V                       ; 2.84e-007 V                  ; 2.35 V              ; -0.0105 V           ; 0.143 V                              ; 0.041 V                              ; 4.81e-010 s                 ; 4.81e-010 s                 ; Yes                        ; Yes                        ; 2.32 V                      ; 2.84e-007 V                 ; 2.35 V             ; -0.0105 V          ; 0.143 V                             ; 0.041 V                             ; 4.81e-010 s                ; 4.81e-010 s                ; Yes                       ; Yes                       ;
; output[26]    ; 2.5 V        ; 0 s                 ; 0 s                 ; 2.32 V                       ; 2.84e-007 V                  ; 2.35 V              ; -0.0105 V           ; 0.143 V                              ; 0.041 V                              ; 4.81e-010 s                 ; 4.81e-010 s                 ; Yes                        ; Yes                        ; 2.32 V                      ; 2.84e-007 V                 ; 2.35 V             ; -0.0105 V          ; 0.143 V                             ; 0.041 V                             ; 4.81e-010 s                ; 4.81e-010 s                ; Yes                       ; Yes                       ;
; output[25]    ; 2.5 V        ; 0 s                 ; 0 s                 ; 2.32 V                       ; 2.84e-007 V                  ; 2.35 V              ; -0.0105 V           ; 0.143 V                              ; 0.041 V                              ; 4.81e-010 s                 ; 4.81e-010 s                 ; Yes                        ; Yes                        ; 2.32 V                      ; 2.84e-007 V                 ; 2.35 V             ; -0.0105 V          ; 0.143 V                             ; 0.041 V                             ; 4.81e-010 s                ; 4.81e-010 s                ; Yes                       ; Yes                       ;
; output[24]    ; 2.5 V        ; 0 s                 ; 0 s                 ; 2.32 V                       ; 2.84e-007 V                  ; 2.35 V              ; -0.0105 V           ; 0.143 V                              ; 0.041 V                              ; 4.81e-010 s                 ; 4.81e-010 s                 ; Yes                        ; Yes                        ; 2.32 V                      ; 2.84e-007 V                 ; 2.35 V             ; -0.0105 V          ; 0.143 V                             ; 0.041 V                             ; 4.81e-010 s                ; 4.81e-010 s                ; Yes                       ; Yes                       ;
; output[23]    ; 2.5 V        ; 0 s                 ; 0 s                 ; 2.32 V                       ; 2.84e-007 V                  ; 2.35 V              ; -0.0105 V           ; 0.143 V                              ; 0.041 V                              ; 4.81e-010 s                 ; 4.81e-010 s                 ; Yes                        ; Yes                        ; 2.32 V                      ; 2.84e-007 V                 ; 2.35 V             ; -0.0105 V          ; 0.143 V                             ; 0.041 V                             ; 4.81e-010 s                ; 4.81e-010 s                ; Yes                       ; Yes                       ;
; output[22]    ; 2.5 V        ; 0 s                 ; 0 s                 ; 2.32 V                       ; 2.84e-007 V                  ; 2.35 V              ; -0.0105 V           ; 0.143 V                              ; 0.041 V                              ; 4.81e-010 s                 ; 4.81e-010 s                 ; Yes                        ; Yes                        ; 2.32 V                      ; 2.84e-007 V                 ; 2.35 V             ; -0.0105 V          ; 0.143 V                             ; 0.041 V                             ; 4.81e-010 s                ; 4.81e-010 s                ; Yes                       ; Yes                       ;
; output[21]    ; 2.5 V        ; 0 s                 ; 0 s                 ; 2.32 V                       ; 2.84e-007 V                  ; 2.35 V              ; -0.0105 V           ; 0.143 V                              ; 0.041 V                              ; 4.81e-010 s                 ; 4.81e-010 s                 ; Yes                        ; Yes                        ; 2.32 V                      ; 2.84e-007 V                 ; 2.35 V             ; -0.0105 V          ; 0.143 V                             ; 0.041 V                             ; 4.81e-010 s                ; 4.81e-010 s                ; Yes                       ; Yes                       ;
; output[20]    ; 2.5 V        ; 0 s                 ; 0 s                 ; 2.32 V                       ; 2.84e-007 V                  ; 2.35 V              ; -0.0105 V           ; 0.143 V                              ; 0.041 V                              ; 4.81e-010 s                 ; 4.81e-010 s                 ; Yes                        ; Yes                        ; 2.32 V                      ; 2.84e-007 V                 ; 2.35 V             ; -0.0105 V          ; 0.143 V                             ; 0.041 V                             ; 4.81e-010 s                ; 4.81e-010 s                ; Yes                       ; Yes                       ;
; output[19]    ; 2.5 V        ; 0 s                 ; 0 s                 ; 2.32 V                       ; 2.84e-007 V                  ; 2.35 V              ; -0.0105 V           ; 0.143 V                              ; 0.041 V                              ; 4.81e-010 s                 ; 4.81e-010 s                 ; Yes                        ; Yes                        ; 2.32 V                      ; 2.84e-007 V                 ; 2.35 V             ; -0.0105 V          ; 0.143 V                             ; 0.041 V                             ; 4.81e-010 s                ; 4.81e-010 s                ; Yes                       ; Yes                       ;
; output[18]    ; 2.5 V        ; 0 s                 ; 0 s                 ; 2.32 V                       ; 2.84e-007 V                  ; 2.35 V              ; -0.0105 V           ; 0.143 V                              ; 0.041 V                              ; 4.81e-010 s                 ; 4.81e-010 s                 ; Yes                        ; Yes                        ; 2.32 V                      ; 2.84e-007 V                 ; 2.35 V             ; -0.0105 V          ; 0.143 V                             ; 0.041 V                             ; 4.81e-010 s                ; 4.81e-010 s                ; Yes                       ; Yes                       ;
; output[17]    ; 2.5 V        ; 0 s                 ; 0 s                 ; 2.32 V                       ; 1.91e-007 V                  ; 2.34 V              ; -0.00803 V          ; 0.14 V                               ; 0.045 V                              ; 6.89e-010 s                 ; 6.56e-010 s                 ; Yes                        ; Yes                        ; 2.32 V                      ; 1.91e-007 V                 ; 2.34 V             ; -0.00803 V         ; 0.14 V                              ; 0.045 V                             ; 6.89e-010 s                ; 6.56e-010 s                ; Yes                       ; Yes                       ;
; output[16]    ; 2.5 V        ; 0 s                 ; 0 s                 ; 2.32 V                       ; 2.84e-007 V                  ; 2.35 V              ; -0.0105 V           ; 0.143 V                              ; 0.041 V                              ; 4.81e-010 s                 ; 4.81e-010 s                 ; Yes                        ; Yes                        ; 2.32 V                      ; 2.84e-007 V                 ; 2.35 V             ; -0.0105 V          ; 0.143 V                             ; 0.041 V                             ; 4.81e-010 s                ; 4.81e-010 s                ; Yes                       ; Yes                       ;
; output[15]    ; 2.5 V        ; 0 s                 ; 0 s                 ; 2.32 V                       ; 2.84e-007 V                  ; 2.35 V              ; -0.0105 V           ; 0.143 V                              ; 0.041 V                              ; 4.81e-010 s                 ; 4.81e-010 s                 ; Yes                        ; Yes                        ; 2.32 V                      ; 2.84e-007 V                 ; 2.35 V             ; -0.0105 V          ; 0.143 V                             ; 0.041 V                             ; 4.81e-010 s                ; 4.81e-010 s                ; Yes                       ; Yes                       ;
; output[14]    ; 2.5 V        ; 0 s                 ; 0 s                 ; 2.32 V                       ; 2.84e-007 V                  ; 2.35 V              ; -0.0105 V           ; 0.143 V                              ; 0.041 V                              ; 4.81e-010 s                 ; 4.81e-010 s                 ; Yes                        ; Yes                        ; 2.32 V                      ; 2.84e-007 V                 ; 2.35 V             ; -0.0105 V          ; 0.143 V                             ; 0.041 V                             ; 4.81e-010 s                ; 4.81e-010 s                ; Yes                       ; Yes                       ;
; output[13]    ; 2.5 V        ; 0 s                 ; 0 s                 ; 2.32 V                       ; 1.91e-007 V                  ; 2.34 V              ; -0.00803 V          ; 0.14 V                               ; 0.045 V                              ; 6.89e-010 s                 ; 6.56e-010 s                 ; Yes                        ; Yes                        ; 2.32 V                      ; 1.91e-007 V                 ; 2.34 V             ; -0.00803 V         ; 0.14 V                              ; 0.045 V                             ; 6.89e-010 s                ; 6.56e-010 s                ; Yes                       ; Yes                       ;
; output[12]    ; 2.5 V        ; 0 s                 ; 0 s                 ; 2.32 V                       ; 1.91e-007 V                  ; 2.34 V              ; -0.00803 V          ; 0.14 V                               ; 0.045 V                              ; 6.89e-010 s                 ; 6.56e-010 s                 ; Yes                        ; Yes                        ; 2.32 V                      ; 1.91e-007 V                 ; 2.34 V             ; -0.00803 V         ; 0.14 V                              ; 0.045 V                             ; 6.89e-010 s                ; 6.56e-010 s                ; Yes                       ; Yes                       ;
; output[11]    ; 2.5 V        ; 0 s                 ; 0 s                 ; 2.32 V                       ; 2.84e-007 V                  ; 2.35 V              ; -0.0105 V           ; 0.143 V                              ; 0.041 V                              ; 4.81e-010 s                 ; 4.81e-010 s                 ; Yes                        ; Yes                        ; 2.32 V                      ; 2.84e-007 V                 ; 2.35 V             ; -0.0105 V          ; 0.143 V                             ; 0.041 V                             ; 4.81e-010 s                ; 4.81e-010 s                ; Yes                       ; Yes                       ;
; output[10]    ; 2.5 V        ; 0 s                 ; 0 s                 ; 2.32 V                       ; 1.91e-007 V                  ; 2.34 V              ; -0.00803 V          ; 0.14 V                               ; 0.045 V                              ; 6.89e-010 s                 ; 6.56e-010 s                 ; Yes                        ; Yes                        ; 2.32 V                      ; 1.91e-007 V                 ; 2.34 V             ; -0.00803 V         ; 0.14 V                              ; 0.045 V                             ; 6.89e-010 s                ; 6.56e-010 s                ; Yes                       ; Yes                       ;
; output[9]     ; 2.5 V        ; 0 s                 ; 0 s                 ; 2.32 V                       ; 1.91e-007 V                  ; 2.34 V              ; -0.00803 V          ; 0.14 V                               ; 0.045 V                              ; 6.89e-010 s                 ; 6.56e-010 s                 ; Yes                        ; Yes                        ; 2.32 V                      ; 1.91e-007 V                 ; 2.34 V             ; -0.00803 V         ; 0.14 V                              ; 0.045 V                             ; 6.89e-010 s                ; 6.56e-010 s                ; Yes                       ; Yes                       ;
; output[8]     ; 2.5 V        ; 0 s                 ; 0 s                 ; 2.32 V                       ; 2.84e-007 V                  ; 2.33 V              ; -0.00215 V          ; 0.091 V                              ; 0.057 V                              ; 3.77e-009 s                 ; 3.49e-009 s                 ; Yes                        ; Yes                        ; 2.32 V                      ; 2.84e-007 V                 ; 2.33 V             ; -0.00215 V         ; 0.091 V                             ; 0.057 V                             ; 3.77e-009 s                ; 3.49e-009 s                ; Yes                       ; Yes                       ;
; output[7]     ; 2.5 V        ; 0 s                 ; 0 s                 ; 2.32 V                       ; 1.91e-007 V                  ; 2.34 V              ; -0.00803 V          ; 0.14 V                               ; 0.045 V                              ; 6.89e-010 s                 ; 6.56e-010 s                 ; Yes                        ; Yes                        ; 2.32 V                      ; 1.91e-007 V                 ; 2.34 V             ; -0.00803 V         ; 0.14 V                              ; 0.045 V                             ; 6.89e-010 s                ; 6.56e-010 s                ; Yes                       ; Yes                       ;
; output[6]     ; 2.5 V        ; 0 s                 ; 0 s                 ; 2.32 V                       ; 1.91e-007 V                  ; 2.34 V              ; -0.00803 V          ; 0.14 V                               ; 0.045 V                              ; 6.89e-010 s                 ; 6.56e-010 s                 ; Yes                        ; Yes                        ; 2.32 V                      ; 1.91e-007 V                 ; 2.34 V             ; -0.00803 V         ; 0.14 V                              ; 0.045 V                             ; 6.89e-010 s                ; 6.56e-010 s                ; Yes                       ; Yes                       ;
; output[5]     ; 2.5 V        ; 0 s                 ; 0 s                 ; 2.32 V                       ; 1.91e-007 V                  ; 2.34 V              ; -0.00803 V          ; 0.14 V                               ; 0.045 V                              ; 6.89e-010 s                 ; 6.56e-010 s                 ; Yes                        ; Yes                        ; 2.32 V                      ; 1.91e-007 V                 ; 2.34 V             ; -0.00803 V         ; 0.14 V                              ; 0.045 V                             ; 6.89e-010 s                ; 6.56e-010 s                ; Yes                       ; Yes                       ;
; output[4]     ; 2.5 V        ; 0 s                 ; 0 s                 ; 2.32 V                       ; 2.84e-007 V                  ; 2.35 V              ; -0.0105 V           ; 0.143 V                              ; 0.041 V                              ; 4.81e-010 s                 ; 4.81e-010 s                 ; Yes                        ; Yes                        ; 2.32 V                      ; 2.84e-007 V                 ; 2.35 V             ; -0.0105 V          ; 0.143 V                             ; 0.041 V                             ; 4.81e-010 s                ; 4.81e-010 s                ; Yes                       ; Yes                       ;
; output[3]     ; 2.5 V        ; 0 s                 ; 0 s                 ; 2.32 V                       ; 1.91e-007 V                  ; 2.33 V              ; -0.00219 V          ; 0.108 V                              ; 0.043 V                              ; 3.76e-009 s                 ; 3.48e-009 s                 ; Yes                        ; Yes                        ; 2.32 V                      ; 1.91e-007 V                 ; 2.33 V             ; -0.00219 V         ; 0.108 V                             ; 0.043 V                             ; 3.76e-009 s                ; 3.48e-009 s                ; Yes                       ; Yes                       ;
; output[2]     ; 2.5 V        ; 0 s                 ; 0 s                 ; 2.32 V                       ; 1.91e-007 V                  ; 2.35 V              ; -0.00735 V          ; 0.126 V                              ; 0.011 V                              ; 4.7e-010 s                  ; 4.63e-010 s                 ; Yes                        ; Yes                        ; 2.32 V                      ; 1.91e-007 V                 ; 2.35 V             ; -0.00735 V         ; 0.126 V                             ; 0.011 V                             ; 4.7e-010 s                 ; 4.63e-010 s                ; Yes                       ; Yes                       ;
; output[1]     ; 2.5 V        ; 0 s                 ; 0 s                 ; 2.32 V                       ; 2.84e-007 V                  ; 2.35 V              ; -0.0105 V           ; 0.143 V                              ; 0.041 V                              ; 4.81e-010 s                 ; 4.81e-010 s                 ; Yes                        ; Yes                        ; 2.32 V                      ; 2.84e-007 V                 ; 2.35 V             ; -0.0105 V          ; 0.143 V                             ; 0.041 V                             ; 4.81e-010 s                ; 4.81e-010 s                ; Yes                       ; Yes                       ;
; output[0]     ; 2.5 V        ; 0 s                 ; 0 s                 ; 2.32 V                       ; 2.84e-007 V                  ; 2.35 V              ; -0.0105 V           ; 0.143 V                              ; 0.041 V                              ; 4.81e-010 s                 ; 4.81e-010 s                 ; Yes                        ; Yes                        ; 2.32 V                      ; 2.84e-007 V                 ; 2.35 V             ; -0.0105 V          ; 0.143 V                             ; 0.041 V                             ; 4.81e-010 s                ; 4.81e-010 s                ; Yes                       ; Yes                       ;
; ~ALTERA_DCLK~ ; 2.5 V        ; 0 s                 ; 0 s                 ; 2.32 V                       ; 1.53e-007 V                  ; 2.35 V              ; -0.00333 V          ; 0.096 V                              ; 0.006 V                              ; 4.5e-010 s                  ; 3.85e-010 s                 ; Yes                        ; Yes                        ; 2.32 V                      ; 1.53e-007 V                 ; 2.35 V             ; -0.00333 V         ; 0.096 V                             ; 0.006 V                             ; 4.5e-010 s                 ; 3.85e-010 s                ; Yes                       ; Yes                       ;
; ~ALTERA_nCEO~ ; 2.5 V        ; 0 s                 ; 0 s                 ; 2.32 V                       ; 2.51e-007 V                  ; 2.34 V              ; -0.00726 V          ; 0.108 V                              ; 0.026 V                              ; 6.58e-010 s                 ; 8.2e-010 s                  ; Yes                        ; Yes                        ; 2.32 V                      ; 2.51e-007 V                 ; 2.34 V             ; -0.00726 V         ; 0.108 V                             ; 0.026 V                             ; 6.58e-010 s                ; 8.2e-010 s                 ; Yes                       ; Yes                       ;
+---------------+--------------+---------------------+---------------------+------------------------------+------------------------------+---------------------+---------------------+--------------------------------------+--------------------------------------+-----------------------------+-----------------------------+----------------------------+----------------------------+-----------------------------+-----------------------------+--------------------+--------------------+-------------------------------------+-------------------------------------+----------------------------+----------------------------+---------------------------+---------------------------+


+--------------------------------------------------------------------------------------------------------------------------------------------------------------------------------------------------------------------------------------------------------------------------------------------------------------------------------------------------------------------------------------------------------------------------------------------------------------------------------------------------------------------------------------------------------------------------------------------------------------------------------------------------------------------------------------------+
; Fast Corner Signal Integrity Metrics                                                                                                                                                                                                                                                                                                                                                                                                                                                                                                                                                                                                                                                       ;
+---------------+--------------+---------------------+---------------------+------------------------------+------------------------------+---------------------+---------------------+--------------------------------------+--------------------------------------+-----------------------------+-----------------------------+----------------------------+----------------------------+-----------------------------+-----------------------------+--------------------+--------------------+-------------------------------------+-------------------------------------+----------------------------+----------------------------+---------------------------+---------------------------+
; Pin           ; I/O Standard ; Board Delay on Rise ; Board Delay on Fall ; Steady State Voh at FPGA Pin ; Steady State Vol at FPGA Pin ; Voh Max at FPGA Pin ; Vol Min at FPGA Pin ; Ringback Voltage on Rise at FPGA Pin ; Ringback Voltage on Fall at FPGA Pin ; 10-90 Rise Time at FPGA Pin ; 90-10 Fall Time at FPGA Pin ; Monotonic Rise at FPGA Pin ; Monotonic Fall at FPGA Pin ; Steady State Voh at Far-end ; Steady State Vol at Far-end ; Voh Max at Far-end ; Vol Min at Far-end ; Ringback Voltage on Rise at Far-end ; Ringback Voltage on Fall at Far-end ; 10-90 Rise Time at Far-end ; 90-10 Fall Time at Far-end ; Monotonic Rise at Far-end ; Monotonic Fall at Far-end ;
+---------------+--------------+---------------------+---------------------+------------------------------+------------------------------+---------------------+---------------------+--------------------------------------+--------------------------------------+-----------------------------+-----------------------------+----------------------------+----------------------------+-----------------------------+-----------------------------+--------------------+--------------------+-------------------------------------+-------------------------------------+----------------------------+----------------------------+---------------------------+---------------------------+
; output[31]    ; 2.5 V        ; 0 s                 ; 0 s                 ; 2.62 V                       ; 4.02e-008 V                  ; 2.71 V              ; -0.0351 V           ; 0.173 V                              ; 0.098 V                              ; 2.73e-010 s                 ; 2.69e-010 s                 ; Yes                        ; Yes                        ; 2.62 V                      ; 4.02e-008 V                 ; 2.71 V             ; -0.0351 V          ; 0.173 V                             ; 0.098 V                             ; 2.73e-010 s                ; 2.69e-010 s                ; Yes                       ; Yes                       ;
; output[30]    ; 2.5 V        ; 0 s                 ; 0 s                 ; 2.62 V                       ; 2.7e-008 V                   ; 2.71 V              ; -0.0352 V           ; 0.147 V                              ; 0.066 V                              ; 4.51e-010 s                 ; 4.15e-010 s                 ; No                         ; Yes                        ; 2.62 V                      ; 2.7e-008 V                  ; 2.71 V             ; -0.0352 V          ; 0.147 V                             ; 0.066 V                             ; 4.51e-010 s                ; 4.15e-010 s                ; No                        ; Yes                       ;
; output[29]    ; 2.5 V        ; 0 s                 ; 0 s                 ; 2.62 V                       ; 4.02e-008 V                  ; 2.71 V              ; -0.0351 V           ; 0.173 V                              ; 0.098 V                              ; 2.73e-010 s                 ; 2.69e-010 s                 ; Yes                        ; Yes                        ; 2.62 V                      ; 4.02e-008 V                 ; 2.71 V             ; -0.0351 V          ; 0.173 V                             ; 0.098 V                             ; 2.73e-010 s                ; 2.69e-010 s                ; Yes                       ; Yes                       ;
; output[28]    ; 2.5 V        ; 0 s                 ; 0 s                 ; 2.62 V                       ; 4.02e-008 V                  ; 2.71 V              ; -0.0351 V           ; 0.173 V                              ; 0.098 V                              ; 2.73e-010 s                 ; 2.69e-010 s                 ; Yes                        ; Yes                        ; 2.62 V                      ; 4.02e-008 V                 ; 2.71 V             ; -0.0351 V          ; 0.173 V                             ; 0.098 V                             ; 2.73e-010 s                ; 2.69e-010 s                ; Yes                       ; Yes                       ;
; output[27]    ; 2.5 V        ; 0 s                 ; 0 s                 ; 2.62 V                       ; 4.02e-008 V                  ; 2.71 V              ; -0.0351 V           ; 0.173 V                              ; 0.098 V                              ; 2.73e-010 s                 ; 2.69e-010 s                 ; Yes                        ; Yes                        ; 2.62 V                      ; 4.02e-008 V                 ; 2.71 V             ; -0.0351 V          ; 0.173 V                             ; 0.098 V                             ; 2.73e-010 s                ; 2.69e-010 s                ; Yes                       ; Yes                       ;
; output[26]    ; 2.5 V        ; 0 s                 ; 0 s                 ; 2.62 V                       ; 4.02e-008 V                  ; 2.71 V              ; -0.0351 V           ; 0.173 V                              ; 0.098 V                              ; 2.73e-010 s                 ; 2.69e-010 s                 ; Yes                        ; Yes                        ; 2.62 V                      ; 4.02e-008 V                 ; 2.71 V             ; -0.0351 V          ; 0.173 V                             ; 0.098 V                             ; 2.73e-010 s                ; 2.69e-010 s                ; Yes                       ; Yes                       ;
; output[25]    ; 2.5 V        ; 0 s                 ; 0 s                 ; 2.62 V                       ; 4.02e-008 V                  ; 2.71 V              ; -0.0351 V           ; 0.173 V                              ; 0.098 V                              ; 2.73e-010 s                 ; 2.69e-010 s                 ; Yes                        ; Yes                        ; 2.62 V                      ; 4.02e-008 V                 ; 2.71 V             ; -0.0351 V          ; 0.173 V                             ; 0.098 V                             ; 2.73e-010 s                ; 2.69e-010 s                ; Yes                       ; Yes                       ;
; output[24]    ; 2.5 V        ; 0 s                 ; 0 s                 ; 2.62 V                       ; 4.02e-008 V                  ; 2.71 V              ; -0.0351 V           ; 0.173 V                              ; 0.098 V                              ; 2.73e-010 s                 ; 2.69e-010 s                 ; Yes                        ; Yes                        ; 2.62 V                      ; 4.02e-008 V                 ; 2.71 V             ; -0.0351 V          ; 0.173 V                             ; 0.098 V                             ; 2.73e-010 s                ; 2.69e-010 s                ; Yes                       ; Yes                       ;
; output[23]    ; 2.5 V        ; 0 s                 ; 0 s                 ; 2.62 V                       ; 4.02e-008 V                  ; 2.71 V              ; -0.0351 V           ; 0.173 V                              ; 0.098 V                              ; 2.73e-010 s                 ; 2.69e-010 s                 ; Yes                        ; Yes                        ; 2.62 V                      ; 4.02e-008 V                 ; 2.71 V             ; -0.0351 V          ; 0.173 V                             ; 0.098 V                             ; 2.73e-010 s                ; 2.69e-010 s                ; Yes                       ; Yes                       ;
; output[22]    ; 2.5 V        ; 0 s                 ; 0 s                 ; 2.62 V                       ; 4.02e-008 V                  ; 2.71 V              ; -0.0351 V           ; 0.173 V                              ; 0.098 V                              ; 2.73e-010 s                 ; 2.69e-010 s                 ; Yes                        ; Yes                        ; 2.62 V                      ; 4.02e-008 V                 ; 2.71 V             ; -0.0351 V          ; 0.173 V                             ; 0.098 V                             ; 2.73e-010 s                ; 2.69e-010 s                ; Yes                       ; Yes                       ;
; output[21]    ; 2.5 V        ; 0 s                 ; 0 s                 ; 2.62 V                       ; 4.02e-008 V                  ; 2.71 V              ; -0.0351 V           ; 0.173 V                              ; 0.098 V                              ; 2.73e-010 s                 ; 2.69e-010 s                 ; Yes                        ; Yes                        ; 2.62 V                      ; 4.02e-008 V                 ; 2.71 V             ; -0.0351 V          ; 0.173 V                             ; 0.098 V                             ; 2.73e-010 s                ; 2.69e-010 s                ; Yes                       ; Yes                       ;
; output[20]    ; 2.5 V        ; 0 s                 ; 0 s                 ; 2.62 V                       ; 4.02e-008 V                  ; 2.71 V              ; -0.0351 V           ; 0.173 V                              ; 0.098 V                              ; 2.73e-010 s                 ; 2.69e-010 s                 ; Yes                        ; Yes                        ; 2.62 V                      ; 4.02e-008 V                 ; 2.71 V             ; -0.0351 V          ; 0.173 V                             ; 0.098 V                             ; 2.73e-010 s                ; 2.69e-010 s                ; Yes                       ; Yes                       ;
; output[19]    ; 2.5 V        ; 0 s                 ; 0 s                 ; 2.62 V                       ; 4.02e-008 V                  ; 2.71 V              ; -0.0351 V           ; 0.173 V                              ; 0.098 V                              ; 2.73e-010 s                 ; 2.69e-010 s                 ; Yes                        ; Yes                        ; 2.62 V                      ; 4.02e-008 V                 ; 2.71 V             ; -0.0351 V          ; 0.173 V                             ; 0.098 V                             ; 2.73e-010 s                ; 2.69e-010 s                ; Yes                       ; Yes                       ;
; output[18]    ; 2.5 V        ; 0 s                 ; 0 s                 ; 2.62 V                       ; 4.02e-008 V                  ; 2.71 V              ; -0.0351 V           ; 0.173 V                              ; 0.098 V                              ; 2.73e-010 s                 ; 2.69e-010 s                 ; Yes                        ; Yes                        ; 2.62 V                      ; 4.02e-008 V                 ; 2.71 V             ; -0.0351 V          ; 0.173 V                             ; 0.098 V                             ; 2.73e-010 s                ; 2.69e-010 s                ; Yes                       ; Yes                       ;
; output[17]    ; 2.5 V        ; 0 s                 ; 0 s                 ; 2.62 V                       ; 2.7e-008 V                   ; 2.71 V              ; -0.0352 V           ; 0.147 V                              ; 0.066 V                              ; 4.51e-010 s                 ; 4.15e-010 s                 ; No                         ; Yes                        ; 2.62 V                      ; 2.7e-008 V                  ; 2.71 V             ; -0.0352 V          ; 0.147 V                             ; 0.066 V                             ; 4.51e-010 s                ; 4.15e-010 s                ; No                        ; Yes                       ;
; output[16]    ; 2.5 V        ; 0 s                 ; 0 s                 ; 2.62 V                       ; 4.02e-008 V                  ; 2.71 V              ; -0.0351 V           ; 0.173 V                              ; 0.098 V                              ; 2.73e-010 s                 ; 2.69e-010 s                 ; Yes                        ; Yes                        ; 2.62 V                      ; 4.02e-008 V                 ; 2.71 V             ; -0.0351 V          ; 0.173 V                             ; 0.098 V                             ; 2.73e-010 s                ; 2.69e-010 s                ; Yes                       ; Yes                       ;
; output[15]    ; 2.5 V        ; 0 s                 ; 0 s                 ; 2.62 V                       ; 4.02e-008 V                  ; 2.71 V              ; -0.0351 V           ; 0.173 V                              ; 0.098 V                              ; 2.73e-010 s                 ; 2.69e-010 s                 ; Yes                        ; Yes                        ; 2.62 V                      ; 4.02e-008 V                 ; 2.71 V             ; -0.0351 V          ; 0.173 V                             ; 0.098 V                             ; 2.73e-010 s                ; 2.69e-010 s                ; Yes                       ; Yes                       ;
; output[14]    ; 2.5 V        ; 0 s                 ; 0 s                 ; 2.62 V                       ; 4.02e-008 V                  ; 2.71 V              ; -0.0351 V           ; 0.173 V                              ; 0.098 V                              ; 2.73e-010 s                 ; 2.69e-010 s                 ; Yes                        ; Yes                        ; 2.62 V                      ; 4.02e-008 V                 ; 2.71 V             ; -0.0351 V          ; 0.173 V                             ; 0.098 V                             ; 2.73e-010 s                ; 2.69e-010 s                ; Yes                       ; Yes                       ;
; output[13]    ; 2.5 V        ; 0 s                 ; 0 s                 ; 2.62 V                       ; 2.7e-008 V                   ; 2.71 V              ; -0.0352 V           ; 0.147 V                              ; 0.066 V                              ; 4.51e-010 s                 ; 4.15e-010 s                 ; No                         ; Yes                        ; 2.62 V                      ; 2.7e-008 V                  ; 2.71 V             ; -0.0352 V          ; 0.147 V                             ; 0.066 V                             ; 4.51e-010 s                ; 4.15e-010 s                ; No                        ; Yes                       ;
; output[12]    ; 2.5 V        ; 0 s                 ; 0 s                 ; 2.62 V                       ; 2.7e-008 V                   ; 2.71 V              ; -0.0352 V           ; 0.147 V                              ; 0.066 V                              ; 4.51e-010 s                 ; 4.15e-010 s                 ; No                         ; Yes                        ; 2.62 V                      ; 2.7e-008 V                  ; 2.71 V             ; -0.0352 V          ; 0.147 V                             ; 0.066 V                             ; 4.51e-010 s                ; 4.15e-010 s                ; No                        ; Yes                       ;
; output[11]    ; 2.5 V        ; 0 s                 ; 0 s                 ; 2.62 V                       ; 4.02e-008 V                  ; 2.71 V              ; -0.0351 V           ; 0.173 V                              ; 0.098 V                              ; 2.73e-010 s                 ; 2.69e-010 s                 ; Yes                        ; Yes                        ; 2.62 V                      ; 4.02e-008 V                 ; 2.71 V             ; -0.0351 V          ; 0.173 V                             ; 0.098 V                             ; 2.73e-010 s                ; 2.69e-010 s                ; Yes                       ; Yes                       ;
; output[10]    ; 2.5 V        ; 0 s                 ; 0 s                 ; 2.62 V                       ; 2.7e-008 V                   ; 2.71 V              ; -0.0352 V           ; 0.147 V                              ; 0.066 V                              ; 4.51e-010 s                 ; 4.15e-010 s                 ; No                         ; Yes                        ; 2.62 V                      ; 2.7e-008 V                  ; 2.71 V             ; -0.0352 V          ; 0.147 V                             ; 0.066 V                             ; 4.51e-010 s                ; 4.15e-010 s                ; No                        ; Yes                       ;
; output[9]     ; 2.5 V        ; 0 s                 ; 0 s                 ; 2.62 V                       ; 2.7e-008 V                   ; 2.71 V              ; -0.0352 V           ; 0.147 V                              ; 0.066 V                              ; 4.51e-010 s                 ; 4.15e-010 s                 ; No                         ; Yes                        ; 2.62 V                      ; 2.7e-008 V                  ; 2.71 V             ; -0.0352 V          ; 0.147 V                             ; 0.066 V                             ; 4.51e-010 s                ; 4.15e-010 s                ; No                        ; Yes                       ;
; output[8]     ; 2.5 V        ; 0 s                 ; 0 s                 ; 2.62 V                       ; 4.02e-008 V                  ; 2.64 V              ; -0.0115 V           ; 0.204 V                              ; 0.12 V                               ; 2.38e-009 s                 ; 2.24e-009 s                 ; No                         ; Yes                        ; 2.62 V                      ; 4.02e-008 V                 ; 2.64 V             ; -0.0115 V          ; 0.204 V                             ; 0.12 V                              ; 2.38e-009 s                ; 2.24e-009 s                ; No                        ; Yes                       ;
; output[7]     ; 2.5 V        ; 0 s                 ; 0 s                 ; 2.62 V                       ; 2.7e-008 V                   ; 2.71 V              ; -0.0352 V           ; 0.147 V                              ; 0.066 V                              ; 4.51e-010 s                 ; 4.15e-010 s                 ; No                         ; Yes                        ; 2.62 V                      ; 2.7e-008 V                  ; 2.71 V             ; -0.0352 V          ; 0.147 V                             ; 0.066 V                             ; 4.51e-010 s                ; 4.15e-010 s                ; No                        ; Yes                       ;
; output[6]     ; 2.5 V        ; 0 s                 ; 0 s                 ; 2.62 V                       ; 2.7e-008 V                   ; 2.71 V              ; -0.0352 V           ; 0.147 V                              ; 0.066 V                              ; 4.51e-010 s                 ; 4.15e-010 s                 ; No                         ; Yes                        ; 2.62 V                      ; 2.7e-008 V                  ; 2.71 V             ; -0.0352 V          ; 0.147 V                             ; 0.066 V                             ; 4.51e-010 s                ; 4.15e-010 s                ; No                        ; Yes                       ;
; output[5]     ; 2.5 V        ; 0 s                 ; 0 s                 ; 2.62 V                       ; 2.7e-008 V                   ; 2.71 V              ; -0.0352 V           ; 0.147 V                              ; 0.066 V                              ; 4.51e-010 s                 ; 4.15e-010 s                 ; No                         ; Yes                        ; 2.62 V                      ; 2.7e-008 V                  ; 2.71 V             ; -0.0352 V          ; 0.147 V                             ; 0.066 V                             ; 4.51e-010 s                ; 4.15e-010 s                ; No                        ; Yes                       ;
; output[4]     ; 2.5 V        ; 0 s                 ; 0 s                 ; 2.62 V                       ; 4.02e-008 V                  ; 2.71 V              ; -0.0351 V           ; 0.173 V                              ; 0.098 V                              ; 2.73e-010 s                 ; 2.69e-010 s                 ; Yes                        ; Yes                        ; 2.62 V                      ; 4.02e-008 V                 ; 2.71 V             ; -0.0351 V          ; 0.173 V                             ; 0.098 V                             ; 2.73e-010 s                ; 2.69e-010 s                ; Yes                       ; Yes                       ;
; output[3]     ; 2.5 V        ; 0 s                 ; 0 s                 ; 2.62 V                       ; 2.7e-008 V                   ; 2.64 V              ; -0.0118 V           ; 0.201 V                              ; 0.173 V                              ; 2.38e-009 s                 ; 2.19e-009 s                 ; No                         ; Yes                        ; 2.62 V                      ; 2.7e-008 V                  ; 2.64 V             ; -0.0118 V          ; 0.201 V                             ; 0.173 V                             ; 2.38e-009 s                ; 2.19e-009 s                ; No                        ; Yes                       ;
; output[2]     ; 2.5 V        ; 0 s                 ; 0 s                 ; 2.62 V                       ; 2.7e-008 V                   ; 2.72 V              ; -0.0401 V           ; 0.163 V                              ; 0.091 V                              ; 2.71e-010 s                 ; 2.61e-010 s                 ; Yes                        ; Yes                        ; 2.62 V                      ; 2.7e-008 V                  ; 2.72 V             ; -0.0401 V          ; 0.163 V                             ; 0.091 V                             ; 2.71e-010 s                ; 2.61e-010 s                ; Yes                       ; Yes                       ;
; output[1]     ; 2.5 V        ; 0 s                 ; 0 s                 ; 2.62 V                       ; 4.02e-008 V                  ; 2.71 V              ; -0.0351 V           ; 0.173 V                              ; 0.098 V                              ; 2.73e-010 s                 ; 2.69e-010 s                 ; Yes                        ; Yes                        ; 2.62 V                      ; 4.02e-008 V                 ; 2.71 V             ; -0.0351 V          ; 0.173 V                             ; 0.098 V                             ; 2.73e-010 s                ; 2.69e-010 s                ; Yes                       ; Yes                       ;
; output[0]     ; 2.5 V        ; 0 s                 ; 0 s                 ; 2.62 V                       ; 4.02e-008 V                  ; 2.71 V              ; -0.0351 V           ; 0.173 V                              ; 0.098 V                              ; 2.73e-010 s                 ; 2.69e-010 s                 ; Yes                        ; Yes                        ; 2.62 V                      ; 4.02e-008 V                 ; 2.71 V             ; -0.0351 V          ; 0.173 V                             ; 0.098 V                             ; 2.73e-010 s                ; 2.69e-010 s                ; Yes                       ; Yes                       ;
; ~ALTERA_DCLK~ ; 2.5 V        ; 0 s                 ; 0 s                 ; 2.62 V                       ; 2.2e-008 V                   ; 2.74 V              ; -0.061 V            ; 0.159 V                              ; 0.078 V                              ; 2.7e-010 s                  ; 2.2e-010 s                  ; No                         ; Yes                        ; 2.62 V                      ; 2.2e-008 V                  ; 2.74 V             ; -0.061 V           ; 0.159 V                             ; 0.078 V                             ; 2.7e-010 s                 ; 2.2e-010 s                 ; No                        ; Yes                       ;
; ~ALTERA_nCEO~ ; 2.5 V        ; 0 s                 ; 0 s                 ; 2.62 V                       ; 3.52e-008 V                  ; 2.7 V               ; -0.012 V            ; 0.274 V                              ; 0.034 V                              ; 3.18e-010 s                 ; 4.96e-010 s                 ; No                         ; Yes                        ; 2.62 V                      ; 3.52e-008 V                 ; 2.7 V              ; -0.012 V           ; 0.274 V                             ; 0.034 V                             ; 3.18e-010 s                ; 4.96e-010 s                ; No                        ; Yes                       ;
+---------------+--------------+---------------------+---------------------+------------------------------+------------------------------+---------------------+---------------------+--------------------------------------+--------------------------------------+-----------------------------+-----------------------------+----------------------------+----------------------------+-----------------------------+-----------------------------+--------------------+--------------------+-------------------------------------+-------------------------------------+----------------------------+----------------------------+---------------------------+---------------------------+


-------------------
; Clock Transfers ;
-------------------
Nothing to report.


---------------
; Report TCCS ;
---------------
No dedicated SERDES Transmitter circuitry present in device or used in design


---------------
; Report RSKM ;
---------------
No dedicated SERDES Receiver circuitry present in device or used in design


+------------------------------------------------+
; Unconstrained Paths                            ;
+---------------------------------+-------+------+
; Property                        ; Setup ; Hold ;
+---------------------------------+-------+------+
; Illegal Clocks                  ; 0     ; 0    ;
; Unconstrained Clocks            ; 0     ; 0    ;
; Unconstrained Input Ports       ; 68    ; 68   ;
; Unconstrained Input Port Paths  ; 1717  ; 1717 ;
; Unconstrained Output Ports      ; 32    ; 32   ;
; Unconstrained Output Port Paths ; 1717  ; 1717 ;
+---------------------------------+-------+------+


+------------------------------------+
; TimeQuest Timing Analyzer Messages ;
+------------------------------------+
Info: *******************************************************************
Info: Running Quartus II TimeQuest Timing Analyzer
    Info: Version 9.1 Build 350 03/24/2010 Service Pack 2 SJ Web Edition
    Info: Processing started: Wed Mar 18 17:39:50 2026
Info: Command: quartus_sta COPE -c COPE
Info: qsta_default_script.tcl version: #1
Info: Core supply voltage is 1.2V
Info: Low junction temperature is 0 degrees C
Info: High junction temperature is 85 degrees C
Critical Warning: Synopsys Design Constraints File file not found: 'COPE.sdc'. A Synopsys Design Constraints File is required by the TimeQuest Timing Analyzer to get proper timing constraints. Without it, the Compiler will not properly optimize the design.
Info: No user constrained base clocks found in the design. Calling "derive_clocks -period 1.0"
Info: The command derive_clocks did not find any clocks to derive.  No clocks were created or changed.
Warning: No clocks defined in design.
Info: No user constrained clock uncertainty found in the design. Calling "derive_clock_uncertainty"
Info: The derive_clock_uncertainty command did not apply clock uncertainty to any clock-to-clock transfers.
Info: No clocks to report
Info: Analyzing Slow 1200mV 85C Model
Info: No fmax paths to report
Info: No Setup paths to report
Info: No Hold paths to report
Info: No Recovery paths to report
Info: No Removal paths to report
Info: No Minimum Pulse Width paths to report
Info: Analyzing Slow 1200mV 0C Model
Info: Started post-fitting delay annotation
Info: Delay annotation completed successfully
Info: No user constrained base clocks found in the design. Calling "derive_clocks -period 1.0"
Info: The command derive_clocks did not find any clocks to derive.  No clocks were created or changed.
Warning: No clocks defined in design.
Info: The derive_clock_uncertainty command did not apply clock uncertainty to any clock-to-clock transfers.
Info: No fmax paths to report
Info: No Setup paths to report
Info: No Hold paths to report
Info: No Recovery paths to report
Info: No Removal paths to report
Info: No Minimum Pulse Width paths to report
Info: Analyzing Fast 1200mV 0C Model
Info: Started post-fitting delay annotation
Info: Delay annotation completed successfully
Info: No user constrained base clocks found in the design. Calling "derive_clocks -period 1.0"
Info: The command derive_clocks did not find any clocks to derive.  No clocks were created or changed.
Warning: No clocks defined in design.
Info: The derive_clock_uncertainty command did not apply clock uncertainty to any clock-to-clock transfers.
Info: No Setup paths to report
Info: No Hold paths to report
Info: No Recovery paths to report
Info: No Removal paths to report
Info: No Minimum Pulse Width paths to report
Info: Design is not fully constrained for setup requirements
Info: Design is not fully constrained for hold requirements
Info: Quartus II TimeQuest Timing Analyzer was successful. 0 errors, 4 warnings
    Info: Peak virtual memory: 323 megabytes
    Info: Processing ended: Wed Mar 18 17:39:56 2026
    Info: Elapsed time: 00:00:06
    Info: Total CPU time (on all processors): 00:00:02


