Fitter report for COPE
Wed Mar 18 17:39:49 2026
Quartus II Version 9.1 Build 350 03/24/2010 Service Pack 2 SJ Web Edition


---------------------
; Table of Contents ;
---------------------
  1. Legal Notice
  2. Fitter Summary
  3. Fitter Settings
  4. Parallel Compilation
  5. I/O Assignment Warnings
  6. Incremental Compilation Preservation Summary
  7. Incremental Compilation Partition Settings
  8. Incremental Compilation Placement Preservation
  9. Pin-Out File
 10. Fitter Resource Usage Summary
 11. Input Pins
 12. Output Pins
 13. Dual Purpose and Dedicated Pins
 14. I/O Bank Usage
 15. All Package Pins
 16. Output Pin Default Load For Reported TCO
 17. Fitter Resource Utilization by Entity
 18. Delay Chain Summary
 19. Pad To Core Delay Chain Fanout
 20. Non-Global High Fan-Out Signals
 21. Interconnect Usage Summary
 22. LAB Logic Elements
 23. LAB Signals Sourced
 24. LAB Signals Sourced Out
 25. LAB Distinct Inputs
 26. I/O Rules Summary
 27. I/O Rules Details
 28. I/O Rules Matrix
 29. Fitter Device Options
 30. Operating Settings and Conditions
 31. Estimated Delay Added for Hold Timing
 32. Fitter Messages



----------------
; Legal Notice ;
----------------
Copyright (C) 1991-2010 Altera Corporation
Your use of Altera Corporation's design tools, logic functions 
and other software and tools, and its AMPP partner logic 
functions, and any output files from any of the foregoing 
(including device programming or simulation files), and any 
associated documentation or information are expressly subject 
to the terms and conditions of the Altera Program License 
Subscription Agreement, Altera MegaCore Function License 
Agreement, or other applicable license agreement, including, 
without limitation, that your use is for the sole purpose of 
programming logic devices manufactured by Altera and sold by 
Altera or its authorized distributors.  Please refer to the 
applicable agreement for further details.



+-----------------------------------------------------------------------------------+
; Fitter Summary                                                                    ;
+------------------------------------+----------------------------------------------+
; Fitter Status                      ; Successful - Wed Mar 18 17:39:48 2026        ;
; Quartus II Version                 ; 9.1 Build 350 03/24/2010 SP 2 SJ Web Edition ;
; Revision Name                      ; COPE                                         ;
; Top-level Entity Name              ; ALU                                          ;
; Family                             ; Cyclone III                                  ;
; Device                             ; EP3C120F780C8                                ;
; Timing Models                      ; Final                                        ;
; Total logic elements               ; 542 / 119,088 ( < 1 % )                      ;
;     Total combinational functions  ; 542 / 119,088 ( < 1 % )                      ;
;     Dedicated logic registers      ; 0 / 119,088 ( 0 % )                          ;
; Total registers                    ; 0                                            ;
; Total pins                         ; 100 / 532 ( 19 % )                           ;
; Total virtual pins                 ; 0                                            ;
; Total memory bits                  ; 0 / 3,981,312 ( 0 % )                        ;
; Embedded Multiplier 9-bit elements ; 0 / 576 ( 0 % )                              ;
; Total PLLs                         ; 0 / 4 ( 0 % )                                ;
+------------------------------------+----------------------------------------------+


+------------------------------------------------------------------------------------------------------------------------------------------------------------+
; Fitter Settings                                                                                                                                            ;
+----------------------------------------------------------------------------+---------------------------------------+---------------------------------------+
; Option                                                                     ; Setting                               ; Default Value                         ;
+----------------------------------------------------------------------------+---------------------------------------+---------------------------------------+
; Device                                                                     ; EP3C120F780C8                         ;                                       ;
; Nominal Core Supply Voltage                                                ; 1.2V                                  ;                                       ;
; Minimum Core Junction Temperature                                          ; 0                                     ;                                       ;
; Maximum Core Junction Temperature                                          ; 85                                    ;                                       ;
; Fit Attempts to Skip                                                       ; 0                                     ; 0.0                                   ;
; Use smart compilation                                                      ; Off                                   ; Off                                   ;
; Enable parallel Assembler and TimeQuest Timing Analyzer during compilation ; On                                    ; On                                    ;
; Enable compact report table                                                ; Off                                   ; Off                                   ;
; Use TimeQuest Timing Analyzer                                              ; On                                    ; On                                    ;
; Router Timing Optimization Level                                           ; Normal                                ; Normal                                ;
; Placement Effort Multiplier                                                ; 1.0                                   ; 1.0                                   ;
; Router Effort Multiplier                                                   ; 1.0                                   ; 1.0                                   ;
; Optimize Hold Timing                                                       ; All Paths                             ; All Paths                             ;
; Optimize Multi-Corner Timing                                               ; Off                                   ; Off                                   ;
; PowerPlay Power Optimization                                               ; Normal compilation                    ; Normal compilation                    ;
; SSN Optimization                                                           ; Off                                   ; Off                                   ;
; Optimize Timing                                                            ; Normal compilation                    ; Normal compilation                    ;
; Optimize Timing for ECOs                                                   ; Off                                   ; Off                                   ;
; Regenerate full fit report during ECO compiles                             ; Off                                   ; Off                                   ;
; Optimize IOC Register Placement for Timing                                 ; On                                    ; On                                    ;
; Limit to One Fitting Attempt                                               ; Off                                   ; Off                                   ;
; Final Placement Optimizations                                              ; Automatically                         ; Automatically                         ;
; Fitter Aggressive Routability Optimizations                                ; Automatically                         ; Automatically                         ;
; Fitter Initial Placement Seed                                              ; 1                                     ; 1                                     ;
; PCI I/O                                                                    ; Off                                   ; Off                                   ;
; Weak Pull-Up Resistor                                                      ; Off                                   ; Off                                   ;
; Enable Bus-Hold Circuitry                                                  ; Off                                   ; Off                                   ;
; Auto Packed Registers                                                      ; Auto                                  ; Auto                                  ;
; Auto Delay Chains                                                          ; On                                    ; On                                    ;
; Allow Single-ended Buffer for Differential-XSTL Input                      ; Off                                   ; Off                                   ;
; Treat Bidirectional Pin as Output Pin                                      ; Off                                   ; Off                                   ;
; Auto Merge PLLs                                                            ; On                                    ; On                                    ;
; Perform Physical Synthesis for Combinational Logic for Fitting             ; Off                                   ; Off                                   ;
; Perform Physical Synthesis for Combinational Logic for Performance         ; Off                                   ; Off                                   ;
; Perform Register Duplication for Performance                               ; Off                                   ; Off                                   ;
; Perform Logic to Memory Mapping for Fitting                                ; Off                                   ; Off                                   ;
; Perform Register Retiming for Performance                                  ; Off                                   ; Off                                   ;
; Perform Asynchronous Signal Pipelining                                     ; Off                                   ; Off                                   ;
; Fitter Effort                                                              ; Auto Fit                              ; Auto Fit                              ;
; Physical Synthesis Effort Level                                            ; Normal                                ; Normal                                ;
; Logic Cell Insertion - Logic Duplication                                   ; Auto                                  ; Auto                                  ;
; Auto Register Duplication                                                  ; Auto                                  ; Auto                                  ;
; Auto Global Clock                                                          ; On                                    ; On                                    ;
; Auto Global Register Control Signals                                       ; On                                    ; On                                    ;
; Reserve all unused pins                                                    ; As input tri-stated with weak pull-up ; As input tri-stated with weak pull-up ;
; Stop After Congestion Map Generation                                       ; Off                                   ; Off                                   ;
; Save Intermediate Fitting Results                                          ; Off                                   ; Off                                   ;
; Synchronizer Identification                                                ; Off                                   ; Off                                   ;
; Enable Beneficial Skew Optimization                                        ; On                                    ; On                                    ;
; Optimize Design for Metastability                                          ; On                                    ; On                                    ;
; Force Fitter to Avoid Periphery Placement Warnings                         ; Off                                   ; Off                                   ;
; Use Best Effort Settings for Compilation                                   ; Off                                   ; Off                                   ;
+----------------------------------------------------------------------------+---------------------------------------+---------------------------------------+


Parallel compilation was disabled, but you have multiple processors available. Enable parallel compilation to reduce compilation time.
+-------------------------------------+
; Parallel Compilation                ;
+----------------------------+--------+
; Processors                 ; Number ;
+----------------------------+--------+
; Number detected on machine ; 14     ;
; Maximum allowed            ; 1      ;
+----------------------------+--------+


+--------------------------------------------+
; I/O Assignment Warnings                    ;
+------------+-------------------------------+
; Pin Name   ; Reason                        ;
+------------+-------------------------------+
; output[31] ; Incomplete set of assignments ;
; output[30] ; Incomplete set of assignments ;
; output[29] ; Incomplete set of assignments ;
; output[28] ; Incomplete set of assignments ;
; output[27] ; Incomplete set of assignments ;
; output[26] ; Incomplete set of assignments ;
; output[25] ; Incomplete set of assignments ;
; output[24] ; Incomplete set of assignments ;
; output[23] ; Incomplete set of assignments ;
; output[22] ; Incomplete set of assignments ;
; output[21] ; Incomplete set of assignments ;
; output[20] ; Incomplete set of assignments ;
; output[19] ; Incomplete set of assignments ;
; output[18] ; Incomplete set of assignments ;
; output[17] ; Incomplete set of assignments ;
; output[16] ; Incomplete set of assignments ;
; output[15] ; Incomplete set of assignments ;
; output[14] ; Incomplete set of assignments ;
; output[13] ; Incomplete set of assignments ;
; output[12] ; Incomplete set of assignments ;
; output[11] ; Incomplete set of assignments ;
; output[10] ; Incomplete set of assignments ;
; output[9]  ; Incomplete set of assignments ;
; output[8]  ; Incomplete set of assignments ;
; output[7]  ; Incomplete set of assignments ;
; output[6]  ; Incomplete set of assignments ;
; output[5]  ; Incomplete set of assignments ;
; output[4]  ; Incomplete set of assignments ;
; output[3]  ; Incomplete set of assignments ;
; output[2]  ; Incomplete set of assignments ;
; output[1]  ; Incomplete set of assignments ;
; output[0]  ; Incomplete set of assignments ;
; a[31]      ; Incomplete set of assignments ;
; op[1]      ; Incomplete set of assignments ;
; op[0]      ; Incomplete set of assignments ;
; op[2]      ; Incomplete set of assignments ;
; op[3]      ; Incomplete set of assignments ;
; b[31]      ; Incomplete set of assignments ;
; a[16]      ; Incomplete set of assignments ;
; a[17]      ; Incomplete set of assignments ;
; b[0]       ; Incomplete set of assignments ;
; a[18]      ; Incomplete set of assignments ;
; a[19]      ; Incomplete set of assignments ;
; b[1]       ; Incomplete set of assignments ;
; a[20]      ; Incomplete set of assignments ;
; a[21]      ; Incomplete set of assignments ;
; a[22]      ; Incomplete set of assignments ;
; a[23]      ; Incomplete set of assignments ;
; b[2]       ; Incomplete set of assignments ;
; a[30]      ; Incomplete set of assignments ;
; a[28]      ; Incomplete set of assignments ;
; a[29]      ; Incomplete set of assignments ;
; a[24]      ; Incomplete set of assignments ;
; a[25]      ; Incomplete set of assignments ;
; a[26]      ; Incomplete set of assignments ;
; a[27]      ; Incomplete set of assignments ;
; b[3]       ; Incomplete set of assignments ;
; b[4]       ; Incomplete set of assignments ;
; a[0]       ; Incomplete set of assignments ;
; a[1]       ; Incomplete set of assignments ;
; a[2]       ; Incomplete set of assignments ;
; a[3]       ; Incomplete set of assignments ;
; a[4]       ; Incomplete set of assignments ;
; a[5]       ; Incomplete set of assignments ;
; a[6]       ; Incomplete set of assignments ;
; a[7]       ; Incomplete set of assignments ;
; a[8]       ; Incomplete set of assignments ;
; a[9]       ; Incomplete set of assignments ;
; a[10]      ; Incomplete set of assignments ;
; a[11]      ; Incomplete set of assignments ;
; a[12]      ; Incomplete set of assignments ;
; a[13]      ; Incomplete set of assignments ;
; a[14]      ; Incomplete set of assignments ;
; a[15]      ; Incomplete set of assignments ;
; b[30]      ; Incomplete set of assignments ;
; b[29]      ; Incomplete set of assignments ;
; b[28]      ; Incomplete set of assignments ;
; b[27]      ; Incomplete set of assignments ;
; b[26]      ; Incomplete set of assignments ;
; b[25]      ; Incomplete set of assignments ;
; b[24]      ; Incomplete set of assignments ;
; b[23]      ; Incomplete set of assignments ;
; b[22]      ; Incomplete set of assignments ;
; b[21]      ; Incomplete set of assignments ;
; b[20]      ; Incomplete set of assignments ;
; b[19]      ; Incomplete set of assignments ;
; b[18]      ; Incomplete set of assignments ;
; b[17]      ; Incomplete set of assignments ;
; b[16]      ; Incomplete set of assignments ;
; b[15]      ; Incomplete set of assignments ;
; b[14]      ; Incomplete set of assignments ;
; b[13]      ; Incomplete set of assignments ;
; b[12]      ; Incomplete set of assignments ;
; b[11]      ; Incomplete set of assignments ;
; b[10]      ; Incomplete set of assignments ;
; b[9]       ; Incomplete set of assignments ;
; b[8]       ; Incomplete set of assignments ;
; b[7]       ; Incomplete set of assignments ;
; b[6]       ; Incomplete set of assignments ;
; b[5]       ; Incomplete set of assignments ;
+------------+-------------------------------+


+----------------------------------------------+
; Incremental Compilation Preservation Summary ;
+-------------------------+--------------------+
; Type                    ; Value              ;
+-------------------------+--------------------+
; Netlist                 ;                    ;
;     -- Requested        ; 0 / 0 ( 0.00 % )   ;
;     -- Achieved         ; 0 / 0 ( 0.00 % )   ;
;                         ;                    ;
; Placement               ;                    ;
;     -- Requested        ; 0 / 753 ( 0.00 % ) ;
;     -- Achieved         ; 0 / 753 ( 0.00 % ) ;
;                         ;                    ;
; Routing (by Connection) ;                    ;
;     -- Requested        ; 0 / 0 ( 0.00 % )   ;
;     -- Achieved         ; 0 / 0 ( 0.00 % )   ;
+-------------------------+--------------------+


+--------------------------------------------------------------------------------------------------------------------------------------------------+
; Incremental Compilation Partition Settings                                                                                                       ;
+----------------+----------------+-------------------+-------------------------+------------------------+------------------------------+----------+
; Partition Name ; Partition Type ; Netlist Type Used ; Preservation Level Used ; Netlist Type Requested ; Preservation Level Requested ; Contents ;
+----------------+----------------+-------------------+-------------------------+------------------------+------------------------------+----------+
; Top            ; User-created   ; Source File       ; N/A                     ; Source File            ; N/A                          ;          ;
+----------------+----------------+-------------------+-------------------------+------------------------+------------------------------+----------+


+--------------------------------------------------------------------------------------------+
; Incremental Compilation Placement Preservation                                             ;
+----------------+---------+-------------------+-------------------------+-------------------+
; Partition Name ; # Nodes ; # Preserved Nodes ; Preservation Level Used ; Netlist Type Used ;
+----------------+---------+-------------------+-------------------------+-------------------+
; Top            ; 753     ; 0                 ; N/A                     ; Source File       ;
+----------------+---------+-------------------+-------------------------+-------------------+


+--------------+
; Pin-Out File ;
+--------------+
The pin-out file can be found in D:/杂项/学校/大学/课内/作业/计组实践/本体/COPE.pin.


+-----------------------------------------------------------------------+
; Fitter Resource Usage Summary                                         ;
+---------------------------------------------+-------------------------+
; Resource                                    ; Usage                   ;
+---------------------------------------------+-------------------------+
; Total logic elements                        ; 542 / 119,088 ( < 1 % ) ;
;     -- Combinational with no register       ; 542                     ;
;     -- Register only                        ; 0                       ;
;     -- Combinational with a register        ; 0                       ;
;                                             ;                         ;
; Logic element usage by number of LUT inputs ;                         ;
;     -- 4 input functions                    ; 301                     ;
;     -- 3 input functions                    ; 214                     ;
;     -- <=2 input functions                  ; 27                      ;
;     -- Register only                        ; 0                       ;
;                                             ;                         ;
; Logic elements by mode                      ;                         ;
;     -- normal mode                          ; 509                     ;
;     -- arithmetic mode                      ; 33                      ;
;                                             ;                         ;
; Total registers*                            ; 0 / 121,673 ( 0 % )     ;
;     -- Dedicated logic registers            ; 0 / 119,088 ( 0 % )     ;
;     -- I/O registers                        ; 0 / 2,585 ( 0 % )       ;
;                                             ;                         ;
; Total LABs:  partially or completely used   ; 37 / 7,443 ( < 1 % )    ;
; User inserted logic elements                ; 0                       ;
; Virtual pins                                ; 0                       ;
; I/O pins                                    ; 100 / 532 ( 19 % )      ;
;     -- Clock pins                           ; 1 / 8 ( 13 % )          ;
;     -- Dedicated input pins                 ; 0 / 9 ( 0 % )           ;
; Global signals                              ; 0                       ;
; M9Ks                                        ; 0 / 432 ( 0 % )         ;
; Total block memory bits                     ; 0 / 3,981,312 ( 0 % )   ;
; Total block memory implementation bits      ; 0 / 3,981,312 ( 0 % )   ;
; Embedded Multiplier 9-bit elements          ; 0 / 576 ( 0 % )         ;
; PLLs                                        ; 0 / 4 ( 0 % )           ;
; Global clocks                               ; 0 / 20 ( 0 % )          ;
; JTAGs                                       ; 0 / 1 ( 0 % )           ;
; CRC blocks                                  ; 0 / 1 ( 0 % )           ;
; ASMI blocks                                 ; 0 / 1 ( 0 % )           ;
; Impedance control blocks                    ; 0 / 4 ( 0 % )           ;
; Average interconnect usage (total/H/V)      ; 0% / 0% / 0%            ;
; Peak interconnect usage (total/H/V)         ; 8% / 6% / 11%           ;
; Maximum fan-out node                        ; inst15~0                ;
; Maximum fan-out                             ; 127                     ;
; Highest non-global fan-out signal           ; inst15~0                ;
; Highest non-global fan-out                  ; 127                     ;
; Total fan-out                               ; 2035                    ;
; Average fan-out                             ; 2.71                    ;
+---------------------------------------------+-------------------------+
*  Register count does not include registers inside RAM blocks or DSP blocks.



+----------------------------------------------------------------------------------------------------------------------------------------------------------------------------------------------------------------------------------------------------------------------------+
; Input Pins                                                                                                                                                                                                                                                                 ;
+-------+-------+----------+--------------+--------------+--------------+-----------------------+--------------------+--------+----------------+---------------+-----------------+----------+--------------+--------------+---------------------------+----------------------+
; Name  ; Pin # ; I/O Bank ; X coordinate ; Y coordinate ; Z coordinate ; Combinational Fan-Out ; Registered Fan-Out ; Global ; Input Register ; Power Up High ; PCI I/O Enabled ; Bus Hold ; Weak Pull Up ; I/O Standard ; Termination Control Block ; Location assigned by ;
+-------+-------+----------+--------------+--------------+--------------+-----------------------+--------------------+--------+----------------+---------------+-----------------+----------+--------------+--------------+---------------------------+----------------------+
; a[0]  ; AB16  ; 4        ; 65           ; 0            ; 0            ; 12                    ; 0                  ; no     ; no             ; no            ; yes             ; no       ; Off          ; 2.5 V        ; --                        ; Fitter               ;
; a[10] ; AF12  ; 3        ; 33           ; 0            ; 0            ; 7                     ; 0                  ; no     ; no             ; no            ; yes             ; no       ; Off          ; 2.5 V        ; --                        ; Fitter               ;
; a[11] ; U4    ; 2        ; 0            ; 34           ; 14           ; 8                     ; 0                  ; no     ; no             ; no            ; yes             ; no       ; Off          ; 2.5 V        ; --                        ; Fitter               ;
; a[12] ; AH11  ; 3        ; 40           ; 0            ; 14           ; 7                     ; 0                  ; no     ; no             ; no            ; yes             ; no       ; Off          ; 2.5 V        ; --                        ; Fitter               ;
; a[13] ; R28   ; 5        ; 115          ; 34           ; 21           ; 7                     ; 0                  ; no     ; no             ; no            ; yes             ; no       ; Off          ; 2.5 V        ; --                        ; Fitter               ;
; a[14] ; R7    ; 2        ; 0            ; 35           ; 14           ; 7                     ; 0                  ; no     ; no             ; no            ; yes             ; no       ; Off          ; 2.5 V        ; --                        ; Fitter               ;
; a[15] ; AD15  ; 4        ; 60           ; 0            ; 14           ; 7                     ; 0                  ; no     ; no             ; no            ; yes             ; no       ; Off          ; 2.5 V        ; --                        ; Fitter               ;
; a[16] ; B12   ; 8        ; 47           ; 73           ; 7            ; 8                     ; 0                  ; no     ; no             ; no            ; yes             ; no       ; Off          ; 2.5 V        ; --                        ; Fitter               ;
; a[17] ; C13   ; 8        ; 54           ; 73           ; 0            ; 6                     ; 0                  ; no     ; no             ; no            ; yes             ; no       ; Off          ; 2.5 V        ; --                        ; Fitter               ;
; a[18] ; E18   ; 7        ; 87           ; 73           ; 7            ; 8                     ; 0                  ; no     ; no             ; no            ; yes             ; no       ; Off          ; 2.5 V        ; --                        ; Fitter               ;
; a[19] ; U1    ; 2        ; 0            ; 30           ; 7            ; 6                     ; 0                  ; no     ; no             ; no            ; yes             ; no       ; Off          ; 2.5 V        ; --                        ; Fitter               ;
; a[1]  ; U2    ; 2        ; 0            ; 30           ; 0            ; 8                     ; 0                  ; no     ; no             ; no            ; yes             ; no       ; Off          ; 2.5 V        ; --                        ; Fitter               ;
; a[20] ; J14   ; 8        ; 49           ; 73           ; 21           ; 7                     ; 0                  ; no     ; no             ; no            ; yes             ; no       ; Off          ; 2.5 V        ; --                        ; Fitter               ;
; a[21] ; AH12  ; 3        ; 54           ; 0            ; 0            ; 7                     ; 0                  ; no     ; no             ; no            ; yes             ; no       ; Off          ; 2.5 V        ; --                        ; Fitter               ;
; a[22] ; AF14  ; 3        ; 49           ; 0            ; 14           ; 7                     ; 0                  ; no     ; no             ; no            ; yes             ; no       ; Off          ; 2.5 V        ; --                        ; Fitter               ;
; a[23] ; AF13  ; 3        ; 42           ; 0            ; 14           ; 7                     ; 0                  ; no     ; no             ; no            ; yes             ; no       ; Off          ; 2.5 V        ; --                        ; Fitter               ;
; a[24] ; E14   ; 8        ; 45           ; 73           ; 7            ; 8                     ; 0                  ; no     ; no             ; no            ; yes             ; no       ; Off          ; 2.5 V        ; --                        ; Fitter               ;
; a[25] ; W2    ; 2        ; 0            ; 26           ; 14           ; 6                     ; 0                  ; no     ; no             ; no            ; yes             ; no       ; Off          ; 2.5 V        ; --                        ; Fitter               ;
; a[26] ; Y15   ; 3        ; 56           ; 0            ; 0            ; 8                     ; 0                  ; no     ; no             ; no            ; yes             ; no       ; Off          ; 2.5 V        ; --                        ; Fitter               ;
; a[27] ; AF11  ; 3        ; 35           ; 0            ; 14           ; 8                     ; 0                  ; no     ; no             ; no            ; yes             ; no       ; Off          ; 2.5 V        ; --                        ; Fitter               ;
; a[28] ; T21   ; 5        ; 115          ; 32           ; 0            ; 8                     ; 0                  ; no     ; no             ; no            ; yes             ; no       ; Off          ; 2.5 V        ; --                        ; Fitter               ;
; a[29] ; AD12  ; 3        ; 47           ; 0            ; 0            ; 8                     ; 0                  ; no     ; no             ; no            ; yes             ; no       ; Off          ; 2.5 V        ; --                        ; Fitter               ;
; a[2]  ; D13   ; 8        ; 54           ; 73           ; 7            ; 7                     ; 0                  ; no     ; no             ; no            ; yes             ; no       ; Off          ; 2.5 V        ; --                        ; Fitter               ;
; a[30] ; AE16  ; 4        ; 65           ; 0            ; 21           ; 12                    ; 0                  ; no     ; no             ; no            ; yes             ; no       ; Off          ; 2.5 V        ; --                        ; Fitter               ;
; a[31] ; AG15  ; 4        ; 58           ; 0            ; 7            ; 36                    ; 0                  ; no     ; no             ; no            ; yes             ; no       ; Off          ; 2.5 V        ; --                        ; Fitter               ;
; a[3]  ; AF15  ; 4        ; 60           ; 0            ; 0            ; 7                     ; 0                  ; no     ; no             ; no            ; yes             ; no       ; Off          ; 2.5 V        ; --                        ; Fitter               ;
; a[4]  ; AD11  ; 3        ; 49           ; 0            ; 0            ; 8                     ; 0                  ; no     ; no             ; no            ; yes             ; no       ; Off          ; 2.5 V        ; --                        ; Fitter               ;
; a[5]  ; T4    ; 2        ; 0            ; 33           ; 21           ; 8                     ; 0                  ; no     ; no             ; no            ; yes             ; no       ; Off          ; 2.5 V        ; --                        ; Fitter               ;
; a[6]  ; AG21  ; 4        ; 74           ; 0            ; 7            ; 7                     ; 0                  ; no     ; no             ; no            ; yes             ; no       ; Off          ; 2.5 V        ; --                        ; Fitter               ;
; a[7]  ; AG17  ; 4        ; 62           ; 0            ; 21           ; 8                     ; 0                  ; no     ; no             ; no            ; yes             ; no       ; Off          ; 2.5 V        ; --                        ; Fitter               ;
; a[8]  ; D12   ; 8        ; 52           ; 73           ; 21           ; 7                     ; 0                  ; no     ; no             ; no            ; yes             ; no       ; Off          ; 2.5 V        ; --                        ; Fitter               ;
; a[9]  ; AB12  ; 3        ; 45           ; 0            ; 14           ; 8                     ; 0                  ; no     ; no             ; no            ; yes             ; no       ; Off          ; 2.5 V        ; --                        ; Fitter               ;
; b[0]  ; D15   ; 7        ; 58           ; 73           ; 21           ; 69                    ; 0                  ; no     ; no             ; no            ; yes             ; no       ; Off          ; 2.5 V        ; --                        ; Fitter               ;
; b[10] ; AC12  ; 3        ; 45           ; 0            ; 21           ; 3                     ; 0                  ; no     ; no             ; no            ; yes             ; no       ; Off          ; 2.5 V        ; --                        ; Fitter               ;
; b[11] ; AE12  ; 3        ; 33           ; 0            ; 7            ; 4                     ; 0                  ; no     ; no             ; no            ; yes             ; no       ; Off          ; 2.5 V        ; --                        ; Fitter               ;
; b[12] ; U27   ; 5        ; 115          ; 29           ; 7            ; 3                     ; 0                  ; no     ; no             ; no            ; yes             ; no       ; Off          ; 2.5 V        ; --                        ; Fitter               ;
; b[13] ; Y13   ; 3        ; 52           ; 0            ; 7            ; 3                     ; 0                  ; no     ; no             ; no            ; yes             ; no       ; Off          ; 2.5 V        ; --                        ; Fitter               ;
; b[14] ; AA14  ; 3        ; 54           ; 0            ; 21           ; 3                     ; 0                  ; no     ; no             ; no            ; yes             ; no       ; Off          ; 2.5 V        ; --                        ; Fitter               ;
; b[15] ; T25   ; 5        ; 115          ; 31           ; 0            ; 3                     ; 0                  ; no     ; no             ; no            ; yes             ; no       ; Off          ; 2.5 V        ; --                        ; Fitter               ;
; b[16] ; AC14  ; 3        ; 56           ; 0            ; 21           ; 4                     ; 0                  ; no     ; no             ; no            ; yes             ; no       ; Off          ; 2.5 V        ; --                        ; Fitter               ;
; b[17] ; AC11  ; 3        ; 49           ; 0            ; 7            ; 2                     ; 0                  ; no     ; no             ; no            ; yes             ; no       ; Off          ; 2.5 V        ; --                        ; Fitter               ;
; b[18] ; AF20  ; 4        ; 85           ; 0            ; 14           ; 4                     ; 0                  ; no     ; no             ; no            ; yes             ; no       ; Off          ; 2.5 V        ; --                        ; Fitter               ;
; b[19] ; B11   ; 8        ; 42           ; 73           ; 7            ; 2                     ; 0                  ; no     ; no             ; no            ; yes             ; no       ; Off          ; 2.5 V        ; --                        ; Fitter               ;
; b[1]  ; AF10  ; 3        ; 29           ; 0            ; 14           ; 66                    ; 0                  ; no     ; no             ; no            ; yes             ; no       ; Off          ; 2.5 V        ; --                        ; Fitter               ;
; b[20] ; AE14  ; 3        ; 49           ; 0            ; 21           ; 3                     ; 0                  ; no     ; no             ; no            ; yes             ; no       ; Off          ; 2.5 V        ; --                        ; Fitter               ;
; b[21] ; AF17  ; 4        ; 67           ; 0            ; 0            ; 3                     ; 0                  ; no     ; no             ; no            ; yes             ; no       ; Off          ; 2.5 V        ; --                        ; Fitter               ;
; b[22] ; AB13  ; 3        ; 47           ; 0            ; 7            ; 3                     ; 0                  ; no     ; no             ; no            ; yes             ; no       ; Off          ; 2.5 V        ; --                        ; Fitter               ;
; b[23] ; AH10  ; 3        ; 31           ; 0            ; 0            ; 3                     ; 0                  ; no     ; no             ; no            ; yes             ; no       ; Off          ; 2.5 V        ; --                        ; Fitter               ;
; b[24] ; AF16  ; 4        ; 65           ; 0            ; 14           ; 4                     ; 0                  ; no     ; no             ; no            ; yes             ; no       ; Off          ; 2.5 V        ; --                        ; Fitter               ;
; b[25] ; AA13  ; 3        ; 52           ; 0            ; 0            ; 2                     ; 0                  ; no     ; no             ; no            ; yes             ; no       ; Off          ; 2.5 V        ; --                        ; Fitter               ;
; b[26] ; R2    ; 2        ; 0            ; 35           ; 0            ; 4                     ; 0                  ; no     ; no             ; no            ; yes             ; no       ; Off          ; 2.5 V        ; --                        ; Fitter               ;
; b[27] ; AA16  ; 4        ; 65           ; 0            ; 7            ; 4                     ; 0                  ; no     ; no             ; no            ; yes             ; no       ; Off          ; 2.5 V        ; --                        ; Fitter               ;
; b[28] ; AC17  ; 4        ; 74           ; 0            ; 21           ; 4                     ; 0                  ; no     ; no             ; no            ; yes             ; no       ; Off          ; 2.5 V        ; --                        ; Fitter               ;
; b[29] ; AB14  ; 3        ; 54           ; 0            ; 14           ; 4                     ; 0                  ; no     ; no             ; no            ; yes             ; no       ; Off          ; 2.5 V        ; --                        ; Fitter               ;
; b[2]  ; AC10  ; 3        ; 38           ; 0            ; 0            ; 60                    ; 0                  ; no     ; no             ; no            ; yes             ; no       ; Off          ; 2.5 V        ; --                        ; Fitter               ;
; b[30] ; J12   ; 8        ; 40           ; 73           ; 7            ; 4                     ; 0                  ; no     ; no             ; no            ; yes             ; no       ; Off          ; 2.5 V        ; --                        ; Fitter               ;
; b[31] ; V3    ; 2        ; 0            ; 29           ; 21           ; 4                     ; 0                  ; no     ; no             ; no            ; yes             ; no       ; Off          ; 2.5 V        ; --                        ; Fitter               ;
; b[3]  ; AG12  ; 3        ; 54           ; 0            ; 7            ; 59                    ; 0                  ; no     ; no             ; no            ; yes             ; no       ; Off          ; 2.5 V        ; --                        ; Fitter               ;
; b[4]  ; A12   ; 8        ; 47           ; 73           ; 0            ; 75                    ; 0                  ; no     ; no             ; no            ; yes             ; no       ; Off          ; 2.5 V        ; --                        ; Fitter               ;
; b[5]  ; Y12   ; 3        ; 52           ; 0            ; 21           ; 4                     ; 0                  ; no     ; no             ; no            ; yes             ; no       ; Off          ; 2.5 V        ; --                        ; Fitter               ;
; b[6]  ; U21   ; 5        ; 115          ; 29           ; 0            ; 3                     ; 0                  ; no     ; no             ; no            ; yes             ; no       ; Off          ; 2.5 V        ; --                        ; Fitter               ;
; b[7]  ; V4    ; 2        ; 0            ; 29           ; 14           ; 4                     ; 0                  ; no     ; no             ; no            ; yes             ; no       ; Off          ; 2.5 V        ; --                        ; Fitter               ;
; b[8]  ; C15   ; 7        ; 58           ; 73           ; 14           ; 3                     ; 0                  ; no     ; no             ; no            ; yes             ; no       ; Off          ; 2.5 V        ; --                        ; Fitter               ;
; b[9]  ; Y22   ; 5        ; 115          ; 30           ; 7            ; 4                     ; 0                  ; no     ; no             ; no            ; yes             ; no       ; Off          ; 2.5 V        ; --                        ; Fitter               ;
; op[0] ; W22   ; 5        ; 115          ; 30           ; 0            ; 39                    ; 0                  ; no     ; no             ; no            ; yes             ; no       ; Off          ; 2.5 V        ; --                        ; Fitter               ;
; op[1] ; AH15  ; 4        ; 58           ; 0            ; 0            ; 37                    ; 0                  ; no     ; no             ; no            ; yes             ; no       ; Off          ; 2.5 V        ; --                        ; Fitter               ;
; op[2] ; AD14  ; 3        ; 56           ; 0            ; 14           ; 39                    ; 0                  ; no     ; no             ; no            ; yes             ; no       ; Off          ; 2.5 V        ; --                        ; Fitter               ;
; op[3] ; H14   ; 8        ; 49           ; 73           ; 14           ; 3                     ; 0                  ; no     ; no             ; no            ; yes             ; no       ; Off          ; 2.5 V        ; --                        ; Fitter               ;
+-------+-------+----------+--------------+--------------+--------------+-----------------------+--------------------+--------+----------------+---------------+-----------------+----------+--------------+--------------+---------------------------+----------------------+


+--------------------------------------------------------------------------------------------------------------------------------------------------------------------------------------------------------------------------------------------------------------------------------------------------------------------------------------------------------------------------------------------------------------------------------------------------------------------+
; Output Pins                                                                                                                                                                                                                                                                                                                                                                                                                                                        ;
+------------+-------+----------+--------------+--------------+--------------+-----------------+------------------------+---------------+-----------+-----------------+------------+---------------+----------+--------------+--------------+------------------+-----------------------------------+---------------------------+----------------------------+-----------------------------+----------------------+------+----------------------+---------------------+
; Name       ; Pin # ; I/O Bank ; X coordinate ; Y coordinate ; Z coordinate ; Output Register ; Output Enable Register ; Power Up High ; Slew Rate ; PCI I/O Enabled ; Open Drain ; TRI Primitive ; Bus Hold ; Weak Pull Up ; I/O Standard ; Current Strength ; Termination                       ; Termination Control Block ; Output Buffer Pre-emphasis ; Voltage Output Differential ; Location assigned by ; Load ; Output Enable Source ; Output Enable Group ;
+------------+-------+----------+--------------+--------------+--------------+-----------------+------------------------+---------------+-----------+-----------------+------------+---------------+----------+--------------+--------------+------------------+-----------------------------------+---------------------------+----------------------------+-----------------------------+----------------------+------+----------------------+---------------------+
; output[0]  ; AE13  ; 3        ; 42           ; 0            ; 21           ; no              ; no                     ; no            ; 2         ; no              ; no         ; no            ; no       ; Off          ; 2.5 V        ; Default          ; Series 50 Ohm without Calibration ; --                        ; no                         ; no                          ; Fitter               ; 0 pF ; -                    ; -                   ;
; output[10] ; R3    ; 2        ; 0            ; 34           ; 21           ; no              ; no                     ; no            ; 2         ; no              ; no         ; no            ; no       ; Off          ; 2.5 V        ; Default          ; Series 50 Ohm without Calibration ; --                        ; no                         ; no                          ; Fitter               ; 0 pF ; -                    ; -                   ;
; output[11] ; F14   ; 8        ; 45           ; 73           ; 0            ; no              ; no                     ; no            ; 2         ; no              ; no         ; no            ; no       ; Off          ; 2.5 V        ; Default          ; Series 50 Ohm without Calibration ; --                        ; no                         ; no                          ; Fitter               ; 0 pF ; -                    ; -                   ;
; output[12] ; AB1   ; 2        ; 0            ; 27           ; 21           ; no              ; no                     ; no            ; 2         ; no              ; no         ; no            ; no       ; Off          ; 2.5 V        ; Default          ; Series 50 Ohm without Calibration ; --                        ; no                         ; no                          ; Fitter               ; 0 pF ; -                    ; -                   ;
; output[13] ; R1    ; 2        ; 0            ; 35           ; 7            ; no              ; no                     ; no            ; 2         ; no              ; no         ; no            ; no       ; Off          ; 2.5 V        ; Default          ; Series 50 Ohm without Calibration ; --                        ; no                         ; no                          ; Fitter               ; 0 pF ; -                    ; -                   ;
; output[14] ; AC15  ; 4        ; 60           ; 0            ; 21           ; no              ; no                     ; no            ; 2         ; no              ; no         ; no            ; no       ; Off          ; 2.5 V        ; Default          ; Series 50 Ohm without Calibration ; --                        ; no                         ; no                          ; Fitter               ; 0 pF ; -                    ; -                   ;
; output[15] ; C12   ; 8        ; 52           ; 73           ; 14           ; no              ; no                     ; no            ; 2         ; no              ; no         ; no            ; no       ; Off          ; 2.5 V        ; Default          ; Series 50 Ohm without Calibration ; --                        ; no                         ; no                          ; Fitter               ; 0 pF ; -                    ; -                   ;
; output[16] ; AH18  ; 4        ; 69           ; 0            ; 0            ; no              ; no                     ; no            ; 2         ; no              ; no         ; no            ; no       ; Off          ; 2.5 V        ; Default          ; Series 50 Ohm without Calibration ; --                        ; no                         ; no                          ; Fitter               ; 0 pF ; -                    ; -                   ;
; output[17] ; R6    ; 2        ; 0            ; 34           ; 0            ; no              ; no                     ; no            ; 2         ; no              ; no         ; no            ; no       ; Off          ; 2.5 V        ; Default          ; Series 50 Ohm without Calibration ; --                        ; no                         ; no                          ; Fitter               ; 0 pF ; -                    ; -                   ;
; output[18] ; AE15  ; 4        ; 60           ; 0            ; 7            ; no              ; no                     ; no            ; 2         ; no              ; no         ; no            ; no       ; Off          ; 2.5 V        ; Default          ; Series 50 Ohm without Calibration ; --                        ; no                         ; no                          ; Fitter               ; 0 pF ; -                    ; -                   ;
; output[19] ; AE17  ; 4        ; 67           ; 0            ; 7            ; no              ; no                     ; no            ; 2         ; no              ; no         ; no            ; no       ; Off          ; 2.5 V        ; Default          ; Series 50 Ohm without Calibration ; --                        ; no                         ; no                          ; Fitter               ; 0 pF ; -                    ; -                   ;
; output[1]  ; AH23  ; 4        ; 81           ; 0            ; 14           ; no              ; no                     ; no            ; 2         ; no              ; no         ; no            ; no       ; Off          ; 2.5 V        ; Default          ; Series 50 Ohm without Calibration ; --                        ; no                         ; no                          ; Fitter               ; 0 pF ; -                    ; -                   ;
; output[20] ; C14   ; 8        ; 52           ; 73           ; 0            ; no              ; no                     ; no            ; 2         ; no              ; no         ; no            ; no       ; Off          ; 2.5 V        ; Default          ; Series 50 Ohm without Calibration ; --                        ; no                         ; no                          ; Fitter               ; 0 pF ; -                    ; -                   ;
; output[21] ; E15   ; 7        ; 58           ; 73           ; 7            ; no              ; no                     ; no            ; 2         ; no              ; no         ; no            ; no       ; Off          ; 2.5 V        ; Default          ; Series 50 Ohm without Calibration ; --                        ; no                         ; no                          ; Fitter               ; 0 pF ; -                    ; -                   ;
; output[22] ; A11   ; 8        ; 42           ; 73           ; 0            ; no              ; no                     ; no            ; 2         ; no              ; no         ; no            ; no       ; Off          ; 2.5 V        ; Default          ; Series 50 Ohm without Calibration ; --                        ; no                         ; no                          ; Fitter               ; 0 pF ; -                    ; -                   ;
; output[23] ; J13   ; 8        ; 40           ; 73           ; 0            ; no              ; no                     ; no            ; 2         ; no              ; no         ; no            ; no       ; Off          ; 2.5 V        ; Default          ; Series 50 Ohm without Calibration ; --                        ; no                         ; no                          ; Fitter               ; 0 pF ; -                    ; -                   ;
; output[24] ; AH17  ; 4        ; 62           ; 0            ; 14           ; no              ; no                     ; no            ; 2         ; no              ; no         ; no            ; no       ; Off          ; 2.5 V        ; Default          ; Series 50 Ohm without Calibration ; --                        ; no                         ; no                          ; Fitter               ; 0 pF ; -                    ; -                   ;
; output[25] ; AA12  ; 3        ; 52           ; 0            ; 14           ; no              ; no                     ; no            ; 2         ; no              ; no         ; no            ; no       ; Off          ; 2.5 V        ; Default          ; Series 50 Ohm without Calibration ; --                        ; no                         ; no                          ; Fitter               ; 0 pF ; -                    ; -                   ;
; output[26] ; AB10  ; 3        ; 38           ; 0            ; 7            ; no              ; no                     ; no            ; 2         ; no              ; no         ; no            ; no       ; Off          ; 2.5 V        ; Default          ; Series 50 Ohm without Calibration ; --                        ; no                         ; no                          ; Fitter               ; 0 pF ; -                    ; -                   ;
; output[27] ; C16   ; 7        ; 62           ; 73           ; 14           ; no              ; no                     ; no            ; 2         ; no              ; no         ; no            ; no       ; Off          ; 2.5 V        ; Default          ; Series 50 Ohm without Calibration ; --                        ; no                         ; no                          ; Fitter               ; 0 pF ; -                    ; -                   ;
; output[28] ; D14   ; 8        ; 52           ; 73           ; 7            ; no              ; no                     ; no            ; 2         ; no              ; no         ; no            ; no       ; Off          ; 2.5 V        ; Default          ; Series 50 Ohm without Calibration ; --                        ; no                         ; no                          ; Fitter               ; 0 pF ; -                    ; -                   ;
; output[29] ; AG11  ; 3        ; 40           ; 0            ; 21           ; no              ; no                     ; no            ; 2         ; no              ; no         ; no            ; no       ; Off          ; 2.5 V        ; Default          ; Series 50 Ohm without Calibration ; --                        ; no                         ; no                          ; Fitter               ; 0 pF ; -                    ; -                   ;
; output[2]  ; R5    ; 2        ; 0            ; 32           ; 21           ; no              ; no                     ; no            ; 2         ; no              ; no         ; no            ; no       ; Off          ; 2.5 V        ; Default          ; Series 50 Ohm without Calibration ; --                        ; no                         ; no                          ; Fitter               ; 0 pF ; -                    ; -                   ;
; output[30] ; T3    ; 2        ; 0            ; 32           ; 14           ; no              ; no                     ; no            ; 2         ; no              ; no         ; no            ; no       ; Off          ; 2.5 V        ; Default          ; Series 50 Ohm without Calibration ; --                        ; no                         ; no                          ; Fitter               ; 0 pF ; -                    ; -                   ;
; output[31] ; Y14   ; 3        ; 56           ; 0            ; 7            ; no              ; no                     ; no            ; 2         ; no              ; no         ; no            ; no       ; Off          ; 2.5 V        ; Default          ; Series 50 Ohm without Calibration ; --                        ; no                         ; no                          ; Fitter               ; 0 pF ; -                    ; -                   ;
; output[3]  ; T7    ; 2        ; 0            ; 31           ; 14           ; no              ; no                     ; no            ; 2         ; no              ; no         ; no            ; no       ; Off          ; 2.5 V        ; Default          ; Series 50 Ohm without Calibration ; --                        ; no                         ; no                          ; Fitter               ; 0 pF ; -                    ; -                   ;
; output[4]  ; F15   ; 7        ; 58           ; 73           ; 0            ; no              ; no                     ; no            ; 2         ; no              ; no         ; no            ; no       ; Off          ; 2.5 V        ; Default          ; Series 50 Ohm without Calibration ; --                        ; no                         ; no                          ; Fitter               ; 0 pF ; -                    ; -                   ;
; output[5]  ; AB2   ; 2        ; 0            ; 27           ; 14           ; no              ; no                     ; no            ; 2         ; no              ; no         ; no            ; no       ; Off          ; 2.5 V        ; Default          ; Series 50 Ohm without Calibration ; --                        ; no                         ; no                          ; Fitter               ; 0 pF ; -                    ; -                   ;
; output[6]  ; V2    ; 2        ; 0            ; 28           ; 14           ; no              ; no                     ; no            ; 2         ; no              ; no         ; no            ; no       ; Off          ; 2.5 V        ; Default          ; Series 50 Ohm without Calibration ; --                        ; no                         ; no                          ; Fitter               ; 0 pF ; -                    ; -                   ;
; output[7]  ; U3    ; 2        ; 0            ; 34           ; 7            ; no              ; no                     ; no            ; 2         ; no              ; no         ; no            ; no       ; Off          ; 2.5 V        ; Default          ; Series 50 Ohm without Calibration ; --                        ; no                         ; no                          ; Fitter               ; 0 pF ; -                    ; -                   ;
; output[8]  ; G14   ; 8        ; 47           ; 73           ; 14           ; no              ; no                     ; no            ; 2         ; no              ; no         ; no            ; no       ; Off          ; 2.5 V        ; Default          ; Series 50 Ohm without Calibration ; --                        ; no                         ; no                          ; Fitter               ; 0 pF ; -                    ; -                   ;
; output[9]  ; R4    ; 2        ; 0            ; 33           ; 14           ; no              ; no                     ; no            ; 2         ; no              ; no         ; no            ; no       ; Off          ; 2.5 V        ; Default          ; Series 50 Ohm without Calibration ; --                        ; no                         ; no                          ; Fitter               ; 0 pF ; -                    ; -                   ;
+------------+-------+----------+--------------+--------------+--------------+-----------------+------------------------+---------------+-----------+-----------------+------------+---------------+----------+--------------+--------------+------------------+-----------------------------------+---------------------------+----------------------------+-----------------------------+----------------------+------+----------------------+---------------------+


+---------------------------------------------------------------------------------------------------------------------------------------+
; Dual Purpose and Dedicated Pins                                                                                                       ;
+----------+------------------------------------------+---------------------------+-------------------------+---------------------------+
; Location ; Pin Name                                 ; Reserved As               ; User Signal Name        ; Pin Type                  ;
+----------+------------------------------------------+---------------------------+-------------------------+---------------------------+
; F4       ; DIFFIO_L5n, DATA1, ASDO                  ; As input tri-stated       ; ~ALTERA_ASDO_DATA1~     ; Dual Purpose Pin          ;
; E2       ; DIFFIO_L8p, FLASH_nCE, nCSO              ; As input tri-stated       ; ~ALTERA_FLASH_nCE_nCSO~ ; Dual Purpose Pin          ;
; M6       ; nSTATUS                                  ; -                         ; -                       ; Dedicated Programming Pin ;
; P3       ; DCLK                                     ; As output driving ground  ; ~ALTERA_DCLK~           ; Dual Purpose Pin          ;
; N7       ; DATA0                                    ; As input tri-stated       ; ~ALTERA_DATA0~          ; Dual Purpose Pin          ;
; P4       ; nCONFIG                                  ; -                         ; -                       ; Dedicated Programming Pin ;
; R8       ; nCE                                      ; -                         ; -                       ; Dedicated Programming Pin ;
; T21      ; DIFFIO_R29p, DEV_CLRn                    ; Use as general purpose IO ; a[28]                   ; Dual Purpose Pin          ;
; P24      ; CONF_DONE                                ; -                         ; -                       ; Dedicated Programming Pin ;
; N22      ; MSEL0                                    ; -                         ; -                       ; Dedicated Programming Pin ;
; P23      ; MSEL1                                    ; -                         ; -                       ; Dedicated Programming Pin ;
; M22      ; MSEL2                                    ; -                         ; -                       ; Dedicated Programming Pin ;
; P22      ; MSEL3                                    ; -                         ; -                       ; Dedicated Programming Pin ;
; P28      ; DIFFIO_R23n, nCEO                        ; Use as programming pin    ; ~ALTERA_nCEO~           ; Dual Purpose Pin          ;
; C16      ; DIFFIO_T36n, PADD9                       ; Use as regular IO         ; output[27]              ; Dual Purpose Pin          ;
; C15      ; DIFFIO_T32n, PADD13                      ; Use as regular IO         ; b[8]                    ; Dual Purpose Pin          ;
; D15      ; DIFFIO_T32p, PADD14                      ; Use as regular IO         ; b[0]                    ; Dual Purpose Pin          ;
; D14      ; DIFFIO_T30p, PADD15                      ; Use as regular IO         ; output[28]              ; Dual Purpose Pin          ;
; C12      ; DIFFIO_T29n, PADD16                      ; Use as regular IO         ; output[15]              ; Dual Purpose Pin          ;
; D12      ; DIFFIO_T29p, PADD17, DQS5T/CQ5T#,DPCLK10 ; Use as regular IO         ; a[8]                    ; Dual Purpose Pin          ;
; A11      ; DIFFIO_T25n, DATA2                       ; Use as regular IO         ; output[22]              ; Dual Purpose Pin          ;
; B11      ; DIFFIO_T25p, DATA3                       ; Use as regular IO         ; b[19]                   ; Dual Purpose Pin          ;
+----------+------------------------------------------+---------------------------+-------------------------+---------------------------+


+------------------------------------------------------------+
; I/O Bank Usage                                             ;
+----------+------------------+---------------+--------------+
; I/O Bank ; Usage            ; VCCIO Voltage ; VREF Voltage ;
+----------+------------------+---------------+--------------+
; 1        ; 4 / 58 ( 7 % )   ; 2.5V          ; --           ;
; 2        ; 20 / 63 ( 32 % ) ; 2.5V          ; --           ;
; 3        ; 31 / 73 ( 42 % ) ; 2.5V          ; --           ;
; 4        ; 19 / 71 ( 27 % ) ; 2.5V          ; --           ;
; 5        ; 7 / 65 ( 11 % )  ; 2.5V          ; --           ;
; 6        ; 1 / 58 ( 2 % )   ; 2.5V          ; --           ;
; 7        ; 6 / 72 ( 8 % )   ; 2.5V          ; --           ;
; 8        ; 17 / 72 ( 24 % ) ; 2.5V          ; --           ;
+----------+------------------+---------------+--------------+


+-----------------------------------------------------------------------------------------------------------------------------------------------------------------------------------------+
; All Package Pins                                                                                                                                                                        ;
+----------+------------+----------+-----------------------------------------------------------+--------+--------------+---------+------------+-----------------+----------+--------------+
; Location ; Pad Number ; I/O Bank ; Pin Name/Usage                                            ; Dir.   ; I/O Standard ; Voltage ; I/O Type   ; User Assignment ; Bus Hold ; Weak Pull Up ;
+----------+------------+----------+-----------------------------------------------------------+--------+--------------+---------+------------+-----------------+----------+--------------+
; A2       ;            ; 8        ; VCCIO8                                                    ; power  ;              ; 2.5V    ; --         ;                 ; --       ; --           ;
; A3       ; 535        ; 8        ; RESERVED_INPUT_WITH_WEAK_PULLUP                           ;        ;              ;         ; Column I/O ;                 ; no       ; On           ;
; A4       ; 532        ; 8        ; RESERVED_INPUT_WITH_WEAK_PULLUP                           ;        ;              ;         ; Column I/O ;                 ; no       ; On           ;
; A5       ;            ; 8        ; VCCIO8                                                    ; power  ;              ; 2.5V    ; --         ;                 ; --       ; --           ;
; A6       ; 504        ; 8        ; RESERVED_INPUT_WITH_WEAK_PULLUP                           ;        ;              ;         ; Column I/O ;                 ; no       ; On           ;
; A7       ; 501        ; 8        ; RESERVED_INPUT_WITH_WEAK_PULLUP                           ;        ;              ;         ; Column I/O ;                 ; no       ; On           ;
; A8       ; 517        ; 8        ; RESERVED_INPUT_WITH_WEAK_PULLUP                           ;        ;              ;         ; Column I/O ;                 ; no       ; On           ;
; A9       ;            ; 8        ; VCCIO8                                                    ; power  ;              ; 2.5V    ; --         ;                 ; --       ; --           ;
; A10      ; 491        ; 8        ; RESERVED_INPUT_WITH_WEAK_PULLUP                           ;        ;              ;         ; Column I/O ;                 ; no       ; On           ;
; A11      ; 487        ; 8        ; output[22]                                                ; output ; 2.5 V        ;         ; Column I/O ; N               ; no       ; Off          ;
; A12      ; 482        ; 8        ; b[4]                                                      ; input  ; 2.5 V        ;         ; Column I/O ; N               ; no       ; Off          ;
; A13      ;            ; 8        ; VCCIO8                                                    ; power  ;              ; 2.5V    ; --         ;                 ; --       ; --           ;
; A14      ; 472        ; 8        ; GND+                                                      ;        ;              ;         ; Column I/O ;                 ; --       ; --           ;
; A15      ; 470        ; 7        ; GND+                                                      ;        ;              ;         ; Column I/O ;                 ; --       ; --           ;
; A16      ;            ; 7        ; VCCIO7                                                    ; power  ;              ; 2.5V    ; --         ;                 ; --       ; --           ;
; A17      ; 462        ; 7        ; RESERVED_INPUT_WITH_WEAK_PULLUP                           ;        ;              ;         ; Column I/O ;                 ; no       ; On           ;
; A18      ; 442        ; 7        ; RESERVED_INPUT_WITH_WEAK_PULLUP                           ;        ;              ;         ; Column I/O ;                 ; no       ; On           ;
; A19      ; 440        ; 7        ; RESERVED_INPUT_WITH_WEAK_PULLUP                           ;        ;              ;         ; Column I/O ;                 ; no       ; On           ;
; A20      ;            ; 7        ; VCCIO7                                                    ; power  ;              ; 2.5V    ; --         ;                 ; --       ; --           ;
; A21      ; 425        ; 7        ; RESERVED_INPUT_WITH_WEAK_PULLUP                           ;        ;              ;         ; Column I/O ;                 ; no       ; On           ;
; A22      ; 423        ; 7        ; RESERVED_INPUT_WITH_WEAK_PULLUP                           ;        ;              ;         ; Column I/O ;                 ; no       ; On           ;
; A23      ; 412        ; 7        ; RESERVED_INPUT_WITH_WEAK_PULLUP                           ;        ;              ;         ; Column I/O ;                 ; no       ; On           ;
; A24      ;            ; 7        ; VCCIO7                                                    ; power  ;              ; 2.5V    ; --         ;                 ; --       ; --           ;
; A25      ; 405        ; 7        ; RESERVED_INPUT_WITH_WEAK_PULLUP                           ;        ;              ;         ; Column I/O ;                 ; no       ; On           ;
; A26      ; 404        ; 7        ; RESERVED_INPUT_WITH_WEAK_PULLUP                           ;        ;              ;         ; Column I/O ;                 ; no       ; On           ;
; A27      ;            ; 7        ; VCCIO7                                                    ; power  ;              ; 2.5V    ; --         ;                 ; --       ; --           ;
; AA1      ;            ; 2        ; VCCIO2                                                    ; power  ;              ; 2.5V    ; --         ;                 ; --       ; --           ;
; AA2      ;            ;          ; GND                                                       ; gnd    ;              ;         ; --         ;                 ; --       ; --           ;
; AA3      ; 102        ; 2        ; RESERVED_INPUT_WITH_WEAK_PULLUP                           ;        ;              ;         ; Row I/O    ;                 ; no       ; On           ;
; AA4      ; 101        ; 2        ; RESERVED_INPUT_WITH_WEAK_PULLUP                           ;        ;              ;         ; Row I/O    ;                 ; no       ; On           ;
; AA5      ; 119        ; 2        ; RESERVED_INPUT_WITH_WEAK_PULLUP                           ;        ;              ;         ; Row I/O    ;                 ; no       ; On           ;
; AA6      ; 118        ; 2        ; RESERVED_INPUT_WITH_WEAK_PULLUP                           ;        ;              ;         ; Row I/O    ;                 ; no       ; On           ;
; AA7      ; 120        ; 2        ; RESERVED_INPUT_WITH_WEAK_PULLUP                           ;        ;              ;         ; Row I/O    ;                 ; no       ; On           ;
; AA8      ; 154        ; 3        ; RESERVED_INPUT_WITH_WEAK_PULLUP                           ;        ;              ;         ; Column I/O ;                 ; no       ; On           ;
; AA9      ;            ;          ; GNDA1                                                     ; gnd    ;              ;         ; --         ;                 ; --       ; --           ;
; AA10     ; 155        ; 3        ; RESERVED_INPUT_WITH_WEAK_PULLUP                           ;        ;              ;         ; Column I/O ;                 ; no       ; On           ;
; AA11     ;            ; 3        ; VCCIO3                                                    ; power  ;              ; 2.5V    ; --         ;                 ; --       ; --           ;
; AA12     ; 188        ; 3        ; output[25]                                                ; output ; 2.5 V        ;         ; Column I/O ; N               ; no       ; Off          ;
; AA13     ; 190        ; 3        ; b[25]                                                     ; input  ; 2.5 V        ;         ; Column I/O ; N               ; no       ; Off          ;
; AA14     ; 191        ; 3        ; b[14]                                                     ; input  ; 2.5 V        ;         ; Column I/O ; N               ; no       ; Off          ;
; AA15     ; 213        ; 4        ; RESERVED_INPUT_WITH_WEAK_PULLUP                           ;        ;              ;         ; Column I/O ;                 ; no       ; On           ;
; AA16     ; 211        ; 4        ; b[27]                                                     ; input  ; 2.5 V        ;         ; Column I/O ; N               ; no       ; Off          ;
; AA17     ; 241        ; 4        ; RESERVED_INPUT_WITH_WEAK_PULLUP                           ;        ;              ;         ; Column I/O ;                 ; no       ; On           ;
; AA18     ;            ; 4        ; VCCIO4                                                    ; power  ;              ; 2.5V    ; --         ;                 ; --       ; --           ;
; AA19     ; 264        ; 4        ; RESERVED_INPUT_WITH_WEAK_PULLUP                           ;        ;              ;         ; Column I/O ;                 ; no       ; On           ;
; AA20     ;            ;          ; GNDA4                                                     ; gnd    ;              ;         ; --         ;                 ; --       ; --           ;
; AA21     ; 269        ; 4        ; RESERVED_INPUT_WITH_WEAK_PULLUP                           ;        ;              ;         ; Column I/O ;                 ; no       ; On           ;
; AA22     ; 275        ; 5        ; RESERVED_INPUT_WITH_WEAK_PULLUP                           ;        ;              ;         ; Row I/O    ;                 ; no       ; On           ;
; AA23     ; 280        ; 5        ; RESERVED_INPUT_WITH_WEAK_PULLUP                           ;        ;              ;         ; Row I/O    ;                 ; no       ; On           ;
; AA24     ; 279        ; 5        ; RESERVED_INPUT_WITH_WEAK_PULLUP                           ;        ;              ;         ; Row I/O    ;                 ; no       ; On           ;
; AA25     ; 294        ; 5        ; RESERVED_INPUT_WITH_WEAK_PULLUP                           ;        ;              ;         ; Row I/O    ;                 ; no       ; On           ;
; AA26     ; 293        ; 5        ; RESERVED_INPUT_WITH_WEAK_PULLUP                           ;        ;              ;         ; Row I/O    ;                 ; no       ; On           ;
; AA27     ;            ;          ; GND                                                       ; gnd    ;              ;         ; --         ;                 ; --       ; --           ;
; AA28     ;            ; 5        ; VCCIO5                                                    ; power  ;              ; 2.5V    ; --         ;                 ; --       ; --           ;
; AB1      ; 86         ; 2        ; output[12]                                                ; output ; 2.5 V        ;         ; Row I/O    ; N               ; no       ; Off          ;
; AB2      ; 85         ; 2        ; output[5]                                                 ; output ; 2.5 V        ;         ; Row I/O    ; N               ; no       ; Off          ;
; AB3      ; 99         ; 2        ; RESERVED_INPUT_WITH_WEAK_PULLUP                           ;        ;              ;         ; Row I/O    ;                 ; no       ; On           ;
; AB4      ; 121        ; 2        ; RESERVED_INPUT_WITH_WEAK_PULLUP                           ;        ;              ;         ; Row I/O    ;                 ; no       ; On           ;
; AB5      ; 127        ; 2        ; RESERVED_INPUT_WITH_WEAK_PULLUP                           ;        ;              ;         ; Row I/O    ;                 ; no       ; On           ;
; AB6      ; 126        ; 2        ; RESERVED_INPUT_WITH_WEAK_PULLUP                           ;        ;              ;         ; Row I/O    ;                 ; no       ; On           ;
; AB7      ; 152        ; 3        ; RESERVED_INPUT_WITH_WEAK_PULLUP                           ;        ;              ;         ; Column I/O ;                 ; no       ; On           ;
; AB8      ; 148        ; 3        ; RESERVED_INPUT_WITH_WEAK_PULLUP                           ;        ;              ;         ; Column I/O ;                 ; no       ; On           ;
; AB9      ; 147        ; 3        ; RESERVED_INPUT_WITH_WEAK_PULLUP                           ;        ;              ;         ; Column I/O ;                 ; no       ; On           ;
; AB10     ; 173        ; 3        ; output[26]                                                ; output ; 2.5 V        ;         ; Column I/O ; N               ; no       ; Off          ;
; AB11     ; 164        ; 3        ; RESERVED_INPUT_WITH_WEAK_PULLUP                           ;        ;              ;         ; Column I/O ;                 ; no       ; On           ;
; AB12     ; 180        ; 3        ; a[9]                                                      ; input  ; 2.5 V        ;         ; Column I/O ; N               ; no       ; Off          ;
; AB13     ; 181        ; 3        ; b[22]                                                     ; input  ; 2.5 V        ;         ; Column I/O ; N               ; no       ; Off          ;
; AB14     ; 192        ; 3        ; b[29]                                                     ; input  ; 2.5 V        ;         ; Column I/O ; N               ; no       ; Off          ;
; AB15     ; 214        ; 4        ; RESERVED_INPUT_WITH_WEAK_PULLUP                           ;        ;              ;         ; Column I/O ;                 ; no       ; On           ;
; AB16     ; 212        ; 4        ; a[0]                                                      ; input  ; 2.5 V        ;         ; Column I/O ; N               ; no       ; Off          ;
; AB17     ; 242        ; 4        ; RESERVED_INPUT_WITH_WEAK_PULLUP                           ;        ;              ;         ; Column I/O ;                 ; no       ; On           ;
; AB18     ; 254        ; 4        ; RESERVED_INPUT_WITH_WEAK_PULLUP                           ;        ;              ;         ; Column I/O ;                 ; no       ; On           ;
; AB19     ; 253        ; 4        ; RESERVED_INPUT_WITH_WEAK_PULLUP                           ;        ;              ;         ; Column I/O ;                 ; no       ; On           ;
; AB20     ; 257        ; 4        ; RESERVED_INPUT_WITH_WEAK_PULLUP                           ;        ;              ;         ; Column I/O ;                 ; no       ; On           ;
; AB21     ; 266        ; 4        ; RESERVED_INPUT_WITH_WEAK_PULLUP                           ;        ;              ;         ; Column I/O ;                 ; no       ; On           ;
; AB22     ; 265        ; 4        ; RESERVED_INPUT_WITH_WEAK_PULLUP                           ;        ;              ;         ; Column I/O ;                 ; no       ; On           ;
; AB23     ; 276        ; 5        ; RESERVED_INPUT_WITH_WEAK_PULLUP                           ;        ;              ;         ; Row I/O    ;                 ; no       ; On           ;
; AB24     ; 274        ; 5        ; RESERVED_INPUT_WITH_WEAK_PULLUP                           ;        ;              ;         ; Row I/O    ;                 ; no       ; On           ;
; AB25     ; 292        ; 5        ; RESERVED_INPUT_WITH_WEAK_PULLUP                           ;        ;              ;         ; Row I/O    ;                 ; no       ; On           ;
; AB26     ; 291        ; 5        ; RESERVED_INPUT_WITH_WEAK_PULLUP                           ;        ;              ;         ; Row I/O    ;                 ; no       ; On           ;
; AB27     ; 296        ; 5        ; RESERVED_INPUT_WITH_WEAK_PULLUP                           ;        ;              ;         ; Row I/O    ;                 ; no       ; On           ;
; AB28     ; 295        ; 5        ; RESERVED_INPUT_WITH_WEAK_PULLUP                           ;        ;              ;         ; Row I/O    ;                 ; no       ; On           ;
; AC1      ; 94         ; 2        ; RESERVED_INPUT_WITH_WEAK_PULLUP                           ;        ;              ;         ; Row I/O    ;                 ; no       ; On           ;
; AC2      ; 93         ; 2        ; RESERVED_INPUT_WITH_WEAK_PULLUP                           ;        ;              ;         ; Row I/O    ;                 ; no       ; On           ;
; AC3      ; 95         ; 2        ; RESERVED_INPUT_WITH_WEAK_PULLUP                           ;        ;              ;         ; Row I/O    ;                 ; no       ; On           ;
; AC4      ; 125        ; 2        ; RESERVED_INPUT_WITH_WEAK_PULLUP                           ;        ;              ;         ; Row I/O    ;                 ; no       ; On           ;
; AC5      ; 124        ; 2        ; RESERVED_INPUT_WITH_WEAK_PULLUP                           ;        ;              ;         ; Row I/O    ;                 ; no       ; On           ;
; AC6      ;            ;          ; GND                                                       ; gnd    ;              ;         ; --         ;                 ; --       ; --           ;
; AC7      ; 144        ; 3        ; RESERVED_INPUT_WITH_WEAK_PULLUP                           ;        ;              ;         ; Column I/O ;                 ; no       ; On           ;
; AC8      ; 153        ; 3        ; RESERVED_INPUT_WITH_WEAK_PULLUP                           ;        ;              ;         ; Column I/O ;                 ; no       ; On           ;
; AC9      ;            ;          ; GND                                                       ; gnd    ;              ;         ; --         ;                 ; --       ; --           ;
; AC10     ; 174        ; 3        ; b[2]                                                      ; input  ; 2.5 V        ;         ; Column I/O ; N               ; no       ; Off          ;
; AC11     ; 185        ; 3        ; b[17]                                                     ; input  ; 2.5 V        ;         ; Column I/O ; N               ; no       ; Off          ;
; AC12     ; 179        ; 3        ; b[10]                                                     ; input  ; 2.5 V        ;         ; Column I/O ; N               ; no       ; Off          ;
; AC13     ;            ;          ; GND                                                       ; gnd    ;              ;         ; --         ;                 ; --       ; --           ;
; AC14     ; 195        ; 3        ; b[16]                                                     ; input  ; 2.5 V        ;         ; Column I/O ; N               ; no       ; Off          ;
; AC15     ; 203        ; 4        ; output[14]                                                ; output ; 2.5 V        ;         ; Column I/O ; N               ; no       ; Off          ;
; AC16     ;            ;          ; GND                                                       ; gnd    ;              ;         ; --         ;                 ; --       ; --           ;
; AC17     ; 221        ; 4        ; b[28]                                                     ; input  ; 2.5 V        ;         ; Column I/O ; N               ; no       ; Off          ;
; AC18     ; 240        ; 4        ; RESERVED_INPUT_WITH_WEAK_PULLUP                           ;        ;              ;         ; Column I/O ;                 ; no       ; On           ;
; AC19     ; 247        ; 4        ; RESERVED_INPUT_WITH_WEAK_PULLUP                           ;        ;              ;         ; Column I/O ;                 ; no       ; On           ;
; AC20     ;            ;          ; GND                                                       ; gnd    ;              ;         ; --         ;                 ; --       ; --           ;
; AC21     ; 258        ; 4        ; RESERVED_INPUT_WITH_WEAK_PULLUP                           ;        ;              ;         ; Column I/O ;                 ; no       ; On           ;
; AC22     ; 267        ; 4        ; RESERVED_INPUT_WITH_WEAK_PULLUP                           ;        ;              ;         ; Column I/O ;                 ; no       ; On           ;
; AC23     ;            ;          ; GND                                                       ; gnd    ;              ;         ; --         ;                 ; --       ; --           ;
; AC24     ; 273        ; 5        ; RESERVED_INPUT_WITH_WEAK_PULLUP                           ;        ;              ;         ; Row I/O    ;                 ; no       ; On           ;
; AC25     ; 272        ; 5        ; RESERVED_INPUT_WITH_WEAK_PULLUP                           ;        ;              ;         ; Row I/O    ;                 ; no       ; On           ;
; AC26     ; 282        ; 5        ; RESERVED_INPUT_WITH_WEAK_PULLUP                           ;        ;              ;         ; Row I/O    ;                 ; no       ; On           ;
; AC27     ; 290        ; 5        ; RESERVED_INPUT_WITH_WEAK_PULLUP                           ;        ;              ;         ; Row I/O    ;                 ; no       ; On           ;
; AC28     ; 289        ; 5        ; RESERVED_INPUT_WITH_WEAK_PULLUP                           ;        ;              ;         ; Row I/O    ;                 ; no       ; On           ;
; AD1      ; 98         ; 2        ; RESERVED_INPUT_WITH_WEAK_PULLUP                           ;        ;              ;         ; Row I/O    ;                 ; no       ; On           ;
; AD2      ; 97         ; 2        ; RESERVED_INPUT_WITH_WEAK_PULLUP                           ;        ;              ;         ; Row I/O    ;                 ; no       ; On           ;
; AD3      ; 96         ; 2        ; RESERVED_INPUT_WITH_WEAK_PULLUP                           ;        ;              ;         ; Row I/O    ;                 ; no       ; On           ;
; AD4      ; 130        ; 3        ; RESERVED_INPUT_WITH_WEAK_PULLUP                           ;        ;              ;         ; Column I/O ;                 ; no       ; On           ;
; AD5      ; 128        ; 3        ; RESERVED_INPUT_WITH_WEAK_PULLUP                           ;        ;              ;         ; Column I/O ;                 ; no       ; On           ;
; AD6      ;            ; 3        ; VCCIO3                                                    ; power  ;              ; 2.5V    ; --         ;                 ; --       ; --           ;
; AD7      ; 134        ; 3        ; RESERVED_INPUT_WITH_WEAK_PULLUP                           ;        ;              ;         ; Column I/O ;                 ; no       ; On           ;
; AD8      ; 143        ; 3        ; RESERVED_INPUT_WITH_WEAK_PULLUP                           ;        ;              ;         ; Column I/O ;                 ; no       ; On           ;
; AD9      ;            ; 3        ; VCCIO3                                                    ; power  ;              ; 2.5V    ; --         ;                 ; --       ; --           ;
; AD10     ; 149        ; 3        ; RESERVED_INPUT_WITH_WEAK_PULLUP                           ;        ;              ;         ; Column I/O ;                 ; no       ; On           ;
; AD11     ; 186        ; 3        ; a[4]                                                      ; input  ; 2.5 V        ;         ; Column I/O ; N               ; no       ; Off          ;
; AD12     ; 182        ; 3        ; a[29]                                                     ; input  ; 2.5 V        ;         ; Column I/O ; N               ; no       ; Off          ;
; AD13     ;            ; 3        ; VCCIO3                                                    ; power  ;              ; 2.5V    ; --         ;                 ; --       ; --           ;
; AD14     ; 196        ; 3        ; op[2]                                                     ; input  ; 2.5 V        ;         ; Column I/O ; N               ; no       ; Off          ;
; AD15     ; 204        ; 4        ; a[15]                                                     ; input  ; 2.5 V        ;         ; Column I/O ; N               ; no       ; Off          ;
; AD16     ;            ; 4        ; VCCIO4                                                    ; power  ;              ; 2.5V    ; --         ;                 ; --       ; --           ;
; AD17     ; 222        ; 4        ; RESERVED_INPUT_WITH_WEAK_PULLUP                           ;        ;              ;         ; Column I/O ;                 ; no       ; On           ;
; AD18     ; 237        ; 4        ; RESERVED_INPUT_WITH_WEAK_PULLUP                           ;        ;              ;         ; Column I/O ;                 ; no       ; On           ;
; AD19     ; 248        ; 4        ; RESERVED_INPUT_WITH_WEAK_PULLUP                           ;        ;              ;         ; Column I/O ;                 ; no       ; On           ;
; AD20     ;            ; 4        ; VCCIO4                                                    ; power  ;              ; 2.5V    ; --         ;                 ; --       ; --           ;
; AD21     ; 259        ; 4        ; RESERVED_INPUT_WITH_WEAK_PULLUP                           ;        ;              ;         ; Column I/O ;                 ; no       ; On           ;
; AD22     ; 268        ; 4        ; RESERVED_INPUT_WITH_WEAK_PULLUP                           ;        ;              ;         ; Column I/O ;                 ; no       ; On           ;
; AD23     ;            ; 4        ; VCCIO4                                                    ; power  ;              ; 2.5V    ; --         ;                 ; --       ; --           ;
; AD24     ; 260        ; 4        ; RESERVED_INPUT_WITH_WEAK_PULLUP                           ;        ;              ;         ; Column I/O ;                 ; no       ; On           ;
; AD25     ; 255        ; 4        ; RESERVED_INPUT_WITH_WEAK_PULLUP                           ;        ;              ;         ; Column I/O ;                 ; no       ; On           ;
; AD26     ; 281        ; 5        ; RESERVED_INPUT_WITH_WEAK_PULLUP                           ;        ;              ;         ; Row I/O    ;                 ; no       ; On           ;
; AD27     ; 286        ; 5        ; RESERVED_INPUT_WITH_WEAK_PULLUP                           ;        ;              ;         ; Row I/O    ;                 ; no       ; On           ;
; AD28     ; 285        ; 5        ; RESERVED_INPUT_WITH_WEAK_PULLUP                           ;        ;              ;         ; Row I/O    ;                 ; no       ; On           ;
; AE1      ; 106        ; 2        ; RESERVED_INPUT_WITH_WEAK_PULLUP                           ;        ;              ;         ; Row I/O    ;                 ; no       ; On           ;
; AE2      ; 105        ; 2        ; RESERVED_INPUT_WITH_WEAK_PULLUP                           ;        ;              ;         ; Row I/O    ;                 ; no       ; On           ;
; AE3      ; 122        ; 2        ; RESERVED_INPUT_WITH_WEAK_PULLUP                           ;        ;              ;         ; Row I/O    ;                 ; no       ; On           ;
; AE4      ; 132        ; 3        ; RESERVED_INPUT_WITH_WEAK_PULLUP                           ;        ;              ;         ; Column I/O ;                 ; no       ; On           ;
; AE5      ; 135        ; 3        ; RESERVED_INPUT_WITH_WEAK_PULLUP                           ;        ;              ;         ; Column I/O ;                 ; no       ; On           ;
; AE6      ; 129        ; 3        ; RESERVED_INPUT_WITH_WEAK_PULLUP                           ;        ;              ;         ; Column I/O ;                 ; no       ; On           ;
; AE7      ; 158        ; 3        ; RESERVED_INPUT_WITH_WEAK_PULLUP                           ;        ;              ;         ; Column I/O ;                 ; no       ; On           ;
; AE8      ; 161        ; 3        ; RESERVED_INPUT_WITH_WEAK_PULLUP                           ;        ;              ;         ; Column I/O ;                 ; no       ; On           ;
; AE9      ; 163        ; 3        ; RESERVED_INPUT_WITH_WEAK_PULLUP                           ;        ;              ;         ; Column I/O ;                 ; no       ; On           ;
; AE10     ; 165        ; 3        ; RESERVED_INPUT_WITH_WEAK_PULLUP                           ;        ;              ;         ; Column I/O ;                 ; no       ; On           ;
; AE11     ; 171        ; 3        ; RESERVED_INPUT_WITH_WEAK_PULLUP                           ;        ;              ;         ; Column I/O ;                 ; no       ; On           ;
; AE12     ; 169        ; 3        ; b[11]                                                     ; input  ; 2.5 V        ;         ; Column I/O ; N               ; no       ; Off          ;
; AE13     ; 177        ; 3        ; output[0]                                                 ; output ; 2.5 V        ;         ; Column I/O ; N               ; no       ; Off          ;
; AE14     ; 183        ; 3        ; b[20]                                                     ; input  ; 2.5 V        ;         ; Column I/O ; N               ; no       ; Off          ;
; AE15     ; 205        ; 4        ; output[18]                                                ; output ; 2.5 V        ;         ; Column I/O ; N               ; no       ; Off          ;
; AE16     ; 209        ; 4        ; a[30]                                                     ; input  ; 2.5 V        ;         ; Column I/O ; N               ; no       ; Off          ;
; AE17     ; 215        ; 4        ; output[19]                                                ; output ; 2.5 V        ;         ; Column I/O ; N               ; no       ; Off          ;
; AE18     ; 225        ; 4        ; RESERVED_INPUT_WITH_WEAK_PULLUP                           ;        ;              ;         ; Column I/O ;                 ; no       ; On           ;
; AE19     ; 231        ; 4        ; RESERVED_INPUT_WITH_WEAK_PULLUP                           ;        ;              ;         ; Column I/O ;                 ; no       ; On           ;
; AE20     ; 235        ; 4        ; RESERVED_INPUT_WITH_WEAK_PULLUP                           ;        ;              ;         ; Column I/O ;                 ; no       ; On           ;
; AE21     ; 238        ; 4        ; RESERVED_INPUT_WITH_WEAK_PULLUP                           ;        ;              ;         ; Column I/O ;                 ; no       ; On           ;
; AE22     ; 251        ; 4        ; RESERVED_INPUT_WITH_WEAK_PULLUP                           ;        ;              ;         ; Column I/O ;                 ; no       ; On           ;
; AE23     ; 261        ; 4        ; RESERVED_INPUT_WITH_WEAK_PULLUP                           ;        ;              ;         ; Column I/O ;                 ; no       ; On           ;
; AE24     ; 256        ; 4        ; RESERVED_INPUT_WITH_WEAK_PULLUP                           ;        ;              ;         ; Column I/O ;                 ; no       ; On           ;
; AE25     ; 243        ; 4        ; RESERVED_INPUT_WITH_WEAK_PULLUP                           ;        ;              ;         ; Column I/O ;                 ; no       ; On           ;
; AE26     ; 278        ; 5        ; RESERVED_INPUT_WITH_WEAK_PULLUP                           ;        ;              ;         ; Row I/O    ;                 ; no       ; On           ;
; AE27     ; 284        ; 5        ; RESERVED_INPUT_WITH_WEAK_PULLUP                           ;        ;              ;         ; Row I/O    ;                 ; no       ; On           ;
; AE28     ; 283        ; 5        ; RESERVED_INPUT_WITH_WEAK_PULLUP                           ;        ;              ;         ; Row I/O    ;                 ; no       ; On           ;
; AF1      ;            ;          ; GND                                                       ; gnd    ;              ;         ; --         ;                 ; --       ; --           ;
; AF2      ; 123        ; 2        ; RESERVED_INPUT_WITH_WEAK_PULLUP                           ;        ;              ;         ; Row I/O    ;                 ; no       ; On           ;
; AF3      ; 138        ; 3        ; RESERVED_INPUT_WITH_WEAK_PULLUP                           ;        ;              ;         ; Column I/O ;                 ; no       ; On           ;
; AF4      ; 131        ; 3        ; RESERVED_INPUT_WITH_WEAK_PULLUP                           ;        ;              ;         ; Column I/O ;                 ; no       ; On           ;
; AF5      ; 136        ; 3        ; RESERVED_INPUT_WITH_WEAK_PULLUP                           ;        ;              ;         ; Column I/O ;                 ; no       ; On           ;
; AF6      ; 139        ; 3        ; RESERVED_INPUT_WITH_WEAK_PULLUP                           ;        ;              ;         ; Column I/O ;                 ; no       ; On           ;
; AF7      ; 159        ; 3        ; RESERVED_INPUT_WITH_WEAK_PULLUP                           ;        ;              ;         ; Column I/O ;                 ; no       ; On           ;
; AF8      ; 162        ; 3        ; RESERVED_INPUT_WITH_WEAK_PULLUP                           ;        ;              ;         ; Column I/O ;                 ; no       ; On           ;
; AF9      ; 160        ; 3        ; RESERVED_INPUT_WITH_WEAK_PULLUP                           ;        ;              ;         ; Column I/O ;                 ; no       ; On           ;
; AF10     ; 166        ; 3        ; b[1]                                                      ; input  ; 2.5 V        ;         ; Column I/O ; N               ; no       ; Off          ;
; AF11     ; 172        ; 3        ; a[27]                                                     ; input  ; 2.5 V        ;         ; Column I/O ; N               ; no       ; Off          ;
; AF12     ; 170        ; 3        ; a[10]                                                     ; input  ; 2.5 V        ;         ; Column I/O ; N               ; no       ; Off          ;
; AF13     ; 178        ; 3        ; a[23]                                                     ; input  ; 2.5 V        ;         ; Column I/O ; N               ; no       ; Off          ;
; AF14     ; 184        ; 3        ; a[22]                                                     ; input  ; 2.5 V        ;         ; Column I/O ; N               ; no       ; Off          ;
; AF15     ; 206        ; 4        ; a[3]                                                      ; input  ; 2.5 V        ;         ; Column I/O ; N               ; no       ; Off          ;
; AF16     ; 210        ; 4        ; b[24]                                                     ; input  ; 2.5 V        ;         ; Column I/O ; N               ; no       ; Off          ;
; AF17     ; 216        ; 4        ; b[21]                                                     ; input  ; 2.5 V        ;         ; Column I/O ; N               ; no       ; Off          ;
; AF18     ; 226        ; 4        ; RESERVED_INPUT_WITH_WEAK_PULLUP                           ;        ;              ;         ; Column I/O ;                 ; no       ; On           ;
; AF19     ; 232        ; 4        ; RESERVED_INPUT_WITH_WEAK_PULLUP                           ;        ;              ;         ; Column I/O ;                 ; no       ; On           ;
; AF20     ; 236        ; 4        ; b[18]                                                     ; input  ; 2.5 V        ;         ; Column I/O ; N               ; no       ; Off          ;
; AF21     ; 239        ; 4        ; RESERVED_INPUT_WITH_WEAK_PULLUP                           ;        ;              ;         ; Column I/O ;                 ; no       ; On           ;
; AF22     ; 252        ; 4        ; RESERVED_INPUT_WITH_WEAK_PULLUP                           ;        ;              ;         ; Column I/O ;                 ; no       ; On           ;
; AF23     ; 262        ; 4        ; RESERVED_INPUT_WITH_WEAK_PULLUP                           ;        ;              ;         ; Column I/O ;                 ; no       ; On           ;
; AF24     ; 233        ; 4        ; RESERVED_INPUT_WITH_WEAK_PULLUP                           ;        ;              ;         ; Column I/O ;                 ; no       ; On           ;
; AF25     ; 234        ; 4        ; RESERVED_INPUT_WITH_WEAK_PULLUP                           ;        ;              ;         ; Column I/O ;                 ; no       ; On           ;
; AF26     ; 244        ; 4        ; RESERVED_INPUT_WITH_WEAK_PULLUP                           ;        ;              ;         ; Column I/O ;                 ; no       ; On           ;
; AF27     ; 277        ; 5        ; RESERVED_INPUT_WITH_WEAK_PULLUP                           ;        ;              ;         ; Row I/O    ;                 ; no       ; On           ;
; AF28     ;            ;          ; GND                                                       ; gnd    ;              ;         ; --         ;                 ; --       ; --           ;
; AG1      ;            ; 2        ; VCCIO2                                                    ; power  ;              ; 2.5V    ; --         ;                 ; --       ; --           ;
; AG2      ;            ;          ; GND                                                       ; gnd    ;              ;         ; --         ;                 ; --       ; --           ;
; AG3      ; 133        ; 3        ; RESERVED_INPUT_WITH_WEAK_PULLUP                           ;        ;              ;         ; Column I/O ;                 ; no       ; On           ;
; AG4      ; 141        ; 3        ; RESERVED_INPUT_WITH_WEAK_PULLUP                           ;        ;              ;         ; Column I/O ;                 ; no       ; On           ;
; AG5      ;            ;          ; GND                                                       ; gnd    ;              ;         ; --         ;                 ; --       ; --           ;
; AG6      ; 145        ; 3        ; RESERVED_INPUT_WITH_WEAK_PULLUP                           ;        ;              ;         ; Column I/O ;                 ; no       ; On           ;
; AG7      ; 150        ; 3        ; RESERVED_INPUT_WITH_WEAK_PULLUP                           ;        ;              ;         ; Column I/O ;                 ; no       ; On           ;
; AG8      ; 156        ; 3        ; RESERVED_INPUT_WITH_WEAK_PULLUP                           ;        ;              ;         ; Column I/O ;                 ; no       ; On           ;
; AG9      ;            ;          ; GND                                                       ; gnd    ;              ;         ; --         ;                 ; --       ; --           ;
; AG10     ; 167        ; 3        ; RESERVED_INPUT_WITH_WEAK_PULLUP                           ;        ;              ;         ; Column I/O ;                 ; no       ; On           ;
; AG11     ; 175        ; 3        ; output[29]                                                ; output ; 2.5 V        ;         ; Column I/O ; N               ; no       ; Off          ;
; AG12     ; 193        ; 3        ; b[3]                                                      ; input  ; 2.5 V        ;         ; Column I/O ; N               ; no       ; Off          ;
; AG13     ;            ;          ; GND                                                       ; gnd    ;              ;         ; --         ;                 ; --       ; --           ;
; AG14     ; 199        ; 3        ; GND+                                                      ;        ;              ;         ; Column I/O ;                 ; --       ; --           ;
; AG15     ; 201        ; 4        ; a[31]                                                     ; input  ; 2.5 V        ;         ; Column I/O ; N               ; no       ; Off          ;
; AG16     ;            ;          ; GND                                                       ; gnd    ;              ;         ; --         ;                 ; --       ; --           ;
; AG17     ; 207        ; 4        ; a[7]                                                      ; input  ; 2.5 V        ;         ; Column I/O ; N               ; no       ; Off          ;
; AG18     ; 217        ; 4        ; RESERVED_INPUT_WITH_WEAK_PULLUP                           ;        ;              ;         ; Column I/O ;                 ; no       ; On           ;
; AG19     ; 219        ; 4        ; RESERVED_INPUT_WITH_WEAK_PULLUP                           ;        ;              ;         ; Column I/O ;                 ; no       ; On           ;
; AG20     ;            ;          ; GND                                                       ; gnd    ;              ;         ; --         ;                 ; --       ; --           ;
; AG21     ; 223        ; 4        ; a[6]                                                      ; input  ; 2.5 V        ;         ; Column I/O ; N               ; no       ; Off          ;
; AG22     ; 227        ; 4        ; RESERVED_INPUT_WITH_WEAK_PULLUP                           ;        ;              ;         ; Column I/O ;                 ; no       ; On           ;
; AG23     ; 229        ; 4        ; RESERVED_INPUT_WITH_WEAK_PULLUP                           ;        ;              ;         ; Column I/O ;                 ; no       ; On           ;
; AG24     ;            ;          ; GND                                                       ; gnd    ;              ;         ; --         ;                 ; --       ; --           ;
; AG25     ; 245        ; 4        ; RESERVED_INPUT_WITH_WEAK_PULLUP                           ;        ;              ;         ; Column I/O ;                 ; no       ; On           ;
; AG26     ; 270        ; 4        ; RESERVED_INPUT_WITH_WEAK_PULLUP                           ;        ;              ;         ; Column I/O ;                 ; no       ; On           ;
; AG27     ;            ;          ; GND                                                       ; gnd    ;              ;         ; --         ;                 ; --       ; --           ;
; AG28     ;            ; 5        ; VCCIO5                                                    ; power  ;              ; 2.5V    ; --         ;                 ; --       ; --           ;
; AH2      ;            ; 3        ; VCCIO3                                                    ; power  ;              ; 2.5V    ; --         ;                 ; --       ; --           ;
; AH3      ; 137        ; 3        ; RESERVED_INPUT_WITH_WEAK_PULLUP                           ;        ;              ;         ; Column I/O ;                 ; no       ; On           ;
; AH4      ; 142        ; 3        ; RESERVED_INPUT_WITH_WEAK_PULLUP                           ;        ;              ;         ; Column I/O ;                 ; no       ; On           ;
; AH5      ;            ; 3        ; VCCIO3                                                    ; power  ;              ; 2.5V    ; --         ;                 ; --       ; --           ;
; AH6      ; 146        ; 3        ; RESERVED_INPUT_WITH_WEAK_PULLUP                           ;        ;              ;         ; Column I/O ;                 ; no       ; On           ;
; AH7      ; 151        ; 3        ; RESERVED_INPUT_WITH_WEAK_PULLUP                           ;        ;              ;         ; Column I/O ;                 ; no       ; On           ;
; AH8      ; 157        ; 3        ; RESERVED_INPUT_WITH_WEAK_PULLUP                           ;        ;              ;         ; Column I/O ;                 ; no       ; On           ;
; AH9      ;            ; 3        ; VCCIO3                                                    ; power  ;              ; 2.5V    ; --         ;                 ; --       ; --           ;
; AH10     ; 168        ; 3        ; b[23]                                                     ; input  ; 2.5 V        ;         ; Column I/O ; N               ; no       ; Off          ;
; AH11     ; 176        ; 3        ; a[12]                                                     ; input  ; 2.5 V        ;         ; Column I/O ; N               ; no       ; Off          ;
; AH12     ; 194        ; 3        ; a[21]                                                     ; input  ; 2.5 V        ;         ; Column I/O ; N               ; no       ; Off          ;
; AH13     ;            ; 3        ; VCCIO3                                                    ; power  ;              ; 2.5V    ; --         ;                 ; --       ; --           ;
; AH14     ; 200        ; 3        ; GND+                                                      ;        ;              ;         ; Column I/O ;                 ; --       ; --           ;
; AH15     ; 202        ; 4        ; op[1]                                                     ; input  ; 2.5 V        ;         ; Column I/O ; N               ; no       ; Off          ;
; AH16     ;            ; 4        ; VCCIO4                                                    ; power  ;              ; 2.5V    ; --         ;                 ; --       ; --           ;
; AH17     ; 208        ; 4        ; output[24]                                                ; output ; 2.5 V        ;         ; Column I/O ; N               ; no       ; Off          ;
; AH18     ; 218        ; 4        ; output[16]                                                ; output ; 2.5 V        ;         ; Column I/O ; N               ; no       ; Off          ;
; AH19     ; 220        ; 4        ; RESERVED_INPUT_WITH_WEAK_PULLUP                           ;        ;              ;         ; Column I/O ;                 ; no       ; On           ;
; AH20     ;            ; 4        ; VCCIO4                                                    ; power  ;              ; 2.5V    ; --         ;                 ; --       ; --           ;
; AH21     ; 224        ; 4        ; RESERVED_INPUT_WITH_WEAK_PULLUP                           ;        ;              ;         ; Column I/O ;                 ; no       ; On           ;
; AH22     ; 228        ; 4        ; RESERVED_INPUT_WITH_WEAK_PULLUP                           ;        ;              ;         ; Column I/O ;                 ; no       ; On           ;
; AH23     ; 230        ; 4        ; output[1]                                                 ; output ; 2.5 V        ;         ; Column I/O ; N               ; no       ; Off          ;
; AH24     ;            ; 4        ; VCCIO4                                                    ; power  ;              ; 2.5V    ; --         ;                 ; --       ; --           ;
; AH25     ; 246        ; 4        ; RESERVED_INPUT_WITH_WEAK_PULLUP                           ;        ;              ;         ; Column I/O ;                 ; no       ; On           ;
; AH26     ; 271        ; 4        ; RESERVED_INPUT_WITH_WEAK_PULLUP                           ;        ;              ;         ; Column I/O ;                 ; no       ; On           ;
; AH27     ;            ; 4        ; VCCIO4                                                    ; power  ;              ; 2.5V    ; --         ;                 ; --       ; --           ;
; B1       ;            ; 1        ; VCCIO1                                                    ; power  ;              ; 2.5V    ; --         ;                 ; --       ; --           ;
; B2       ;            ;          ; GND                                                       ; gnd    ;              ;         ; --         ;                 ; --       ; --           ;
; B3       ; 534        ; 8        ; RESERVED_INPUT_WITH_WEAK_PULLUP                           ;        ;              ;         ; Column I/O ;                 ; no       ; On           ;
; B4       ; 533        ; 8        ; RESERVED_INPUT_WITH_WEAK_PULLUP                           ;        ;              ;         ; Column I/O ;                 ; no       ; On           ;
; B5       ;            ;          ; GND                                                       ; gnd    ;              ;         ; --         ;                 ; --       ; --           ;
; B6       ; 505        ; 8        ; RESERVED_INPUT_WITH_WEAK_PULLUP                           ;        ;              ;         ; Column I/O ;                 ; no       ; On           ;
; B7       ; 502        ; 8        ; RESERVED_INPUT_WITH_WEAK_PULLUP                           ;        ;              ;         ; Column I/O ;                 ; no       ; On           ;
; B8       ; 518        ; 8        ; RESERVED_INPUT_WITH_WEAK_PULLUP                           ;        ;              ;         ; Column I/O ;                 ; no       ; On           ;
; B9       ;            ;          ; GND                                                       ; gnd    ;              ;         ; --         ;                 ; --       ; --           ;
; B10      ; 492        ; 8        ; RESERVED_INPUT_WITH_WEAK_PULLUP                           ;        ;              ;         ; Column I/O ;                 ; no       ; On           ;
; B11      ; 488        ; 8        ; b[19]                                                     ; input  ; 2.5 V        ;         ; Column I/O ; N               ; no       ; Off          ;
; B12      ; 483        ; 8        ; a[16]                                                     ; input  ; 2.5 V        ;         ; Column I/O ; N               ; no       ; Off          ;
; B13      ;            ;          ; GND                                                       ; gnd    ;              ;         ; --         ;                 ; --       ; --           ;
; B14      ; 473        ; 8        ; GND+                                                      ;        ;              ;         ; Column I/O ;                 ; --       ; --           ;
; B15      ; 471        ; 7        ; GND+                                                      ;        ;              ;         ; Column I/O ;                 ; --       ; --           ;
; B16      ;            ;          ; GND                                                       ; gnd    ;              ;         ; --         ;                 ; --       ; --           ;
; B17      ; 463        ; 7        ; RESERVED_INPUT_WITH_WEAK_PULLUP                           ;        ;              ;         ; Column I/O ;                 ; no       ; On           ;
; B18      ; 443        ; 7        ; RESERVED_INPUT_WITH_WEAK_PULLUP                           ;        ;              ;         ; Column I/O ;                 ; no       ; On           ;
; B19      ; 441        ; 7        ; RESERVED_INPUT_WITH_WEAK_PULLUP                           ;        ;              ;         ; Column I/O ;                 ; no       ; On           ;
; B20      ;            ;          ; GND                                                       ; gnd    ;              ;         ; --         ;                 ; --       ; --           ;
; B21      ; 426        ; 7        ; RESERVED_INPUT_WITH_WEAK_PULLUP                           ;        ;              ;         ; Column I/O ;                 ; no       ; On           ;
; B22      ; 424        ; 7        ; RESERVED_INPUT_WITH_WEAK_PULLUP                           ;        ;              ;         ; Column I/O ;                 ; no       ; On           ;
; B23      ; 413        ; 7        ; RESERVED_INPUT_WITH_WEAK_PULLUP                           ;        ;              ;         ; Column I/O ;                 ; no       ; On           ;
; B24      ;            ;          ; GND                                                       ; gnd    ;              ;         ; --         ;                 ; --       ; --           ;
; B25      ; 406        ; 7        ; RESERVED_INPUT_WITH_WEAK_PULLUP                           ;        ;              ;         ; Column I/O ;                 ; no       ; On           ;
; B26      ; 401        ; 7        ; RESERVED_INPUT_WITH_WEAK_PULLUP                           ;        ;              ;         ; Column I/O ;                 ; no       ; On           ;
; B27      ;            ;          ; GND                                                       ; gnd    ;              ;         ; --         ;                 ; --       ; --           ;
; B28      ;            ; 6        ; VCCIO6                                                    ; power  ;              ; 2.5V    ; --         ;                 ; --       ; --           ;
; C1       ;            ;          ; GND                                                       ; gnd    ;              ;         ; --         ;                 ; --       ; --           ;
; C2       ; 1          ; 1        ; RESERVED_INPUT_WITH_WEAK_PULLUP                           ;        ;              ;         ; Row I/O    ;                 ; no       ; On           ;
; C3       ; 543        ; 8        ; RESERVED_INPUT_WITH_WEAK_PULLUP                           ;        ;              ;         ; Column I/O ;                 ; no       ; On           ;
; C4       ; 539        ; 8        ; RESERVED_INPUT_WITH_WEAK_PULLUP                           ;        ;              ;         ; Column I/O ;                 ; no       ; On           ;
; C5       ; 538        ; 8        ; RESERVED_INPUT_WITH_WEAK_PULLUP                           ;        ;              ;         ; Column I/O ;                 ; no       ; On           ;
; C6       ; 536        ; 8        ; RESERVED_INPUT_WITH_WEAK_PULLUP                           ;        ;              ;         ; Column I/O ;                 ; no       ; On           ;
; C7       ; 521        ; 8        ; RESERVED_INPUT_WITH_WEAK_PULLUP                           ;        ;              ;         ; Column I/O ;                 ; no       ; On           ;
; C8       ; 519        ; 8        ; RESERVED_INPUT_WITH_WEAK_PULLUP                           ;        ;              ;         ; Column I/O ;                 ; no       ; On           ;
; C9       ; 510        ; 8        ; RESERVED_INPUT_WITH_WEAK_PULLUP                           ;        ;              ;         ; Column I/O ;                 ; no       ; On           ;
; C10      ; 495        ; 8        ; RESERVED_INPUT_WITH_WEAK_PULLUP                           ;        ;              ;         ; Column I/O ;                 ; no       ; On           ;
; C11      ; 508        ; 8        ; RESERVED_INPUT_WITH_WEAK_PULLUP                           ;        ;              ;         ; Column I/O ;                 ; no       ; On           ;
; C12      ; 478        ; 8        ; output[15]                                                ; output ; 2.5 V        ;         ; Column I/O ; N               ; no       ; Off          ;
; C13      ; 474        ; 8        ; a[17]                                                     ; input  ; 2.5 V        ;         ; Column I/O ; N               ; no       ; Off          ;
; C14      ; 476        ; 8        ; output[20]                                                ; output ; 2.5 V        ;         ; Column I/O ; N               ; no       ; Off          ;
; C15      ; 468        ; 7        ; b[8]                                                      ; input  ; 2.5 V        ;         ; Column I/O ; N               ; no       ; Off          ;
; C16      ; 460        ; 7        ; output[27]                                                ; output ; 2.5 V        ;         ; Column I/O ; N               ; no       ; Off          ;
; C17      ; 438        ; 7        ; RESERVED_INPUT_WITH_WEAK_PULLUP                           ;        ;              ;         ; Column I/O ;                 ; no       ; On           ;
; C18      ; 429        ; 7        ; RESERVED_INPUT_WITH_WEAK_PULLUP                           ;        ;              ;         ; Column I/O ;                 ; no       ; On           ;
; C19      ; 435        ; 7        ; RESERVED_INPUT_WITH_WEAK_PULLUP                           ;        ;              ;         ; Column I/O ;                 ; no       ; On           ;
; C20      ; 431        ; 7        ; RESERVED_INPUT_WITH_WEAK_PULLUP                           ;        ;              ;         ; Column I/O ;                 ; no       ; On           ;
; C21      ; 422        ; 7        ; RESERVED_INPUT_WITH_WEAK_PULLUP                           ;        ;              ;         ; Column I/O ;                 ; no       ; On           ;
; C22      ; 418        ; 7        ; RESERVED_INPUT_WITH_WEAK_PULLUP                           ;        ;              ;         ; Column I/O ;                 ; no       ; On           ;
; C23      ; 415        ; 7        ; RESERVED_INPUT_WITH_WEAK_PULLUP                           ;        ;              ;         ; Column I/O ;                 ; no       ; On           ;
; C24      ; 416        ; 7        ; RESERVED_INPUT_WITH_WEAK_PULLUP                           ;        ;              ;         ; Column I/O ;                 ; no       ; On           ;
; C25      ; 411        ; 7        ; RESERVED_INPUT_WITH_WEAK_PULLUP                           ;        ;              ;         ; Column I/O ;                 ; no       ; On           ;
; C26      ; 400        ; 7        ; RESERVED_INPUT_WITH_WEAK_PULLUP                           ;        ;              ;         ; Column I/O ;                 ; no       ; On           ;
; C27      ; 382        ; 6        ; RESERVED_INPUT_WITH_WEAK_PULLUP                           ;        ;              ;         ; Row I/O    ;                 ; no       ; On           ;
; C28      ;            ;          ; GND                                                       ; gnd    ;              ;         ; --         ;                 ; --       ; --           ;
; D1       ; 3          ; 1        ; RESERVED_INPUT_WITH_WEAK_PULLUP                           ;        ;              ;         ; Row I/O    ;                 ; no       ; On           ;
; D2       ; 2          ; 1        ; RESERVED_INPUT_WITH_WEAK_PULLUP                           ;        ;              ;         ; Row I/O    ;                 ; no       ; On           ;
; D3       ; 0          ; 1        ; RESERVED_INPUT_WITH_WEAK_PULLUP                           ;        ;              ;         ; Row I/O    ;                 ; no       ; On           ;
; D4       ; 540        ; 8        ; RESERVED_INPUT_WITH_WEAK_PULLUP                           ;        ;              ;         ; Column I/O ;                 ; no       ; On           ;
; D5       ; 537        ; 8        ; RESERVED_INPUT_WITH_WEAK_PULLUP                           ;        ;              ;         ; Column I/O ;                 ; no       ; On           ;
; D6       ; 524        ; 8        ; RESERVED_INPUT_WITH_WEAK_PULLUP                           ;        ;              ;         ; Column I/O ;                 ; no       ; On           ;
; D7       ; 522        ; 8        ; RESERVED_INPUT_WITH_WEAK_PULLUP                           ;        ;              ;         ; Column I/O ;                 ; no       ; On           ;
; D8       ; 520        ; 8        ; RESERVED_INPUT_WITH_WEAK_PULLUP                           ;        ;              ;         ; Column I/O ;                 ; no       ; On           ;
; D9       ; 511        ; 8        ; RESERVED_INPUT_WITH_WEAK_PULLUP                           ;        ;              ;         ; Column I/O ;                 ; no       ; On           ;
; D10      ; 496        ; 8        ; RESERVED_INPUT_WITH_WEAK_PULLUP                           ;        ;              ;         ; Column I/O ;                 ; no       ; On           ;
; D11      ; 509        ; 8        ; RESERVED_INPUT_WITH_WEAK_PULLUP                           ;        ;              ;         ; Column I/O ;                 ; no       ; On           ;
; D12      ; 479        ; 8        ; a[8]                                                      ; input  ; 2.5 V        ;         ; Column I/O ; N               ; no       ; Off          ;
; D13      ; 475        ; 8        ; a[2]                                                      ; input  ; 2.5 V        ;         ; Column I/O ; N               ; no       ; Off          ;
; D14      ; 477        ; 8        ; output[28]                                                ; output ; 2.5 V        ;         ; Column I/O ; N               ; no       ; Off          ;
; D15      ; 469        ; 7        ; b[0]                                                      ; input  ; 2.5 V        ;         ; Column I/O ; N               ; no       ; Off          ;
; D16      ; 461        ; 7        ; RESERVED_INPUT_WITH_WEAK_PULLUP                           ;        ;              ;         ; Column I/O ;                 ; no       ; On           ;
; D17      ; 439        ; 7        ; RESERVED_INPUT_WITH_WEAK_PULLUP                           ;        ;              ;         ; Column I/O ;                 ; no       ; On           ;
; D18      ; 430        ; 7        ; RESERVED_INPUT_WITH_WEAK_PULLUP                           ;        ;              ;         ; Column I/O ;                 ; no       ; On           ;
; D19      ; 436        ; 7        ; RESERVED_INPUT_WITH_WEAK_PULLUP                           ;        ;              ;         ; Column I/O ;                 ; no       ; On           ;
; D20      ; 432        ; 7        ; RESERVED_INPUT_WITH_WEAK_PULLUP                           ;        ;              ;         ; Column I/O ;                 ; no       ; On           ;
; D21      ; 419        ; 7        ; RESERVED_INPUT_WITH_WEAK_PULLUP                           ;        ;              ;         ; Column I/O ;                 ; no       ; On           ;
; D22      ; 402        ; 7        ; RESERVED_INPUT_WITH_WEAK_PULLUP                           ;        ;              ;         ; Column I/O ;                 ; no       ; On           ;
; D23      ; 414        ; 7        ; RESERVED_INPUT_WITH_WEAK_PULLUP                           ;        ;              ;         ; Column I/O ;                 ; no       ; On           ;
; D24      ; 417        ; 7        ; RESERVED_INPUT_WITH_WEAK_PULLUP                           ;        ;              ;         ; Column I/O ;                 ; no       ; On           ;
; D25      ; 410        ; 7        ; RESERVED_INPUT_WITH_WEAK_PULLUP                           ;        ;              ;         ; Column I/O ;                 ; no       ; On           ;
; D26      ; 383        ; 6        ; RESERVED_INPUT_WITH_WEAK_PULLUP                           ;        ;              ;         ; Row I/O    ;                 ; no       ; On           ;
; D27      ; 381        ; 6        ; RESERVED_INPUT_WITH_WEAK_PULLUP                           ;        ;              ;         ; Row I/O    ;                 ; no       ; On           ;
; D28      ; 380        ; 6        ; RESERVED_INPUT_WITH_WEAK_PULLUP                           ;        ;              ;         ; Row I/O    ;                 ; no       ; On           ;
; E1       ; 17         ; 1        ; RESERVED_INPUT_WITH_WEAK_PULLUP                           ;        ;              ;         ; Row I/O    ;                 ; no       ; On           ;
; E2       ; 16         ; 1        ; ~ALTERA_FLASH_nCE_nCSO~ / RESERVED_INPUT_WITH_WEAK_PULLUP ; input  ; 2.5 V        ;         ; Row I/O    ; N               ; no       ; On           ;
; E3       ; 7          ; 1        ; RESERVED_INPUT_WITH_WEAK_PULLUP                           ;        ;              ;         ; Row I/O    ;                 ; no       ; On           ;
; E4       ; 541        ; 8        ; RESERVED_INPUT_WITH_WEAK_PULLUP                           ;        ;              ;         ; Column I/O ;                 ; no       ; On           ;
; E5       ; 542        ; 8        ; RESERVED_INPUT_WITH_WEAK_PULLUP                           ;        ;              ;         ; Column I/O ;                 ; no       ; On           ;
; E6       ;            ; 8        ; VCCIO8                                                    ; power  ;              ; 2.5V    ; --         ;                 ; --       ; --           ;
; E7       ; 523        ; 8        ; RESERVED_INPUT_WITH_WEAK_PULLUP                           ;        ;              ;         ; Column I/O ;                 ; no       ; On           ;
; E8       ; 526        ; 8        ; RESERVED_INPUT_WITH_WEAK_PULLUP                           ;        ;              ;         ; Column I/O ;                 ; no       ; On           ;
; E9       ;            ; 8        ; VCCIO8                                                    ; power  ;              ; 2.5V    ; --         ;                 ; --       ; --           ;
; E10      ; 516        ; 8        ; RESERVED_INPUT_WITH_WEAK_PULLUP                           ;        ;              ;         ; Column I/O ;                 ; no       ; On           ;
; E11      ; 499        ; 8        ; RESERVED_INPUT_WITH_WEAK_PULLUP                           ;        ;              ;         ; Column I/O ;                 ; no       ; On           ;
; E12      ; 497        ; 8        ; RESERVED_INPUT_WITH_WEAK_PULLUP                           ;        ;              ;         ; Column I/O ;                 ; no       ; On           ;
; E13      ;            ; 8        ; VCCIO8                                                    ; power  ;              ; 2.5V    ; --         ;                 ; --       ; --           ;
; E14      ; 486        ; 8        ; a[24]                                                     ; input  ; 2.5 V        ;         ; Column I/O ; N               ; no       ; Off          ;
; E15      ; 467        ; 7        ; output[21]                                                ; output ; 2.5 V        ;         ; Column I/O ; N               ; no       ; Off          ;
; E16      ;            ; 7        ; VCCIO7                                                    ; power  ;              ; 2.5V    ; --         ;                 ; --       ; --           ;
; E17      ; 456        ; 7        ; RESERVED_INPUT_WITH_WEAK_PULLUP                           ;        ;              ;         ; Column I/O ;                 ; no       ; On           ;
; E18      ; 427        ; 7        ; a[18]                                                     ; input  ; 2.5 V        ;         ; Column I/O ; N               ; no       ; Off          ;
; E19      ; 421        ; 7        ; RESERVED_INPUT_WITH_WEAK_PULLUP                           ;        ;              ;         ; Column I/O ;                 ; no       ; On           ;
; E20      ;            ; 7        ; VCCIO7                                                    ; power  ;              ; 2.5V    ; --         ;                 ; --       ; --           ;
; E21      ; 407        ; 7        ; RESERVED_INPUT_WITH_WEAK_PULLUP                           ;        ;              ;         ; Column I/O ;                 ; no       ; On           ;
; E22      ; 403        ; 7        ; RESERVED_INPUT_WITH_WEAK_PULLUP                           ;        ;              ;         ; Column I/O ;                 ; no       ; On           ;
; E23      ;            ; 7        ; VCCIO7                                                    ; power  ;              ; 2.5V    ; --         ;                 ; --       ; --           ;
; E24      ; 433        ; 7        ; RESERVED_INPUT_WITH_WEAK_PULLUP                           ;        ;              ;         ; Column I/O ;                 ; no       ; On           ;
; E25      ; 434        ; 7        ; RESERVED_INPUT_WITH_WEAK_PULLUP                           ;        ;              ;         ; Column I/O ;                 ; no       ; On           ;
; E26      ; 378        ; 6        ; RESERVED_INPUT_WITH_WEAK_PULLUP                           ;        ;              ;         ; Row I/O    ;                 ; no       ; On           ;
; E27      ; 375        ; 6        ; RESERVED_INPUT_WITH_WEAK_PULLUP                           ;        ;              ;         ; Row I/O    ;                 ; no       ; On           ;
; E28      ; 374        ; 6        ; RESERVED_INPUT_WITH_WEAK_PULLUP                           ;        ;              ;         ; Row I/O    ;                 ; no       ; On           ;
; F1       ; 19         ; 1        ; RESERVED_INPUT_WITH_WEAK_PULLUP                           ;        ;              ;         ; Row I/O    ;                 ; no       ; On           ;
; F2       ; 18         ; 1        ; RESERVED_INPUT_WITH_WEAK_PULLUP                           ;        ;              ;         ; Row I/O    ;                 ; no       ; On           ;
; F3       ; 8          ; 1        ; RESERVED_INPUT_WITH_WEAK_PULLUP                           ;        ;              ;         ; Row I/O    ;                 ; no       ; On           ;
; F4       ; 10         ; 1        ; ~ALTERA_ASDO_DATA1~ / RESERVED_INPUT_WITH_WEAK_PULLUP     ; input  ; 2.5 V        ;         ; Row I/O    ; N               ; no       ; On           ;
; F5       ; 9          ; 1        ; RESERVED_INPUT_WITH_WEAK_PULLUP                           ;        ;              ;         ; Row I/O    ;                 ; no       ; On           ;
; F6       ;            ;          ; GND                                                       ; gnd    ;              ;         ; --         ;                 ; --       ; --           ;
; F7       ; 531        ; 8        ; RESERVED_INPUT_WITH_WEAK_PULLUP                           ;        ;              ;         ; Column I/O ;                 ; no       ; On           ;
; F8       ; 527        ; 8        ; RESERVED_INPUT_WITH_WEAK_PULLUP                           ;        ;              ;         ; Column I/O ;                 ; no       ; On           ;
; F9       ;            ;          ; GND                                                       ; gnd    ;              ;         ; --         ;                 ; --       ; --           ;
; F10      ; 512        ; 8        ; RESERVED_INPUT_WITH_WEAK_PULLUP                           ;        ;              ;         ; Column I/O ;                 ; no       ; On           ;
; F11      ; 500        ; 8        ; RESERVED_INPUT_WITH_WEAK_PULLUP                           ;        ;              ;         ; Column I/O ;                 ; no       ; On           ;
; F12      ; 498        ; 8        ; RESERVED_INPUT_WITH_WEAK_PULLUP                           ;        ;              ;         ; Column I/O ;                 ; no       ; On           ;
; F13      ;            ;          ; GND                                                       ; gnd    ;              ;         ; --         ;                 ; --       ; --           ;
; F14      ; 485        ; 8        ; output[11]                                                ; output ; 2.5 V        ;         ; Column I/O ; N               ; no       ; Off          ;
; F15      ; 466        ; 7        ; output[4]                                                 ; output ; 2.5 V        ;         ; Column I/O ; N               ; no       ; Off          ;
; F16      ;            ;          ; GND                                                       ; gnd    ;              ;         ; --         ;                 ; --       ; --           ;
; F17      ; 455        ; 7        ; RESERVED_INPUT_WITH_WEAK_PULLUP                           ;        ;              ;         ; Column I/O ;                 ; no       ; On           ;
; F18      ; 428        ; 7        ; RESERVED_INPUT_WITH_WEAK_PULLUP                           ;        ;              ;         ; Column I/O ;                 ; no       ; On           ;
; F19      ; 420        ; 7        ; RESERVED_INPUT_WITH_WEAK_PULLUP                           ;        ;              ;         ; Column I/O ;                 ; no       ; On           ;
; F20      ;            ;          ; GND                                                       ; gnd    ;              ;         ; --         ;                 ; --       ; --           ;
; F21      ; 408        ; 7        ; RESERVED_INPUT_WITH_WEAK_PULLUP                           ;        ;              ;         ; Column I/O ;                 ; no       ; On           ;
; F22      ; 409        ; 7        ; RESERVED_INPUT_WITH_WEAK_PULLUP                           ;        ;              ;         ; Column I/O ;                 ; no       ; On           ;
; F23      ;            ;          ; GND                                                       ; gnd    ;              ;         ; --         ;                 ; --       ; --           ;
; F24      ; 396        ; 6        ; RESERVED_INPUT_WITH_WEAK_PULLUP                           ;        ;              ;         ; Row I/O    ;                 ; no       ; On           ;
; F25      ; 395        ; 6        ; RESERVED_INPUT_WITH_WEAK_PULLUP                           ;        ;              ;         ; Row I/O    ;                 ; no       ; On           ;
; F26      ; 379        ; 6        ; RESERVED_INPUT_WITH_WEAK_PULLUP                           ;        ;              ;         ; Row I/O    ;                 ; no       ; On           ;
; F27      ; 373        ; 6        ; RESERVED_INPUT_WITH_WEAK_PULLUP                           ;        ;              ;         ; Row I/O    ;                 ; no       ; On           ;
; F28      ; 372        ; 6        ; RESERVED_INPUT_WITH_WEAK_PULLUP                           ;        ;              ;         ; Row I/O    ;                 ; no       ; On           ;
; G1       ; 26         ; 1        ; RESERVED_INPUT_WITH_WEAK_PULLUP                           ;        ;              ;         ; Row I/O    ;                 ; no       ; On           ;
; G2       ; 25         ; 1        ; RESERVED_INPUT_WITH_WEAK_PULLUP                           ;        ;              ;         ; Row I/O    ;                 ; no       ; On           ;
; G3       ; 13         ; 1        ; RESERVED_INPUT_WITH_WEAK_PULLUP                           ;        ;              ;         ; Row I/O    ;                 ; no       ; On           ;
; G4       ; 12         ; 1        ; RESERVED_INPUT_WITH_WEAK_PULLUP                           ;        ;              ;         ; Row I/O    ;                 ; no       ; On           ;
; G5       ; 6          ; 1        ; RESERVED_INPUT_WITH_WEAK_PULLUP                           ;        ;              ;         ; Row I/O    ;                 ; no       ; On           ;
; G6       ; 5          ; 1        ; RESERVED_INPUT_WITH_WEAK_PULLUP                           ;        ;              ;         ; Row I/O    ;                 ; no       ; On           ;
; G7       ; 530        ; 8        ; RESERVED_INPUT_WITH_WEAK_PULLUP                           ;        ;              ;         ; Column I/O ;                 ; no       ; On           ;
; G8       ; 528        ; 8        ; RESERVED_INPUT_WITH_WEAK_PULLUP                           ;        ;              ;         ; Column I/O ;                 ; no       ; On           ;
; G9       ; 525        ; 8        ; RESERVED_INPUT_WITH_WEAK_PULLUP                           ;        ;              ;         ; Column I/O ;                 ; no       ; On           ;
; G10      ; 513        ; 8        ; RESERVED_INPUT_WITH_WEAK_PULLUP                           ;        ;              ;         ; Column I/O ;                 ; no       ; On           ;
; G11      ; 506        ; 8        ; RESERVED_INPUT_WITH_WEAK_PULLUP                           ;        ;              ;         ; Column I/O ;                 ; no       ; On           ;
; G12      ; 503        ; 8        ; RESERVED_INPUT_WITH_WEAK_PULLUP                           ;        ;              ;         ; Column I/O ;                 ; no       ; On           ;
; G13      ; 493        ; 8        ; RESERVED_INPUT_WITH_WEAK_PULLUP                           ;        ;              ;         ; Column I/O ;                 ; no       ; On           ;
; G14      ; 484        ; 8        ; output[8]                                                 ; output ; 2.5 V        ;         ; Column I/O ; N               ; no       ; Off          ;
; G15      ; 457        ; 7        ; RESERVED_INPUT_WITH_WEAK_PULLUP                           ;        ;              ;         ; Column I/O ;                 ; no       ; On           ;
; G16      ; 453        ; 7        ; RESERVED_INPUT_WITH_WEAK_PULLUP                           ;        ;              ;         ; Column I/O ;                 ; no       ; On           ;
; G17      ; 437        ; 7        ; RESERVED_INPUT_WITH_WEAK_PULLUP                           ;        ;              ;         ; Column I/O ;                 ; no       ; On           ;
; G18      ; 452        ; 7        ; RESERVED_INPUT_WITH_WEAK_PULLUP                           ;        ;              ;         ; Column I/O ;                 ; no       ; On           ;
; G19      ; 451        ; 7        ; RESERVED_INPUT_WITH_WEAK_PULLUP                           ;        ;              ;         ; Column I/O ;                 ; no       ; On           ;
; G20      ; 444        ; 7        ; RESERVED_INPUT_WITH_WEAK_PULLUP                           ;        ;              ;         ; Column I/O ;                 ; no       ; On           ;
; G21      ; 445        ; 7        ; RESERVED_INPUT_WITH_WEAK_PULLUP                           ;        ;              ;         ; Column I/O ;                 ; no       ; On           ;
; G22      ; 449        ; 7        ; RESERVED_INPUT_WITH_WEAK_PULLUP                           ;        ;              ;         ; Column I/O ;                 ; no       ; On           ;
; G23      ; 398        ; 6        ; RESERVED_INPUT_WITH_WEAK_PULLUP                           ;        ;              ;         ; Row I/O    ;                 ; no       ; On           ;
; G24      ; 397        ; 6        ; RESERVED_INPUT_WITH_WEAK_PULLUP                           ;        ;              ;         ; Row I/O    ;                 ; no       ; On           ;
; G25      ; 393        ; 6        ; RESERVED_INPUT_WITH_WEAK_PULLUP                           ;        ;              ;         ; Row I/O    ;                 ; no       ; On           ;
; G26      ; 392        ; 6        ; RESERVED_INPUT_WITH_WEAK_PULLUP                           ;        ;              ;         ; Row I/O    ;                 ; no       ; On           ;
; G27      ; 367        ; 6        ; RESERVED_INPUT_WITH_WEAK_PULLUP                           ;        ;              ;         ; Row I/O    ;                 ; no       ; On           ;
; G28      ; 366        ; 6        ; RESERVED_INPUT_WITH_WEAK_PULLUP                           ;        ;              ;         ; Row I/O    ;                 ; no       ; On           ;
; H1       ;            ; 1        ; VCCIO1                                                    ; power  ;              ; 2.5V    ; --         ;                 ; --       ; --           ;
; H2       ;            ;          ; GND                                                       ; gnd    ;              ;         ; --         ;                 ; --       ; --           ;
; H3       ; 15         ; 1        ; RESERVED_INPUT_WITH_WEAK_PULLUP                           ;        ;              ;         ; Row I/O    ;                 ; no       ; On           ;
; H4       ; 14         ; 1        ; RESERVED_INPUT_WITH_WEAK_PULLUP                           ;        ;              ;         ; Row I/O    ;                 ; no       ; On           ;
; H5       ; 20         ; 1        ; RESERVED_INPUT_WITH_WEAK_PULLUP                           ;        ;              ;         ; Row I/O    ;                 ; no       ; On           ;
; H6       ; 11         ; 1        ; RESERVED_INPUT_WITH_WEAK_PULLUP                           ;        ;              ;         ; Row I/O    ;                 ; no       ; On           ;
; H7       ; 4          ; 1        ; RESERVED_INPUT_WITH_WEAK_PULLUP                           ;        ;              ;         ; Row I/O    ;                 ; no       ; On           ;
; H8       ; 529        ; 8        ; RESERVED_INPUT_WITH_WEAK_PULLUP                           ;        ;              ;         ; Column I/O ;                 ; no       ; On           ;
; H9       ;            ;          ; GNDA3                                                     ; gnd    ;              ;         ; --         ;                 ; --       ; --           ;
; H10      ; 514        ; 8        ; RESERVED_INPUT_WITH_WEAK_PULLUP                           ;        ;              ;         ; Column I/O ;                 ; no       ; On           ;
; H11      ;            ; 8        ; VCCIO8                                                    ; power  ;              ; 2.5V    ; --         ;                 ; --       ; --           ;
; H12      ; 507        ; 8        ; RESERVED_INPUT_WITH_WEAK_PULLUP                           ;        ;              ;         ; Column I/O ;                 ; no       ; On           ;
; H13      ; 494        ; 8        ; RESERVED_INPUT_WITH_WEAK_PULLUP                           ;        ;              ;         ; Column I/O ;                 ; no       ; On           ;
; H14      ; 480        ; 8        ; op[3]                                                     ; input  ; 2.5 V        ;         ; Column I/O ; N               ; no       ; Off          ;
; H15      ; 464        ; 7        ; RESERVED_INPUT_WITH_WEAK_PULLUP                           ;        ;              ;         ; Column I/O ;                 ; no       ; On           ;
; H16      ; 459        ; 7        ; RESERVED_INPUT_WITH_WEAK_PULLUP                           ;        ;              ;         ; Column I/O ;                 ; no       ; On           ;
; H17      ; 454        ; 7        ; RESERVED_INPUT_WITH_WEAK_PULLUP                           ;        ;              ;         ; Column I/O ;                 ; no       ; On           ;
; H18      ;            ; 7        ; VCCIO7                                                    ; power  ;              ; 2.5V    ; --         ;                 ; --       ; --           ;
; H19      ; 446        ; 7        ; RESERVED_INPUT_WITH_WEAK_PULLUP                           ;        ;              ;         ; Column I/O ;                 ; no       ; On           ;
; H20      ;            ;          ; GNDA2                                                     ; gnd    ;              ;         ; --         ;                 ; --       ; --           ;
; H21      ; 448        ; 7        ; RESERVED_INPUT_WITH_WEAK_PULLUP                           ;        ;              ;         ; Column I/O ;                 ; no       ; On           ;
; H22      ; 399        ; 6        ; RESERVED_INPUT_WITH_WEAK_PULLUP                           ;        ;              ;         ; Row I/O    ;                 ; no       ; On           ;
; H23      ; 391        ; 6        ; RESERVED_INPUT_WITH_WEAK_PULLUP                           ;        ;              ;         ; Row I/O    ;                 ; no       ; On           ;
; H24      ; 390        ; 6        ; RESERVED_INPUT_WITH_WEAK_PULLUP                           ;        ;              ;         ; Row I/O    ;                 ; no       ; On           ;
; H25      ; 377        ; 6        ; RESERVED_INPUT_WITH_WEAK_PULLUP                           ;        ;              ;         ; Row I/O    ;                 ; no       ; On           ;
; H26      ; 376        ; 6        ; RESERVED_INPUT_WITH_WEAK_PULLUP                           ;        ;              ;         ; Row I/O    ;                 ; no       ; On           ;
; H27      ;            ;          ; GND                                                       ; gnd    ;              ;         ; --         ;                 ; --       ; --           ;
; H28      ;            ; 6        ; VCCIO6                                                    ; power  ;              ; 2.5V    ; --         ;                 ; --       ; --           ;
; J1       ; 64         ; 1        ; GND+                                                      ;        ;              ;         ; Row I/O    ;                 ; --       ; --           ;
; J2       ; 63         ; 1        ; GND+                                                      ;        ;              ;         ; Row I/O    ;                 ; --       ; --           ;
; J3       ; 23         ; 1        ; RESERVED_INPUT_WITH_WEAK_PULLUP                           ;        ;              ;         ; Row I/O    ;                 ; no       ; On           ;
; J4       ; 22         ; 1        ; RESERVED_INPUT_WITH_WEAK_PULLUP                           ;        ;              ;         ; Row I/O    ;                 ; no       ; On           ;
; J5       ; 36         ; 1        ; RESERVED_INPUT_WITH_WEAK_PULLUP                           ;        ;              ;         ; Row I/O    ;                 ; no       ; On           ;
; J6       ; 35         ; 1        ; RESERVED_INPUT_WITH_WEAK_PULLUP                           ;        ;              ;         ; Row I/O    ;                 ; no       ; On           ;
; J7       ; 37         ; 1        ; RESERVED_INPUT_WITH_WEAK_PULLUP                           ;        ;              ;         ; Row I/O    ;                 ; no       ; On           ;
; J8       ;            ; --       ; VCCA3                                                     ; power  ;              ; 2.5V    ; --         ;                 ; --       ; --           ;
; J9       ;            ;          ; VCCD_PLL3                                                 ; power  ;              ; 1.2V    ; --         ;                 ; --       ; --           ;
; J10      ; 515        ; 8        ; RESERVED_INPUT_WITH_WEAK_PULLUP                           ;        ;              ;         ; Column I/O ;                 ; no       ; On           ;
; J11      ;            ;          ; GND                                                       ; gnd    ;              ;         ; --         ;                 ; --       ; --           ;
; J12      ; 490        ; 8        ; b[30]                                                     ; input  ; 2.5 V        ;         ; Column I/O ; N               ; no       ; Off          ;
; J13      ; 489        ; 8        ; output[23]                                                ; output ; 2.5 V        ;         ; Column I/O ; N               ; no       ; Off          ;
; J14      ; 481        ; 8        ; a[20]                                                     ; input  ; 2.5 V        ;         ; Column I/O ; N               ; no       ; Off          ;
; J15      ; 465        ; 7        ; RESERVED_INPUT_WITH_WEAK_PULLUP                           ;        ;              ;         ; Column I/O ;                 ; no       ; On           ;
; J16      ; 458        ; 7        ; RESERVED_INPUT_WITH_WEAK_PULLUP                           ;        ;              ;         ; Column I/O ;                 ; no       ; On           ;
; J17      ; 450        ; 7        ; RESERVED_INPUT_WITH_WEAK_PULLUP                           ;        ;              ;         ; Column I/O ;                 ; no       ; On           ;
; J18      ;            ;          ; GND                                                       ; gnd    ;              ;         ; --         ;                 ; --       ; --           ;
; J19      ; 447        ; 7        ; RESERVED_INPUT_WITH_WEAK_PULLUP                           ;        ;              ;         ; Column I/O ;                 ; no       ; On           ;
; J20      ;            ;          ; VCCD_PLL2                                                 ; power  ;              ; 1.2V    ; --         ;                 ; --       ; --           ;
; J21      ;            ; --       ; VCCA2                                                     ; power  ;              ; 2.5V    ; --         ;                 ; --       ; --           ;
; J22      ; 394        ; 6        ; RESERVED_INPUT_WITH_WEAK_PULLUP                           ;        ;              ;         ; Row I/O    ;                 ; no       ; On           ;
; J23      ; 387        ; 6        ; RESERVED_INPUT_WITH_WEAK_PULLUP                           ;        ;              ;         ; Row I/O    ;                 ; no       ; On           ;
; J24      ; 386        ; 6        ; RESERVED_INPUT_WITH_WEAK_PULLUP                           ;        ;              ;         ; Row I/O    ;                 ; no       ; On           ;
; J25      ; 365        ; 6        ; RESERVED_INPUT_WITH_WEAK_PULLUP                           ;        ;              ;         ; Row I/O    ;                 ; no       ; On           ;
; J26      ; 364        ; 6        ; RESERVED_INPUT_WITH_WEAK_PULLUP                           ;        ;              ;         ; Row I/O    ;                 ; no       ; On           ;
; J27      ; 338        ; 6        ; GND+                                                      ;        ;              ;         ; Row I/O    ;                 ; --       ; --           ;
; J28      ; 337        ; 6        ; GND+                                                      ;        ;              ;         ; Row I/O    ;                 ; --       ; --           ;
; K1       ; 28         ; 1        ; RESERVED_INPUT_WITH_WEAK_PULLUP                           ;        ;              ;         ; Row I/O    ;                 ; no       ; On           ;
; K2       ; 27         ; 1        ; RESERVED_INPUT_WITH_WEAK_PULLUP                           ;        ;              ;         ; Row I/O    ;                 ; no       ; On           ;
; K3       ; 30         ; 1        ; RESERVED_INPUT_WITH_WEAK_PULLUP                           ;        ;              ;         ; Row I/O    ;                 ; no       ; On           ;
; K4       ; 29         ; 1        ; RESERVED_INPUT_WITH_WEAK_PULLUP                           ;        ;              ;         ; Row I/O    ;                 ; no       ; On           ;
; K5       ;            ; 1        ; VCCIO1                                                    ; power  ;              ; 2.5V    ; --         ;                 ; --       ; --           ;
; K6       ;            ;          ; GND                                                       ; gnd    ;              ;         ; --         ;                 ; --       ; --           ;
; K7       ; 38         ; 1        ; RESERVED_INPUT_WITH_WEAK_PULLUP                           ;        ;              ;         ; Row I/O    ;                 ; no       ; On           ;
; K8       ; 39         ; 1        ; RESERVED_INPUT_WITH_WEAK_PULLUP                           ;        ;              ;         ; Row I/O    ;                 ; no       ; On           ;
; K9       ;            ;          ; VCCINT                                                    ; power  ;              ; 1.2V    ; --         ;                 ; --       ; --           ;
; K10      ;            ;          ; GND                                                       ; gnd    ;              ;         ; --         ;                 ; --       ; --           ;
; K11      ;            ;          ; VCCINT                                                    ; power  ;              ; 1.2V    ; --         ;                 ; --       ; --           ;
; K12      ;            ;          ; GND                                                       ; gnd    ;              ;         ; --         ;                 ; --       ; --           ;
; K13      ;            ;          ; VCCINT                                                    ; power  ;              ; 1.2V    ; --         ;                 ; --       ; --           ;
; K14      ;            ;          ; GND                                                       ; gnd    ;              ;         ; --         ;                 ; --       ; --           ;
; K15      ;            ;          ; VCCINT                                                    ; power  ;              ; 1.2V    ; --         ;                 ; --       ; --           ;
; K16      ;            ;          ; GND                                                       ; gnd    ;              ;         ; --         ;                 ; --       ; --           ;
; K17      ;            ;          ; VCCINT                                                    ; power  ;              ; 1.2V    ; --         ;                 ; --       ; --           ;
; K18      ;            ;          ; GND                                                       ; gnd    ;              ;         ; --         ;                 ; --       ; --           ;
; K19      ;            ;          ; VCCINT                                                    ; power  ;              ; 1.2V    ; --         ;                 ; --       ; --           ;
; K20      ;            ;          ; GND                                                       ; gnd    ;              ;         ; --         ;                 ; --       ; --           ;
; K21      ; 389        ; 6        ; RESERVED_INPUT_WITH_WEAK_PULLUP                           ;        ;              ;         ; Row I/O    ;                 ; no       ; On           ;
; K22      ; 388        ; 6        ; RESERVED_INPUT_WITH_WEAK_PULLUP                           ;        ;              ;         ; Row I/O    ;                 ; no       ; On           ;
; K23      ;            ;          ; GND                                                       ; gnd    ;              ;         ; --         ;                 ; --       ; --           ;
; K24      ;            ; 6        ; VCCIO6                                                    ; power  ;              ; 2.5V    ; --         ;                 ; --       ; --           ;
; K25      ; 371        ; 6        ; RESERVED_INPUT_WITH_WEAK_PULLUP                           ;        ;              ;         ; Row I/O    ;                 ; no       ; On           ;
; K26      ; 370        ; 6        ; RESERVED_INPUT_WITH_WEAK_PULLUP                           ;        ;              ;         ; Row I/O    ;                 ; no       ; On           ;
; K27      ; 362        ; 6        ; RESERVED_INPUT_WITH_WEAK_PULLUP                           ;        ;              ;         ; Row I/O    ;                 ; no       ; On           ;
; K28      ; 361        ; 6        ; RESERVED_INPUT_WITH_WEAK_PULLUP                           ;        ;              ;         ; Row I/O    ;                 ; no       ; On           ;
; L1       ; 49         ; 1        ; RESERVED_INPUT_WITH_WEAK_PULLUP                           ;        ;              ;         ; Row I/O    ;                 ; no       ; On           ;
; L2       ; 48         ; 1        ; RESERVED_INPUT_WITH_WEAK_PULLUP                           ;        ;              ;         ; Row I/O    ;                 ; no       ; On           ;
; L3       ; 32         ; 1        ; RESERVED_INPUT_WITH_WEAK_PULLUP                           ;        ;              ;         ; Row I/O    ;                 ; no       ; On           ;
; L4       ; 31         ; 1        ; RESERVED_INPUT_WITH_WEAK_PULLUP                           ;        ;              ;         ; Row I/O    ;                 ; no       ; On           ;
; L5       ; 21         ; 1        ; RESERVED_INPUT_WITH_WEAK_PULLUP                           ;        ;              ;         ; Row I/O    ;                 ; no       ; On           ;
; L6       ; 43         ; 1        ; RESERVED_INPUT_WITH_WEAK_PULLUP                           ;        ;              ;         ; Row I/O    ;                 ; no       ; On           ;
; L7       ; 42         ; 1        ; RESERVED_INPUT_WITH_WEAK_PULLUP                           ;        ;              ;         ; Row I/O    ;                 ; no       ; On           ;
; L8       ; 40         ; 1        ; RESERVED_INPUT_WITH_WEAK_PULLUP                           ;        ;              ;         ; Row I/O    ;                 ; no       ; On           ;
; L9       ;            ;          ; GND                                                       ; gnd    ;              ;         ; --         ;                 ; --       ; --           ;
; L10      ;            ;          ; VCCINT                                                    ; power  ;              ; 1.2V    ; --         ;                 ; --       ; --           ;
; L11      ;            ;          ; GND                                                       ; gnd    ;              ;         ; --         ;                 ; --       ; --           ;
; L12      ;            ;          ; VCCINT                                                    ; power  ;              ; 1.2V    ; --         ;                 ; --       ; --           ;
; L13      ;            ;          ; GND                                                       ; gnd    ;              ;         ; --         ;                 ; --       ; --           ;
; L14      ;            ;          ; VCCINT                                                    ; power  ;              ; 1.2V    ; --         ;                 ; --       ; --           ;
; L15      ;            ;          ; GND                                                       ; gnd    ;              ;         ; --         ;                 ; --       ; --           ;
; L16      ;            ;          ; VCCINT                                                    ; power  ;              ; 1.2V    ; --         ;                 ; --       ; --           ;
; L17      ;            ;          ; GND                                                       ; gnd    ;              ;         ; --         ;                 ; --       ; --           ;
; L18      ;            ;          ; VCCINT                                                    ; power  ;              ; 1.2V    ; --         ;                 ; --       ; --           ;
; L19      ;            ;          ; GND                                                       ; gnd    ;              ;         ; --         ;                 ; --       ; --           ;
; L20      ;            ;          ; VCCINT                                                    ; power  ;              ; 1.2V    ; --         ;                 ; --       ; --           ;
; L21      ; 385        ; 6        ; RESERVED_INPUT_WITH_WEAK_PULLUP                           ;        ;              ;         ; Row I/O    ;                 ; no       ; On           ;
; L22      ; 384        ; 6        ; RESERVED_INPUT_WITH_WEAK_PULLUP                           ;        ;              ;         ; Row I/O    ;                 ; no       ; On           ;
; L23      ; 360        ; 6        ; RESERVED_INPUT_WITH_WEAK_PULLUP                           ;        ;              ;         ; Row I/O    ;                 ; no       ; On           ;
; L24      ; 359        ; 6        ; RESERVED_INPUT_WITH_WEAK_PULLUP                           ;        ;              ;         ; Row I/O    ;                 ; no       ; On           ;
; L25      ; 369        ; 6        ; RESERVED_INPUT_WITH_WEAK_PULLUP                           ;        ;              ;         ; Row I/O    ;                 ; no       ; On           ;
; L26      ; 363        ; 6        ; RESERVED_INPUT_WITH_WEAK_PULLUP                           ;        ;              ;         ; Row I/O    ;                 ; no       ; On           ;
; L27      ; 358        ; 6        ; RESERVED_INPUT_WITH_WEAK_PULLUP                           ;        ;              ;         ; Row I/O    ;                 ; no       ; On           ;
; L28      ; 357        ; 6        ; RESERVED_INPUT_WITH_WEAK_PULLUP                           ;        ;              ;         ; Row I/O    ;                 ; no       ; On           ;
; M1       ; 51         ; 1        ; RESERVED_INPUT_WITH_WEAK_PULLUP                           ;        ;              ;         ; Row I/O    ;                 ; no       ; On           ;
; M2       ; 50         ; 1        ; RESERVED_INPUT_WITH_WEAK_PULLUP                           ;        ;              ;         ; Row I/O    ;                 ; no       ; On           ;
; M3       ; 34         ; 1        ; RESERVED_INPUT_WITH_WEAK_PULLUP                           ;        ;              ;         ; Row I/O    ;                 ; no       ; On           ;
; M4       ; 33         ; 1        ; RESERVED_INPUT_WITH_WEAK_PULLUP                           ;        ;              ;         ; Row I/O    ;                 ; no       ; On           ;
; M5       ; 41         ; 1        ; RESERVED_INPUT_WITH_WEAK_PULLUP                           ;        ;              ;         ; Row I/O    ;                 ; no       ; On           ;
; M6       ; 24         ; 1        ; ^nSTATUS                                                  ;        ;              ;         ; --         ;                 ; --       ; --           ;
; M7       ; 47         ; 1        ; RESERVED_INPUT_WITH_WEAK_PULLUP                           ;        ;              ;         ; Row I/O    ;                 ; no       ; On           ;
; M8       ; 46         ; 1        ; RESERVED_INPUT_WITH_WEAK_PULLUP                           ;        ;              ;         ; Row I/O    ;                 ; no       ; On           ;
; M9       ;            ;          ; VCCINT                                                    ; power  ;              ; 1.2V    ; --         ;                 ; --       ; --           ;
; M10      ;            ;          ; GND                                                       ; gnd    ;              ;         ; --         ;                 ; --       ; --           ;
; M11      ;            ;          ; VCCINT                                                    ; power  ;              ; 1.2V    ; --         ;                 ; --       ; --           ;
; M12      ;            ;          ; GND                                                       ; gnd    ;              ;         ; --         ;                 ; --       ; --           ;
; M13      ;            ;          ; VCCINT                                                    ; power  ;              ; 1.2V    ; --         ;                 ; --       ; --           ;
; M14      ;            ;          ; GND                                                       ; gnd    ;              ;         ; --         ;                 ; --       ; --           ;
; M15      ;            ;          ; VCCINT                                                    ; power  ;              ; 1.2V    ; --         ;                 ; --       ; --           ;
; M16      ;            ;          ; GND                                                       ; gnd    ;              ;         ; --         ;                 ; --       ; --           ;
; M17      ;            ;          ; VCCINT                                                    ; power  ;              ; 1.2V    ; --         ;                 ; --       ; --           ;
; M18      ;            ;          ; GND                                                       ; gnd    ;              ;         ; --         ;                 ; --       ; --           ;
; M19      ;            ;          ; VCCINT                                                    ; power  ;              ; 1.2V    ; --         ;                 ; --       ; --           ;
; M20      ;            ;          ; GND                                                       ; gnd    ;              ;         ; --         ;                 ; --       ; --           ;
; M21      ; 368        ; 6        ; RESERVED_INPUT_WITH_WEAK_PULLUP                           ;        ;              ;         ; Row I/O    ;                 ; no       ; On           ;
; M22      ; 342        ; 6        ; ^MSEL2                                                    ;        ;              ;         ; --         ;                 ; --       ; --           ;
; M23      ; 344        ; 6        ; RESERVED_INPUT_WITH_WEAK_PULLUP                           ;        ;              ;         ; Row I/O    ;                 ; no       ; On           ;
; M24      ; 347        ; 6        ; RESERVED_INPUT_WITH_WEAK_PULLUP                           ;        ;              ;         ; Row I/O    ;                 ; no       ; On           ;
; M25      ; 356        ; 6        ; RESERVED_INPUT_WITH_WEAK_PULLUP                           ;        ;              ;         ; Row I/O    ;                 ; no       ; On           ;
; M26      ; 355        ; 6        ; RESERVED_INPUT_WITH_WEAK_PULLUP                           ;        ;              ;         ; Row I/O    ;                 ; no       ; On           ;
; M27      ; 354        ; 6        ; RESERVED_INPUT_WITH_WEAK_PULLUP                           ;        ;              ;         ; Row I/O    ;                 ; no       ; On           ;
; M28      ; 353        ; 6        ; RESERVED_INPUT_WITH_WEAK_PULLUP                           ;        ;              ;         ; Row I/O    ;                 ; no       ; On           ;
; N1       ;            ; 1        ; VCCIO1                                                    ; power  ;              ; 2.5V    ; --         ;                 ; --       ; --           ;
; N2       ;            ;          ; GND                                                       ; gnd    ;              ;         ; --         ;                 ; --       ; --           ;
; N3       ; 45         ; 1        ; RESERVED_INPUT_WITH_WEAK_PULLUP                           ;        ;              ;         ; Row I/O    ;                 ; no       ; On           ;
; N4       ; 44         ; 1        ; RESERVED_INPUT_WITH_WEAK_PULLUP                           ;        ;              ;         ; Row I/O    ;                 ; no       ; On           ;
; N5       ;            ; 1        ; VCCIO1                                                    ; power  ;              ; 2.5V    ; --         ;                 ; --       ; --           ;
; N6       ;            ;          ; GND                                                       ; gnd    ;              ;         ; --         ;                 ; --       ; --           ;
; N7       ; 56         ; 1        ; ~ALTERA_DATA0~ / RESERVED_INPUT_WITH_WEAK_PULLUP          ; input  ; 2.5 V        ;         ; Row I/O    ; N               ; no       ; On           ;
; N8       ; 54         ; 1        ; RESERVED_INPUT_WITH_WEAK_PULLUP                           ;        ;              ;         ; Row I/O    ;                 ; no       ; On           ;
; N9       ;            ;          ; GND                                                       ; gnd    ;              ;         ; --         ;                 ; --       ; --           ;
; N10      ;            ;          ; VCCINT                                                    ; power  ;              ; 1.2V    ; --         ;                 ; --       ; --           ;
; N11      ;            ;          ; GND                                                       ; gnd    ;              ;         ; --         ;                 ; --       ; --           ;
; N12      ;            ;          ; VCCINT                                                    ; power  ;              ; 1.2V    ; --         ;                 ; --       ; --           ;
; N13      ;            ;          ; GND                                                       ; gnd    ;              ;         ; --         ;                 ; --       ; --           ;
; N14      ;            ;          ; VCCINT                                                    ; power  ;              ; 1.2V    ; --         ;                 ; --       ; --           ;
; N15      ;            ;          ; GND                                                       ; gnd    ;              ;         ; --         ;                 ; --       ; --           ;
; N16      ;            ;          ; VCCINT                                                    ; power  ;              ; 1.2V    ; --         ;                 ; --       ; --           ;
; N17      ;            ;          ; GND                                                       ; gnd    ;              ;         ; --         ;                 ; --       ; --           ;
; N18      ;            ;          ; VCCINT                                                    ; power  ;              ; 1.2V    ; --         ;                 ; --       ; --           ;
; N19      ;            ;          ; GND                                                       ; gnd    ;              ;         ; --         ;                 ; --       ; --           ;
; N20      ;            ;          ; VCCINT                                                    ; power  ;              ; 1.2V    ; --         ;                 ; --       ; --           ;
; N21      ; 348        ; 6        ; RESERVED_INPUT_WITH_WEAK_PULLUP                           ;        ;              ;         ; Row I/O    ;                 ; no       ; On           ;
; N22      ; 340        ; 6        ; ^MSEL0                                                    ;        ;              ;         ; --         ;                 ; --       ; --           ;
; N23      ;            ;          ; GND                                                       ; gnd    ;              ;         ; --         ;                 ; --       ; --           ;
; N24      ;            ; 6        ; VCCIO6                                                    ; power  ;              ; 2.5V    ; --         ;                 ; --       ; --           ;
; N25      ; 352        ; 6        ; RESERVED_INPUT_WITH_WEAK_PULLUP                           ;        ;              ;         ; Row I/O    ;                 ; no       ; On           ;
; N26      ; 351        ; 6        ; RESERVED_INPUT_WITH_WEAK_PULLUP                           ;        ;              ;         ; Row I/O    ;                 ; no       ; On           ;
; N27      ;            ;          ; GND                                                       ; gnd    ;              ;         ; --         ;                 ; --       ; --           ;
; N28      ;            ; 6        ; VCCIO6                                                    ; power  ;              ; 2.5V    ; --         ;                 ; --       ; --           ;
; P1       ; 53         ; 1        ; RESERVED_INPUT_WITH_WEAK_PULLUP                           ;        ;              ;         ; Row I/O    ;                 ; no       ; On           ;
; P2       ; 52         ; 1        ; RESERVED_INPUT_WITH_WEAK_PULLUP                           ;        ;              ;         ; Row I/O    ;                 ; no       ; On           ;
; P3       ; 55         ; 1        ; ~ALTERA_DCLK~                                             ; output ; 2.5 V        ;         ; Row I/O    ; N               ; no       ; On           ;
; P4       ; 57         ; 1        ; ^nCONFIG                                                  ;        ;              ;         ; --         ;                 ; --       ; --           ;
; P5       ; 59         ; 1        ; #TCK                                                      ; input  ;              ;         ; --         ;                 ; --       ; --           ;
; P6       ; 61         ; 1        ; #TDO                                                      ; output ;              ;         ; --         ;                 ; --       ; --           ;
; P7       ; 58         ; 1        ; #TDI                                                      ; input  ;              ;         ; --         ;                 ; --       ; --           ;
; P8       ; 60         ; 1        ; #TMS                                                      ; input  ;              ;         ; --         ;                 ; --       ; --           ;
; P9       ;            ;          ; VCCINT                                                    ; power  ;              ; 1.2V    ; --         ;                 ; --       ; --           ;
; P10      ;            ;          ; GND                                                       ; gnd    ;              ;         ; --         ;                 ; --       ; --           ;
; P11      ;            ;          ; VCCINT                                                    ; power  ;              ; 1.2V    ; --         ;                 ; --       ; --           ;
; P12      ;            ;          ; GND                                                       ; gnd    ;              ;         ; --         ;                 ; --       ; --           ;
; P13      ;            ;          ; VCCINT                                                    ; power  ;              ; 1.2V    ; --         ;                 ; --       ; --           ;
; P14      ;            ;          ; GND                                                       ; gnd    ;              ;         ; --         ;                 ; --       ; --           ;
; P15      ;            ;          ; VCCINT                                                    ; power  ;              ; 1.2V    ; --         ;                 ; --       ; --           ;
; P16      ;            ;          ; GND                                                       ; gnd    ;              ;         ; --         ;                 ; --       ; --           ;
; P17      ;            ;          ; VCCINT                                                    ; power  ;              ; 1.2V    ; --         ;                 ; --       ; --           ;
; P18      ;            ;          ; GND                                                       ; gnd    ;              ;         ; --         ;                 ; --       ; --           ;
; P19      ;            ;          ; VCCINT                                                    ; power  ;              ; 1.2V    ; --         ;                 ; --       ; --           ;
; P20      ;            ;          ; GND                                                       ; gnd    ;              ;         ; --         ;                 ; --       ; --           ;
; P21      ; 334        ; 5        ; RESERVED_INPUT_WITH_WEAK_PULLUP                           ;        ;              ;         ; Row I/O    ;                 ; no       ; On           ;
; P22      ; 343        ; 6        ; ^MSEL3                                                    ;        ;              ;         ; --         ;                 ; --       ; --           ;
; P23      ; 341        ; 6        ; ^MSEL1                                                    ;        ;              ;         ; --         ;                 ; --       ; --           ;
; P24      ; 339        ; 6        ; ^CONF_DONE                                                ;        ;              ;         ; --         ;                 ; --       ; --           ;
; P25      ; 346        ; 6        ; RESERVED_INPUT_WITH_WEAK_PULLUP                           ;        ;              ;         ; Row I/O    ;                 ; no       ; On           ;
; P26      ; 345        ; 6        ; RESERVED_INPUT_WITH_WEAK_PULLUP                           ;        ;              ;         ; Row I/O    ;                 ; no       ; On           ;
; P27      ; 350        ; 6        ; RESERVED_INPUT_WITH_WEAK_PULLUP                           ;        ;              ;         ; Row I/O    ;                 ; no       ; On           ;
; P28      ; 349        ; 6        ; ~ALTERA_nCEO~ / RESERVED_OUTPUT_OPEN_DRAIN                ; output ; 2.5 V        ;         ; Row I/O    ; N               ; no       ; Off          ;
; R1       ; 68         ; 2        ; output[13]                                                ; output ; 2.5 V        ;         ; Row I/O    ; N               ; no       ; Off          ;
; R2       ; 67         ; 2        ; b[26]                                                     ; input  ; 2.5 V        ;         ; Row I/O    ; N               ; no       ; Off          ;
; R3       ; 73         ; 2        ; output[10]                                                ; output ; 2.5 V        ;         ; Row I/O    ; N               ; no       ; Off          ;
; R4       ; 74         ; 2        ; output[9]                                                 ; output ; 2.5 V        ;         ; Row I/O    ; N               ; no       ; Off          ;
; R5       ; 77         ; 2        ; output[2]                                                 ; output ; 2.5 V        ;         ; Row I/O    ; N               ; no       ; Off          ;
; R6       ; 70         ; 2        ; output[17]                                                ; output ; 2.5 V        ;         ; Row I/O    ; N               ; no       ; Off          ;
; R7       ; 69         ; 2        ; a[14]                                                     ; input  ; 2.5 V        ;         ; Row I/O    ; N               ; no       ; Off          ;
; R8       ; 62         ; 1        ; ^nCE                                                      ;        ;              ;         ; --         ;                 ; --       ; --           ;
; R9       ;            ;          ; GND                                                       ; gnd    ;              ;         ; --         ;                 ; --       ; --           ;
; R10      ;            ;          ; VCCINT                                                    ; power  ;              ; 1.2V    ; --         ;                 ; --       ; --           ;
; R11      ;            ;          ; GND                                                       ; gnd    ;              ;         ; --         ;                 ; --       ; --           ;
; R12      ;            ;          ; VCCINT                                                    ; power  ;              ; 1.2V    ; --         ;                 ; --       ; --           ;
; R13      ;            ;          ; GND                                                       ; gnd    ;              ;         ; --         ;                 ; --       ; --           ;
; R14      ;            ;          ; VCCINT                                                    ; power  ;              ; 1.2V    ; --         ;                 ; --       ; --           ;
; R15      ;            ;          ; GND                                                       ; gnd    ;              ;         ; --         ;                 ; --       ; --           ;
; R16      ;            ;          ; VCCINT                                                    ; power  ;              ; 1.2V    ; --         ;                 ; --       ; --           ;
; R17      ;            ;          ; GND                                                       ; gnd    ;              ;         ; --         ;                 ; --       ; --           ;
; R18      ;            ;          ; VCCINT                                                    ; power  ;              ; 1.2V    ; --         ;                 ; --       ; --           ;
; R19      ;            ;          ; GND                                                       ; gnd    ;              ;         ; --         ;                 ; --       ; --           ;
; R20      ;            ;          ; VCCINT                                                    ; power  ;              ; 1.2V    ; --         ;                 ; --       ; --           ;
; R21      ; 333        ; 5        ; RESERVED_INPUT_WITH_WEAK_PULLUP                           ;        ;              ;         ; Row I/O    ;                 ; no       ; On           ;
; R22      ; 332        ; 5        ; RESERVED_INPUT_WITH_WEAK_PULLUP                           ;        ;              ;         ; Row I/O    ;                 ; no       ; On           ;
; R23      ; 331        ; 5        ; RESERVED_INPUT_WITH_WEAK_PULLUP                           ;        ;              ;         ; Row I/O    ;                 ; no       ; On           ;
; R24      ; 330        ; 5        ; RESERVED_INPUT_WITH_WEAK_PULLUP                           ;        ;              ;         ; Row I/O    ;                 ; no       ; On           ;
; R25      ; 327        ; 5        ; RESERVED_INPUT_WITH_WEAK_PULLUP                           ;        ;              ;         ; Row I/O    ;                 ; no       ; On           ;
; R26      ; 326        ; 5        ; RESERVED_INPUT_WITH_WEAK_PULLUP                           ;        ;              ;         ; Row I/O    ;                 ; no       ; On           ;
; R27      ; 329        ; 5        ; RESERVED_INPUT_WITH_WEAK_PULLUP                           ;        ;              ;         ; Row I/O    ;                 ; no       ; On           ;
; R28      ; 328        ; 5        ; a[13]                                                     ; input  ; 2.5 V        ;         ; Row I/O    ; N               ; no       ; Off          ;
; T1       ;            ; 2        ; VCCIO2                                                    ; power  ;              ; 2.5V    ; --         ;                 ; --       ; --           ;
; T2       ;            ;          ; GND                                                       ; gnd    ;              ;         ; --         ;                 ; --       ; --           ;
; T3       ; 76         ; 2        ; output[30]                                                ; output ; 2.5 V        ;         ; Row I/O    ; N               ; no       ; Off          ;
; T4       ; 75         ; 2        ; a[5]                                                      ; input  ; 2.5 V        ;         ; Row I/O    ; N               ; no       ; Off          ;
; T5       ;            ; 2        ; VCCIO2                                                    ; power  ;              ; 2.5V    ; --         ;                 ; --       ; --           ;
; T6       ;            ;          ; GND                                                       ; gnd    ;              ;         ; --         ;                 ; --       ; --           ;
; T7       ; 78         ; 2        ; output[3]                                                 ; output ; 2.5 V        ;         ; Row I/O    ; N               ; no       ; Off          ;
; T8       ; 100        ; 2        ; RESERVED_INPUT_WITH_WEAK_PULLUP                           ;        ;              ;         ; Row I/O    ;                 ; no       ; On           ;
; T9       ;            ;          ; VCCINT                                                    ; power  ;              ; 1.2V    ; --         ;                 ; --       ; --           ;
; T10      ;            ;          ; GND                                                       ; gnd    ;              ;         ; --         ;                 ; --       ; --           ;
; T11      ;            ;          ; VCCINT                                                    ; power  ;              ; 1.2V    ; --         ;                 ; --       ; --           ;
; T12      ;            ;          ; GND                                                       ; gnd    ;              ;         ; --         ;                 ; --       ; --           ;
; T13      ;            ;          ; VCCINT                                                    ; power  ;              ; 1.2V    ; --         ;                 ; --       ; --           ;
; T14      ;            ;          ; GND                                                       ; gnd    ;              ;         ; --         ;                 ; --       ; --           ;
; T15      ;            ;          ; VCCINT                                                    ; power  ;              ; 1.2V    ; --         ;                 ; --       ; --           ;
; T16      ;            ;          ; GND                                                       ; gnd    ;              ;         ; --         ;                 ; --       ; --           ;
; T17      ;            ;          ; VCCINT                                                    ; power  ;              ; 1.2V    ; --         ;                 ; --       ; --           ;
; T18      ;            ;          ; GND                                                       ; gnd    ;              ;         ; --         ;                 ; --       ; --           ;
; T19      ;            ;          ; VCCINT                                                    ; power  ;              ; 1.2V    ; --         ;                 ; --       ; --           ;
; T20      ;            ;          ; GND                                                       ; gnd    ;              ;         ; --         ;                 ; --       ; --           ;
; T21      ; 325        ; 5        ; a[28]                                                     ; input  ; 2.5 V        ;         ; Row I/O    ; N               ; no       ; Off          ;
; T22      ; 324        ; 5        ; RESERVED_INPUT_WITH_WEAK_PULLUP                           ;        ;              ;         ; Row I/O    ;                 ; no       ; On           ;
; T23      ;            ;          ; GND                                                       ; gnd    ;              ;         ; --         ;                 ; --       ; --           ;
; T24      ;            ; 5        ; VCCIO5                                                    ; power  ;              ; 2.5V    ; --         ;                 ; --       ; --           ;
; T25      ; 323        ; 5        ; b[15]                                                     ; input  ; 2.5 V        ;         ; Row I/O    ; N               ; no       ; Off          ;
; T26      ; 322        ; 5        ; RESERVED_INPUT_WITH_WEAK_PULLUP                           ;        ;              ;         ; Row I/O    ;                 ; no       ; On           ;
; T27      ;            ;          ; GND                                                       ; gnd    ;              ;         ; --         ;                 ; --       ; --           ;
; T28      ;            ; 5        ; VCCIO5                                                    ; power  ;              ; 2.5V    ; --         ;                 ; --       ; --           ;
; U1       ; 80         ; 2        ; a[19]                                                     ; input  ; 2.5 V        ;         ; Row I/O    ; N               ; no       ; Off          ;
; U2       ; 79         ; 2        ; a[1]                                                      ; input  ; 2.5 V        ;         ; Row I/O    ; N               ; no       ; Off          ;
; U3       ; 71         ; 2        ; output[7]                                                 ; output ; 2.5 V        ;         ; Row I/O    ; N               ; no       ; Off          ;
; U4       ; 72         ; 2        ; a[11]                                                     ; input  ; 2.5 V        ;         ; Row I/O    ; N               ; no       ; Off          ;
; U5       ; 90         ; 2        ; RESERVED_INPUT_WITH_WEAK_PULLUP                           ;        ;              ;         ; Row I/O    ;                 ; no       ; On           ;
; U6       ; 89         ; 2        ; RESERVED_INPUT_WITH_WEAK_PULLUP                           ;        ;              ;         ; Row I/O    ;                 ; no       ; On           ;
; U7       ; 103        ; 2        ; RESERVED_INPUT_WITH_WEAK_PULLUP                           ;        ;              ;         ; Row I/O    ;                 ; no       ; On           ;
; U8       ; 104        ; 2        ; RESERVED_INPUT_WITH_WEAK_PULLUP                           ;        ;              ;         ; Row I/O    ;                 ; no       ; On           ;
; U9       ;            ;          ; GND                                                       ; gnd    ;              ;         ; --         ;                 ; --       ; --           ;
; U10      ;            ;          ; VCCINT                                                    ; power  ;              ; 1.2V    ; --         ;                 ; --       ; --           ;
; U11      ;            ;          ; GND                                                       ; gnd    ;              ;         ; --         ;                 ; --       ; --           ;
; U12      ;            ;          ; VCCINT                                                    ; power  ;              ; 1.2V    ; --         ;                 ; --       ; --           ;
; U13      ;            ;          ; GND                                                       ; gnd    ;              ;         ; --         ;                 ; --       ; --           ;
; U14      ;            ;          ; VCCINT                                                    ; power  ;              ; 1.2V    ; --         ;                 ; --       ; --           ;
; U15      ;            ;          ; GND                                                       ; gnd    ;              ;         ; --         ;                 ; --       ; --           ;
; U16      ;            ;          ; VCCINT                                                    ; power  ;              ; 1.2V    ; --         ;                 ; --       ; --           ;
; U17      ;            ;          ; GND                                                       ; gnd    ;              ;         ; --         ;                 ; --       ; --           ;
; U18      ;            ;          ; VCCINT                                                    ; power  ;              ; 1.2V    ; --         ;                 ; --       ; --           ;
; U19      ;            ;          ; GND                                                       ; gnd    ;              ;         ; --         ;                 ; --       ; --           ;
; U20      ;            ;          ; VCCINT                                                    ; power  ;              ; 1.2V    ; --         ;                 ; --       ; --           ;
; U21      ; 319        ; 5        ; b[6]                                                      ; input  ; 2.5 V        ;         ; Row I/O    ; N               ; no       ; Off          ;
; U22      ; 313        ; 5        ; RESERVED_INPUT_WITH_WEAK_PULLUP                           ;        ;              ;         ; Row I/O    ;                 ; no       ; On           ;
; U23      ; 305        ; 5        ; RESERVED_INPUT_WITH_WEAK_PULLUP                           ;        ;              ;         ; Row I/O    ;                 ; no       ; On           ;
; U24      ; 316        ; 5        ; RESERVED_INPUT_WITH_WEAK_PULLUP                           ;        ;              ;         ; Row I/O    ;                 ; no       ; On           ;
; U25      ; 315        ; 5        ; RESERVED_INPUT_WITH_WEAK_PULLUP                           ;        ;              ;         ; Row I/O    ;                 ; no       ; On           ;
; U26      ; 314        ; 5        ; RESERVED_INPUT_WITH_WEAK_PULLUP                           ;        ;              ;         ; Row I/O    ;                 ; no       ; On           ;
; U27      ; 318        ; 5        ; b[12]                                                     ; input  ; 2.5 V        ;         ; Row I/O    ; N               ; no       ; Off          ;
; U28      ; 317        ; 5        ; RESERVED_INPUT_WITH_WEAK_PULLUP                           ;        ;              ;         ; Row I/O    ;                 ; no       ; On           ;
; V1       ; 84         ; 2        ; RESERVED_INPUT_WITH_WEAK_PULLUP                           ;        ;              ;         ; Row I/O    ;                 ; no       ; On           ;
; V2       ; 83         ; 2        ; output[6]                                                 ; output ; 2.5 V        ;         ; Row I/O    ; N               ; no       ; Off          ;
; V3       ; 82         ; 2        ; b[31]                                                     ; input  ; 2.5 V        ;         ; Row I/O    ; N               ; no       ; Off          ;
; V4       ; 81         ; 2        ; b[7]                                                      ; input  ; 2.5 V        ;         ; Row I/O    ; N               ; no       ; Off          ;
; V5       ; 108        ; 2        ; RESERVED_INPUT_WITH_WEAK_PULLUP                           ;        ;              ;         ; Row I/O    ;                 ; no       ; On           ;
; V6       ; 107        ; 2        ; RESERVED_INPUT_WITH_WEAK_PULLUP                           ;        ;              ;         ; Row I/O    ;                 ; no       ; On           ;
; V7       ; 110        ; 2        ; RESERVED_INPUT_WITH_WEAK_PULLUP                           ;        ;              ;         ; Row I/O    ;                 ; no       ; On           ;
; V8       ; 109        ; 2        ; RESERVED_INPUT_WITH_WEAK_PULLUP                           ;        ;              ;         ; Row I/O    ;                 ; no       ; On           ;
; V9       ;            ;          ; VCCINT                                                    ; power  ;              ; 1.2V    ; --         ;                 ; --       ; --           ;
; V10      ;            ;          ; GND                                                       ; gnd    ;              ;         ; --         ;                 ; --       ; --           ;
; V11      ;            ;          ; VCCINT                                                    ; power  ;              ; 1.2V    ; --         ;                 ; --       ; --           ;
; V12      ;            ;          ; GND                                                       ; gnd    ;              ;         ; --         ;                 ; --       ; --           ;
; V13      ;            ;          ; VCCINT                                                    ; power  ;              ; 1.2V    ; --         ;                 ; --       ; --           ;
; V14      ;            ;          ; GND                                                       ; gnd    ;              ;         ; --         ;                 ; --       ; --           ;
; V15      ;            ;          ; VCCINT                                                    ; power  ;              ; 1.2V    ; --         ;                 ; --       ; --           ;
; V16      ;            ;          ; GND                                                       ; gnd    ;              ;         ; --         ;                 ; --       ; --           ;
; V17      ;            ;          ; VCCINT                                                    ; power  ;              ; 1.2V    ; --         ;                 ; --       ; --           ;
; V18      ;            ;          ; GND                                                       ; gnd    ;              ;         ; --         ;                 ; --       ; --           ;
; V19      ;            ;          ; VCCINT                                                    ; power  ;              ; 1.2V    ; --         ;                 ; --       ; --           ;
; V20      ;            ;          ; GND                                                       ; gnd    ;              ;         ; --         ;                 ; --       ; --           ;
; V21      ; 311        ; 5        ; RESERVED_INPUT_WITH_WEAK_PULLUP                           ;        ;              ;         ; Row I/O    ;                 ; no       ; On           ;
; V22      ; 312        ; 5        ; RESERVED_INPUT_WITH_WEAK_PULLUP                           ;        ;              ;         ; Row I/O    ;                 ; no       ; On           ;
; V23      ; 309        ; 5        ; RESERVED_INPUT_WITH_WEAK_PULLUP                           ;        ;              ;         ; Row I/O    ;                 ; no       ; On           ;
; V24      ; 308        ; 5        ; RESERVED_INPUT_WITH_WEAK_PULLUP                           ;        ;              ;         ; Row I/O    ;                 ; no       ; On           ;
; V25      ; 307        ; 5        ; RESERVED_INPUT_WITH_WEAK_PULLUP                           ;        ;              ;         ; Row I/O    ;                 ; no       ; On           ;
; V26      ; 306        ; 5        ; RESERVED_INPUT_WITH_WEAK_PULLUP                           ;        ;              ;         ; Row I/O    ;                 ; no       ; On           ;
; V27      ; 304        ; 5        ; RESERVED_INPUT_WITH_WEAK_PULLUP                           ;        ;              ;         ; Row I/O    ;                 ; no       ; On           ;
; V28      ; 303        ; 5        ; RESERVED_INPUT_WITH_WEAK_PULLUP                           ;        ;              ;         ; Row I/O    ;                 ; no       ; On           ;
; W1       ; 88         ; 2        ; RESERVED_INPUT_WITH_WEAK_PULLUP                           ;        ;              ;         ; Row I/O    ;                 ; no       ; On           ;
; W2       ; 87         ; 2        ; a[25]                                                     ; input  ; 2.5 V        ;         ; Row I/O    ; N               ; no       ; Off          ;
; W3       ; 112        ; 2        ; RESERVED_INPUT_WITH_WEAK_PULLUP                           ;        ;              ;         ; Row I/O    ;                 ; no       ; On           ;
; W4       ; 111        ; 2        ; RESERVED_INPUT_WITH_WEAK_PULLUP                           ;        ;              ;         ; Row I/O    ;                 ; no       ; On           ;
; W5       ;            ; 2        ; VCCIO2                                                    ; power  ;              ; 2.5V    ; --         ;                 ; --       ; --           ;
; W6       ;            ;          ; GND                                                       ; gnd    ;              ;         ; --         ;                 ; --       ; --           ;
; W7       ; 115        ; 2        ; RESERVED_INPUT_WITH_WEAK_PULLUP                           ;        ;              ;         ; Row I/O    ;                 ; no       ; On           ;
; W8       ; 116        ; 2        ; RESERVED_INPUT_WITH_WEAK_PULLUP                           ;        ;              ;         ; Row I/O    ;                 ; no       ; On           ;
; W9       ;            ;          ; GND                                                       ; gnd    ;              ;         ; --         ;                 ; --       ; --           ;
; W10      ;            ;          ; VCCINT                                                    ; power  ;              ; 1.2V    ; --         ;                 ; --       ; --           ;
; W11      ;            ;          ; GND                                                       ; gnd    ;              ;         ; --         ;                 ; --       ; --           ;
; W12      ;            ;          ; VCCINT                                                    ; power  ;              ; 1.2V    ; --         ;                 ; --       ; --           ;
; W13      ;            ;          ; GND                                                       ; gnd    ;              ;         ; --         ;                 ; --       ; --           ;
; W14      ;            ;          ; VCCINT                                                    ; power  ;              ; 1.2V    ; --         ;                 ; --       ; --           ;
; W15      ;            ;          ; GND                                                       ; gnd    ;              ;         ; --         ;                 ; --       ; --           ;
; W16      ;            ;          ; VCCINT                                                    ; power  ;              ; 1.2V    ; --         ;                 ; --       ; --           ;
; W17      ;            ;          ; GND                                                       ; gnd    ;              ;         ; --         ;                 ; --       ; --           ;
; W18      ;            ;          ; VCCINT                                                    ; power  ;              ; 1.2V    ; --         ;                 ; --       ; --           ;
; W19      ;            ;          ; GND                                                       ; gnd    ;              ;         ; --         ;                 ; --       ; --           ;
; W20      ;            ;          ; VCCINT                                                    ; power  ;              ; 1.2V    ; --         ;                 ; --       ; --           ;
; W21      ; 310        ; 5        ; RESERVED_INPUT_WITH_WEAK_PULLUP                           ;        ;              ;         ; Row I/O    ;                 ; no       ; On           ;
; W22      ; 321        ; 5        ; op[0]                                                     ; input  ; 2.5 V        ;         ; Row I/O    ; N               ; no       ; Off          ;
; W23      ;            ;          ; GND                                                       ; gnd    ;              ;         ; --         ;                 ; --       ; --           ;
; W24      ;            ; 5        ; VCCIO5                                                    ; power  ;              ; 2.5V    ; --         ;                 ; --       ; --           ;
; W25      ; 300        ; 5        ; RESERVED_INPUT_WITH_WEAK_PULLUP                           ;        ;              ;         ; Row I/O    ;                 ; no       ; On           ;
; W26      ; 299        ; 5        ; RESERVED_INPUT_WITH_WEAK_PULLUP                           ;        ;              ;         ; Row I/O    ;                 ; no       ; On           ;
; W27      ; 301        ; 5        ; RESERVED_INPUT_WITH_WEAK_PULLUP                           ;        ;              ;         ; Row I/O    ;                 ; no       ; On           ;
; W28      ; 302        ; 5        ; RESERVED_INPUT_WITH_WEAK_PULLUP                           ;        ;              ;         ; Row I/O    ;                 ; no       ; On           ;
; Y1       ; 66         ; 2        ; GND+                                                      ;        ;              ;         ; Row I/O    ;                 ; --       ; --           ;
; Y2       ; 65         ; 2        ; GND+                                                      ;        ;              ;         ; Row I/O    ;                 ; --       ; --           ;
; Y3       ; 92         ; 2        ; RESERVED_INPUT_WITH_WEAK_PULLUP                           ;        ;              ;         ; Row I/O    ;                 ; no       ; On           ;
; Y4       ; 91         ; 2        ; RESERVED_INPUT_WITH_WEAK_PULLUP                           ;        ;              ;         ; Row I/O    ;                 ; no       ; On           ;
; Y5       ; 114        ; 2        ; RESERVED_INPUT_WITH_WEAK_PULLUP                           ;        ;              ;         ; Row I/O    ;                 ; no       ; On           ;
; Y6       ; 113        ; 2        ; RESERVED_INPUT_WITH_WEAK_PULLUP                           ;        ;              ;         ; Row I/O    ;                 ; no       ; On           ;
; Y7       ; 117        ; 2        ; RESERVED_INPUT_WITH_WEAK_PULLUP                           ;        ;              ;         ; Row I/O    ;                 ; no       ; On           ;
; Y8       ;            ; --       ; VCCA1                                                     ; power  ;              ; 2.5V    ; --         ;                 ; --       ; --           ;
; Y9       ;            ;          ; VCCD_PLL1                                                 ; power  ;              ; 1.2V    ; --         ;                 ; --       ; --           ;
; Y10      ; 140        ; 3        ; RESERVED_INPUT_WITH_WEAK_PULLUP                           ;        ;              ;         ; Column I/O ;                 ; no       ; On           ;
; Y11      ;            ;          ; GND                                                       ; gnd    ;              ;         ; --         ;                 ; --       ; --           ;
; Y12      ; 187        ; 3        ; b[5]                                                      ; input  ; 2.5 V        ;         ; Column I/O ; N               ; no       ; Off          ;
; Y13      ; 189        ; 3        ; b[13]                                                     ; input  ; 2.5 V        ;         ; Column I/O ; N               ; no       ; Off          ;
; Y14      ; 197        ; 3        ; output[31]                                                ; output ; 2.5 V        ;         ; Column I/O ; N               ; no       ; Off          ;
; Y15      ; 198        ; 3        ; a[26]                                                     ; input  ; 2.5 V        ;         ; Column I/O ; N               ; no       ; Off          ;
; Y16      ; 250        ; 4        ; RESERVED_INPUT_WITH_WEAK_PULLUP                           ;        ;              ;         ; Column I/O ;                 ; no       ; On           ;
; Y17      ; 249        ; 4        ; RESERVED_INPUT_WITH_WEAK_PULLUP                           ;        ;              ;         ; Column I/O ;                 ; no       ; On           ;
; Y18      ;            ;          ; GND                                                       ; gnd    ;              ;         ; --         ;                 ; --       ; --           ;
; Y19      ; 263        ; 4        ; RESERVED_INPUT_WITH_WEAK_PULLUP                           ;        ;              ;         ; Column I/O ;                 ; no       ; On           ;
; Y20      ;            ;          ; VCCD_PLL4                                                 ; power  ;              ; 1.2V    ; --         ;                 ; --       ; --           ;
; Y21      ;            ; --       ; VCCA4                                                     ; power  ;              ; 2.5V    ; --         ;                 ; --       ; --           ;
; Y22      ; 320        ; 5        ; b[9]                                                      ; input  ; 2.5 V        ;         ; Row I/O    ; N               ; no       ; Off          ;
; Y23      ; 288        ; 5        ; RESERVED_INPUT_WITH_WEAK_PULLUP                           ;        ;              ;         ; Row I/O    ;                 ; no       ; On           ;
; Y24      ; 287        ; 5        ; RESERVED_INPUT_WITH_WEAK_PULLUP                           ;        ;              ;         ; Row I/O    ;                 ; no       ; On           ;
; Y25      ; 298        ; 5        ; RESERVED_INPUT_WITH_WEAK_PULLUP                           ;        ;              ;         ; Row I/O    ;                 ; no       ; On           ;
; Y26      ; 297        ; 5        ; RESERVED_INPUT_WITH_WEAK_PULLUP                           ;        ;              ;         ; Row I/O    ;                 ; no       ; On           ;
; Y27      ; 336        ; 5        ; GND+                                                      ;        ;              ;         ; Row I/O    ;                 ; --       ; --           ;
; Y28      ; 335        ; 5        ; GND+                                                      ;        ;              ;         ; Row I/O    ;                 ; --       ; --           ;
+----------+------------+----------+-----------------------------------------------------------+--------+--------------+---------+------------+-----------------+----------+--------------+
Note: Pin directions (input, output or bidir) are based on device operating in user mode.


+-------------------------------------------------------------------------------+
; Output Pin Default Load For Reported TCO                                      ;
+----------------------------------+-------+------------------------------------+
; I/O Standard                     ; Load  ; Termination Resistance             ;
+----------------------------------+-------+------------------------------------+
; 3.0-V LVTTL                      ; 0 pF  ; Not Available                      ;
; 3.3-V LVTTL                      ; 0 pF  ; Not Available                      ;
; 3.0-V LVCMOS                     ; 0 pF  ; Not Available                      ;
; 3.3-V LVCMOS                     ; 0 pF  ; Not Available                      ;
; 3.0-V PCI                        ; 10 pF ; Not Available                      ;
; 3.0-V PCI-X                      ; 10 pF ; Not Available                      ;
; 2.5 V                            ; 0 pF  ; Not Available                      ;
; 1.8 V                            ; 0 pF  ; Not Available                      ;
; 1.5 V                            ; 0 pF  ; Not Available                      ;
; 1.2 V                            ; 0 pF  ; Not Available                      ;
; SSTL-2 Class I                   ; 0 pF  ; 50 Ohm (Parallel), 25 Ohm (Serial) ;
; Differential 2.5-V SSTL Class I  ; 0 pF  ; (See SSTL-2)                       ;
; SSTL-2 Class II                  ; 0 pF  ; 25 Ohm (Parallel), 25 Ohm (Serial) ;
; Differential 2.5-V SSTL Class II ; 0 pF  ; (See SSTL-2 Class II)              ;
; SSTL-18 Class I                  ; 0 pF  ; 50 Ohm (Parallel), 25 Ohm (Serial) ;
; Differential 1.8-V SSTL Class I  ; 0 pF  ; (See 1.8-V SSTL Class I)           ;
; SSTL-18 Class II                 ; 0 pF  ; 25 Ohm (Parallel), 25 Ohm (Serial) ;
; Differential 1.8-V SSTL Class II ; 0 pF  ; (See 1.8-V SSTL Class II)          ;
; 1.8-V HSTL Class I               ; 0 pF  ; 50 Ohm (Parallel)                  ;
; Differential 1.8-V HSTL Class I  ; 0 pF  ; (See 1.8-V HSTL Class I)           ;
; 1.8-V HSTL Class II              ; 0 pF  ; 25 Ohm (Parallel)                  ;
; Differential 1.8-V HSTL Class II ; 0 pF  ; (See 1.8-V HSTL Class II)          ;
; 1.5-V HSTL Class I               ; 0 pF  ; 50 Ohm (Parallel)                  ;
; Differential 1.5-V HSTL Class I  ; 0 pF  ; (See 1.5-V HSTL Class I)           ;
; 1.5-V HSTL Class II              ; 0 pF  ; 25 Ohm (Parallel)                  ;
; Differential 1.5-V HSTL Class II ; 0 pF  ; (See 1.5-V HSTL Class II)          ;
; 1.2-V HSTL Class I               ; 0 pF  ; Not Available                      ;
; Differential 1.2-V HSTL Class I  ; 0 pF  ; Not Available                      ;
; 1.2-V HSTL Class II              ; 0 pF  ; Not Available                      ;
; Differential 1.2-V HSTL Class II ; 0 pF  ; Not Available                      ;
; Differential LVPECL              ; 0 pF  ; 100 Ohm (Differential)             ;
; LVDS                             ; 0 pF  ; 100 Ohm (Differential)             ;
; LVDS_E_3R                        ; 0 pF  ; Not Available                      ;
; RSDS                             ; 0 pF  ; 100 Ohm (Differential)             ;
; RSDS_E_1R                        ; 0 pF  ; Not Available                      ;
; RSDS_E_3R                        ; 0 pF  ; Not Available                      ;
; mini-LVDS                        ; 0 pF  ; 100 Ohm (Differential)             ;
; mini-LVDS_E_3R                   ; 0 pF  ; Not Available                      ;
; PPDS                             ; 0 pF  ; Not Available                      ;
; PPDS_E_3R                        ; 0 pF  ; Not Available                      ;
; Bus LVDS                         ; 0 pF  ; Not Available                      ;
+----------------------------------+-------+------------------------------------+
Note: User assignments will override these defaults. The user specified values are listed in the Output Pins and Bidir Pins tables.


+------------------------------------------------------------------------------------------------------------------------------------------------------------------------------------------------------------------------------------------------------------------------------------------------------------------------------------------------------+
; Fitter Resource Utilization by Entity                                                                                                                                                                                                                                                                                                                ;
+-------------------------------------------+-------------+---------------------------+---------------+-------------+------+--------------+---------+-----------+------+--------------+--------------+-------------------+------------------+-------------------------------------------------------------------------------------------+--------------+
; Compilation Hierarchy Node                ; Logic Cells ; Dedicated Logic Registers ; I/O Registers ; Memory Bits ; M9Ks ; DSP Elements ; DSP 9x9 ; DSP 18x18 ; Pins ; Virtual Pins ; LUT-Only LCs ; Register-Only LCs ; LUT/Register LCs ; Full Hierarchy Name                                                                       ; Library Name ;
+-------------------------------------------+-------------+---------------------------+---------------+-------------+------+--------------+---------+-----------+------+--------------+--------------+-------------------+------------------+-------------------------------------------------------------------------------------------+--------------+
; |ALU                                      ; 542 (4)     ; 0 (0)                     ; 0 (0)         ; 0           ; 0    ; 0            ; 0       ; 0         ; 100  ; 0            ; 542 (4)      ; 0 (0)             ; 0 (0)            ; |ALU                                                                                      ; work         ;
;    |lpm_add_sub0:inst|                    ; 66 (0)      ; 0 (0)                     ; 0 (0)         ; 0           ; 0    ; 0            ; 0       ; 0         ; 0    ; 0            ; 66 (0)       ; 0 (0)             ; 0 (0)            ; |ALU|lpm_add_sub0:inst                                                                    ; work         ;
;       |lpm_add_sub:lpm_add_sub_component| ; 66 (0)      ; 0 (0)                     ; 0 (0)         ; 0           ; 0    ; 0            ; 0       ; 0         ; 0    ; 0            ; 66 (0)       ; 0 (0)             ; 0 (0)            ; |ALU|lpm_add_sub0:inst|lpm_add_sub:lpm_add_sub_component                                  ; work         ;
;          |add_sub_76i:auto_generated|     ; 66 (66)     ; 0 (0)                     ; 0 (0)         ; 0           ; 0    ; 0            ; 0       ; 0         ; 0    ; 0            ; 66 (66)      ; 0 (0)             ; 0 (0)            ; |ALU|lpm_add_sub0:inst|lpm_add_sub:lpm_add_sub_component|add_sub_76i:auto_generated       ; work         ;
;    |lpm_clshift0:inst19|                  ; 106 (0)     ; 0 (0)                     ; 0 (0)         ; 0           ; 0    ; 0            ; 0       ; 0         ; 0    ; 0            ; 106 (0)      ; 0 (0)             ; 0 (0)            ; |ALU|lpm_clshift0:inst19                                                                  ; work         ;
;       |lpm_clshift:lpm_clshift_component| ; 106 (0)     ; 0 (0)                     ; 0 (0)         ; 0           ; 0    ; 0            ; 0       ; 0         ; 0    ; 0            ; 106 (0)      ; 0 (0)             ; 0 (0)            ; |ALU|lpm_clshift0:inst19|lpm_clshift:lpm_clshift_component                                ; work         ;
;          |lpm_clshift_euc:auto_generated| ; 106 (106)   ; 0 (0)                     ; 0 (0)         ; 0           ; 0    ; 0            ; 0       ; 0         ; 0    ; 0            ; 106 (106)    ; 0 (0)             ; 0 (0)            ; |ALU|lpm_clshift0:inst19|lpm_clshift:lpm_clshift_component|lpm_clshift_euc:auto_generated ; work         ;
;    |lpm_clshift1:inst20|                  ; 101 (0)     ; 0 (0)                     ; 0 (0)         ; 0           ; 0    ; 0            ; 0       ; 0         ; 0    ; 0            ; 101 (0)      ; 0 (0)             ; 0 (0)            ; |ALU|lpm_clshift1:inst20                                                                  ; work         ;
;       |lpm_clshift:lpm_clshift_component| ; 101 (0)     ; 0 (0)                     ; 0 (0)         ; 0           ; 0    ; 0            ; 0       ; 0         ; 0    ; 0            ; 101 (0)      ; 0 (0)             ; 0 (0)            ; |ALU|lpm_clshift1:inst20|lpm_clshift:lpm_clshift_component                                ; work         ;
;          |lpm_clshift_ukb:auto_generated| ; 101 (101)   ; 0 (0)                     ; 0 (0)         ; 0           ; 0    ; 0            ; 0       ; 0         ; 0    ; 0            ; 101 (101)    ; 0 (0)             ; 0 (0)            ; |ALU|lpm_clshift1:inst20|lpm_clshift:lpm_clshift_component|lpm_clshift_ukb:auto_generated ; work         ;
;    |lpm_mux0:inst28|                      ; 15 (0)      ; 0 (0)                     ; 0 (0)         ; 0           ; 0    ; 0            ; 0       ; 0         ; 0    ; 0            ; 15 (0)       ; 0 (0)             ; 0 (0)            ; |ALU|lpm_mux0:inst28                                                                      ; work         ;
;       |lpm_mux:lpm_mux_component|         ; 15 (0)      ; 0 (0)                     ; 0 (0)         ; 0           ; 0    ; 0            ; 0       ; 0         ; 0    ; 0            ; 15 (0)       ; 0 (0)             ; 0 (0)            ; |ALU|lpm_mux0:inst28|lpm_mux:lpm_mux_component                                            ; work         ;
;          |mux_0qc:auto_generated|         ; 15 (15)     ; 0 (0)                     ; 0 (0)         ; 0           ; 0    ; 0            ; 0       ; 0         ; 0    ; 0            ; 15 (15)      ; 0 (0)             ; 0 (0)            ; |ALU|lpm_mux0:inst28|lpm_mux:lpm_mux_component|mux_0qc:auto_generated                     ; work         ;
;    |lpm_mux1:inst31|                      ; 250 (0)     ; 0 (0)                     ; 0 (0)         ; 0           ; 0    ; 0            ; 0       ; 0         ; 0    ; 0            ; 250 (0)      ; 0 (0)             ; 0 (0)            ; |ALU|lpm_mux1:inst31                                                                      ;              ;
;       |lpm_mux:lpm_mux_component|         ; 250 (0)     ; 0 (0)                     ; 0 (0)         ; 0           ; 0    ; 0            ; 0       ; 0         ; 0    ; 0            ; 250 (0)      ; 0 (0)             ; 0 (0)            ; |ALU|lpm_mux1:inst31|lpm_mux:lpm_mux_component                                            ; work         ;
;          |mux_prc:auto_generated|         ; 250 (250)   ; 0 (0)                     ; 0 (0)         ; 0           ; 0    ; 0            ; 0       ; 0         ; 0    ; 0            ; 250 (250)    ; 0 (0)             ; 0 (0)            ; |ALU|lpm_mux1:inst31|lpm_mux:lpm_mux_component|mux_prc:auto_generated                     ;              ;
+-------------------------------------------+-------------+---------------------------+---------------+-------------+------+--------------+---------+-----------+------+--------------+--------------+-------------------+------------------+-------------------------------------------------------------------------------------------+--------------+
Note: For table entries with two numbers listed, the numbers in parentheses indicate the number of resources of the given type used by the specific entity alone. The numbers listed outside of parentheses indicate the total resources of the given type used by the specific entity and all of its sub-entities in the hierarchy.


+--------------------------------------------------------------------------------------------+
; Delay Chain Summary                                                                        ;
+------------+----------+---------------+---------------+-----------------------+-----+------+
; Name       ; Pin Type ; Pad to Core 0 ; Pad to Core 1 ; Pad to Input Register ; TCO ; TCOE ;
+------------+----------+---------------+---------------+-----------------------+-----+------+
; output[31] ; Output   ; --            ; --            ; --                    ; --  ; --   ;
; output[30] ; Output   ; --            ; --            ; --                    ; --  ; --   ;
; output[29] ; Output   ; --            ; --            ; --                    ; --  ; --   ;
; output[28] ; Output   ; --            ; --            ; --                    ; --  ; --   ;
; output[27] ; Output   ; --            ; --            ; --                    ; --  ; --   ;
; output[26] ; Output   ; --            ; --            ; --                    ; --  ; --   ;
; output[25] ; Output   ; --            ; --            ; --                    ; --  ; --   ;
; output[24] ; Output   ; --            ; --            ; --                    ; --  ; --   ;
; output[23] ; Output   ; --            ; --            ; --                    ; --  ; --   ;
; output[22] ; Output   ; --            ; --            ; --                    ; --  ; --   ;
; output[21] ; Output   ; --            ; --            ; --                    ; --  ; --   ;
; output[20] ; Output   ; --            ; --            ; --                    ; --  ; --   ;
; output[19] ; Output   ; --            ; --            ; --                    ; --  ; --   ;
; output[18] ; Output   ; --            ; --            ; --                    ; --  ; --   ;
; output[17] ; Output   ; --            ; --            ; --                    ; --  ; --   ;
; output[16] ; Output   ; --            ; --            ; --                    ; --  ; --   ;
; output[15] ; Output   ; --            ; --            ; --                    ; --  ; --   ;
; output[14] ; Output   ; --            ; --            ; --                    ; --  ; --   ;
; output[13] ; Output   ; --            ; --            ; --                    ; --  ; --   ;
; output[12] ; Output   ; --            ; --            ; --                    ; --  ; --   ;
; output[11] ; Output   ; --            ; --            ; --                    ; --  ; --   ;
; output[10] ; Output   ; --            ; --            ; --                    ; --  ; --   ;
; output[9]  ; Output   ; --            ; --            ; --                    ; --  ; --   ;
; output[8]  ; Output   ; --            ; --            ; --                    ; --  ; --   ;
; output[7]  ; Output   ; --            ; --            ; --                    ; --  ; --   ;
; output[6]  ; Output   ; --            ; --            ; --                    ; --  ; --   ;
; output[5]  ; Output   ; --            ; --            ; --                    ; --  ; --   ;
; output[4]  ; Output   ; --            ; --            ; --                    ; --  ; --   ;
; output[3]  ; Output   ; --            ; --            ; --                    ; --  ; --   ;
; output[2]  ; Output   ; --            ; --            ; --                    ; --  ; --   ;
; output[1]  ; Output   ; --            ; --            ; --                    ; --  ; --   ;
; output[0]  ; Output   ; --            ; --            ; --                    ; --  ; --   ;
; a[31]      ; Input    ; (0) 0 ps      ; --            ; --                    ; --  ; --   ;
; op[1]      ; Input    ; (0) 0 ps      ; --            ; --                    ; --  ; --   ;
; op[0]      ; Input    ; (6) 2585 ps   ; --            ; --                    ; --  ; --   ;
; op[2]      ; Input    ; (6) 2587 ps   ; --            ; --                    ; --  ; --   ;
; op[3]      ; Input    ; (6) 2587 ps   ; --            ; --                    ; --  ; --   ;
; b[31]      ; Input    ; (6) 2585 ps   ; --            ; --                    ; --  ; --   ;
; a[16]      ; Input    ; (6) 2587 ps   ; --            ; --                    ; --  ; --   ;
; a[17]      ; Input    ; (6) 2587 ps   ; --            ; --                    ; --  ; --   ;
; b[0]       ; Input    ; --            ; (6) 2587 ps   ; --                    ; --  ; --   ;
; a[18]      ; Input    ; (6) 2587 ps   ; --            ; --                    ; --  ; --   ;
; a[19]      ; Input    ; (6) 2585 ps   ; --            ; --                    ; --  ; --   ;
; b[1]       ; Input    ; (6) 2587 ps   ; --            ; --                    ; --  ; --   ;
; a[20]      ; Input    ; (6) 2587 ps   ; --            ; --                    ; --  ; --   ;
; a[21]      ; Input    ; (6) 2587 ps   ; --            ; --                    ; --  ; --   ;
; a[22]      ; Input    ; (6) 2587 ps   ; --            ; --                    ; --  ; --   ;
; a[23]      ; Input    ; (6) 2587 ps   ; --            ; --                    ; --  ; --   ;
; b[2]       ; Input    ; (6) 2587 ps   ; --            ; --                    ; --  ; --   ;
; a[30]      ; Input    ; --            ; (6) 2587 ps   ; --                    ; --  ; --   ;
; a[28]      ; Input    ; --            ; (6) 2585 ps   ; --                    ; --  ; --   ;
; a[29]      ; Input    ; --            ; (6) 2587 ps   ; --                    ; --  ; --   ;
; a[24]      ; Input    ; (6) 2587 ps   ; --            ; --                    ; --  ; --   ;
; a[25]      ; Input    ; (6) 2585 ps   ; --            ; --                    ; --  ; --   ;
; a[26]      ; Input    ; (6) 2587 ps   ; --            ; --                    ; --  ; --   ;
; a[27]      ; Input    ; (6) 2587 ps   ; --            ; --                    ; --  ; --   ;
; b[3]       ; Input    ; (6) 2587 ps   ; --            ; --                    ; --  ; --   ;
; b[4]       ; Input    ; --            ; (6) 2587 ps   ; --                    ; --  ; --   ;
; a[0]       ; Input    ; (6) 2587 ps   ; --            ; --                    ; --  ; --   ;
; a[1]       ; Input    ; --            ; (6) 2585 ps   ; --                    ; --  ; --   ;
; a[2]       ; Input    ; --            ; (6) 2587 ps   ; --                    ; --  ; --   ;
; a[3]       ; Input    ; (6) 2587 ps   ; --            ; --                    ; --  ; --   ;
; a[4]       ; Input    ; (6) 2587 ps   ; --            ; --                    ; --  ; --   ;
; a[5]       ; Input    ; --            ; (6) 2585 ps   ; --                    ; --  ; --   ;
; a[6]       ; Input    ; (6) 2587 ps   ; --            ; --                    ; --  ; --   ;
; a[7]       ; Input    ; (6) 2587 ps   ; --            ; --                    ; --  ; --   ;
; a[8]       ; Input    ; (6) 2587 ps   ; --            ; --                    ; --  ; --   ;
; a[9]       ; Input    ; (6) 2587 ps   ; --            ; --                    ; --  ; --   ;
; a[10]      ; Input    ; (6) 2587 ps   ; --            ; --                    ; --  ; --   ;
; a[11]      ; Input    ; (6) 2585 ps   ; --            ; --                    ; --  ; --   ;
; a[12]      ; Input    ; (6) 2587 ps   ; --            ; --                    ; --  ; --   ;
; a[13]      ; Input    ; --            ; (6) 2585 ps   ; --                    ; --  ; --   ;
; a[14]      ; Input    ; --            ; (6) 2585 ps   ; --                    ; --  ; --   ;
; a[15]      ; Input    ; --            ; (6) 2587 ps   ; --                    ; --  ; --   ;
; b[30]      ; Input    ; --            ; (6) 2587 ps   ; --                    ; --  ; --   ;
; b[29]      ; Input    ; --            ; (6) 2587 ps   ; --                    ; --  ; --   ;
; b[28]      ; Input    ; (6) 2587 ps   ; --            ; --                    ; --  ; --   ;
; b[27]      ; Input    ; (6) 2587 ps   ; --            ; --                    ; --  ; --   ;
; b[26]      ; Input    ; --            ; (6) 2585 ps   ; --                    ; --  ; --   ;
; b[25]      ; Input    ; --            ; (6) 2587 ps   ; --                    ; --  ; --   ;
; b[24]      ; Input    ; (6) 2587 ps   ; --            ; --                    ; --  ; --   ;
; b[23]      ; Input    ; --            ; (6) 2587 ps   ; --                    ; --  ; --   ;
; b[22]      ; Input    ; --            ; (6) 2587 ps   ; --                    ; --  ; --   ;
; b[21]      ; Input    ; (6) 2587 ps   ; --            ; --                    ; --  ; --   ;
; b[20]      ; Input    ; --            ; (6) 2587 ps   ; --                    ; --  ; --   ;
; b[19]      ; Input    ; --            ; (6) 2587 ps   ; --                    ; --  ; --   ;
; b[18]      ; Input    ; --            ; (6) 2587 ps   ; --                    ; --  ; --   ;
; b[17]      ; Input    ; (6) 2587 ps   ; --            ; --                    ; --  ; --   ;
; b[16]      ; Input    ; --            ; (6) 2587 ps   ; --                    ; --  ; --   ;
; b[15]      ; Input    ; --            ; (6) 2585 ps   ; --                    ; --  ; --   ;
; b[14]      ; Input    ; (6) 2587 ps   ; --            ; --                    ; --  ; --   ;
; b[13]      ; Input    ; (6) 2587 ps   ; --            ; --                    ; --  ; --   ;
; b[12]      ; Input    ; --            ; (6) 2585 ps   ; --                    ; --  ; --   ;
; b[11]      ; Input    ; (6) 2587 ps   ; --            ; --                    ; --  ; --   ;
; b[10]      ; Input    ; --            ; (6) 2587 ps   ; --                    ; --  ; --   ;
; b[9]       ; Input    ; --            ; (6) 2585 ps   ; --                    ; --  ; --   ;
; b[8]       ; Input    ; (6) 2587 ps   ; --            ; --                    ; --  ; --   ;
; b[7]       ; Input    ; (6) 2585 ps   ; --            ; --                    ; --  ; --   ;
; b[6]       ; Input    ; (6) 2585 ps   ; --            ; --                    ; --  ; --   ;
; b[5]       ; Input    ; (6) 2587 ps   ; --            ; --                    ; --  ; --   ;
+------------+----------+---------------+---------------+-----------------------+-----+------+


+-------------------------------------------------------------------------------------------------------------------------------------------+
; Pad To Core Delay Chain Fanout                                                                                                            ;
+-------------------------------------------------------------------------------------------------------------+-------------------+---------+
; Source Pin / Fanout                                                                                         ; Pad To Core Index ; Setting ;
+-------------------------------------------------------------------------------------------------------------+-------------------+---------+
; a[31]                                                                                                       ;                   ;         ;
; op[1]                                                                                                       ;                   ;         ;
; op[0]                                                                                                       ;                   ;         ;
;      - inst15~0                                                                                             ; 0                 ; 6       ;
;      - inst10~0                                                                                             ; 0                 ; 6       ;
;      - lpm_add_sub0:inst|lpm_add_sub:lpm_add_sub_component|add_sub_76i:auto_generated|_~0                   ; 0                 ; 6       ;
;      - lpm_add_sub0:inst|lpm_add_sub:lpm_add_sub_component|add_sub_76i:auto_generated|_~1                   ; 0                 ; 6       ;
;      - lpm_add_sub0:inst|lpm_add_sub:lpm_add_sub_component|add_sub_76i:auto_generated|_~2                   ; 0                 ; 6       ;
;      - lpm_add_sub0:inst|lpm_add_sub:lpm_add_sub_component|add_sub_76i:auto_generated|_~3                   ; 0                 ; 6       ;
;      - lpm_add_sub0:inst|lpm_add_sub:lpm_add_sub_component|add_sub_76i:auto_generated|_~4                   ; 0                 ; 6       ;
;      - lpm_add_sub0:inst|lpm_add_sub:lpm_add_sub_component|add_sub_76i:auto_generated|_~5                   ; 0                 ; 6       ;
;      - lpm_add_sub0:inst|lpm_add_sub:lpm_add_sub_component|add_sub_76i:auto_generated|_~6                   ; 0                 ; 6       ;
;      - lpm_add_sub0:inst|lpm_add_sub:lpm_add_sub_component|add_sub_76i:auto_generated|_~7                   ; 0                 ; 6       ;
;      - lpm_add_sub0:inst|lpm_add_sub:lpm_add_sub_component|add_sub_76i:auto_generated|_~8                   ; 0                 ; 6       ;
;      - lpm_add_sub0:inst|lpm_add_sub:lpm_add_sub_component|add_sub_76i:auto_generated|_~9                   ; 0                 ; 6       ;
;      - lpm_add_sub0:inst|lpm_add_sub:lpm_add_sub_component|add_sub_76i:auto_generated|_~10                  ; 0                 ; 6       ;
;      - lpm_add_sub0:inst|lpm_add_sub:lpm_add_sub_component|add_sub_76i:auto_generated|_~11                  ; 0                 ; 6       ;
;      - lpm_add_sub0:inst|lpm_add_sub:lpm_add_sub_component|add_sub_76i:auto_generated|_~12                  ; 0                 ; 6       ;
;      - lpm_add_sub0:inst|lpm_add_sub:lpm_add_sub_component|add_sub_76i:auto_generated|_~13                  ; 0                 ; 6       ;
;      - lpm_add_sub0:inst|lpm_add_sub:lpm_add_sub_component|add_sub_76i:auto_generated|_~14                  ; 0                 ; 6       ;
;      - lpm_add_sub0:inst|lpm_add_sub:lpm_add_sub_component|add_sub_76i:auto_generated|_~15                  ; 0                 ; 6       ;
;      - lpm_add_sub0:inst|lpm_add_sub:lpm_add_sub_component|add_sub_76i:auto_generated|_~16                  ; 0                 ; 6       ;
;      - lpm_add_sub0:inst|lpm_add_sub:lpm_add_sub_component|add_sub_76i:auto_generated|_~17                  ; 0                 ; 6       ;
;      - lpm_add_sub0:inst|lpm_add_sub:lpm_add_sub_component|add_sub_76i:auto_generated|_~18                  ; 0                 ; 6       ;
;      - lpm_add_sub0:inst|lpm_add_sub:lpm_add_sub_component|add_sub_76i:auto_generated|_~19                  ; 0                 ; 6       ;
;      - lpm_add_sub0:inst|lpm_add_sub:lpm_add_sub_component|add_sub_76i:auto_generated|_~20                  ; 0                 ; 6       ;
;      - lpm_add_sub0:inst|lpm_add_sub:lpm_add_sub_component|add_sub_76i:auto_generated|_~21                  ; 0                 ; 6       ;
;      - lpm_add_sub0:inst|lpm_add_sub:lpm_add_sub_component|add_sub_76i:auto_generated|_~22                  ; 0                 ; 6       ;
;      - lpm_add_sub0:inst|lpm_add_sub:lpm_add_sub_component|add_sub_76i:auto_generated|_~23                  ; 0                 ; 6       ;
;      - lpm_add_sub0:inst|lpm_add_sub:lpm_add_sub_component|add_sub_76i:auto_generated|_~24                  ; 0                 ; 6       ;
;      - lpm_add_sub0:inst|lpm_add_sub:lpm_add_sub_component|add_sub_76i:auto_generated|_~25                  ; 0                 ; 6       ;
;      - lpm_add_sub0:inst|lpm_add_sub:lpm_add_sub_component|add_sub_76i:auto_generated|_~26                  ; 0                 ; 6       ;
;      - lpm_add_sub0:inst|lpm_add_sub:lpm_add_sub_component|add_sub_76i:auto_generated|_~27                  ; 0                 ; 6       ;
;      - lpm_add_sub0:inst|lpm_add_sub:lpm_add_sub_component|add_sub_76i:auto_generated|_~28                  ; 0                 ; 6       ;
;      - lpm_add_sub0:inst|lpm_add_sub:lpm_add_sub_component|add_sub_76i:auto_generated|_~29                  ; 0                 ; 6       ;
;      - lpm_add_sub0:inst|lpm_add_sub:lpm_add_sub_component|add_sub_76i:auto_generated|_~30                  ; 0                 ; 6       ;
;      - lpm_add_sub0:inst|lpm_add_sub:lpm_add_sub_component|add_sub_76i:auto_generated|_~31                  ; 0                 ; 6       ;
;      - inst3                                                                                                ; 0                 ; 6       ;
;      - inst18                                                                                               ; 0                 ; 6       ;
;      - lpm_mux0:inst28|lpm_mux:lpm_mux_component|mux_0qc:auto_generated|result_node[0]~2                    ; 0                 ; 6       ;
;      - lpm_mux0:inst28|lpm_mux:lpm_mux_component|mux_0qc:auto_generated|result_node[0]~4                    ; 0                 ; 6       ;
;      - lpm_mux0:inst28|lpm_mux:lpm_mux_component|mux_0qc:auto_generated|result_node[0]~16                   ; 0                 ; 6       ;
; op[2]                                                                                                       ;                   ;         ;
;      - inst15~0                                                                                             ; 0                 ; 6       ;
;      - inst10~0                                                                                             ; 0                 ; 6       ;
;      - lpm_add_sub0:inst|lpm_add_sub:lpm_add_sub_component|add_sub_76i:auto_generated|_~0                   ; 0                 ; 6       ;
;      - lpm_add_sub0:inst|lpm_add_sub:lpm_add_sub_component|add_sub_76i:auto_generated|_~1                   ; 0                 ; 6       ;
;      - lpm_add_sub0:inst|lpm_add_sub:lpm_add_sub_component|add_sub_76i:auto_generated|_~2                   ; 0                 ; 6       ;
;      - lpm_add_sub0:inst|lpm_add_sub:lpm_add_sub_component|add_sub_76i:auto_generated|_~3                   ; 0                 ; 6       ;
;      - lpm_add_sub0:inst|lpm_add_sub:lpm_add_sub_component|add_sub_76i:auto_generated|_~4                   ; 0                 ; 6       ;
;      - lpm_add_sub0:inst|lpm_add_sub:lpm_add_sub_component|add_sub_76i:auto_generated|_~5                   ; 0                 ; 6       ;
;      - lpm_add_sub0:inst|lpm_add_sub:lpm_add_sub_component|add_sub_76i:auto_generated|_~6                   ; 0                 ; 6       ;
;      - lpm_add_sub0:inst|lpm_add_sub:lpm_add_sub_component|add_sub_76i:auto_generated|_~7                   ; 0                 ; 6       ;
;      - lpm_add_sub0:inst|lpm_add_sub:lpm_add_sub_component|add_sub_76i:auto_generated|_~8                   ; 0                 ; 6       ;
;      - lpm_add_sub0:inst|lpm_add_sub:lpm_add_sub_component|add_sub_76i:auto_generated|_~9                   ; 0                 ; 6       ;
;      - lpm_add_sub0:inst|lpm_add_sub:lpm_add_sub_component|add_sub_76i:auto_generated|_~10                  ; 0                 ; 6       ;
;      - lpm_add_sub0:inst|lpm_add_sub:lpm_add_sub_component|add_sub_76i:auto_generated|_~11                  ; 0                 ; 6       ;
;      - lpm_add_sub0:inst|lpm_add_sub:lpm_add_sub_component|add_sub_76i:auto_generated|_~12                  ; 0                 ; 6       ;
;      - lpm_add_sub0:inst|lpm_add_sub:lpm_add_sub_component|add_sub_76i:auto_generated|_~13                  ; 0                 ; 6       ;
;      - lpm_add_sub0:inst|lpm_add_sub:lpm_add_sub_component|add_sub_76i:auto_generated|_~14                  ; 0                 ; 6       ;
;      - lpm_add_sub0:inst|lpm_add_sub:lpm_add_sub_component|add_sub_76i:auto_generated|_~15                  ; 0                 ; 6       ;
;      - lpm_add_sub0:inst|lpm_add_sub:lpm_add_sub_component|add_sub_76i:auto_generated|_~16                  ; 0                 ; 6       ;
;      - lpm_add_sub0:inst|lpm_add_sub:lpm_add_sub_component|add_sub_76i:auto_generated|_~17                  ; 0                 ; 6       ;
;      - lpm_add_sub0:inst|lpm_add_sub:lpm_add_sub_component|add_sub_76i:auto_generated|_~18                  ; 0                 ; 6       ;
;      - lpm_add_sub0:inst|lpm_add_sub:lpm_add_sub_component|add_sub_76i:auto_generated|_~19                  ; 0                 ; 6       ;
;      - lpm_add_sub0:inst|lpm_add_sub:lpm_add_sub_component|add_sub_76i:auto_generated|_~20                  ; 0                 ; 6       ;
;      - lpm_add_sub0:inst|lpm_add_sub:lpm_add_sub_component|add_sub_76i:auto_generated|_~21                  ; 0                 ; 6       ;
;      - lpm_add_sub0:inst|lpm_add_sub:lpm_add_sub_component|add_sub_76i:auto_generated|_~22                  ; 0                 ; 6       ;
;      - lpm_add_sub0:inst|lpm_add_sub:lpm_add_sub_component|add_sub_76i:auto_generated|_~23                  ; 0                 ; 6       ;
;      - lpm_add_sub0:inst|lpm_add_sub:lpm_add_sub_component|add_sub_76i:auto_generated|_~24                  ; 0                 ; 6       ;
;      - lpm_add_sub0:inst|lpm_add_sub:lpm_add_sub_component|add_sub_76i:auto_generated|_~25                  ; 0                 ; 6       ;
;      - lpm_add_sub0:inst|lpm_add_sub:lpm_add_sub_component|add_sub_76i:auto_generated|_~26                  ; 0                 ; 6       ;
;      - lpm_add_sub0:inst|lpm_add_sub:lpm_add_sub_component|add_sub_76i:auto_generated|_~27                  ; 0                 ; 6       ;
;      - lpm_add_sub0:inst|lpm_add_sub:lpm_add_sub_component|add_sub_76i:auto_generated|_~28                  ; 0                 ; 6       ;
;      - lpm_add_sub0:inst|lpm_add_sub:lpm_add_sub_component|add_sub_76i:auto_generated|_~29                  ; 0                 ; 6       ;
;      - lpm_add_sub0:inst|lpm_add_sub:lpm_add_sub_component|add_sub_76i:auto_generated|_~30                  ; 0                 ; 6       ;
;      - lpm_add_sub0:inst|lpm_add_sub:lpm_add_sub_component|add_sub_76i:auto_generated|_~31                  ; 0                 ; 6       ;
;      - inst3                                                                                                ; 0                 ; 6       ;
;      - inst18                                                                                               ; 0                 ; 6       ;
;      - lpm_mux0:inst28|lpm_mux:lpm_mux_component|mux_0qc:auto_generated|result_node[0]~2                    ; 0                 ; 6       ;
;      - lpm_mux0:inst28|lpm_mux:lpm_mux_component|mux_0qc:auto_generated|result_node[0]~4                    ; 0                 ; 6       ;
;      - lpm_mux0:inst28|lpm_mux:lpm_mux_component|mux_0qc:auto_generated|result_node[0]~16                   ; 0                 ; 6       ;
; op[3]                                                                                                       ;                   ;         ;
;      - inst15~0                                                                                             ; 0                 ; 6       ;
;      - inst10~0                                                                                             ; 0                 ; 6       ;
;      - inst18                                                                                               ; 0                 ; 6       ;
; b[31]                                                                                                       ;                   ;         ;
;      - lpm_mux1:inst31|lpm_mux:lpm_mux_component|mux_prc:auto_generated|result_node[31]~2                   ; 0                 ; 6       ;
;      - lpm_mux1:inst31|lpm_mux:lpm_mux_component|mux_prc:auto_generated|result_node[31]~6                   ; 0                 ; 6       ;
;      - lpm_add_sub0:inst|lpm_add_sub:lpm_add_sub_component|add_sub_76i:auto_generated|_~0                   ; 0                 ; 6       ;
;      - lpm_mux0:inst28|lpm_mux:lpm_mux_component|mux_0qc:auto_generated|result_node[0]~3                    ; 0                 ; 6       ;
; a[16]                                                                                                       ;                   ;         ;
;      - lpm_add_sub0:inst|lpm_add_sub:lpm_add_sub_component|add_sub_76i:auto_generated|result_int[17]~34     ; 0                 ; 6       ;
;      - lpm_clshift1:inst20|lpm_clshift:lpm_clshift_component|lpm_clshift_ukb:auto_generated|sbit_w[83]~0    ; 0                 ; 6       ;
;      - lpm_clshift1:inst20|lpm_clshift:lpm_clshift_component|lpm_clshift_ukb:auto_generated|sbit_w[82]~28   ; 0                 ; 6       ;
;      - lpm_mux1:inst31|lpm_mux:lpm_mux_component|mux_prc:auto_generated|_~79                                ; 0                 ; 6       ;
;      - lpm_clshift0:inst19|lpm_clshift:lpm_clshift_component|lpm_clshift_euc:auto_generated|sbit_w[78]~46   ; 0                 ; 6       ;
;      - lpm_mux1:inst31|lpm_mux:lpm_mux_component|mux_prc:auto_generated|_~81                                ; 0                 ; 6       ;
;      - lpm_mux1:inst31|lpm_mux:lpm_mux_component|mux_prc:auto_generated|_~83                                ; 0                 ; 6       ;
;      - lpm_clshift0:inst19|lpm_clshift:lpm_clshift_component|lpm_clshift_euc:auto_generated|sbit_w[77]~49   ; 0                 ; 6       ;
; a[17]                                                                                                       ;                   ;         ;
;      - lpm_add_sub0:inst|lpm_add_sub:lpm_add_sub_component|add_sub_76i:auto_generated|result_int[18]~36     ; 0                 ; 6       ;
;      - lpm_clshift1:inst20|lpm_clshift:lpm_clshift_component|lpm_clshift_ukb:auto_generated|sbit_w[83]~0    ; 0                 ; 6       ;
;      - lpm_clshift1:inst20|lpm_clshift:lpm_clshift_component|lpm_clshift_ukb:auto_generated|sbit_w[84]~29   ; 0                 ; 6       ;
;      - lpm_mux1:inst31|lpm_mux:lpm_mux_component|mux_prc:auto_generated|result_node[17]~41                  ; 0                 ; 6       ;
;      - lpm_clshift0:inst19|lpm_clshift:lpm_clshift_component|lpm_clshift_euc:auto_generated|sbit_w[79]~43   ; 0                 ; 6       ;
;      - lpm_clshift0:inst19|lpm_clshift:lpm_clshift_component|lpm_clshift_euc:auto_generated|sbit_w[78]~46   ; 0                 ; 6       ;
; b[0]                                                                                                        ;                   ;         ;
;      - lpm_clshift1:inst20|lpm_clshift:lpm_clshift_component|lpm_clshift_ukb:auto_generated|sbit_w[83]~0    ; 1                 ; 6       ;
;      - lpm_clshift1:inst20|lpm_clshift:lpm_clshift_component|lpm_clshift_ukb:auto_generated|sbit_w[85]~1    ; 1                 ; 6       ;
;      - lpm_clshift1:inst20|lpm_clshift:lpm_clshift_component|lpm_clshift_ukb:auto_generated|sbit_w[87]~3    ; 1                 ; 6       ;
;      - lpm_clshift1:inst20|lpm_clshift:lpm_clshift_component|lpm_clshift_ukb:auto_generated|sbit_w[89]~4    ; 1                 ; 6       ;
;      - lpm_clshift1:inst20|lpm_clshift:lpm_clshift_component|lpm_clshift_ukb:auto_generated|sbit_w[190]~6   ; 1                 ; 6       ;
;      - lpm_clshift1:inst20|lpm_clshift:lpm_clshift_component|lpm_clshift_ukb:auto_generated|sbit_w[61]~7    ; 1                 ; 6       ;
;      - lpm_clshift1:inst20|lpm_clshift:lpm_clshift_component|lpm_clshift_ukb:auto_generated|sbit_w[89]~10   ; 1                 ; 6       ;
;      - lpm_clshift1:inst20|lpm_clshift:lpm_clshift_component|lpm_clshift_ukb:auto_generated|sbit_w[59]~11   ; 1                 ; 6       ;
;      - lpm_clshift1:inst20|lpm_clshift:lpm_clshift_component|lpm_clshift_ukb:auto_generated|sbit_w[67]~14   ; 1                 ; 6       ;
;      - lpm_clshift1:inst20|lpm_clshift:lpm_clshift_component|lpm_clshift_ukb:auto_generated|sbit_w[69]~15   ; 1                 ; 6       ;
;      - lpm_clshift1:inst20|lpm_clshift:lpm_clshift_component|lpm_clshift_ukb:auto_generated|sbit_w[71]~17   ; 1                 ; 6       ;
;      - lpm_clshift1:inst20|lpm_clshift:lpm_clshift_component|lpm_clshift_ukb:auto_generated|sbit_w[73]~18   ; 1                 ; 6       ;
;      - lpm_clshift1:inst20|lpm_clshift:lpm_clshift_component|lpm_clshift_ukb:auto_generated|sbit_w[75]~21   ; 1                 ; 6       ;
;      - lpm_clshift1:inst20|lpm_clshift:lpm_clshift_component|lpm_clshift_ukb:auto_generated|sbit_w[77]~22   ; 1                 ; 6       ;
;      - lpm_clshift1:inst20|lpm_clshift:lpm_clshift_component|lpm_clshift_ukb:auto_generated|sbit_w[79]~24   ; 1                 ; 6       ;
;      - lpm_clshift1:inst20|lpm_clshift:lpm_clshift_component|lpm_clshift_ukb:auto_generated|sbit_w[81]~25   ; 1                 ; 6       ;
;      - lpm_add_sub0:inst|lpm_add_sub:lpm_add_sub_component|add_sub_76i:auto_generated|_~31                  ; 1                 ; 6       ;
;      - lpm_clshift0:inst19|lpm_clshift:lpm_clshift_component|lpm_clshift_euc:auto_generated|sbit_w[158]~0   ; 1                 ; 6       ;
;      - lpm_clshift1:inst20|lpm_clshift:lpm_clshift_component|lpm_clshift_ukb:auto_generated|sbit_w[82]~28   ; 1                 ; 6       ;
;      - lpm_clshift1:inst20|lpm_clshift:lpm_clshift_component|lpm_clshift_ukb:auto_generated|sbit_w[84]~29   ; 1                 ; 6       ;
;      - lpm_clshift1:inst20|lpm_clshift:lpm_clshift_component|lpm_clshift_ukb:auto_generated|sbit_w[86]~31   ; 1                 ; 6       ;
;      - lpm_clshift1:inst20|lpm_clshift:lpm_clshift_component|lpm_clshift_ukb:auto_generated|sbit_w[88]~32   ; 1                 ; 6       ;
;      - lpm_clshift1:inst20|lpm_clshift:lpm_clshift_component|lpm_clshift_ukb:auto_generated|sbit_w[60]~34   ; 1                 ; 6       ;
;      - lpm_clshift1:inst20|lpm_clshift:lpm_clshift_component|lpm_clshift_ukb:auto_generated|sbit_w[88]~36   ; 1                 ; 6       ;
;      - lpm_clshift1:inst20|lpm_clshift:lpm_clshift_component|lpm_clshift_ukb:auto_generated|sbit_w[58]~37   ; 1                 ; 6       ;
;      - lpm_clshift1:inst20|lpm_clshift:lpm_clshift_component|lpm_clshift_ukb:auto_generated|sbit_w[68]~40   ; 1                 ; 6       ;
;      - lpm_clshift1:inst20|lpm_clshift:lpm_clshift_component|lpm_clshift_ukb:auto_generated|sbit_w[66]~41   ; 1                 ; 6       ;
;      - lpm_clshift1:inst20|lpm_clshift:lpm_clshift_component|lpm_clshift_ukb:auto_generated|sbit_w[70]~42   ; 1                 ; 6       ;
;      - lpm_clshift1:inst20|lpm_clshift:lpm_clshift_component|lpm_clshift_ukb:auto_generated|sbit_w[72]~43   ; 1                 ; 6       ;
;      - lpm_clshift1:inst20|lpm_clshift:lpm_clshift_component|lpm_clshift_ukb:auto_generated|sbit_w[74]~46   ; 1                 ; 6       ;
;      - lpm_clshift1:inst20|lpm_clshift:lpm_clshift_component|lpm_clshift_ukb:auto_generated|sbit_w[76]~47   ; 1                 ; 6       ;
;      - lpm_clshift1:inst20|lpm_clshift:lpm_clshift_component|lpm_clshift_ukb:auto_generated|sbit_w[78]~49   ; 1                 ; 6       ;
;      - lpm_clshift1:inst20|lpm_clshift:lpm_clshift_component|lpm_clshift_ukb:auto_generated|sbit_w[80]~50   ; 1                 ; 6       ;
;      - lpm_clshift0:inst19|lpm_clshift:lpm_clshift_component|lpm_clshift_euc:auto_generated|sbit_w[61]~1    ; 1                 ; 6       ;
;      - lpm_clshift1:inst20|lpm_clshift:lpm_clshift_component|lpm_clshift_ukb:auto_generated|sbit_w[65]~53   ; 1                 ; 6       ;
;      - lpm_clshift0:inst19|lpm_clshift:lpm_clshift_component|lpm_clshift_euc:auto_generated|sbit_w[92]~4    ; 1                 ; 6       ;
;      - lpm_clshift0:inst19|lpm_clshift:lpm_clshift_component|lpm_clshift_euc:auto_generated|sbit_w[90]~5    ; 1                 ; 6       ;
;      - lpm_clshift1:inst20|lpm_clshift:lpm_clshift_component|lpm_clshift_ukb:auto_generated|sbit_w[132]~65  ; 1                 ; 6       ;
;      - lpm_clshift0:inst19|lpm_clshift:lpm_clshift_component|lpm_clshift_euc:auto_generated|sbit_w[91]~7    ; 1                 ; 6       ;
;      - lpm_clshift0:inst19|lpm_clshift:lpm_clshift_component|lpm_clshift_euc:auto_generated|sbit_w[122]~9   ; 1                 ; 6       ;
;      - lpm_clshift0:inst19|lpm_clshift:lpm_clshift_component|lpm_clshift_euc:auto_generated|sbit_w[88]~10   ; 1                 ; 6       ;
;      - lpm_clshift0:inst19|lpm_clshift:lpm_clshift_component|lpm_clshift_euc:auto_generated|sbit_w[87]~14   ; 1                 ; 6       ;
;      - lpm_clshift1:inst20|lpm_clshift:lpm_clshift_component|lpm_clshift_ukb:auto_generated|sbit_w[136]~93  ; 1                 ; 6       ;
;      - lpm_clshift0:inst19|lpm_clshift:lpm_clshift_component|lpm_clshift_euc:auto_generated|sbit_w[86]~17   ; 1                 ; 6       ;
;      - lpm_clshift0:inst19|lpm_clshift:lpm_clshift_component|lpm_clshift_euc:auto_generated|sbit_w[85]~20   ; 1                 ; 6       ;
;      - lpm_clshift0:inst19|lpm_clshift:lpm_clshift_component|lpm_clshift_euc:auto_generated|sbit_w[84]~24   ; 1                 ; 6       ;
;      - lpm_clshift0:inst19|lpm_clshift:lpm_clshift_component|lpm_clshift_euc:auto_generated|sbit_w[83]~29   ; 1                 ; 6       ;
;      - lpm_clshift0:inst19|lpm_clshift:lpm_clshift_component|lpm_clshift_euc:auto_generated|sbit_w[82]~33   ; 1                 ; 6       ;
;      - lpm_clshift0:inst19|lpm_clshift:lpm_clshift_component|lpm_clshift_euc:auto_generated|sbit_w[81]~37   ; 1                 ; 6       ;
;      - lpm_clshift0:inst19|lpm_clshift:lpm_clshift_component|lpm_clshift_euc:auto_generated|sbit_w[80]~40   ; 1                 ; 6       ;
;      - lpm_clshift0:inst19|lpm_clshift:lpm_clshift_component|lpm_clshift_euc:auto_generated|sbit_w[79]~43   ; 1                 ; 6       ;
;      - lpm_clshift0:inst19|lpm_clshift:lpm_clshift_component|lpm_clshift_euc:auto_generated|sbit_w[78]~46   ; 1                 ; 6       ;
;      - lpm_clshift0:inst19|lpm_clshift:lpm_clshift_component|lpm_clshift_euc:auto_generated|sbit_w[77]~49   ; 1                 ; 6       ;
;      - lpm_clshift0:inst19|lpm_clshift:lpm_clshift_component|lpm_clshift_euc:auto_generated|sbit_w[76]~52   ; 1                 ; 6       ;
;      - lpm_clshift0:inst19|lpm_clshift:lpm_clshift_component|lpm_clshift_euc:auto_generated|sbit_w[75]~55   ; 1                 ; 6       ;
;      - lpm_clshift0:inst19|lpm_clshift:lpm_clshift_component|lpm_clshift_euc:auto_generated|sbit_w[74]~58   ; 1                 ; 6       ;
;      - lpm_clshift0:inst19|lpm_clshift:lpm_clshift_component|lpm_clshift_euc:auto_generated|sbit_w[73]~61   ; 1                 ; 6       ;
;      - lpm_clshift0:inst19|lpm_clshift:lpm_clshift_component|lpm_clshift_euc:auto_generated|sbit_w[72]~64   ; 1                 ; 6       ;
;      - lpm_clshift0:inst19|lpm_clshift:lpm_clshift_component|lpm_clshift_euc:auto_generated|sbit_w[71]~69   ; 1                 ; 6       ;
;      - lpm_clshift0:inst19|lpm_clshift:lpm_clshift_component|lpm_clshift_euc:auto_generated|sbit_w[70]~74   ; 1                 ; 6       ;
;      - lpm_clshift0:inst19|lpm_clshift:lpm_clshift_component|lpm_clshift_euc:auto_generated|sbit_w[69]~79   ; 1                 ; 6       ;
;      - lpm_clshift0:inst19|lpm_clshift:lpm_clshift_component|lpm_clshift_euc:auto_generated|sbit_w[68]~84   ; 1                 ; 6       ;
;      - lpm_clshift0:inst19|lpm_clshift:lpm_clshift_component|lpm_clshift_euc:auto_generated|sbit_w[37]~88   ; 1                 ; 6       ;
;      - lpm_clshift0:inst19|lpm_clshift:lpm_clshift_component|lpm_clshift_euc:auto_generated|sbit_w[36]~92   ; 1                 ; 6       ;
;      - lpm_clshift0:inst19|lpm_clshift:lpm_clshift_component|lpm_clshift_euc:auto_generated|sbit_w[35]~96   ; 1                 ; 6       ;
;      - lpm_clshift0:inst19|lpm_clshift:lpm_clshift_component|lpm_clshift_euc:auto_generated|sbit_w[34]~99   ; 1                 ; 6       ;
;      - lpm_mux1:inst31|lpm_mux:lpm_mux_component|mux_prc:auto_generated|result_node[0]~106                  ; 1                 ; 6       ;
;      - lpm_clshift1:inst20|lpm_clshift:lpm_clshift_component|lpm_clshift_ukb:auto_generated|sbit_w[65]~100  ; 1                 ; 6       ;
;      - lpm_mux1:inst31|lpm_mux:lpm_mux_component|mux_prc:auto_generated|_~123                               ; 1                 ; 6       ;
; a[18]                                                                                                       ;                   ;         ;
;      - lpm_add_sub0:inst|lpm_add_sub:lpm_add_sub_component|add_sub_76i:auto_generated|result_int[19]~38     ; 0                 ; 6       ;
;      - lpm_clshift1:inst20|lpm_clshift:lpm_clshift_component|lpm_clshift_ukb:auto_generated|sbit_w[85]~1    ; 0                 ; 6       ;
;      - lpm_clshift1:inst20|lpm_clshift:lpm_clshift_component|lpm_clshift_ukb:auto_generated|sbit_w[84]~29   ; 0                 ; 6       ;
;      - lpm_mux1:inst31|lpm_mux:lpm_mux_component|mux_prc:auto_generated|_~68                                ; 0                 ; 6       ;
;      - lpm_clshift0:inst19|lpm_clshift:lpm_clshift_component|lpm_clshift_euc:auto_generated|sbit_w[80]~40   ; 0                 ; 6       ;
;      - lpm_mux1:inst31|lpm_mux:lpm_mux_component|mux_prc:auto_generated|_~71                                ; 0                 ; 6       ;
;      - lpm_mux1:inst31|lpm_mux:lpm_mux_component|mux_prc:auto_generated|_~73                                ; 0                 ; 6       ;
;      - lpm_clshift0:inst19|lpm_clshift:lpm_clshift_component|lpm_clshift_euc:auto_generated|sbit_w[79]~43   ; 0                 ; 6       ;
; a[19]                                                                                                       ;                   ;         ;
;      - lpm_add_sub0:inst|lpm_add_sub:lpm_add_sub_component|add_sub_76i:auto_generated|result_int[20]~40     ; 0                 ; 6       ;
;      - lpm_clshift1:inst20|lpm_clshift:lpm_clshift_component|lpm_clshift_ukb:auto_generated|sbit_w[85]~1    ; 0                 ; 6       ;
;      - lpm_clshift1:inst20|lpm_clshift:lpm_clshift_component|lpm_clshift_ukb:auto_generated|sbit_w[86]~31   ; 0                 ; 6       ;
;      - lpm_mux1:inst31|lpm_mux:lpm_mux_component|mux_prc:auto_generated|result_node[19]~34                  ; 0                 ; 6       ;
;      - lpm_clshift0:inst19|lpm_clshift:lpm_clshift_component|lpm_clshift_euc:auto_generated|sbit_w[81]~37   ; 0                 ; 6       ;
;      - lpm_clshift0:inst19|lpm_clshift:lpm_clshift_component|lpm_clshift_euc:auto_generated|sbit_w[80]~40   ; 0                 ; 6       ;
; b[1]                                                                                                        ;                   ;         ;
;      - lpm_clshift1:inst20|lpm_clshift:lpm_clshift_component|lpm_clshift_ukb:auto_generated|sbit_w[83]~2    ; 0                 ; 6       ;
;      - lpm_clshift1:inst20|lpm_clshift:lpm_clshift_component|lpm_clshift_ukb:auto_generated|sbit_w[87]~5    ; 0                 ; 6       ;
;      - lpm_clshift1:inst20|lpm_clshift:lpm_clshift_component|lpm_clshift_ukb:auto_generated|sbit_w[190]~6   ; 0                 ; 6       ;
;      - lpm_clshift1:inst20|lpm_clshift:lpm_clshift_component|lpm_clshift_ukb:auto_generated|sbit_w[190]~8   ; 0                 ; 6       ;
;      - lpm_clshift1:inst20|lpm_clshift:lpm_clshift_component|lpm_clshift_ukb:auto_generated|sbit_w[91]~12   ; 0                 ; 6       ;
;      - lpm_clshift1:inst20|lpm_clshift:lpm_clshift_component|lpm_clshift_ukb:auto_generated|sbit_w[67]~14   ; 0                 ; 6       ;
;      - lpm_clshift1:inst20|lpm_clshift:lpm_clshift_component|lpm_clshift_ukb:auto_generated|sbit_w[67]~16   ; 0                 ; 6       ;
;      - lpm_clshift1:inst20|lpm_clshift:lpm_clshift_component|lpm_clshift_ukb:auto_generated|sbit_w[71]~19   ; 0                 ; 6       ;
;      - lpm_clshift1:inst20|lpm_clshift:lpm_clshift_component|lpm_clshift_ukb:auto_generated|sbit_w[75]~23   ; 0                 ; 6       ;
;      - lpm_clshift1:inst20|lpm_clshift:lpm_clshift_component|lpm_clshift_ukb:auto_generated|sbit_w[79]~26   ; 0                 ; 6       ;
;      - lpm_add_sub0:inst|lpm_add_sub:lpm_add_sub_component|add_sub_76i:auto_generated|_~30                  ; 0                 ; 6       ;
;      - lpm_clshift0:inst19|lpm_clshift:lpm_clshift_component|lpm_clshift_euc:auto_generated|sbit_w[158]~0   ; 0                 ; 6       ;
;      - lpm_clshift1:inst20|lpm_clshift:lpm_clshift_component|lpm_clshift_ukb:auto_generated|sbit_w[82]~30   ; 0                 ; 6       ;
;      - lpm_clshift1:inst20|lpm_clshift:lpm_clshift_component|lpm_clshift_ukb:auto_generated|sbit_w[86]~33   ; 0                 ; 6       ;
;      - lpm_clshift1:inst20|lpm_clshift:lpm_clshift_component|lpm_clshift_ukb:auto_generated|sbit_w[90]~38   ; 0                 ; 6       ;
;      - lpm_clshift1:inst20|lpm_clshift:lpm_clshift_component|lpm_clshift_ukb:auto_generated|sbit_w[66]~41   ; 0                 ; 6       ;
;      - lpm_clshift1:inst20|lpm_clshift:lpm_clshift_component|lpm_clshift_ukb:auto_generated|sbit_w[70]~44   ; 0                 ; 6       ;
;      - lpm_clshift1:inst20|lpm_clshift:lpm_clshift_component|lpm_clshift_ukb:auto_generated|sbit_w[74]~48   ; 0                 ; 6       ;
;      - lpm_clshift1:inst20|lpm_clshift:lpm_clshift_component|lpm_clshift_ukb:auto_generated|sbit_w[78]~51   ; 0                 ; 6       ;
;      - lpm_mux1:inst31|lpm_mux:lpm_mux_component|mux_prc:auto_generated|_~10                                ; 0                 ; 6       ;
;      - lpm_clshift1:inst20|lpm_clshift:lpm_clshift_component|lpm_clshift_ukb:auto_generated|sbit_w[65]~53   ; 0                 ; 6       ;
;      - lpm_clshift1:inst20|lpm_clshift:lpm_clshift_component|lpm_clshift_ukb:auto_generated|sbit_w[69]~54   ; 0                 ; 6       ;
;      - lpm_clshift1:inst20|lpm_clshift:lpm_clshift_component|lpm_clshift_ukb:auto_generated|sbit_w[73]~56   ; 0                 ; 6       ;
;      - lpm_clshift1:inst20|lpm_clshift:lpm_clshift_component|lpm_clshift_ukb:auto_generated|sbit_w[77]~57   ; 0                 ; 6       ;
;      - lpm_clshift0:inst19|lpm_clshift:lpm_clshift_component|lpm_clshift_euc:auto_generated|sbit_w[162]~2   ; 0                 ; 6       ;
;      - lpm_clshift1:inst20|lpm_clshift:lpm_clshift_component|lpm_clshift_ukb:auto_generated|sbit_w[89]~59   ; 0                 ; 6       ;
;      - lpm_clshift1:inst20|lpm_clshift:lpm_clshift_component|lpm_clshift_ukb:auto_generated|sbit_w[81]~61   ; 0                 ; 6       ;
;      - lpm_clshift1:inst20|lpm_clshift:lpm_clshift_component|lpm_clshift_ukb:auto_generated|sbit_w[85]~62   ; 0                 ; 6       ;
;      - lpm_clshift0:inst19|lpm_clshift:lpm_clshift_component|lpm_clshift_euc:auto_generated|sbit_w[92]~4    ; 0                 ; 6       ;
;      - lpm_clshift0:inst19|lpm_clshift:lpm_clshift_component|lpm_clshift_euc:auto_generated|sbit_w[92]~6    ; 0                 ; 6       ;
;      - lpm_clshift1:inst20|lpm_clshift:lpm_clshift_component|lpm_clshift_ukb:auto_generated|sbit_w[132]~65  ; 0                 ; 6       ;
;      - lpm_clshift1:inst20|lpm_clshift:lpm_clshift_component|lpm_clshift_ukb:auto_generated|sbit_w[68]~66   ; 0                 ; 6       ;
;      - lpm_clshift1:inst20|lpm_clshift:lpm_clshift_component|lpm_clshift_ukb:auto_generated|sbit_w[72]~68   ; 0                 ; 6       ;
;      - lpm_clshift1:inst20|lpm_clshift:lpm_clshift_component|lpm_clshift_ukb:auto_generated|sbit_w[76]~69   ; 0                 ; 6       ;
;      - lpm_clshift1:inst20|lpm_clshift:lpm_clshift_component|lpm_clshift_ukb:auto_generated|sbit_w[88]~71   ; 0                 ; 6       ;
;      - lpm_clshift1:inst20|lpm_clshift:lpm_clshift_component|lpm_clshift_ukb:auto_generated|sbit_w[80]~73   ; 0                 ; 6       ;
;      - lpm_clshift1:inst20|lpm_clshift:lpm_clshift_component|lpm_clshift_ukb:auto_generated|sbit_w[84]~74   ; 0                 ; 6       ;
;      - lpm_clshift0:inst19|lpm_clshift:lpm_clshift_component|lpm_clshift_euc:auto_generated|sbit_w[91]~8    ; 0                 ; 6       ;
;      - lpm_clshift0:inst19|lpm_clshift:lpm_clshift_component|lpm_clshift_euc:auto_generated|sbit_w[122]~9   ; 0                 ; 6       ;
;      - lpm_clshift0:inst19|lpm_clshift:lpm_clshift_component|lpm_clshift_euc:auto_generated|sbit_w[90]~11   ; 0                 ; 6       ;
;      - lpm_clshift0:inst19|lpm_clshift:lpm_clshift_component|lpm_clshift_euc:auto_generated|sbit_w[121]~13  ; 0                 ; 6       ;
;      - lpm_clshift0:inst19|lpm_clshift:lpm_clshift_component|lpm_clshift_euc:auto_generated|sbit_w[89]~15   ; 0                 ; 6       ;
;      - lpm_clshift1:inst20|lpm_clshift:lpm_clshift_component|lpm_clshift_ukb:auto_generated|sbit_w[136]~93  ; 0                 ; 6       ;
;      - lpm_clshift0:inst19|lpm_clshift:lpm_clshift_component|lpm_clshift_euc:auto_generated|sbit_w[88]~18   ; 0                 ; 6       ;
;      - lpm_clshift0:inst19|lpm_clshift:lpm_clshift_component|lpm_clshift_euc:auto_generated|sbit_w[87]~21   ; 0                 ; 6       ;
;      - lpm_clshift0:inst19|lpm_clshift:lpm_clshift_component|lpm_clshift_euc:auto_generated|sbit_w[86]~25   ; 0                 ; 6       ;
;      - lpm_clshift0:inst19|lpm_clshift:lpm_clshift_component|lpm_clshift_euc:auto_generated|sbit_w[85]~30   ; 0                 ; 6       ;
;      - lpm_clshift0:inst19|lpm_clshift:lpm_clshift_component|lpm_clshift_euc:auto_generated|sbit_w[84]~34   ; 0                 ; 6       ;
;      - lpm_clshift0:inst19|lpm_clshift:lpm_clshift_component|lpm_clshift_euc:auto_generated|sbit_w[83]~38   ; 0                 ; 6       ;
;      - lpm_clshift0:inst19|lpm_clshift:lpm_clshift_component|lpm_clshift_euc:auto_generated|sbit_w[82]~41   ; 0                 ; 6       ;
;      - lpm_clshift0:inst19|lpm_clshift:lpm_clshift_component|lpm_clshift_euc:auto_generated|sbit_w[81]~44   ; 0                 ; 6       ;
;      - lpm_clshift0:inst19|lpm_clshift:lpm_clshift_component|lpm_clshift_euc:auto_generated|sbit_w[80]~47   ; 0                 ; 6       ;
;      - lpm_clshift0:inst19|lpm_clshift:lpm_clshift_component|lpm_clshift_euc:auto_generated|sbit_w[79]~50   ; 0                 ; 6       ;
;      - lpm_clshift0:inst19|lpm_clshift:lpm_clshift_component|lpm_clshift_euc:auto_generated|sbit_w[78]~53   ; 0                 ; 6       ;
;      - lpm_clshift0:inst19|lpm_clshift:lpm_clshift_component|lpm_clshift_euc:auto_generated|sbit_w[77]~56   ; 0                 ; 6       ;
;      - lpm_clshift0:inst19|lpm_clshift:lpm_clshift_component|lpm_clshift_euc:auto_generated|sbit_w[76]~59   ; 0                 ; 6       ;
;      - lpm_clshift0:inst19|lpm_clshift:lpm_clshift_component|lpm_clshift_euc:auto_generated|sbit_w[75]~62   ; 0                 ; 6       ;
;      - lpm_clshift0:inst19|lpm_clshift:lpm_clshift_component|lpm_clshift_euc:auto_generated|sbit_w[74]~65   ; 0                 ; 6       ;
;      - lpm_clshift0:inst19|lpm_clshift:lpm_clshift_component|lpm_clshift_euc:auto_generated|sbit_w[73]~70   ; 0                 ; 6       ;
;      - lpm_clshift0:inst19|lpm_clshift:lpm_clshift_component|lpm_clshift_euc:auto_generated|sbit_w[72]~75   ; 0                 ; 6       ;
;      - lpm_clshift0:inst19|lpm_clshift:lpm_clshift_component|lpm_clshift_euc:auto_generated|sbit_w[71]~80   ; 0                 ; 6       ;
;      - lpm_clshift0:inst19|lpm_clshift:lpm_clshift_component|lpm_clshift_euc:auto_generated|sbit_w[70]~85   ; 0                 ; 6       ;
;      - lpm_clshift0:inst19|lpm_clshift:lpm_clshift_component|lpm_clshift_euc:auto_generated|sbit_w[69]~89   ; 0                 ; 6       ;
;      - lpm_clshift0:inst19|lpm_clshift:lpm_clshift_component|lpm_clshift_euc:auto_generated|sbit_w[68]~93   ; 0                 ; 6       ;
;      - lpm_mux1:inst31|lpm_mux:lpm_mux_component|mux_prc:auto_generated|_~119                               ; 0                 ; 6       ;
;      - lpm_mux1:inst31|lpm_mux:lpm_mux_component|mux_prc:auto_generated|result_node[1]~112                  ; 0                 ; 6       ;
; a[20]                                                                                                       ;                   ;         ;
;      - lpm_add_sub0:inst|lpm_add_sub:lpm_add_sub_component|add_sub_76i:auto_generated|result_int[21]~42     ; 0                 ; 6       ;
;      - lpm_clshift1:inst20|lpm_clshift:lpm_clshift_component|lpm_clshift_ukb:auto_generated|sbit_w[87]~3    ; 0                 ; 6       ;
;      - lpm_clshift1:inst20|lpm_clshift:lpm_clshift_component|lpm_clshift_ukb:auto_generated|sbit_w[86]~31   ; 0                 ; 6       ;
;      - lpm_clshift0:inst19|lpm_clshift:lpm_clshift_component|lpm_clshift_euc:auto_generated|sbit_w[82]~33   ; 0                 ; 6       ;
;      - lpm_mux1:inst31|lpm_mux:lpm_mux_component|mux_prc:auto_generated|_~61                                ; 0                 ; 6       ;
;      - lpm_clshift0:inst19|lpm_clshift:lpm_clshift_component|lpm_clshift_euc:auto_generated|sbit_w[81]~37   ; 0                 ; 6       ;
;      - lpm_mux1:inst31|lpm_mux:lpm_mux_component|mux_prc:auto_generated|result_node[20]~122                 ; 0                 ; 6       ;
; a[21]                                                                                                       ;                   ;         ;
;      - lpm_add_sub0:inst|lpm_add_sub:lpm_add_sub_component|add_sub_76i:auto_generated|result_int[22]~44     ; 0                 ; 6       ;
;      - lpm_clshift1:inst20|lpm_clshift:lpm_clshift_component|lpm_clshift_ukb:auto_generated|sbit_w[87]~3    ; 0                 ; 6       ;
;      - lpm_clshift1:inst20|lpm_clshift:lpm_clshift_component|lpm_clshift_ukb:auto_generated|sbit_w[88]~32   ; 0                 ; 6       ;
;      - lpm_clshift0:inst19|lpm_clshift:lpm_clshift_component|lpm_clshift_euc:auto_generated|sbit_w[83]~29   ; 0                 ; 6       ;
;      - lpm_mux1:inst31|lpm_mux:lpm_mux_component|mux_prc:auto_generated|_~55                                ; 0                 ; 6       ;
;      - lpm_clshift0:inst19|lpm_clshift:lpm_clshift_component|lpm_clshift_euc:auto_generated|sbit_w[82]~33   ; 0                 ; 6       ;
;      - lpm_mux1:inst31|lpm_mux:lpm_mux_component|mux_prc:auto_generated|result_node[21]~124                 ; 0                 ; 6       ;
; a[22]                                                                                                       ;                   ;         ;
;      - lpm_add_sub0:inst|lpm_add_sub:lpm_add_sub_component|add_sub_76i:auto_generated|result_int[23]~46     ; 0                 ; 6       ;
;      - lpm_clshift1:inst20|lpm_clshift:lpm_clshift_component|lpm_clshift_ukb:auto_generated|sbit_w[89]~4    ; 0                 ; 6       ;
;      - lpm_clshift1:inst20|lpm_clshift:lpm_clshift_component|lpm_clshift_ukb:auto_generated|sbit_w[88]~32   ; 0                 ; 6       ;
;      - lpm_clshift0:inst19|lpm_clshift:lpm_clshift_component|lpm_clshift_euc:auto_generated|sbit_w[84]~24   ; 0                 ; 6       ;
;      - lpm_mux1:inst31|lpm_mux:lpm_mux_component|mux_prc:auto_generated|_~49                                ; 0                 ; 6       ;
;      - lpm_clshift0:inst19|lpm_clshift:lpm_clshift_component|lpm_clshift_euc:auto_generated|sbit_w[83]~29   ; 0                 ; 6       ;
;      - lpm_mux1:inst31|lpm_mux:lpm_mux_component|mux_prc:auto_generated|result_node[22]~126                 ; 0                 ; 6       ;
; a[23]                                                                                                       ;                   ;         ;
;      - lpm_add_sub0:inst|lpm_add_sub:lpm_add_sub_component|add_sub_76i:auto_generated|result_int[24]~48     ; 0                 ; 6       ;
;      - lpm_clshift1:inst20|lpm_clshift:lpm_clshift_component|lpm_clshift_ukb:auto_generated|sbit_w[89]~4    ; 0                 ; 6       ;
;      - lpm_clshift1:inst20|lpm_clshift:lpm_clshift_component|lpm_clshift_ukb:auto_generated|sbit_w[88]~36   ; 0                 ; 6       ;
;      - lpm_clshift0:inst19|lpm_clshift:lpm_clshift_component|lpm_clshift_euc:auto_generated|sbit_w[85]~20   ; 0                 ; 6       ;
;      - lpm_mux1:inst31|lpm_mux:lpm_mux_component|mux_prc:auto_generated|result_node[23]~28                  ; 0                 ; 6       ;
;      - lpm_mux1:inst31|lpm_mux:lpm_mux_component|mux_prc:auto_generated|result_node[23]~29                  ; 0                 ; 6       ;
;      - lpm_clshift0:inst19|lpm_clshift:lpm_clshift_component|lpm_clshift_euc:auto_generated|sbit_w[84]~24   ; 0                 ; 6       ;
; b[2]                                                                                                        ;                   ;         ;
;      - lpm_mux1:inst31|lpm_mux:lpm_mux_component|mux_prc:auto_generated|result_node[31]~3                   ; 0                 ; 6       ;
;      - lpm_clshift1:inst20|lpm_clshift:lpm_clshift_component|lpm_clshift_ukb:auto_generated|sbit_w[190]~6   ; 0                 ; 6       ;
;      - lpm_clshift1:inst20|lpm_clshift:lpm_clshift_component|lpm_clshift_ukb:auto_generated|sbit_w[190]~8   ; 0                 ; 6       ;
;      - lpm_clshift1:inst20|lpm_clshift:lpm_clshift_component|lpm_clshift_ukb:auto_generated|sbit_w[143]~20  ; 0                 ; 6       ;
;      - lpm_mux1:inst31|lpm_mux:lpm_mux_component|mux_prc:auto_generated|_~0                                 ; 0                 ; 6       ;
;      - lpm_add_sub0:inst|lpm_add_sub:lpm_add_sub_component|add_sub_76i:auto_generated|_~29                  ; 0                 ; 6       ;
;      - lpm_clshift0:inst19|lpm_clshift:lpm_clshift_component|lpm_clshift_euc:auto_generated|sbit_w[158]~0   ; 0                 ; 6       ;
;      - lpm_mux1:inst31|lpm_mux:lpm_mux_component|mux_prc:auto_generated|_~3                                 ; 0                 ; 6       ;
;      - lpm_clshift1:inst20|lpm_clshift:lpm_clshift_component|lpm_clshift_ukb:auto_generated|sbit_w[142]~45  ; 0                 ; 6       ;
;      - lpm_mux1:inst31|lpm_mux:lpm_mux_component|mux_prc:auto_generated|_~5                                 ; 0                 ; 6       ;
;      - lpm_mux1:inst31|lpm_mux:lpm_mux_component|mux_prc:auto_generated|_~10                                ; 0                 ; 6       ;
;      - lpm_clshift1:inst20|lpm_clshift:lpm_clshift_component|lpm_clshift_ukb:auto_generated|sbit_w[141]~55  ; 0                 ; 6       ;
;      - lpm_mux1:inst31|lpm_mux:lpm_mux_component|mux_prc:auto_generated|_~13                                ; 0                 ; 6       ;
;      - lpm_clshift0:inst19|lpm_clshift:lpm_clshift_component|lpm_clshift_euc:auto_generated|sbit_w[162]~2   ; 0                 ; 6       ;
;      - lpm_clshift0:inst19|lpm_clshift:lpm_clshift_component|lpm_clshift_euc:auto_generated|sbit_w[162]~3   ; 0                 ; 6       ;
;      - lpm_clshift1:inst20|lpm_clshift:lpm_clshift_component|lpm_clshift_ukb:auto_generated|sbit_w[117]~63  ; 0                 ; 6       ;
;      - lpm_clshift1:inst20|lpm_clshift:lpm_clshift_component|lpm_clshift_ukb:auto_generated|sbit_w[140]~67  ; 0                 ; 6       ;
;      - lpm_mux1:inst31|lpm_mux:lpm_mux_component|mux_prc:auto_generated|_~20                                ; 0                 ; 6       ;
;      - lpm_clshift1:inst20|lpm_clshift:lpm_clshift_component|lpm_clshift_ukb:auto_generated|sbit_w[116]~75  ; 0                 ; 6       ;
;      - lpm_clshift1:inst20|lpm_clshift:lpm_clshift_component|lpm_clshift_ukb:auto_generated|sbit_w[184]~77  ; 0                 ; 6       ;
;      - lpm_clshift1:inst20|lpm_clshift:lpm_clshift_component|lpm_clshift_ukb:auto_generated|sbit_w[115]~78  ; 0                 ; 6       ;
;      - lpm_mux1:inst31|lpm_mux:lpm_mux_component|mux_prc:auto_generated|_~27                                ; 0                 ; 6       ;
;      - lpm_clshift1:inst20|lpm_clshift:lpm_clshift_component|lpm_clshift_ukb:auto_generated|sbit_w[139]~81  ; 0                 ; 6       ;
;      - lpm_clshift1:inst20|lpm_clshift:lpm_clshift_component|lpm_clshift_ukb:auto_generated|sbit_w[114]~83  ; 0                 ; 6       ;
;      - lpm_mux1:inst31|lpm_mux:lpm_mux_component|mux_prc:auto_generated|_~31                                ; 0                 ; 6       ;
;      - lpm_clshift1:inst20|lpm_clshift:lpm_clshift_component|lpm_clshift_ukb:auto_generated|sbit_w[138]~85  ; 0                 ; 6       ;
;      - lpm_clshift0:inst19|lpm_clshift:lpm_clshift_component|lpm_clshift_euc:auto_generated|sbit_w[122]~12  ; 0                 ; 6       ;
;      - lpm_clshift1:inst20|lpm_clshift:lpm_clshift_component|lpm_clshift_ukb:auto_generated|sbit_w[113]~87  ; 0                 ; 6       ;
;      - lpm_mux1:inst31|lpm_mux:lpm_mux_component|mux_prc:auto_generated|_~37                                ; 0                 ; 6       ;
;      - lpm_clshift1:inst20|lpm_clshift:lpm_clshift_component|lpm_clshift_ukb:auto_generated|sbit_w[137]~89  ; 0                 ; 6       ;
;      - lpm_clshift0:inst19|lpm_clshift:lpm_clshift_component|lpm_clshift_euc:auto_generated|sbit_w[121]~13  ; 0                 ; 6       ;
;      - lpm_clshift0:inst19|lpm_clshift:lpm_clshift_component|lpm_clshift_euc:auto_generated|sbit_w[121]~16  ; 0                 ; 6       ;
;      - lpm_clshift1:inst20|lpm_clshift:lpm_clshift_component|lpm_clshift_ukb:auto_generated|sbit_w[112]~91  ; 0                 ; 6       ;
;      - lpm_clshift1:inst20|lpm_clshift:lpm_clshift_component|lpm_clshift_ukb:auto_generated|sbit_w[136]~93  ; 0                 ; 6       ;
;      - lpm_mux1:inst31|lpm_mux:lpm_mux_component|mux_prc:auto_generated|_~38                                ; 0                 ; 6       ;
;      - lpm_clshift0:inst19|lpm_clshift:lpm_clshift_component|lpm_clshift_euc:auto_generated|sbit_w[120]~19  ; 0                 ; 6       ;
;      - lpm_clshift1:inst20|lpm_clshift:lpm_clshift_component|lpm_clshift_ukb:auto_generated|sbit_w[135]~96  ; 0                 ; 6       ;
;      - lpm_clshift0:inst19|lpm_clshift:lpm_clshift_component|lpm_clshift_euc:auto_generated|sbit_w[119]~22  ; 0                 ; 6       ;
;      - lpm_clshift1:inst20|lpm_clshift:lpm_clshift_component|lpm_clshift_ukb:auto_generated|sbit_w[134]~97  ; 0                 ; 6       ;
;      - lpm_clshift0:inst19|lpm_clshift:lpm_clshift_component|lpm_clshift_euc:auto_generated|sbit_w[150]~23  ; 0                 ; 6       ;
;      - lpm_clshift0:inst19|lpm_clshift:lpm_clshift_component|lpm_clshift_euc:auto_generated|sbit_w[150]~26  ; 0                 ; 6       ;
;      - lpm_mux1:inst31|lpm_mux:lpm_mux_component|mux_prc:auto_generated|_~51                                ; 0                 ; 6       ;
;      - lpm_clshift1:inst20|lpm_clshift:lpm_clshift_component|lpm_clshift_ukb:auto_generated|sbit_w[133]~98  ; 0                 ; 6       ;
;      - lpm_clshift0:inst19|lpm_clshift:lpm_clshift_component|lpm_clshift_euc:auto_generated|sbit_w[148]~32  ; 0                 ; 6       ;
;      - lpm_mux1:inst31|lpm_mux:lpm_mux_component|mux_prc:auto_generated|_~59                                ; 0                 ; 6       ;
;      - lpm_clshift0:inst19|lpm_clshift:lpm_clshift_component|lpm_clshift_euc:auto_generated|sbit_w[147]~36  ; 0                 ; 6       ;
;      - lpm_mux1:inst31|lpm_mux:lpm_mux_component|mux_prc:auto_generated|_~65                                ; 0                 ; 6       ;
;      - lpm_clshift0:inst19|lpm_clshift:lpm_clshift_component|lpm_clshift_euc:auto_generated|sbit_w[114]~42  ; 0                 ; 6       ;
;      - lpm_clshift0:inst19|lpm_clshift:lpm_clshift_component|lpm_clshift_euc:auto_generated|sbit_w[113]~45  ; 0                 ; 6       ;
;      - lpm_clshift0:inst19|lpm_clshift:lpm_clshift_component|lpm_clshift_euc:auto_generated|sbit_w[112]~48  ; 0                 ; 6       ;
;      - lpm_clshift0:inst19|lpm_clshift:lpm_clshift_component|lpm_clshift_euc:auto_generated|sbit_w[111]~51  ; 0                 ; 6       ;
;      - lpm_clshift0:inst19|lpm_clshift:lpm_clshift_component|lpm_clshift_euc:auto_generated|sbit_w[110]~54  ; 0                 ; 6       ;
;      - lpm_clshift0:inst19|lpm_clshift:lpm_clshift_component|lpm_clshift_euc:auto_generated|sbit_w[109]~57  ; 0                 ; 6       ;
;      - lpm_clshift0:inst19|lpm_clshift:lpm_clshift_component|lpm_clshift_euc:auto_generated|sbit_w[108]~60  ; 0                 ; 6       ;
;      - lpm_clshift0:inst19|lpm_clshift:lpm_clshift_component|lpm_clshift_euc:auto_generated|sbit_w[107]~63  ; 0                 ; 6       ;
;      - lpm_clshift0:inst19|lpm_clshift:lpm_clshift_component|lpm_clshift_euc:auto_generated|sbit_w[106]~66  ; 0                 ; 6       ;
;      - lpm_clshift0:inst19|lpm_clshift:lpm_clshift_component|lpm_clshift_euc:auto_generated|sbit_w[105]~71  ; 0                 ; 6       ;
;      - lpm_clshift0:inst19|lpm_clshift:lpm_clshift_component|lpm_clshift_euc:auto_generated|sbit_w[104]~76  ; 0                 ; 6       ;
;      - lpm_mux1:inst31|lpm_mux:lpm_mux_component|mux_prc:auto_generated|_~114                               ; 0                 ; 6       ;
;      - lpm_mux1:inst31|lpm_mux:lpm_mux_component|mux_prc:auto_generated|result_node[2]~114                  ; 0                 ; 6       ;
; a[30]                                                                                                       ;                   ;         ;
;      - lpm_add_sub0:inst|lpm_add_sub:lpm_add_sub_component|add_sub_76i:auto_generated|result_int[31]~62     ; 1                 ; 6       ;
;      - lpm_clshift1:inst20|lpm_clshift:lpm_clshift_component|lpm_clshift_ukb:auto_generated|sbit_w[191]~13  ; 1                 ; 6       ;
;      - lpm_mux1:inst31|lpm_mux:lpm_mux_component|mux_prc:auto_generated|_~1                                 ; 1                 ; 6       ;
;      - lpm_mux1:inst31|lpm_mux:lpm_mux_component|mux_prc:auto_generated|_~2                                 ; 1                 ; 6       ;
;      - lpm_clshift1:inst20|lpm_clshift:lpm_clshift_component|lpm_clshift_ukb:auto_generated|sbit_w[190]~35  ; 1                 ; 6       ;
;      - lpm_mux1:inst31|lpm_mux:lpm_mux_component|mux_prc:auto_generated|_~7                                 ; 1                 ; 6       ;
;      - lpm_mux1:inst31|lpm_mux:lpm_mux_component|mux_prc:auto_generated|_~9                                 ; 1                 ; 6       ;
;      - lpm_clshift0:inst19|lpm_clshift:lpm_clshift_component|lpm_clshift_euc:auto_generated|sbit_w[61]~1    ; 1                 ; 6       ;
;      - lpm_clshift0:inst19|lpm_clshift:lpm_clshift_component|lpm_clshift_euc:auto_generated|sbit_w[92]~4    ; 1                 ; 6       ;
;      - lpm_clshift0:inst19|lpm_clshift:lpm_clshift_component|lpm_clshift_euc:auto_generated|sbit_w[122]~9   ; 1                 ; 6       ;
;      - lpm_clshift0:inst19|lpm_clshift:lpm_clshift_component|lpm_clshift_euc:auto_generated|sbit_w[150]~23  ; 1                 ; 6       ;
;      - lpm_mux1:inst31|lpm_mux:lpm_mux_component|mux_prc:auto_generated|_~87                                ; 1                 ; 6       ;
; a[28]                                                                                                       ;                   ;         ;
;      - lpm_add_sub0:inst|lpm_add_sub:lpm_add_sub_component|add_sub_76i:auto_generated|result_int[29]~58     ; 1                 ; 6       ;
;      - lpm_clshift1:inst20|lpm_clshift:lpm_clshift_component|lpm_clshift_ukb:auto_generated|sbit_w[61]~7    ; 1                 ; 6       ;
;      - lpm_clshift1:inst20|lpm_clshift:lpm_clshift_component|lpm_clshift_ukb:auto_generated|sbit_w[60]~34   ; 1                 ; 6       ;
;      - lpm_clshift0:inst19|lpm_clshift:lpm_clshift_component|lpm_clshift_euc:auto_generated|sbit_w[90]~5    ; 1                 ; 6       ;
;      - lpm_mux1:inst31|lpm_mux:lpm_mux_component|mux_prc:auto_generated|_~19                                ; 1                 ; 6       ;
;      - lpm_mux1:inst31|lpm_mux:lpm_mux_component|mux_prc:auto_generated|_~22                                ; 1                 ; 6       ;
;      - lpm_mux1:inst31|lpm_mux:lpm_mux_component|mux_prc:auto_generated|_~24                                ; 1                 ; 6       ;
;      - lpm_clshift0:inst19|lpm_clshift:lpm_clshift_component|lpm_clshift_euc:auto_generated|sbit_w[91]~7    ; 1                 ; 6       ;
; a[29]                                                                                                       ;                   ;         ;
;      - lpm_add_sub0:inst|lpm_add_sub:lpm_add_sub_component|add_sub_76i:auto_generated|result_int[30]~60     ; 1                 ; 6       ;
;      - lpm_clshift1:inst20|lpm_clshift:lpm_clshift_component|lpm_clshift_ukb:auto_generated|sbit_w[61]~7    ; 1                 ; 6       ;
;      - lpm_clshift1:inst20|lpm_clshift:lpm_clshift_component|lpm_clshift_ukb:auto_generated|sbit_w[190]~39  ; 1                 ; 6       ;
;      - lpm_clshift0:inst19|lpm_clshift:lpm_clshift_component|lpm_clshift_euc:auto_generated|sbit_w[61]~1    ; 1                 ; 6       ;
;      - lpm_mux1:inst31|lpm_mux:lpm_mux_component|mux_prc:auto_generated|_~12                                ; 1                 ; 6       ;
;      - lpm_mux1:inst31|lpm_mux:lpm_mux_component|mux_prc:auto_generated|_~15                                ; 1                 ; 6       ;
;      - lpm_mux1:inst31|lpm_mux:lpm_mux_component|mux_prc:auto_generated|_~17                                ; 1                 ; 6       ;
;      - lpm_clshift0:inst19|lpm_clshift:lpm_clshift_component|lpm_clshift_euc:auto_generated|sbit_w[90]~5    ; 1                 ; 6       ;
; a[24]                                                                                                       ;                   ;         ;
;      - lpm_add_sub0:inst|lpm_add_sub:lpm_add_sub_component|add_sub_76i:auto_generated|result_int[25]~50     ; 0                 ; 6       ;
;      - lpm_clshift1:inst20|lpm_clshift:lpm_clshift_component|lpm_clshift_ukb:auto_generated|sbit_w[89]~10   ; 0                 ; 6       ;
;      - lpm_clshift1:inst20|lpm_clshift:lpm_clshift_component|lpm_clshift_ukb:auto_generated|sbit_w[88]~36   ; 0                 ; 6       ;
;      - lpm_mux1:inst31|lpm_mux:lpm_mux_component|mux_prc:auto_generated|_~39                                ; 0                 ; 6       ;
;      - lpm_clshift0:inst19|lpm_clshift:lpm_clshift_component|lpm_clshift_euc:auto_generated|sbit_w[86]~17   ; 0                 ; 6       ;
;      - lpm_mux1:inst31|lpm_mux:lpm_mux_component|mux_prc:auto_generated|_~41                                ; 0                 ; 6       ;
;      - lpm_mux1:inst31|lpm_mux:lpm_mux_component|mux_prc:auto_generated|_~43                                ; 0                 ; 6       ;
;      - lpm_clshift0:inst19|lpm_clshift:lpm_clshift_component|lpm_clshift_euc:auto_generated|sbit_w[85]~20   ; 0                 ; 6       ;
; a[25]                                                                                                       ;                   ;         ;
;      - lpm_add_sub0:inst|lpm_add_sub:lpm_add_sub_component|add_sub_76i:auto_generated|result_int[26]~52     ; 0                 ; 6       ;
;      - lpm_clshift1:inst20|lpm_clshift:lpm_clshift_component|lpm_clshift_ukb:auto_generated|sbit_w[89]~10   ; 0                 ; 6       ;
;      - lpm_clshift1:inst20|lpm_clshift:lpm_clshift_component|lpm_clshift_ukb:auto_generated|sbit_w[58]~37   ; 0                 ; 6       ;
;      - lpm_mux1:inst31|lpm_mux:lpm_mux_component|mux_prc:auto_generated|result_node[25]~19                  ; 0                 ; 6       ;
;      - lpm_clshift0:inst19|lpm_clshift:lpm_clshift_component|lpm_clshift_euc:auto_generated|sbit_w[87]~14   ; 0                 ; 6       ;
;      - lpm_clshift0:inst19|lpm_clshift:lpm_clshift_component|lpm_clshift_euc:auto_generated|sbit_w[86]~17   ; 0                 ; 6       ;
; a[26]                                                                                                       ;                   ;         ;
;      - lpm_add_sub0:inst|lpm_add_sub:lpm_add_sub_component|add_sub_76i:auto_generated|result_int[27]~54     ; 0                 ; 6       ;
;      - lpm_clshift1:inst20|lpm_clshift:lpm_clshift_component|lpm_clshift_ukb:auto_generated|sbit_w[59]~11   ; 0                 ; 6       ;
;      - lpm_clshift1:inst20|lpm_clshift:lpm_clshift_component|lpm_clshift_ukb:auto_generated|sbit_w[58]~37   ; 0                 ; 6       ;
;      - lpm_mux1:inst31|lpm_mux:lpm_mux_component|mux_prc:auto_generated|_~32                                ; 0                 ; 6       ;
;      - lpm_clshift0:inst19|lpm_clshift:lpm_clshift_component|lpm_clshift_euc:auto_generated|sbit_w[88]~10   ; 0                 ; 6       ;
;      - lpm_mux1:inst31|lpm_mux:lpm_mux_component|mux_prc:auto_generated|_~34                                ; 0                 ; 6       ;
;      - lpm_mux1:inst31|lpm_mux:lpm_mux_component|mux_prc:auto_generated|_~36                                ; 0                 ; 6       ;
;      - lpm_clshift0:inst19|lpm_clshift:lpm_clshift_component|lpm_clshift_euc:auto_generated|sbit_w[87]~14   ; 0                 ; 6       ;
; a[27]                                                                                                       ;                   ;         ;
;      - lpm_add_sub0:inst|lpm_add_sub:lpm_add_sub_component|add_sub_76i:auto_generated|result_int[28]~56     ; 0                 ; 6       ;
;      - lpm_clshift1:inst20|lpm_clshift:lpm_clshift_component|lpm_clshift_ukb:auto_generated|sbit_w[59]~11   ; 0                 ; 6       ;
;      - lpm_clshift1:inst20|lpm_clshift:lpm_clshift_component|lpm_clshift_ukb:auto_generated|sbit_w[60]~34   ; 0                 ; 6       ;
;      - lpm_clshift0:inst19|lpm_clshift:lpm_clshift_component|lpm_clshift_euc:auto_generated|sbit_w[91]~7    ; 0                 ; 6       ;
;      - lpm_mux1:inst31|lpm_mux:lpm_mux_component|mux_prc:auto_generated|_~26                                ; 0                 ; 6       ;
;      - lpm_mux1:inst31|lpm_mux:lpm_mux_component|mux_prc:auto_generated|_~28                                ; 0                 ; 6       ;
;      - lpm_mux1:inst31|lpm_mux:lpm_mux_component|mux_prc:auto_generated|_~30                                ; 0                 ; 6       ;
;      - lpm_clshift0:inst19|lpm_clshift:lpm_clshift_component|lpm_clshift_euc:auto_generated|sbit_w[88]~10   ; 0                 ; 6       ;
; b[3]                                                                                                        ;                   ;         ;
;      - lpm_mux1:inst31|lpm_mux:lpm_mux_component|mux_prc:auto_generated|result_node[31]~4                   ; 0                 ; 6       ;
;      - lpm_clshift1:inst20|lpm_clshift:lpm_clshift_component|lpm_clshift_ukb:auto_generated|sbit_w[143]~20  ; 0                 ; 6       ;
;      - lpm_clshift1:inst20|lpm_clshift:lpm_clshift_component|lpm_clshift_ukb:auto_generated|sbit_w[143]~27  ; 0                 ; 6       ;
;      - lpm_add_sub0:inst|lpm_add_sub:lpm_add_sub_component|add_sub_76i:auto_generated|_~28                  ; 0                 ; 6       ;
;      - lpm_clshift0:inst19|lpm_clshift:lpm_clshift_component|lpm_clshift_euc:auto_generated|sbit_w[158]~0   ; 0                 ; 6       ;
;      - lpm_mux1:inst31|lpm_mux:lpm_mux_component|mux_prc:auto_generated|_~4                                 ; 0                 ; 6       ;
;      - lpm_clshift1:inst20|lpm_clshift:lpm_clshift_component|lpm_clshift_ukb:auto_generated|sbit_w[142]~45  ; 0                 ; 6       ;
;      - lpm_clshift1:inst20|lpm_clshift:lpm_clshift_component|lpm_clshift_ukb:auto_generated|sbit_w[142]~52  ; 0                 ; 6       ;
;      - lpm_mux1:inst31|lpm_mux:lpm_mux_component|mux_prc:auto_generated|_~10                                ; 0                 ; 6       ;
;      - lpm_clshift1:inst20|lpm_clshift:lpm_clshift_component|lpm_clshift_ukb:auto_generated|sbit_w[141]~55  ; 0                 ; 6       ;
;      - lpm_clshift1:inst20|lpm_clshift:lpm_clshift_component|lpm_clshift_ukb:auto_generated|sbit_w[141]~58  ; 0                 ; 6       ;
;      - lpm_clshift0:inst19|lpm_clshift:lpm_clshift_component|lpm_clshift_euc:auto_generated|sbit_w[162]~2   ; 0                 ; 6       ;
;      - lpm_clshift0:inst19|lpm_clshift:lpm_clshift_component|lpm_clshift_euc:auto_generated|sbit_w[162]~3   ; 0                 ; 6       ;
;      - lpm_clshift1:inst20|lpm_clshift:lpm_clshift_component|lpm_clshift_ukb:auto_generated|sbit_w[140]~70  ; 0                 ; 6       ;
;      - lpm_clshift1:inst20|lpm_clshift:lpm_clshift_component|lpm_clshift_ukb:auto_generated|sbit_w[184]~77  ; 0                 ; 6       ;
;      - lpm_clshift1:inst20|lpm_clshift:lpm_clshift_component|lpm_clshift_ukb:auto_generated|sbit_w[184]~79  ; 0                 ; 6       ;
;      - lpm_clshift1:inst20|lpm_clshift:lpm_clshift_component|lpm_clshift_ukb:auto_generated|sbit_w[139]~81  ; 0                 ; 6       ;
;      - lpm_clshift1:inst20|lpm_clshift:lpm_clshift_component|lpm_clshift_ukb:auto_generated|sbit_w[138]~85  ; 0                 ; 6       ;
;      - lpm_clshift1:inst20|lpm_clshift:lpm_clshift_component|lpm_clshift_ukb:auto_generated|sbit_w[137]~89  ; 0                 ; 6       ;
;      - lpm_clshift1:inst20|lpm_clshift:lpm_clshift_component|lpm_clshift_ukb:auto_generated|sbit_w[136]~94  ; 0                 ; 6       ;
;      - lpm_mux1:inst31|lpm_mux:lpm_mux_component|mux_prc:auto_generated|_~44                                ; 0                 ; 6       ;
;      - lpm_clshift1:inst20|lpm_clshift:lpm_clshift_component|lpm_clshift_ukb:auto_generated|sbit_w[135]~96  ; 0                 ; 6       ;
;      - lpm_mux1:inst31|lpm_mux:lpm_mux_component|mux_prc:auto_generated|_~46                                ; 0                 ; 6       ;
;      - lpm_clshift1:inst20|lpm_clshift:lpm_clshift_component|lpm_clshift_ukb:auto_generated|sbit_w[134]~97  ; 0                 ; 6       ;
;      - lpm_clshift0:inst19|lpm_clshift:lpm_clshift_component|lpm_clshift_euc:auto_generated|sbit_w[150]~27  ; 0                 ; 6       ;
;      - lpm_clshift0:inst19|lpm_clshift:lpm_clshift_component|lpm_clshift_euc:auto_generated|sbit_w[149]~28  ; 0                 ; 6       ;
;      - lpm_clshift0:inst19|lpm_clshift:lpm_clshift_component|lpm_clshift_euc:auto_generated|sbit_w[149]~31  ; 0                 ; 6       ;
;      - lpm_mux1:inst31|lpm_mux:lpm_mux_component|mux_prc:auto_generated|_~53                                ; 0                 ; 6       ;
;      - lpm_clshift1:inst20|lpm_clshift:lpm_clshift_component|lpm_clshift_ukb:auto_generated|sbit_w[133]~98  ; 0                 ; 6       ;
;      - lpm_mux1:inst31|lpm_mux:lpm_mux_component|mux_prc:auto_generated|_~57                                ; 0                 ; 6       ;
;      - lpm_clshift1:inst20|lpm_clshift:lpm_clshift_component|lpm_clshift_ukb:auto_generated|sbit_w[132]~99  ; 0                 ; 6       ;
;      - lpm_clshift0:inst19|lpm_clshift:lpm_clshift_component|lpm_clshift_euc:auto_generated|sbit_w[148]~32  ; 0                 ; 6       ;
;      - lpm_clshift0:inst19|lpm_clshift:lpm_clshift_component|lpm_clshift_euc:auto_generated|sbit_w[148]~35  ; 0                 ; 6       ;
;      - lpm_mux1:inst31|lpm_mux:lpm_mux_component|mux_prc:auto_generated|_~63                                ; 0                 ; 6       ;
;      - lpm_clshift0:inst19|lpm_clshift:lpm_clshift_component|lpm_clshift_euc:auto_generated|sbit_w[147]~36  ; 0                 ; 6       ;
;      - lpm_clshift0:inst19|lpm_clshift:lpm_clshift_component|lpm_clshift_euc:auto_generated|sbit_w[147]~39  ; 0                 ; 6       ;
;      - lpm_mux1:inst31|lpm_mux:lpm_mux_component|mux_prc:auto_generated|_~66                                ; 0                 ; 6       ;
;      - lpm_mux1:inst31|lpm_mux:lpm_mux_component|mux_prc:auto_generated|_~69                                ; 0                 ; 6       ;
;      - lpm_mux1:inst31|lpm_mux:lpm_mux_component|mux_prc:auto_generated|_~74                                ; 0                 ; 6       ;
;      - lpm_mux1:inst31|lpm_mux:lpm_mux_component|mux_prc:auto_generated|_~76                                ; 0                 ; 6       ;
;      - lpm_mux1:inst31|lpm_mux:lpm_mux_component|mux_prc:auto_generated|_~77                                ; 0                 ; 6       ;
;      - lpm_mux1:inst31|lpm_mux:lpm_mux_component|mux_prc:auto_generated|result_node[0]~46                   ; 0                 ; 6       ;
;      - lpm_mux1:inst31|lpm_mux:lpm_mux_component|mux_prc:auto_generated|_~84                                ; 0                 ; 6       ;
;      - lpm_mux1:inst31|lpm_mux:lpm_mux_component|mux_prc:auto_generated|_~86                                ; 0                 ; 6       ;
;      - lpm_mux1:inst31|lpm_mux:lpm_mux_component|mux_prc:auto_generated|_~88                                ; 0                 ; 6       ;
;      - lpm_mux1:inst31|lpm_mux:lpm_mux_component|mux_prc:auto_generated|_~89                                ; 0                 ; 6       ;
;      - lpm_mux1:inst31|lpm_mux:lpm_mux_component|mux_prc:auto_generated|_~91                                ; 0                 ; 6       ;
;      - lpm_mux1:inst31|lpm_mux:lpm_mux_component|mux_prc:auto_generated|_~94                                ; 0                 ; 6       ;
;      - lpm_clshift0:inst19|lpm_clshift:lpm_clshift_component|lpm_clshift_euc:auto_generated|sbit_w[170]~67  ; 0                 ; 6       ;
;      - lpm_clshift0:inst19|lpm_clshift:lpm_clshift_component|lpm_clshift_euc:auto_generated|sbit_w[170]~68  ; 0                 ; 6       ;
;      - lpm_clshift0:inst19|lpm_clshift:lpm_clshift_component|lpm_clshift_euc:auto_generated|sbit_w[169]~72  ; 0                 ; 6       ;
;      - lpm_clshift0:inst19|lpm_clshift:lpm_clshift_component|lpm_clshift_euc:auto_generated|sbit_w[168]~77  ; 0                 ; 6       ;
;      - lpm_clshift0:inst19|lpm_clshift:lpm_clshift_component|lpm_clshift_euc:auto_generated|sbit_w[168]~78  ; 0                 ; 6       ;
;      - lpm_clshift0:inst19|lpm_clshift:lpm_clshift_component|lpm_clshift_euc:auto_generated|sbit_w[151]~82  ; 0                 ; 6       ;
;      - lpm_mux1:inst31|lpm_mux:lpm_mux_component|mux_prc:auto_generated|_~110                               ; 0                 ; 6       ;
;      - lpm_mux1:inst31|lpm_mux:lpm_mux_component|mux_prc:auto_generated|_~116                               ; 0                 ; 6       ;
;      - lpm_mux1:inst31|lpm_mux:lpm_mux_component|mux_prc:auto_generated|result_node[0]~107                  ; 0                 ; 6       ;
;      - lpm_mux1:inst31|lpm_mux:lpm_mux_component|mux_prc:auto_generated|result_node[25]~111                 ; 0                 ; 6       ;
;      - lpm_mux1:inst31|lpm_mux:lpm_mux_component|mux_prc:auto_generated|result_node[3]~116                  ; 0                 ; 6       ;
; b[4]                                                                                                        ;                   ;         ;
;      - lpm_mux1:inst31|lpm_mux:lpm_mux_component|mux_prc:auto_generated|result_node[31]~4                   ; 1                 ; 6       ;
;      - lpm_mux1:inst31|lpm_mux:lpm_mux_component|mux_prc:auto_generated|result_node[31]~5                   ; 1                 ; 6       ;
;      - lpm_add_sub0:inst|lpm_add_sub:lpm_add_sub_component|add_sub_76i:auto_generated|_~27                  ; 1                 ; 6       ;
;      - lpm_mux1:inst31|lpm_mux:lpm_mux_component|mux_prc:auto_generated|_~1                                 ; 1                 ; 6       ;
;      - lpm_mux1:inst31|lpm_mux:lpm_mux_component|mux_prc:auto_generated|_~4                                 ; 1                 ; 6       ;
;      - lpm_mux1:inst31|lpm_mux:lpm_mux_component|mux_prc:auto_generated|_~6                                 ; 1                 ; 6       ;
;      - lpm_mux1:inst31|lpm_mux:lpm_mux_component|mux_prc:auto_generated|_~11                                ; 1                 ; 6       ;
;      - lpm_mux1:inst31|lpm_mux:lpm_mux_component|mux_prc:auto_generated|_~14                                ; 1                 ; 6       ;
;      - lpm_mux1:inst31|lpm_mux:lpm_mux_component|mux_prc:auto_generated|_~18                                ; 1                 ; 6       ;
;      - lpm_mux1:inst31|lpm_mux:lpm_mux_component|mux_prc:auto_generated|_~21                                ; 1                 ; 6       ;
;      - lpm_mux1:inst31|lpm_mux:lpm_mux_component|mux_prc:auto_generated|_~25                                ; 1                 ; 6       ;
;      - lpm_clshift1:inst20|lpm_clshift:lpm_clshift_component|lpm_clshift_ukb:auto_generated|sbit_w[184]~77  ; 1                 ; 6       ;
;      - lpm_clshift1:inst20|lpm_clshift:lpm_clshift_component|lpm_clshift_ukb:auto_generated|sbit_w[184]~79  ; 1                 ; 6       ;
;      - lpm_mux1:inst31|lpm_mux:lpm_mux_component|mux_prc:auto_generated|_~44                                ; 1                 ; 6       ;
;      - lpm_mux1:inst31|lpm_mux:lpm_mux_component|mux_prc:auto_generated|result_node[23]~25                  ; 1                 ; 6       ;
;      - lpm_mux1:inst31|lpm_mux:lpm_mux_component|mux_prc:auto_generated|_~46                                ; 1                 ; 6       ;
;      - lpm_mux1:inst31|lpm_mux:lpm_mux_component|mux_prc:auto_generated|_~47                                ; 1                 ; 6       ;
;      - lpm_mux1:inst31|lpm_mux:lpm_mux_component|mux_prc:auto_generated|_~48                                ; 1                 ; 6       ;
;      - lpm_mux1:inst31|lpm_mux:lpm_mux_component|mux_prc:auto_generated|_~52                                ; 1                 ; 6       ;
;      - lpm_mux1:inst31|lpm_mux:lpm_mux_component|mux_prc:auto_generated|_~53                                ; 1                 ; 6       ;
;      - lpm_mux1:inst31|lpm_mux:lpm_mux_component|mux_prc:auto_generated|_~54                                ; 1                 ; 6       ;
;      - lpm_mux1:inst31|lpm_mux:lpm_mux_component|mux_prc:auto_generated|_~57                                ; 1                 ; 6       ;
;      - lpm_mux1:inst31|lpm_mux:lpm_mux_component|mux_prc:auto_generated|_~58                                ; 1                 ; 6       ;
;      - lpm_mux1:inst31|lpm_mux:lpm_mux_component|mux_prc:auto_generated|_~60                                ; 1                 ; 6       ;
;      - lpm_mux1:inst31|lpm_mux:lpm_mux_component|mux_prc:auto_generated|_~63                                ; 1                 ; 6       ;
;      - lpm_mux1:inst31|lpm_mux:lpm_mux_component|mux_prc:auto_generated|_~64                                ; 1                 ; 6       ;
;      - lpm_mux1:inst31|lpm_mux:lpm_mux_component|mux_prc:auto_generated|result_node[19]~35                  ; 1                 ; 6       ;
;      - lpm_mux1:inst31|lpm_mux:lpm_mux_component|mux_prc:auto_generated|_~66                                ; 1                 ; 6       ;
;      - lpm_mux1:inst31|lpm_mux:lpm_mux_component|mux_prc:auto_generated|_~67                                ; 1                 ; 6       ;
;      - lpm_mux1:inst31|lpm_mux:lpm_mux_component|mux_prc:auto_generated|_~70                                ; 1                 ; 6       ;
;      - lpm_mux1:inst31|lpm_mux:lpm_mux_component|mux_prc:auto_generated|_~74                                ; 1                 ; 6       ;
;      - lpm_mux1:inst31|lpm_mux:lpm_mux_component|mux_prc:auto_generated|_~75                                ; 1                 ; 6       ;
;      - lpm_mux1:inst31|lpm_mux:lpm_mux_component|mux_prc:auto_generated|result_node[17]~42                  ; 1                 ; 6       ;
;      - lpm_mux1:inst31|lpm_mux:lpm_mux_component|mux_prc:auto_generated|_~77                                ; 1                 ; 6       ;
;      - lpm_mux1:inst31|lpm_mux:lpm_mux_component|mux_prc:auto_generated|_~78                                ; 1                 ; 6       ;
;      - lpm_mux1:inst31|lpm_mux:lpm_mux_component|mux_prc:auto_generated|_~80                                ; 1                 ; 6       ;
;      - lpm_mux1:inst31|lpm_mux:lpm_mux_component|mux_prc:auto_generated|_~84                                ; 1                 ; 6       ;
;      - lpm_mux1:inst31|lpm_mux:lpm_mux_component|mux_prc:auto_generated|_~85                                ; 1                 ; 6       ;
;      - lpm_mux1:inst31|lpm_mux:lpm_mux_component|mux_prc:auto_generated|result_node[15]~49                  ; 1                 ; 6       ;
;      - lpm_mux1:inst31|lpm_mux:lpm_mux_component|mux_prc:auto_generated|_~86                                ; 1                 ; 6       ;
;      - lpm_mux1:inst31|lpm_mux:lpm_mux_component|mux_prc:auto_generated|_~87                                ; 1                 ; 6       ;
;      - lpm_mux1:inst31|lpm_mux:lpm_mux_component|mux_prc:auto_generated|result_node[14]~55                  ; 1                 ; 6       ;
;      - lpm_mux1:inst31|lpm_mux:lpm_mux_component|mux_prc:auto_generated|_~88                                ; 1                 ; 6       ;
;      - lpm_mux1:inst31|lpm_mux:lpm_mux_component|mux_prc:auto_generated|_~90                                ; 1                 ; 6       ;
;      - lpm_mux1:inst31|lpm_mux:lpm_mux_component|mux_prc:auto_generated|result_node[13]~58                  ; 1                 ; 6       ;
;      - lpm_mux1:inst31|lpm_mux:lpm_mux_component|mux_prc:auto_generated|_~91                                ; 1                 ; 6       ;
;      - lpm_mux1:inst31|lpm_mux:lpm_mux_component|mux_prc:auto_generated|_~92                                ; 1                 ; 6       ;
;      - lpm_mux1:inst31|lpm_mux:lpm_mux_component|mux_prc:auto_generated|result_node[12]~64                  ; 1                 ; 6       ;
;      - lpm_mux1:inst31|lpm_mux:lpm_mux_component|mux_prc:auto_generated|_~94                                ; 1                 ; 6       ;
;      - lpm_mux1:inst31|lpm_mux:lpm_mux_component|mux_prc:auto_generated|_~95                                ; 1                 ; 6       ;
;      - lpm_mux1:inst31|lpm_mux:lpm_mux_component|mux_prc:auto_generated|result_node[11]~67                  ; 1                 ; 6       ;
;      - lpm_clshift0:inst19|lpm_clshift:lpm_clshift_component|lpm_clshift_euc:auto_generated|sbit_w[170]~67  ; 1                 ; 6       ;
;      - lpm_mux1:inst31|lpm_mux:lpm_mux_component|mux_prc:auto_generated|result_node[10]~71                  ; 1                 ; 6       ;
;      - lpm_clshift0:inst19|lpm_clshift:lpm_clshift_component|lpm_clshift_euc:auto_generated|sbit_w[169]~72  ; 1                 ; 6       ;
;      - lpm_clshift0:inst19|lpm_clshift:lpm_clshift_component|lpm_clshift_euc:auto_generated|sbit_w[169]~73  ; 1                 ; 6       ;
;      - lpm_mux1:inst31|lpm_mux:lpm_mux_component|mux_prc:auto_generated|result_node[9]~77                   ; 1                 ; 6       ;
;      - lpm_clshift0:inst19|lpm_clshift:lpm_clshift_component|lpm_clshift_euc:auto_generated|sbit_w[168]~77  ; 1                 ; 6       ;
;      - lpm_mux1:inst31|lpm_mux:lpm_mux_component|mux_prc:auto_generated|result_node[8]~81                   ; 1                 ; 6       ;
;      - lpm_mux1:inst31|lpm_mux:lpm_mux_component|mux_prc:auto_generated|result_node[7]~87                   ; 1                 ; 6       ;
;      - lpm_mux1:inst31|lpm_mux:lpm_mux_component|mux_prc:auto_generated|result_node[6]~91                   ; 1                 ; 6       ;
;      - lpm_mux1:inst31|lpm_mux:lpm_mux_component|mux_prc:auto_generated|result_node[5]~97                   ; 1                 ; 6       ;
;      - lpm_mux1:inst31|lpm_mux:lpm_mux_component|mux_prc:auto_generated|_~104                               ; 1                 ; 6       ;
;      - lpm_mux1:inst31|lpm_mux:lpm_mux_component|mux_prc:auto_generated|_~105                               ; 1                 ; 6       ;
;      - lpm_mux1:inst31|lpm_mux:lpm_mux_component|mux_prc:auto_generated|_~107                               ; 1                 ; 6       ;
;      - lpm_mux1:inst31|lpm_mux:lpm_mux_component|mux_prc:auto_generated|_~108                               ; 1                 ; 6       ;
;      - lpm_mux1:inst31|lpm_mux:lpm_mux_component|mux_prc:auto_generated|_~109                               ; 1                 ; 6       ;
;      - lpm_mux1:inst31|lpm_mux:lpm_mux_component|mux_prc:auto_generated|_~112                               ; 1                 ; 6       ;
;      - lpm_mux1:inst31|lpm_mux:lpm_mux_component|mux_prc:auto_generated|_~113                               ; 1                 ; 6       ;
;      - lpm_mux1:inst31|lpm_mux:lpm_mux_component|mux_prc:auto_generated|_~116                               ; 1                 ; 6       ;
;      - lpm_mux1:inst31|lpm_mux:lpm_mux_component|mux_prc:auto_generated|_~117                               ; 1                 ; 6       ;
;      - lpm_mux1:inst31|lpm_mux:lpm_mux_component|mux_prc:auto_generated|_~118                               ; 1                 ; 6       ;
;      - lpm_mux1:inst31|lpm_mux:lpm_mux_component|mux_prc:auto_generated|result_node[0]~107                  ; 1                 ; 6       ;
;      - lpm_mux1:inst31|lpm_mux:lpm_mux_component|mux_prc:auto_generated|result_node[0]~108                  ; 1                 ; 6       ;
;      - lpm_mux1:inst31|lpm_mux:lpm_mux_component|mux_prc:auto_generated|result_node[25]~111                 ; 1                 ; 6       ;
;      - lpm_mux1:inst31|lpm_mux:lpm_mux_component|mux_prc:auto_generated|_~122                               ; 1                 ; 6       ;
; a[0]                                                                                                        ;                   ;         ;
;      - lpm_add_sub0:inst|lpm_add_sub:lpm_add_sub_component|add_sub_76i:auto_generated|result_int[1]~2       ; 0                 ; 6       ;
;      - lpm_clshift1:inst20|lpm_clshift:lpm_clshift_component|lpm_clshift_ukb:auto_generated|sbit_w[67]~14   ; 0                 ; 6       ;
;      - lpm_clshift1:inst20|lpm_clshift:lpm_clshift_component|lpm_clshift_ukb:auto_generated|sbit_w[66]~41   ; 0                 ; 6       ;
;      - lpm_clshift1:inst20|lpm_clshift:lpm_clshift_component|lpm_clshift_ukb:auto_generated|sbit_w[65]~53   ; 0                 ; 6       ;
;      - lpm_clshift1:inst20|lpm_clshift:lpm_clshift_component|lpm_clshift_ukb:auto_generated|sbit_w[140]~67  ; 0                 ; 6       ;
;      - lpm_clshift1:inst20|lpm_clshift:lpm_clshift_component|lpm_clshift_ukb:auto_generated|sbit_w[136]~93  ; 0                 ; 6       ;
;      - lpm_mux1:inst31|lpm_mux:lpm_mux_component|mux_prc:auto_generated|_~78                                ; 0                 ; 6       ;
;      - lpm_mux1:inst31|lpm_mux:lpm_mux_component|mux_prc:auto_generated|result_node[0]~106                  ; 0                 ; 6       ;
;      - lpm_clshift0:inst19|lpm_clshift:lpm_clshift_component|lpm_clshift_euc:auto_generated|sbit_w[160]~104 ; 0                 ; 6       ;
;      - lpm_clshift1:inst20|lpm_clshift:lpm_clshift_component|lpm_clshift_ukb:auto_generated|sbit_w[65]~100  ; 0                 ; 6       ;
;      - lpm_mux1:inst31|lpm_mux:lpm_mux_component|mux_prc:auto_generated|_~122                               ; 0                 ; 6       ;
;      - lpm_mux1:inst31|lpm_mux:lpm_mux_component|mux_prc:auto_generated|_~123                               ; 0                 ; 6       ;
; a[1]                                                                                                        ;                   ;         ;
;      - lpm_add_sub0:inst|lpm_add_sub:lpm_add_sub_component|add_sub_76i:auto_generated|result_int[2]~4       ; 1                 ; 6       ;
;      - lpm_clshift1:inst20|lpm_clshift:lpm_clshift_component|lpm_clshift_ukb:auto_generated|sbit_w[67]~14   ; 1                 ; 6       ;
;      - lpm_clshift1:inst20|lpm_clshift:lpm_clshift_component|lpm_clshift_ukb:auto_generated|sbit_w[68]~40   ; 1                 ; 6       ;
;      - lpm_clshift1:inst20|lpm_clshift:lpm_clshift_component|lpm_clshift_ukb:auto_generated|sbit_w[65]~53   ; 1                 ; 6       ;
;      - lpm_clshift0:inst19|lpm_clshift:lpm_clshift_component|lpm_clshift_euc:auto_generated|sbit_w[161]~102 ; 1                 ; 6       ;
;      - lpm_mux1:inst31|lpm_mux:lpm_mux_component|mux_prc:auto_generated|_~119                               ; 1                 ; 6       ;
;      - lpm_clshift0:inst19|lpm_clshift:lpm_clshift_component|lpm_clshift_euc:auto_generated|sbit_w[160]~105 ; 1                 ; 6       ;
;      - lpm_mux1:inst31|lpm_mux:lpm_mux_component|mux_prc:auto_generated|result_node[1]~112                  ; 1                 ; 6       ;
; a[2]                                                                                                        ;                   ;         ;
;      - lpm_add_sub0:inst|lpm_add_sub:lpm_add_sub_component|add_sub_76i:auto_generated|result_int[3]~6       ; 1                 ; 6       ;
;      - lpm_clshift1:inst20|lpm_clshift:lpm_clshift_component|lpm_clshift_ukb:auto_generated|sbit_w[69]~15   ; 1                 ; 6       ;
;      - lpm_clshift1:inst20|lpm_clshift:lpm_clshift_component|lpm_clshift_ukb:auto_generated|sbit_w[68]~40   ; 1                 ; 6       ;
;      - lpm_clshift0:inst19|lpm_clshift:lpm_clshift_component|lpm_clshift_euc:auto_generated|sbit_w[34]~99   ; 1                 ; 6       ;
;      - lpm_mux1:inst31|lpm_mux:lpm_mux_component|mux_prc:auto_generated|_~114                               ; 1                 ; 6       ;
;      - lpm_clshift0:inst19|lpm_clshift:lpm_clshift_component|lpm_clshift_euc:auto_generated|sbit_w[161]~102 ; 1                 ; 6       ;
;      - lpm_mux1:inst31|lpm_mux:lpm_mux_component|mux_prc:auto_generated|result_node[2]~114                  ; 1                 ; 6       ;
; a[3]                                                                                                        ;                   ;         ;
;      - lpm_add_sub0:inst|lpm_add_sub:lpm_add_sub_component|add_sub_76i:auto_generated|result_int[4]~8       ; 0                 ; 6       ;
;      - lpm_clshift1:inst20|lpm_clshift:lpm_clshift_component|lpm_clshift_ukb:auto_generated|sbit_w[69]~15   ; 0                 ; 6       ;
;      - lpm_clshift1:inst20|lpm_clshift:lpm_clshift_component|lpm_clshift_ukb:auto_generated|sbit_w[70]~42   ; 0                 ; 6       ;
;      - lpm_clshift0:inst19|lpm_clshift:lpm_clshift_component|lpm_clshift_euc:auto_generated|sbit_w[35]~96   ; 0                 ; 6       ;
;      - lpm_mux1:inst31|lpm_mux:lpm_mux_component|mux_prc:auto_generated|_~110                               ; 0                 ; 6       ;
;      - lpm_clshift0:inst19|lpm_clshift:lpm_clshift_component|lpm_clshift_euc:auto_generated|sbit_w[34]~99   ; 0                 ; 6       ;
;      - lpm_mux1:inst31|lpm_mux:lpm_mux_component|mux_prc:auto_generated|result_node[3]~116                  ; 0                 ; 6       ;
; a[4]                                                                                                        ;                   ;         ;
;      - lpm_add_sub0:inst|lpm_add_sub:lpm_add_sub_component|add_sub_76i:auto_generated|result_int[5]~10      ; 0                 ; 6       ;
;      - lpm_clshift1:inst20|lpm_clshift:lpm_clshift_component|lpm_clshift_ukb:auto_generated|sbit_w[71]~17   ; 0                 ; 6       ;
;      - lpm_clshift1:inst20|lpm_clshift:lpm_clshift_component|lpm_clshift_ukb:auto_generated|sbit_w[70]~42   ; 0                 ; 6       ;
;      - lpm_mux1:inst31|lpm_mux:lpm_mux_component|mux_prc:auto_generated|_~104                               ; 0                 ; 6       ;
;      - lpm_clshift0:inst19|lpm_clshift:lpm_clshift_component|lpm_clshift_euc:auto_generated|sbit_w[36]~92   ; 0                 ; 6       ;
;      - lpm_mux1:inst31|lpm_mux:lpm_mux_component|mux_prc:auto_generated|_~105                               ; 0                 ; 6       ;
;      - lpm_mux1:inst31|lpm_mux:lpm_mux_component|mux_prc:auto_generated|_~107                               ; 0                 ; 6       ;
;      - lpm_clshift0:inst19|lpm_clshift:lpm_clshift_component|lpm_clshift_euc:auto_generated|sbit_w[35]~96   ; 0                 ; 6       ;
; a[5]                                                                                                        ;                   ;         ;
;      - lpm_add_sub0:inst|lpm_add_sub:lpm_add_sub_component|add_sub_76i:auto_generated|result_int[6]~12      ; 1                 ; 6       ;
;      - lpm_clshift1:inst20|lpm_clshift:lpm_clshift_component|lpm_clshift_ukb:auto_generated|sbit_w[71]~17   ; 1                 ; 6       ;
;      - lpm_clshift1:inst20|lpm_clshift:lpm_clshift_component|lpm_clshift_ukb:auto_generated|sbit_w[72]~43   ; 1                 ; 6       ;
;      - lpm_clshift0:inst19|lpm_clshift:lpm_clshift_component|lpm_clshift_euc:auto_generated|sbit_w[37]~88   ; 1                 ; 6       ;
;      - lpm_mux1:inst31|lpm_mux:lpm_mux_component|mux_prc:auto_generated|_~102                               ; 1                 ; 6       ;
;      - lpm_mux1:inst31|lpm_mux:lpm_mux_component|mux_prc:auto_generated|result_node[5]~97                   ; 1                 ; 6       ;
;      - lpm_mux1:inst31|lpm_mux:lpm_mux_component|mux_prc:auto_generated|_~103                               ; 1                 ; 6       ;
;      - lpm_clshift0:inst19|lpm_clshift:lpm_clshift_component|lpm_clshift_euc:auto_generated|sbit_w[36]~92   ; 1                 ; 6       ;
; a[6]                                                                                                        ;                   ;         ;
;      - lpm_add_sub0:inst|lpm_add_sub:lpm_add_sub_component|add_sub_76i:auto_generated|result_int[7]~14      ; 0                 ; 6       ;
;      - lpm_clshift1:inst20|lpm_clshift:lpm_clshift_component|lpm_clshift_ukb:auto_generated|sbit_w[73]~18   ; 0                 ; 6       ;
;      - lpm_clshift1:inst20|lpm_clshift:lpm_clshift_component|lpm_clshift_ukb:auto_generated|sbit_w[72]~43   ; 0                 ; 6       ;
;      - lpm_clshift0:inst19|lpm_clshift:lpm_clshift_component|lpm_clshift_euc:auto_generated|sbit_w[68]~84   ; 0                 ; 6       ;
;      - lpm_mux1:inst31|lpm_mux:lpm_mux_component|mux_prc:auto_generated|result_node[6]~92                   ; 0                 ; 6       ;
;      - lpm_mux1:inst31|lpm_mux:lpm_mux_component|mux_prc:auto_generated|result_node[6]~93                   ; 0                 ; 6       ;
;      - lpm_clshift0:inst19|lpm_clshift:lpm_clshift_component|lpm_clshift_euc:auto_generated|sbit_w[37]~88   ; 0                 ; 6       ;
; a[7]                                                                                                        ;                   ;         ;
;      - lpm_add_sub0:inst|lpm_add_sub:lpm_add_sub_component|add_sub_76i:auto_generated|result_int[8]~16      ; 0                 ; 6       ;
;      - lpm_clshift1:inst20|lpm_clshift:lpm_clshift_component|lpm_clshift_ukb:auto_generated|sbit_w[73]~18   ; 0                 ; 6       ;
;      - lpm_clshift1:inst20|lpm_clshift:lpm_clshift_component|lpm_clshift_ukb:auto_generated|sbit_w[74]~46   ; 0                 ; 6       ;
;      - lpm_clshift0:inst19|lpm_clshift:lpm_clshift_component|lpm_clshift_euc:auto_generated|sbit_w[69]~79   ; 0                 ; 6       ;
;      - lpm_mux1:inst31|lpm_mux:lpm_mux_component|mux_prc:auto_generated|_~100                               ; 0                 ; 6       ;
;      - lpm_mux1:inst31|lpm_mux:lpm_mux_component|mux_prc:auto_generated|result_node[7]~87                   ; 0                 ; 6       ;
;      - lpm_mux1:inst31|lpm_mux:lpm_mux_component|mux_prc:auto_generated|_~101                               ; 0                 ; 6       ;
;      - lpm_clshift0:inst19|lpm_clshift:lpm_clshift_component|lpm_clshift_euc:auto_generated|sbit_w[68]~84   ; 0                 ; 6       ;
; a[8]                                                                                                        ;                   ;         ;
;      - lpm_add_sub0:inst|lpm_add_sub:lpm_add_sub_component|add_sub_76i:auto_generated|result_int[9]~18      ; 0                 ; 6       ;
;      - lpm_clshift1:inst20|lpm_clshift:lpm_clshift_component|lpm_clshift_ukb:auto_generated|sbit_w[75]~21   ; 0                 ; 6       ;
;      - lpm_clshift1:inst20|lpm_clshift:lpm_clshift_component|lpm_clshift_ukb:auto_generated|sbit_w[74]~46   ; 0                 ; 6       ;
;      - lpm_clshift0:inst19|lpm_clshift:lpm_clshift_component|lpm_clshift_euc:auto_generated|sbit_w[70]~74   ; 0                 ; 6       ;
;      - lpm_mux1:inst31|lpm_mux:lpm_mux_component|mux_prc:auto_generated|result_node[8]~82                   ; 0                 ; 6       ;
;      - lpm_mux1:inst31|lpm_mux:lpm_mux_component|mux_prc:auto_generated|result_node[8]~83                   ; 0                 ; 6       ;
;      - lpm_clshift0:inst19|lpm_clshift:lpm_clshift_component|lpm_clshift_euc:auto_generated|sbit_w[69]~79   ; 0                 ; 6       ;
; a[9]                                                                                                        ;                   ;         ;
;      - lpm_add_sub0:inst|lpm_add_sub:lpm_add_sub_component|add_sub_76i:auto_generated|result_int[10]~20     ; 0                 ; 6       ;
;      - lpm_clshift1:inst20|lpm_clshift:lpm_clshift_component|lpm_clshift_ukb:auto_generated|sbit_w[75]~21   ; 0                 ; 6       ;
;      - lpm_clshift1:inst20|lpm_clshift:lpm_clshift_component|lpm_clshift_ukb:auto_generated|sbit_w[76]~47   ; 0                 ; 6       ;
;      - lpm_clshift0:inst19|lpm_clshift:lpm_clshift_component|lpm_clshift_euc:auto_generated|sbit_w[71]~69   ; 0                 ; 6       ;
;      - lpm_mux1:inst31|lpm_mux:lpm_mux_component|mux_prc:auto_generated|_~98                                ; 0                 ; 6       ;
;      - lpm_mux1:inst31|lpm_mux:lpm_mux_component|mux_prc:auto_generated|result_node[9]~77                   ; 0                 ; 6       ;
;      - lpm_mux1:inst31|lpm_mux:lpm_mux_component|mux_prc:auto_generated|_~99                                ; 0                 ; 6       ;
;      - lpm_clshift0:inst19|lpm_clshift:lpm_clshift_component|lpm_clshift_euc:auto_generated|sbit_w[70]~74   ; 0                 ; 6       ;
; a[10]                                                                                                       ;                   ;         ;
;      - lpm_add_sub0:inst|lpm_add_sub:lpm_add_sub_component|add_sub_76i:auto_generated|result_int[11]~22     ; 0                 ; 6       ;
;      - lpm_clshift1:inst20|lpm_clshift:lpm_clshift_component|lpm_clshift_ukb:auto_generated|sbit_w[77]~22   ; 0                 ; 6       ;
;      - lpm_clshift1:inst20|lpm_clshift:lpm_clshift_component|lpm_clshift_ukb:auto_generated|sbit_w[76]~47   ; 0                 ; 6       ;
;      - lpm_clshift0:inst19|lpm_clshift:lpm_clshift_component|lpm_clshift_euc:auto_generated|sbit_w[72]~64   ; 0                 ; 6       ;
;      - lpm_mux1:inst31|lpm_mux:lpm_mux_component|mux_prc:auto_generated|result_node[10]~72                  ; 0                 ; 6       ;
;      - lpm_mux1:inst31|lpm_mux:lpm_mux_component|mux_prc:auto_generated|result_node[10]~73                  ; 0                 ; 6       ;
;      - lpm_clshift0:inst19|lpm_clshift:lpm_clshift_component|lpm_clshift_euc:auto_generated|sbit_w[71]~69   ; 0                 ; 6       ;
; a[11]                                                                                                       ;                   ;         ;
;      - lpm_add_sub0:inst|lpm_add_sub:lpm_add_sub_component|add_sub_76i:auto_generated|result_int[12]~24     ; 0                 ; 6       ;
;      - lpm_clshift1:inst20|lpm_clshift:lpm_clshift_component|lpm_clshift_ukb:auto_generated|sbit_w[77]~22   ; 0                 ; 6       ;
;      - lpm_clshift1:inst20|lpm_clshift:lpm_clshift_component|lpm_clshift_ukb:auto_generated|sbit_w[78]~49   ; 0                 ; 6       ;
;      - lpm_mux1:inst31|lpm_mux:lpm_mux_component|mux_prc:auto_generated|_~93                                ; 0                 ; 6       ;
;      - lpm_clshift0:inst19|lpm_clshift:lpm_clshift_component|lpm_clshift_euc:auto_generated|sbit_w[73]~61   ; 0                 ; 6       ;
;      - lpm_mux1:inst31|lpm_mux:lpm_mux_component|mux_prc:auto_generated|result_node[11]~67                  ; 0                 ; 6       ;
;      - lpm_mux1:inst31|lpm_mux:lpm_mux_component|mux_prc:auto_generated|_~97                                ; 0                 ; 6       ;
;      - lpm_clshift0:inst19|lpm_clshift:lpm_clshift_component|lpm_clshift_euc:auto_generated|sbit_w[72]~64   ; 0                 ; 6       ;
; a[12]                                                                                                       ;                   ;         ;
;      - lpm_add_sub0:inst|lpm_add_sub:lpm_add_sub_component|add_sub_76i:auto_generated|result_int[13]~26     ; 0                 ; 6       ;
;      - lpm_clshift1:inst20|lpm_clshift:lpm_clshift_component|lpm_clshift_ukb:auto_generated|sbit_w[79]~24   ; 0                 ; 6       ;
;      - lpm_clshift1:inst20|lpm_clshift:lpm_clshift_component|lpm_clshift_ukb:auto_generated|sbit_w[78]~49   ; 0                 ; 6       ;
;      - lpm_mux1:inst31|lpm_mux:lpm_mux_component|mux_prc:auto_generated|result_node[12]~61                  ; 0                 ; 6       ;
;      - lpm_clshift0:inst19|lpm_clshift:lpm_clshift_component|lpm_clshift_euc:auto_generated|sbit_w[74]~58   ; 0                 ; 6       ;
;      - lpm_mux1:inst31|lpm_mux:lpm_mux_component|mux_prc:auto_generated|result_node[12]~65                  ; 0                 ; 6       ;
;      - lpm_clshift0:inst19|lpm_clshift:lpm_clshift_component|lpm_clshift_euc:auto_generated|sbit_w[73]~61   ; 0                 ; 6       ;
; a[13]                                                                                                       ;                   ;         ;
;      - lpm_add_sub0:inst|lpm_add_sub:lpm_add_sub_component|add_sub_76i:auto_generated|result_int[14]~28     ; 1                 ; 6       ;
;      - lpm_clshift1:inst20|lpm_clshift:lpm_clshift_component|lpm_clshift_ukb:auto_generated|sbit_w[79]~24   ; 1                 ; 6       ;
;      - lpm_clshift1:inst20|lpm_clshift:lpm_clshift_component|lpm_clshift_ukb:auto_generated|sbit_w[80]~50   ; 1                 ; 6       ;
;      - lpm_clshift0:inst19|lpm_clshift:lpm_clshift_component|lpm_clshift_euc:auto_generated|sbit_w[75]~55   ; 1                 ; 6       ;
;      - lpm_mux1:inst31|lpm_mux:lpm_mux_component|mux_prc:auto_generated|result_node[13]~58                  ; 1                 ; 6       ;
;      - lpm_clshift0:inst19|lpm_clshift:lpm_clshift_component|lpm_clshift_euc:auto_generated|sbit_w[74]~58   ; 1                 ; 6       ;
;      - lpm_mux1:inst31|lpm_mux:lpm_mux_component|mux_prc:auto_generated|result_node[13]~118                 ; 1                 ; 6       ;
; a[14]                                                                                                       ;                   ;         ;
;      - lpm_add_sub0:inst|lpm_add_sub:lpm_add_sub_component|add_sub_76i:auto_generated|result_int[15]~30     ; 1                 ; 6       ;
;      - lpm_clshift1:inst20|lpm_clshift:lpm_clshift_component|lpm_clshift_ukb:auto_generated|sbit_w[81]~25   ; 1                 ; 6       ;
;      - lpm_clshift1:inst20|lpm_clshift:lpm_clshift_component|lpm_clshift_ukb:auto_generated|sbit_w[80]~50   ; 1                 ; 6       ;
;      - lpm_mux1:inst31|lpm_mux:lpm_mux_component|mux_prc:auto_generated|result_node[14]~52                  ; 1                 ; 6       ;
;      - lpm_clshift0:inst19|lpm_clshift:lpm_clshift_component|lpm_clshift_euc:auto_generated|sbit_w[76]~52   ; 1                 ; 6       ;
;      - lpm_mux1:inst31|lpm_mux:lpm_mux_component|mux_prc:auto_generated|result_node[14]~56                  ; 1                 ; 6       ;
;      - lpm_clshift0:inst19|lpm_clshift:lpm_clshift_component|lpm_clshift_euc:auto_generated|sbit_w[75]~55   ; 1                 ; 6       ;
; a[15]                                                                                                       ;                   ;         ;
;      - lpm_add_sub0:inst|lpm_add_sub:lpm_add_sub_component|add_sub_76i:auto_generated|result_int[16]~32     ; 1                 ; 6       ;
;      - lpm_clshift1:inst20|lpm_clshift:lpm_clshift_component|lpm_clshift_ukb:auto_generated|sbit_w[81]~25   ; 1                 ; 6       ;
;      - lpm_clshift1:inst20|lpm_clshift:lpm_clshift_component|lpm_clshift_ukb:auto_generated|sbit_w[82]~28   ; 1                 ; 6       ;
;      - lpm_clshift0:inst19|lpm_clshift:lpm_clshift_component|lpm_clshift_euc:auto_generated|sbit_w[77]~49   ; 1                 ; 6       ;
;      - lpm_mux1:inst31|lpm_mux:lpm_mux_component|mux_prc:auto_generated|result_node[15]~49                  ; 1                 ; 6       ;
;      - lpm_clshift0:inst19|lpm_clshift:lpm_clshift_component|lpm_clshift_euc:auto_generated|sbit_w[76]~52   ; 1                 ; 6       ;
;      - lpm_mux1:inst31|lpm_mux:lpm_mux_component|mux_prc:auto_generated|result_node[15]~120                 ; 1                 ; 6       ;
; b[30]                                                                                                       ;                   ;         ;
;      - lpm_add_sub0:inst|lpm_add_sub:lpm_add_sub_component|add_sub_76i:auto_generated|_~1                   ; 1                 ; 6       ;
;      - lpm_mux1:inst31|lpm_mux:lpm_mux_component|mux_prc:auto_generated|_~2                                 ; 1                 ; 6       ;
;      - lpm_mux1:inst31|lpm_mux:lpm_mux_component|mux_prc:auto_generated|_~7                                 ; 1                 ; 6       ;
;      - lpm_mux1:inst31|lpm_mux:lpm_mux_component|mux_prc:auto_generated|_~9                                 ; 1                 ; 6       ;
; b[29]                                                                                                       ;                   ;         ;
;      - lpm_add_sub0:inst|lpm_add_sub:lpm_add_sub_component|add_sub_76i:auto_generated|_~2                   ; 1                 ; 6       ;
;      - lpm_mux1:inst31|lpm_mux:lpm_mux_component|mux_prc:auto_generated|_~12                                ; 1                 ; 6       ;
;      - lpm_mux1:inst31|lpm_mux:lpm_mux_component|mux_prc:auto_generated|_~15                                ; 1                 ; 6       ;
;      - lpm_mux1:inst31|lpm_mux:lpm_mux_component|mux_prc:auto_generated|_~17                                ; 1                 ; 6       ;
; b[28]                                                                                                       ;                   ;         ;
;      - lpm_add_sub0:inst|lpm_add_sub:lpm_add_sub_component|add_sub_76i:auto_generated|_~3                   ; 0                 ; 6       ;
;      - lpm_mux1:inst31|lpm_mux:lpm_mux_component|mux_prc:auto_generated|_~19                                ; 0                 ; 6       ;
;      - lpm_mux1:inst31|lpm_mux:lpm_mux_component|mux_prc:auto_generated|_~22                                ; 0                 ; 6       ;
;      - lpm_mux1:inst31|lpm_mux:lpm_mux_component|mux_prc:auto_generated|_~24                                ; 0                 ; 6       ;
; b[27]                                                                                                       ;                   ;         ;
;      - lpm_add_sub0:inst|lpm_add_sub:lpm_add_sub_component|add_sub_76i:auto_generated|_~4                   ; 0                 ; 6       ;
;      - lpm_mux1:inst31|lpm_mux:lpm_mux_component|mux_prc:auto_generated|_~26                                ; 0                 ; 6       ;
;      - lpm_mux1:inst31|lpm_mux:lpm_mux_component|mux_prc:auto_generated|_~28                                ; 0                 ; 6       ;
;      - lpm_mux1:inst31|lpm_mux:lpm_mux_component|mux_prc:auto_generated|_~30                                ; 0                 ; 6       ;
; b[26]                                                                                                       ;                   ;         ;
;      - lpm_add_sub0:inst|lpm_add_sub:lpm_add_sub_component|add_sub_76i:auto_generated|_~5                   ; 1                 ; 6       ;
;      - lpm_mux1:inst31|lpm_mux:lpm_mux_component|mux_prc:auto_generated|_~32                                ; 1                 ; 6       ;
;      - lpm_mux1:inst31|lpm_mux:lpm_mux_component|mux_prc:auto_generated|_~34                                ; 1                 ; 6       ;
;      - lpm_mux1:inst31|lpm_mux:lpm_mux_component|mux_prc:auto_generated|_~36                                ; 1                 ; 6       ;
; b[25]                                                                                                       ;                   ;         ;
;      - lpm_add_sub0:inst|lpm_add_sub:lpm_add_sub_component|add_sub_76i:auto_generated|_~6                   ; 1                 ; 6       ;
;      - lpm_mux1:inst31|lpm_mux:lpm_mux_component|mux_prc:auto_generated|result_node[25]~19                  ; 1                 ; 6       ;
; b[24]                                                                                                       ;                   ;         ;
;      - lpm_add_sub0:inst|lpm_add_sub:lpm_add_sub_component|add_sub_76i:auto_generated|_~7                   ; 0                 ; 6       ;
;      - lpm_mux1:inst31|lpm_mux:lpm_mux_component|mux_prc:auto_generated|_~39                                ; 0                 ; 6       ;
;      - lpm_mux1:inst31|lpm_mux:lpm_mux_component|mux_prc:auto_generated|_~41                                ; 0                 ; 6       ;
;      - lpm_mux1:inst31|lpm_mux:lpm_mux_component|mux_prc:auto_generated|_~43                                ; 0                 ; 6       ;
; b[23]                                                                                                       ;                   ;         ;
;      - lpm_add_sub0:inst|lpm_add_sub:lpm_add_sub_component|add_sub_76i:auto_generated|_~8                   ; 1                 ; 6       ;
;      - lpm_mux1:inst31|lpm_mux:lpm_mux_component|mux_prc:auto_generated|result_node[23]~28                  ; 1                 ; 6       ;
;      - lpm_mux1:inst31|lpm_mux:lpm_mux_component|mux_prc:auto_generated|result_node[23]~29                  ; 1                 ; 6       ;
; b[22]                                                                                                       ;                   ;         ;
;      - lpm_add_sub0:inst|lpm_add_sub:lpm_add_sub_component|add_sub_76i:auto_generated|_~9                   ; 1                 ; 6       ;
;      - lpm_mux1:inst31|lpm_mux:lpm_mux_component|mux_prc:auto_generated|_~49                                ; 1                 ; 6       ;
;      - lpm_mux1:inst31|lpm_mux:lpm_mux_component|mux_prc:auto_generated|result_node[22]~126                 ; 1                 ; 6       ;
; b[21]                                                                                                       ;                   ;         ;
;      - lpm_add_sub0:inst|lpm_add_sub:lpm_add_sub_component|add_sub_76i:auto_generated|_~10                  ; 0                 ; 6       ;
;      - lpm_mux1:inst31|lpm_mux:lpm_mux_component|mux_prc:auto_generated|_~55                                ; 0                 ; 6       ;
;      - lpm_mux1:inst31|lpm_mux:lpm_mux_component|mux_prc:auto_generated|result_node[21]~124                 ; 0                 ; 6       ;
; b[20]                                                                                                       ;                   ;         ;
;      - lpm_add_sub0:inst|lpm_add_sub:lpm_add_sub_component|add_sub_76i:auto_generated|_~11                  ; 1                 ; 6       ;
;      - lpm_mux1:inst31|lpm_mux:lpm_mux_component|mux_prc:auto_generated|_~61                                ; 1                 ; 6       ;
;      - lpm_mux1:inst31|lpm_mux:lpm_mux_component|mux_prc:auto_generated|result_node[20]~122                 ; 1                 ; 6       ;
; b[19]                                                                                                       ;                   ;         ;
;      - lpm_add_sub0:inst|lpm_add_sub:lpm_add_sub_component|add_sub_76i:auto_generated|_~12                  ; 1                 ; 6       ;
;      - lpm_mux1:inst31|lpm_mux:lpm_mux_component|mux_prc:auto_generated|result_node[19]~34                  ; 1                 ; 6       ;
; b[18]                                                                                                       ;                   ;         ;
;      - lpm_add_sub0:inst|lpm_add_sub:lpm_add_sub_component|add_sub_76i:auto_generated|_~13                  ; 1                 ; 6       ;
;      - lpm_mux1:inst31|lpm_mux:lpm_mux_component|mux_prc:auto_generated|_~68                                ; 1                 ; 6       ;
;      - lpm_mux1:inst31|lpm_mux:lpm_mux_component|mux_prc:auto_generated|_~71                                ; 1                 ; 6       ;
;      - lpm_mux1:inst31|lpm_mux:lpm_mux_component|mux_prc:auto_generated|_~73                                ; 1                 ; 6       ;
; b[17]                                                                                                       ;                   ;         ;
;      - lpm_add_sub0:inst|lpm_add_sub:lpm_add_sub_component|add_sub_76i:auto_generated|_~14                  ; 0                 ; 6       ;
;      - lpm_mux1:inst31|lpm_mux:lpm_mux_component|mux_prc:auto_generated|result_node[17]~41                  ; 0                 ; 6       ;
; b[16]                                                                                                       ;                   ;         ;
;      - lpm_add_sub0:inst|lpm_add_sub:lpm_add_sub_component|add_sub_76i:auto_generated|_~15                  ; 1                 ; 6       ;
;      - lpm_mux1:inst31|lpm_mux:lpm_mux_component|mux_prc:auto_generated|_~79                                ; 1                 ; 6       ;
;      - lpm_mux1:inst31|lpm_mux:lpm_mux_component|mux_prc:auto_generated|_~81                                ; 1                 ; 6       ;
;      - lpm_mux1:inst31|lpm_mux:lpm_mux_component|mux_prc:auto_generated|_~83                                ; 1                 ; 6       ;
; b[15]                                                                                                       ;                   ;         ;
;      - lpm_add_sub0:inst|lpm_add_sub:lpm_add_sub_component|add_sub_76i:auto_generated|_~16                  ; 1                 ; 6       ;
;      - lpm_mux1:inst31|lpm_mux:lpm_mux_component|mux_prc:auto_generated|result_node[15]~49                  ; 1                 ; 6       ;
;      - lpm_mux1:inst31|lpm_mux:lpm_mux_component|mux_prc:auto_generated|result_node[15]~120                 ; 1                 ; 6       ;
; b[14]                                                                                                       ;                   ;         ;
;      - lpm_add_sub0:inst|lpm_add_sub:lpm_add_sub_component|add_sub_76i:auto_generated|_~17                  ; 0                 ; 6       ;
;      - lpm_mux1:inst31|lpm_mux:lpm_mux_component|mux_prc:auto_generated|result_node[14]~52                  ; 0                 ; 6       ;
;      - lpm_mux1:inst31|lpm_mux:lpm_mux_component|mux_prc:auto_generated|result_node[14]~55                  ; 0                 ; 6       ;
; b[13]                                                                                                       ;                   ;         ;
;      - lpm_add_sub0:inst|lpm_add_sub:lpm_add_sub_component|add_sub_76i:auto_generated|_~18                  ; 0                 ; 6       ;
;      - lpm_mux1:inst31|lpm_mux:lpm_mux_component|mux_prc:auto_generated|result_node[13]~58                  ; 0                 ; 6       ;
;      - lpm_mux1:inst31|lpm_mux:lpm_mux_component|mux_prc:auto_generated|result_node[13]~118                 ; 0                 ; 6       ;
; b[12]                                                                                                       ;                   ;         ;
;      - lpm_add_sub0:inst|lpm_add_sub:lpm_add_sub_component|add_sub_76i:auto_generated|_~19                  ; 1                 ; 6       ;
;      - lpm_mux1:inst31|lpm_mux:lpm_mux_component|mux_prc:auto_generated|result_node[12]~61                  ; 1                 ; 6       ;
;      - lpm_mux1:inst31|lpm_mux:lpm_mux_component|mux_prc:auto_generated|result_node[12]~64                  ; 1                 ; 6       ;
; b[11]                                                                                                       ;                   ;         ;
;      - lpm_add_sub0:inst|lpm_add_sub:lpm_add_sub_component|add_sub_76i:auto_generated|_~20                  ; 0                 ; 6       ;
;      - lpm_mux1:inst31|lpm_mux:lpm_mux_component|mux_prc:auto_generated|_~93                                ; 0                 ; 6       ;
;      - lpm_mux1:inst31|lpm_mux:lpm_mux_component|mux_prc:auto_generated|result_node[11]~67                  ; 0                 ; 6       ;
;      - lpm_mux1:inst31|lpm_mux:lpm_mux_component|mux_prc:auto_generated|_~97                                ; 0                 ; 6       ;
; b[10]                                                                                                       ;                   ;         ;
;      - lpm_add_sub0:inst|lpm_add_sub:lpm_add_sub_component|add_sub_76i:auto_generated|_~21                  ; 1                 ; 6       ;
;      - lpm_mux1:inst31|lpm_mux:lpm_mux_component|mux_prc:auto_generated|result_node[10]~72                  ; 1                 ; 6       ;
;      - lpm_mux1:inst31|lpm_mux:lpm_mux_component|mux_prc:auto_generated|result_node[10]~73                  ; 1                 ; 6       ;
; b[9]                                                                                                        ;                   ;         ;
;      - lpm_add_sub0:inst|lpm_add_sub:lpm_add_sub_component|add_sub_76i:auto_generated|_~22                  ; 1                 ; 6       ;
;      - lpm_mux1:inst31|lpm_mux:lpm_mux_component|mux_prc:auto_generated|_~98                                ; 1                 ; 6       ;
;      - lpm_mux1:inst31|lpm_mux:lpm_mux_component|mux_prc:auto_generated|result_node[9]~77                   ; 1                 ; 6       ;
;      - lpm_mux1:inst31|lpm_mux:lpm_mux_component|mux_prc:auto_generated|_~99                                ; 1                 ; 6       ;
; b[8]                                                                                                        ;                   ;         ;
;      - lpm_add_sub0:inst|lpm_add_sub:lpm_add_sub_component|add_sub_76i:auto_generated|_~23                  ; 0                 ; 6       ;
;      - lpm_mux1:inst31|lpm_mux:lpm_mux_component|mux_prc:auto_generated|result_node[8]~82                   ; 0                 ; 6       ;
;      - lpm_mux1:inst31|lpm_mux:lpm_mux_component|mux_prc:auto_generated|result_node[8]~83                   ; 0                 ; 6       ;
; b[7]                                                                                                        ;                   ;         ;
;      - lpm_add_sub0:inst|lpm_add_sub:lpm_add_sub_component|add_sub_76i:auto_generated|_~24                  ; 0                 ; 6       ;
;      - lpm_mux1:inst31|lpm_mux:lpm_mux_component|mux_prc:auto_generated|_~100                               ; 0                 ; 6       ;
;      - lpm_mux1:inst31|lpm_mux:lpm_mux_component|mux_prc:auto_generated|result_node[7]~87                   ; 0                 ; 6       ;
;      - lpm_mux1:inst31|lpm_mux:lpm_mux_component|mux_prc:auto_generated|_~101                               ; 0                 ; 6       ;
; b[6]                                                                                                        ;                   ;         ;
;      - lpm_add_sub0:inst|lpm_add_sub:lpm_add_sub_component|add_sub_76i:auto_generated|_~25                  ; 0                 ; 6       ;
;      - lpm_mux1:inst31|lpm_mux:lpm_mux_component|mux_prc:auto_generated|result_node[6]~92                   ; 0                 ; 6       ;
;      - lpm_mux1:inst31|lpm_mux:lpm_mux_component|mux_prc:auto_generated|result_node[6]~93                   ; 0                 ; 6       ;
; b[5]                                                                                                        ;                   ;         ;
;      - lpm_add_sub0:inst|lpm_add_sub:lpm_add_sub_component|add_sub_76i:auto_generated|_~26                  ; 0                 ; 6       ;
;      - lpm_mux1:inst31|lpm_mux:lpm_mux_component|mux_prc:auto_generated|_~102                               ; 0                 ; 6       ;
;      - lpm_mux1:inst31|lpm_mux:lpm_mux_component|mux_prc:auto_generated|result_node[5]~97                   ; 0                 ; 6       ;
;      - lpm_mux1:inst31|lpm_mux:lpm_mux_component|mux_prc:auto_generated|_~103                               ; 0                 ; 6       ;
+-------------------------------------------------------------------------------------------------------------+-------------------+---------+


+---------------------------------------------------------------------------------------------------------------+
; Non-Global High Fan-Out Signals                                                                               ;
+-----------------------------------------------------------------------------------------------------+---------+
; Name                                                                                                ; Fan-Out ;
+-----------------------------------------------------------------------------------------------------+---------+
; inst15~0                                                                                            ; 127     ;
; b[4]~input                                                                                          ; 75      ;
; b[0]~input                                                                                          ; 69      ;
; inst10~0                                                                                            ; 69      ;
; b[1]~input                                                                                          ; 66      ;
; b[2]~input                                                                                          ; 60      ;
; b[3]~input                                                                                          ; 59      ;
; inst18                                                                                              ; 58      ;
; op[2]~input                                                                                         ; 39      ;
; op[0]~input                                                                                         ; 39      ;
; op[1]~input                                                                                         ; 37      ;
; a[31]~input                                                                                         ; 36      ;
; lpm_clshift0:inst19|lpm_clshift:lpm_clshift_component|lpm_clshift_euc:auto_generated|sbit_w[162]~3  ; 15      ;
; lpm_clshift1:inst20|lpm_clshift:lpm_clshift_component|lpm_clshift_ukb:auto_generated|sbit_w[184]~77 ; 14      ;
; lpm_clshift1:inst20|lpm_clshift:lpm_clshift_component|lpm_clshift_ukb:auto_generated|sbit_w[184]~79 ; 13      ;
; a[0]~input                                                                                          ; 12      ;
; a[30]~input                                                                                         ; 12      ;
; a[11]~input                                                                                         ; 8       ;
; a[9]~input                                                                                          ; 8       ;
; a[7]~input                                                                                          ; 8       ;
; a[5]~input                                                                                          ; 8       ;
; a[4]~input                                                                                          ; 8       ;
; a[1]~input                                                                                          ; 8       ;
; a[27]~input                                                                                         ; 8       ;
; a[26]~input                                                                                         ; 8       ;
; a[24]~input                                                                                         ; 8       ;
; a[29]~input                                                                                         ; 8       ;
; a[28]~input                                                                                         ; 8       ;
; a[18]~input                                                                                         ; 8       ;
; a[16]~input                                                                                         ; 8       ;
; a[15]~input                                                                                         ; 7       ;
; a[14]~input                                                                                         ; 7       ;
; a[13]~input                                                                                         ; 7       ;
; a[12]~input                                                                                         ; 7       ;
; a[10]~input                                                                                         ; 7       ;
; a[8]~input                                                                                          ; 7       ;
; a[6]~input                                                                                          ; 7       ;
; a[3]~input                                                                                          ; 7       ;
; a[2]~input                                                                                          ; 7       ;
; a[23]~input                                                                                         ; 7       ;
; a[22]~input                                                                                         ; 7       ;
; a[21]~input                                                                                         ; 7       ;
; a[20]~input                                                                                         ; 7       ;
; lpm_clshift0:inst19|lpm_clshift:lpm_clshift_component|lpm_clshift_euc:auto_generated|sbit_w[162]~2  ; 7       ;
; lpm_clshift1:inst20|lpm_clshift:lpm_clshift_component|lpm_clshift_ukb:auto_generated|sbit_w[190]~8  ; 7       ;
; lpm_clshift1:inst20|lpm_clshift:lpm_clshift_component|lpm_clshift_ukb:auto_generated|sbit_w[190]~6  ; 7       ;
; a[25]~input                                                                                         ; 6       ;
; a[19]~input                                                                                         ; 6       ;
; a[17]~input                                                                                         ; 6       ;
; lpm_clshift1:inst20|lpm_clshift:lpm_clshift_component|lpm_clshift_ukb:auto_generated|sbit_w[65]~53  ; 5       ;
+-----------------------------------------------------------------------------------------------------+---------+


+------------------------------------------------------+
; Interconnect Usage Summary                           ;
+----------------------------+-------------------------+
; Interconnect Resource Type ; Usage                   ;
+----------------------------+-------------------------+
; Block interconnects        ; 768 / 342,891 ( < 1 % ) ;
; C16 interconnects          ; 159 / 10,120 ( 2 % )    ;
; C4 interconnects           ; 589 / 209,544 ( < 1 % ) ;
; Direct links               ; 38 / 342,891 ( < 1 % )  ;
; Global clocks              ; 0 / 20 ( 0 % )          ;
; Local interconnects        ; 270 / 119,088 ( < 1 % ) ;
; R24 interconnects          ; 88 / 9,963 ( < 1 % )    ;
; R4 interconnects           ; 492 / 289,782 ( < 1 % ) ;
+----------------------------+-------------------------+


+----------------------------------------------------------------------------+
; LAB Logic Elements                                                         ;
+---------------------------------------------+------------------------------+
; Number of Logic Elements  (Average = 14.65) ; Number of LABs  (Total = 37) ;
+---------------------------------------------+------------------------------+
; 1                                           ; 3                            ;
; 2                                           ; 0                            ;
; 3                                           ; 0                            ;
; 4                                           ; 0                            ;
; 5                                           ; 0                            ;
; 6                                           ; 0                            ;
; 7                                           ; 0                            ;
; 8                                           ; 0                            ;
; 9                                           ; 0                            ;
; 10                                          ; 0                            ;
; 11                                          ; 1                            ;
; 12                                          ; 0                            ;
; 13                                          ; 0                            ;
; 14                                          ; 0                            ;
; 15                                          ; 0                            ;
; 16                                          ; 33                           ;
+---------------------------------------------+------------------------------+


+-----------------------------------------------------------------------------+
; LAB Signals Sourced                                                         ;
+----------------------------------------------+------------------------------+
; Number of Signals Sourced  (Average = 14.62) ; Number of LABs  (Total = 37) ;
+----------------------------------------------+------------------------------+
; 0                                            ; 0                            ;
; 1                                            ; 3                            ;
; 2                                            ; 0                            ;
; 3                                            ; 0                            ;
; 4                                            ; 0                            ;
; 5                                            ; 0                            ;
; 6                                            ; 0                            ;
; 7                                            ; 0                            ;
; 8                                            ; 0                            ;
; 9                                            ; 0                            ;
; 10                                           ; 0                            ;
; 11                                           ; 1                            ;
; 12                                           ; 0                            ;
; 13                                           ; 0                            ;
; 14                                           ; 0                            ;
; 15                                           ; 1                            ;
; 16                                           ; 32                           ;
+----------------------------------------------+------------------------------+


+--------------------------------------------------------------------------------+
; LAB Signals Sourced Out                                                        ;
+-------------------------------------------------+------------------------------+
; Number of Signals Sourced Out  (Average = 8.27) ; Number of LABs  (Total = 37) ;
+-------------------------------------------------+------------------------------+
; 0                                               ; 0                            ;
; 1                                               ; 3                            ;
; 2                                               ; 0                            ;
; 3                                               ; 2                            ;
; 4                                               ; 2                            ;
; 5                                               ; 2                            ;
; 6                                               ; 6                            ;
; 7                                               ; 2                            ;
; 8                                               ; 3                            ;
; 9                                               ; 2                            ;
; 10                                              ; 3                            ;
; 11                                              ; 4                            ;
; 12                                              ; 1                            ;
; 13                                              ; 2                            ;
; 14                                              ; 2                            ;
; 15                                              ; 1                            ;
; 16                                              ; 2                            ;
+-------------------------------------------------+------------------------------+


+-----------------------------------------------------------------------------+
; LAB Distinct Inputs                                                         ;
+----------------------------------------------+------------------------------+
; Number of Distinct Inputs  (Average = 18.89) ; Number of LABs  (Total = 37) ;
+----------------------------------------------+------------------------------+
; 0                                            ; 0                            ;
; 1                                            ; 0                            ;
; 2                                            ; 0                            ;
; 3                                            ; 2                            ;
; 4                                            ; 1                            ;
; 5                                            ; 0                            ;
; 6                                            ; 0                            ;
; 7                                            ; 0                            ;
; 8                                            ; 0                            ;
; 9                                            ; 0                            ;
; 10                                           ; 2                            ;
; 11                                           ; 1                            ;
; 12                                           ; 0                            ;
; 13                                           ; 0                            ;
; 14                                           ; 0                            ;
; 15                                           ; 1                            ;
; 16                                           ; 3                            ;
; 17                                           ; 4                            ;
; 18                                           ; 3                            ;
; 19                                           ; 1                            ;
; 20                                           ; 1                            ;
; 21                                           ; 5                            ;
; 22                                           ; 1                            ;
; 23                                           ; 5                            ;
; 24                                           ; 1                            ;
; 25                                           ; 1                            ;
; 26                                           ; 1                            ;
; 27                                           ; 0                            ;
; 28                                           ; 3                            ;
; 29                                           ; 0                            ;
; 30                                           ; 0                            ;
; 31                                           ; 0                            ;
; 32                                           ; 0                            ;
; 33                                           ; 1                            ;
+----------------------------------------------+------------------------------+


+------------------------------------------+
; I/O Rules Summary                        ;
+----------------------------------+-------+
; I/O Rules Statistic              ; Total ;
+----------------------------------+-------+
; Total I/O Rules                  ; 30    ;
; Number of I/O Rules Passed       ; 9     ;
; Number of I/O Rules Failed       ; 0     ;
; Number of I/O Rules Unchecked    ; 0     ;
; Number of I/O Rules Inapplicable ; 21    ;
+----------------------------------+-------+


+-----------------------------------------------------------------------------------------------------------------------------------------------------------------------------------------------------------------------------------------------------------------------------------------------------+
; I/O Rules Details                                                                                                                                                                                                                                                                                   ;
+--------------+-----------+-----------------------------------+------------------------------------------------------------------------------------------------------+----------+--------------------------------------------------------------------------+---------------------+-------------------+
; Status       ; ID        ; Category                          ; Rule Description                                                                                     ; Severity ; Information                                                              ; Area                ; Extra Information ;
+--------------+-----------+-----------------------------------+------------------------------------------------------------------------------------------------------+----------+--------------------------------------------------------------------------+---------------------+-------------------+
; Inapplicable ; IO_000001 ; Capacity Checks                   ; Number of pins in an I/O bank should not exceed the number of locations available.                   ; Critical ; No Location assignments found.                                           ; I/O                 ;                   ;
; Inapplicable ; IO_000002 ; Capacity Checks                   ; Number of clocks in an I/O bank should not exceed the number of clocks available.                    ; Critical ; No Global Signal assignments found.                                      ; I/O                 ;                   ;
; Inapplicable ; IO_000003 ; Capacity Checks                   ; Number of pins in a Vrefgroup should not exceed the number of locations available.                   ; Critical ; No Location assignments found.                                           ; I/O                 ;                   ;
; Inapplicable ; IO_000004 ; Voltage Compatibility Checks      ; The I/O bank should support the requested VCCIO.                                                     ; Critical ; No IOBANK_VCCIO assignments found.                                       ; I/O                 ;                   ;
; Inapplicable ; IO_000005 ; Voltage Compatibility Checks      ; The I/O bank should not have competing VREF values.                                                  ; Critical ; No VREF I/O Standard assignments found.                                  ; I/O                 ;                   ;
; Pass         ; IO_000006 ; Voltage Compatibility Checks      ; The I/O bank should not have competing VCCIO values.                                                 ; Critical ; 0 such failures found.                                                   ; I/O                 ;                   ;
; Inapplicable ; IO_000007 ; Valid Location Checks             ; Checks for unavailable locations.                                                                    ; Critical ; No Location assignments found.                                           ; I/O                 ;                   ;
; Inapplicable ; IO_000008 ; Valid Location Checks             ; Checks for reserved locations.                                                                       ; Critical ; No reserved LogicLock region found.                                      ; I/O                 ;                   ;
; Pass         ; IO_000009 ; I/O Properties Checks for One I/O ; The location should support the requested I/O standard.                                              ; Critical ; 0 such failures found.                                                   ; I/O                 ;                   ;
; Pass         ; IO_000010 ; I/O Properties Checks for One I/O ; The location should support the requested I/O direction.                                             ; Critical ; 0 such failures found.                                                   ; I/O                 ;                   ;
; Inapplicable ; IO_000011 ; I/O Properties Checks for One I/O ; The location should support the requested Current Strength.                                          ; Critical ; No Current Strength assignments found.                                   ; I/O                 ;                   ;
; Pass         ; IO_000012 ; I/O Properties Checks for One I/O ; The location should support the requested On Chip Termination value.                                 ; Critical ; 0 such failures found.                                                   ; I/O                 ;                   ;
; Inapplicable ; IO_000013 ; I/O Properties Checks for One I/O ; The location should support the requested Bus Hold value.                                            ; Critical ; No Enable Bus-Hold Circuitry assignments found.                          ; I/O                 ;                   ;
; Inapplicable ; IO_000014 ; I/O Properties Checks for One I/O ; The location should support the requested Weak Pull Up value.                                        ; Critical ; No Weak Pull-Up Resistor assignments found.                              ; I/O                 ;                   ;
; Pass         ; IO_000015 ; I/O Properties Checks for One I/O ; The location should support the requested PCI Clamp Diode.                                           ; Critical ; 0 such failures found.                                                   ; I/O                 ;                   ;
; Inapplicable ; IO_000018 ; I/O Properties Checks for One I/O ; The I/O standard should support the requested Current Strength.                                      ; Critical ; No Current Strength assignments found.                                   ; I/O                 ;                   ;
; Pass         ; IO_000019 ; I/O Properties Checks for One I/O ; The I/O standard should support the requested On Chip Termination value.                             ; Critical ; 0 such failures found.                                                   ; I/O                 ;                   ;
; Pass         ; IO_000020 ; I/O Properties Checks for One I/O ; The I/O standard should support the requested PCI Clamp Diode.                                       ; Critical ; 0 such failures found.                                                   ; I/O                 ;                   ;
; Inapplicable ; IO_000021 ; I/O Properties Checks for One I/O ; The I/O standard should support the requested Weak Pull Up value.                                    ; Critical ; No Weak Pull-Up Resistor assignments found.                              ; I/O                 ;                   ;
; Inapplicable ; IO_000022 ; I/O Properties Checks for One I/O ; The I/O standard should support the requested Bus Hold value.                                        ; Critical ; No Enable Bus-Hold Circuitry assignments found.                          ; I/O                 ;                   ;
; Inapplicable ; IO_000023 ; I/O Properties Checks for One I/O ; The I/O standard should support the Open Drain value.                                                ; Critical ; No open drain assignments found.                                         ; I/O                 ;                   ;
; Pass         ; IO_000024 ; I/O Properties Checks for One I/O ; The I/O direction should support the On Chip Termination value.                                      ; Critical ; 0 such failures found.                                                   ; I/O                 ;                   ;
; Inapplicable ; IO_000026 ; I/O Properties Checks for One I/O ; On Chip Termination and Current Strength should not be used at the same time.                        ; Critical ; No Current Strength assignments found.                                   ; I/O                 ;                   ;
; Inapplicable ; IO_000027 ; I/O Properties Checks for One I/O ; Weak Pull Up and Bus Hold should not be used at the same time.                                       ; Critical ; No Enable Bus-Hold Circuitry or Weak Pull-Up Resistor assignments found. ; I/O                 ;                   ;
; Inapplicable ; IO_000045 ; I/O Properties Checks for One I/O ; The I/O standard should support the requested Slew Rate value.                                       ; Critical ; No Slew Rate assignments found.                                          ; I/O                 ;                   ;
; Inapplicable ; IO_000046 ; I/O Properties Checks for One I/O ; The location should support the requested Slew Rate value.                                           ; Critical ; No Slew Rate assignments found.                                          ; I/O                 ;                   ;
; Inapplicable ; IO_000047 ; I/O Properties Checks for One I/O ; On Chip Termination and Slew Rate should not be used at the same time.                               ; Critical ; No Slew Rate assignments found.                                          ; I/O                 ;                   ;
; Pass         ; IO_000033 ; Electromigration Checks           ; Current density for consecutive I/Os should not exceed 240mA for row I/Os and 240mA for column I/Os. ; Critical ; 0 such failures found.                                                   ; I/O                 ;                   ;
; Inapplicable ; IO_000034 ; SI Related Distance Checks        ; Single-ended outputs should be 5 LAB row(s) away from a differential I/O.                            ; High     ; No Differential I/O Standard assignments found.                          ; I/O                 ;                   ;
; Inapplicable ; IO_000042 ; SI Related SSO Limit Checks       ; No more than 20 outputs are allowed in a VREF group when VREF is being read from.                    ; High     ; No VREF I/O Standard assignments found.                                  ; I/O                 ;                   ;
; ----         ; ----      ; Disclaimer                        ; OCT rules are checked but not reported.                                                              ; None     ; ----                                                                     ; On Chip Termination ;                   ;
+--------------+-----------+-----------------------------------+------------------------------------------------------------------------------------------------------+----------+--------------------------------------------------------------------------+---------------------+-------------------+


+--------------------------------------------------------------------------------------------------------------------------------------------------------------------------------------------------------------------------------------------------------------------------------------------------------------------------------------------------------------------------------------------------------------------------------------------------------------------------+
; I/O Rules Matrix                                                                                                                                                                                                                                                                                                                                                                                                                                                         ;
+--------------------+--------------+--------------+--------------+--------------+--------------+-----------+--------------+--------------+-----------+-----------+--------------+--------------+--------------+--------------+--------------+--------------+--------------+--------------+--------------+--------------+--------------+--------------+--------------+--------------+--------------+--------------+--------------+-----------+--------------+--------------+
; Pin/Rules          ; IO_000001    ; IO_000002    ; IO_000003    ; IO_000004    ; IO_000005    ; IO_000006 ; IO_000007    ; IO_000008    ; IO_000009 ; IO_000010 ; IO_000011    ; IO_000012    ; IO_000013    ; IO_000014    ; IO_000015    ; IO_000018    ; IO_000019    ; IO_000020    ; IO_000021    ; IO_000022    ; IO_000023    ; IO_000024    ; IO_000026    ; IO_000027    ; IO_000045    ; IO_000046    ; IO_000047    ; IO_000033 ; IO_000034    ; IO_000042    ;
+--------------------+--------------+--------------+--------------+--------------+--------------+-----------+--------------+--------------+-----------+-----------+--------------+--------------+--------------+--------------+--------------+--------------+--------------+--------------+--------------+--------------+--------------+--------------+--------------+--------------+--------------+--------------+--------------+-----------+--------------+--------------+
; Total Pass         ; 0            ; 0            ; 0            ; 0            ; 0            ; 100       ; 0            ; 0            ; 100       ; 100       ; 0            ; 32           ; 0            ; 0            ; 68           ; 0            ; 32           ; 68           ; 0            ; 0            ; 0            ; 32           ; 0            ; 0            ; 0            ; 0            ; 0            ; 100       ; 0            ; 0            ;
; Total Unchecked    ; 0            ; 0            ; 0            ; 0            ; 0            ; 0         ; 0            ; 0            ; 0         ; 0         ; 0            ; 0            ; 0            ; 0            ; 0            ; 0            ; 0            ; 0            ; 0            ; 0            ; 0            ; 0            ; 0            ; 0            ; 0            ; 0            ; 0            ; 0         ; 0            ; 0            ;
; Total Inapplicable ; 100          ; 100          ; 100          ; 100          ; 100          ; 0         ; 100          ; 100          ; 0         ; 0         ; 100          ; 68           ; 100          ; 100          ; 32           ; 100          ; 68           ; 32           ; 100          ; 100          ; 100          ; 68           ; 100          ; 100          ; 100          ; 100          ; 100          ; 0         ; 100          ; 100          ;
; Total Fail         ; 0            ; 0            ; 0            ; 0            ; 0            ; 0         ; 0            ; 0            ; 0         ; 0         ; 0            ; 0            ; 0            ; 0            ; 0            ; 0            ; 0            ; 0            ; 0            ; 0            ; 0            ; 0            ; 0            ; 0            ; 0            ; 0            ; 0            ; 0         ; 0            ; 0            ;
; output[31]         ; Inapplicable ; Inapplicable ; Inapplicable ; Inapplicable ; Inapplicable ; Pass      ; Inapplicable ; Inapplicable ; Pass      ; Pass      ; Inapplicable ; Pass         ; Inapplicable ; Inapplicable ; Inapplicable ; Inapplicable ; Pass         ; Inapplicable ; Inapplicable ; Inapplicable ; Inapplicable ; Pass         ; Inapplicable ; Inapplicable ; Inapplicable ; Inapplicable ; Inapplicable ; Pass      ; Inapplicable ; Inapplicable ;
; output[30]         ; Inapplicable ; Inapplicable ; Inapplicable ; Inapplicable ; Inapplicable ; Pass      ; Inapplicable ; Inapplicable ; Pass      ; Pass      ; Inapplicable ; Pass         ; Inapplicable ; Inapplicable ; Inapplicable ; Inapplicable ; Pass         ; Inapplicable ; Inapplicable ; Inapplicable ; Inapplicable ; Pass         ; Inapplicable ; Inapplicable ; Inapplicable ; Inapplicable ; Inapplicable ; Pass      ; Inapplicable ; Inapplicable ;
; output[29]         ; Inapplicable ; Inapplicable ; Inapplicable ; Inapplicable ; Inapplicable ; Pass      ; Inapplicable ; Inapplicable ; Pass      ; Pass      ; Inapplicable ; Pass         ; Inapplicable ; Inapplicable ; Inapplicable ; Inapplicable ; Pass         ; Inapplicable ; Inapplicable ; Inapplicable ; Inapplicable ; Pass         ; Inapplicable ; Inapplicable ; Inapplicable ; Inapplicable ; Inapplicable ; Pass      ; Inapplicable ; Inapplicable ;
; output[28]         ; Inapplicable ; Inapplicable ; Inapplicable ; Inapplicable ; Inapplicable ; Pass      ; Inapplicable ; Inapplicable ; Pass      ; Pass      ; Inapplicable ; Pass         ; Inapplicable ; Inapplicable ; Inapplicable ; Inapplicable ; Pass         ; Inapplicable ; Inapplicable ; Inapplicable ; Inapplicable ; Pass         ; Inapplicable ; Inapplicable ; Inapplicable ; Inapplicable ; Inapplicable ; Pass      ; Inapplicable ; Inapplicable ;
; output[27]         ; Inapplicable ; Inapplicable ; Inapplicable ; Inapplicable ; Inapplicable ; Pass      ; Inapplicable ; Inapplicable ; Pass      ; Pass      ; Inapplicable ; Pass         ; Inapplicable ; Inapplicable ; Inapplicable ; Inapplicable ; Pass         ; Inapplicable ; Inapplicable ; Inapplicable ; Inapplicable ; Pass         ; Inapplicable ; Inapplicable ; Inapplicable ; Inapplicable ; Inapplicable ; Pass      ; Inapplicable ; Inapplicable ;
; output[26]         ; Inapplicable ; Inapplicable ; Inapplicable ; Inapplicable ; Inapplicable ; Pass      ; Inapplicable ; Inapplicable ; Pass      ; Pass      ; Inapplicable ; Pass         ; Inapplicable ; Inapplicable ; Inapplicable ; Inapplicable ; Pass         ; Inapplicable ; Inapplicable ; Inapplicable ; Inapplicable ; Pass         ; Inapplicable ; Inapplicable ; Inapplicable ; Inapplicable ; Inapplicable ; Pass      ; Inapplicable ; Inapplicable ;
; output[25]         ; Inapplicable ; Inapplicable ; Inapplicable ; Inapplicable ; Inapplicable ; Pass      ; Inapplicable ; Inapplicable ; Pass      ; Pass      ; Inapplicable ; Pass         ; Inapplicable ; Inapplicable ; Inapplicable ; Inapplicable ; Pass         ; Inapplicable ; Inapplicable ; Inapplicable ; Inapplicable ; Pass         ; Inapplicable ; Inapplicable ; Inapplicable ; Inapplicable ; Inapplicable ; Pass      ; Inapplicable ; Inapplicable ;
; output[24]         ; Inapplicable ; Inapplicable ; Inapplicable ; Inapplicable ; Inapplicable ; Pass      ; Inapplicable ; Inapplicable ; Pass      ; Pass      ; Inapplicable ; Pass         ; Inapplicable ; Inapplicable ; Inapplicable ; Inapplicable ; Pass         ; Inapplicable ; Inapplicable ; Inapplicable ; Inapplicable ; Pass         ; Inapplicable ; Inapplicable ; Inapplicable ; Inapplicable ; Inapplicable ; Pass      ; Inapplicable ; Inapplicable ;
; output[23]         ; Inapplicable ; Inapplicable ; Inapplicable ; Inapplicable ; Inapplicable ; Pass      ; Inapplicable ; Inapplicable ; Pass      ; Pass      ; Inapplicable ; Pass         ; Inapplicable ; Inapplicable ; Inapplicable ; Inapplicable ; Pass         ; Inapplicable ; Inapplicable ; Inapplicable ; Inapplicable ; Pass         ; Inapplicable ; Inapplicable ; Inapplicable ; Inapplicable ; Inapplicable ; Pass      ; Inapplicable ; Inapplicable ;
; output[22]         ; Inapplicable ; Inapplicable ; Inapplicable ; Inapplicable ; Inapplicable ; Pass      ; Inapplicable ; Inapplicable ; Pass      ; Pass      ; Inapplicable ; Pass         ; Inapplicable ; Inapplicable ; Inapplicable ; Inapplicable ; Pass         ; Inapplicable ; Inapplicable ; Inapplicable ; Inapplicable ; Pass         ; Inapplicable ; Inapplicable ; Inapplicable ; Inapplicable ; Inapplicable ; Pass      ; Inapplicable ; Inapplicable ;
; output[21]         ; Inapplicable ; Inapplicable ; Inapplicable ; Inapplicable ; Inapplicable ; Pass      ; Inapplicable ; Inapplicable ; Pass      ; Pass      ; Inapplicable ; Pass         ; Inapplicable ; Inapplicable ; Inapplicable ; Inapplicable ; Pass         ; Inapplicable ; Inapplicable ; Inapplicable ; Inapplicable ; Pass         ; Inapplicable ; Inapplicable ; Inapplicable ; Inapplicable ; Inapplicable ; Pass      ; Inapplicable ; Inapplicable ;
; output[20]         ; Inapplicable ; Inapplicable ; Inapplicable ; Inapplicable ; Inapplicable ; Pass      ; Inapplicable ; Inapplicable ; Pass      ; Pass      ; Inapplicable ; Pass         ; Inapplicable ; Inapplicable ; Inapplicable ; Inapplicable ; Pass         ; Inapplicable ; Inapplicable ; Inapplicable ; Inapplicable ; Pass         ; Inapplicable ; Inapplicable ; Inapplicable ; Inapplicable ; Inapplicable ; Pass      ; Inapplicable ; Inapplicable ;
; output[19]         ; Inapplicable ; Inapplicable ; Inapplicable ; Inapplicable ; Inapplicable ; Pass      ; Inapplicable ; Inapplicable ; Pass      ; Pass      ; Inapplicable ; Pass         ; Inapplicable ; Inapplicable ; Inapplicable ; Inapplicable ; Pass         ; Inapplicable ; Inapplicable ; Inapplicable ; Inapplicable ; Pass         ; Inapplicable ; Inapplicable ; Inapplicable ; Inapplicable ; Inapplicable ; Pass      ; Inapplicable ; Inapplicable ;
; output[18]         ; Inapplicable ; Inapplicable ; Inapplicable ; Inapplicable ; Inapplicable ; Pass      ; Inapplicable ; Inapplicable ; Pass      ; Pass      ; Inapplicable ; Pass         ; Inapplicable ; Inapplicable ; Inapplicable ; Inapplicable ; Pass         ; Inapplicable ; Inapplicable ; Inapplicable ; Inapplicable ; Pass         ; Inapplicable ; Inapplicable ; Inapplicable ; Inapplicable ; Inapplicable ; Pass      ; Inapplicable ; Inapplicable ;
; output[17]         ; Inapplicable ; Inapplicable ; Inapplicable ; Inapplicable ; Inapplicable ; Pass      ; Inapplicable ; Inapplicable ; Pass      ; Pass      ; Inapplicable ; Pass         ; Inapplicable ; Inapplicable ; Inapplicable ; Inapplicable ; Pass         ; Inapplicable ; Inapplicable ; Inapplicable ; Inapplicable ; Pass         ; Inapplicable ; Inapplicable ; Inapplicable ; Inapplicable ; Inapplicable ; Pass      ; Inapplicable ; Inapplicable ;
; output[16]         ; Inapplicable ; Inapplicable ; Inapplicable ; Inapplicable ; Inapplicable ; Pass      ; Inapplicable ; Inapplicable ; Pass      ; Pass      ; Inapplicable ; Pass         ; Inapplicable ; Inapplicable ; Inapplicable ; Inapplicable ; Pass         ; Inapplicable ; Inapplicable ; Inapplicable ; Inapplicable ; Pass         ; Inapplicable ; Inapplicable ; Inapplicable ; Inapplicable ; Inapplicable ; Pass      ; Inapplicable ; Inapplicable ;
; output[15]         ; Inapplicable ; Inapplicable ; Inapplicable ; Inapplicable ; Inapplicable ; Pass      ; Inapplicable ; Inapplicable ; Pass      ; Pass      ; Inapplicable ; Pass         ; Inapplicable ; Inapplicable ; Inapplicable ; Inapplicable ; Pass         ; Inapplicable ; Inapplicable ; Inapplicable ; Inapplicable ; Pass         ; Inapplicable ; Inapplicable ; Inapplicable ; Inapplicable ; Inapplicable ; Pass      ; Inapplicable ; Inapplicable ;
; output[14]         ; Inapplicable ; Inapplicable ; Inapplicable ; Inapplicable ; Inapplicable ; Pass      ; Inapplicable ; Inapplicable ; Pass      ; Pass      ; Inapplicable ; Pass         ; Inapplicable ; Inapplicable ; Inapplicable ; Inapplicable ; Pass         ; Inapplicable ; Inapplicable ; Inapplicable ; Inapplicable ; Pass         ; Inapplicable ; Inapplicable ; Inapplicable ; Inapplicable ; Inapplicable ; Pass      ; Inapplicable ; Inapplicable ;
; output[13]         ; Inapplicable ; Inapplicable ; Inapplicable ; Inapplicable ; Inapplicable ; Pass      ; Inapplicable ; Inapplicable ; Pass      ; Pass      ; Inapplicable ; Pass         ; Inapplicable ; Inapplicable ; Inapplicable ; Inapplicable ; Pass         ; Inapplicable ; Inapplicable ; Inapplicable ; Inapplicable ; Pass         ; Inapplicable ; Inapplicable ; Inapplicable ; Inapplicable ; Inapplicable ; Pass      ; Inapplicable ; Inapplicable ;
; output[12]         ; Inapplicable ; Inapplicable ; Inapplicable ; Inapplicable ; Inapplicable ; Pass      ; Inapplicable ; Inapplicable ; Pass      ; Pass      ; Inapplicable ; Pass         ; Inapplicable ; Inapplicable ; Inapplicable ; Inapplicable ; Pass         ; Inapplicable ; Inapplicable ; Inapplicable ; Inapplicable ; Pass         ; Inapplicable ; Inapplicable ; Inapplicable ; Inapplicable ; Inapplicable ; Pass      ; Inapplicable ; Inapplicable ;
; output[11]         ; Inapplicable ; Inapplicable ; Inapplicable ; Inapplicable ; Inapplicable ; Pass      ; Inapplicable ; Inapplicable ; Pass      ; Pass      ; Inapplicable ; Pass         ; Inapplicable ; Inapplicable ; Inapplicable ; Inapplicable ; Pass         ; Inapplicable ; Inapplicable ; Inapplicable ; Inapplicable ; Pass         ; Inapplicable ; Inapplicable ; Inapplicable ; Inapplicable ; Inapplicable ; Pass      ; Inapplicable ; Inapplicable ;
; output[10]         ; Inapplicable ; Inapplicable ; Inapplicable ; Inapplicable ; Inapplicable ; Pass      ; Inapplicable ; Inapplicable ; Pass      ; Pass      ; Inapplicable ; Pass         ; Inapplicable ; Inapplicable ; Inapplicable ; Inapplicable ; Pass         ; Inapplicable ; Inapplicable ; Inapplicable ; Inapplicable ; Pass         ; Inapplicable ; Inapplicable ; Inapplicable ; Inapplicable ; Inapplicable ; Pass      ; Inapplicable ; Inapplicable ;
; output[9]          ; Inapplicable ; Inapplicable ; Inapplicable ; Inapplicable ; Inapplicable ; Pass      ; Inapplicable ; Inapplicable ; Pass      ; Pass      ; Inapplicable ; Pass         ; Inapplicable ; Inapplicable ; Inapplicable ; Inapplicable ; Pass         ; Inapplicable ; Inapplicable ; Inapplicable ; Inapplicable ; Pass         ; Inapplicable ; Inapplicable ; Inapplicable ; Inapplicable ; Inapplicable ; Pass      ; Inapplicable ; Inapplicable ;
; output[8]          ; Inapplicable ; Inapplicable ; Inapplicable ; Inapplicable ; Inapplicable ; Pass      ; Inapplicable ; Inapplicable ; Pass      ; Pass      ; Inapplicable ; Pass         ; Inapplicable ; Inapplicable ; Inapplicable ; Inapplicable ; Pass         ; Inapplicable ; Inapplicable ; Inapplicable ; Inapplicable ; Pass         ; Inapplicable ; Inapplicable ; Inapplicable ; Inapplicable ; Inapplicable ; Pass      ; Inapplicable ; Inapplicable ;
; output[7]          ; Inapplicable ; Inapplicable ; Inapplicable ; Inapplicable ; Inapplicable ; Pass      ; Inapplicable ; Inapplicable ; Pass      ; Pass      ; Inapplicable ; Pass         ; Inapplicable ; Inapplicable ; Inapplicable ; Inapplicable ; Pass         ; Inapplicable ; Inapplicable ; Inapplicable ; Inapplicable ; Pass         ; Inapplicable ; Inapplicable ; Inapplicable ; Inapplicable ; Inapplicable ; Pass      ; Inapplicable ; Inapplicable ;
; output[6]          ; Inapplicable ; Inapplicable ; Inapplicable ; Inapplicable ; Inapplicable ; Pass      ; Inapplicable ; Inapplicable ; Pass      ; Pass      ; Inapplicable ; Pass         ; Inapplicable ; Inapplicable ; Inapplicable ; Inapplicable ; Pass         ; Inapplicable ; Inapplicable ; Inapplicable ; Inapplicable ; Pass         ; Inapplicable ; Inapplicable ; Inapplicable ; Inapplicable ; Inapplicable ; Pass      ; Inapplicable ; Inapplicable ;
; output[5]          ; Inapplicable ; Inapplicable ; Inapplicable ; Inapplicable ; Inapplicable ; Pass      ; Inapplicable ; Inapplicable ; Pass      ; Pass      ; Inapplicable ; Pass         ; Inapplicable ; Inapplicable ; Inapplicable ; Inapplicable ; Pass         ; Inapplicable ; Inapplicable ; Inapplicable ; Inapplicable ; Pass         ; Inapplicable ; Inapplicable ; Inapplicable ; Inapplicable ; Inapplicable ; Pass      ; Inapplicable ; Inapplicable ;
; output[4]          ; Inapplicable ; Inapplicable ; Inapplicable ; Inapplicable ; Inapplicable ; Pass      ; Inapplicable ; Inapplicable ; Pass      ; Pass      ; Inapplicable ; Pass         ; Inapplicable ; Inapplicable ; Inapplicable ; Inapplicable ; Pass         ; Inapplicable ; Inapplicable ; Inapplicable ; Inapplicable ; Pass         ; Inapplicable ; Inapplicable ; Inapplicable ; Inapplicable ; Inapplicable ; Pass      ; Inapplicable ; Inapplicable ;
; output[3]          ; Inapplicable ; Inapplicable ; Inapplicable ; Inapplicable ; Inapplicable ; Pass      ; Inapplicable ; Inapplicable ; Pass      ; Pass      ; Inapplicable ; Pass         ; Inapplicable ; Inapplicable ; Inapplicable ; Inapplicable ; Pass         ; Inapplicable ; Inapplicable ; Inapplicable ; Inapplicable ; Pass         ; Inapplicable ; Inapplicable ; Inapplicable ; Inapplicable ; Inapplicable ; Pass      ; Inapplicable ; Inapplicable ;
; output[2]          ; Inapplicable ; Inapplicable ; Inapplicable ; Inapplicable ; Inapplicable ; Pass      ; Inapplicable ; Inapplicable ; Pass      ; Pass      ; Inapplicable ; Pass         ; Inapplicable ; Inapplicable ; Inapplicable ; Inapplicable ; Pass         ; Inapplicable ; Inapplicable ; Inapplicable ; Inapplicable ; Pass         ; Inapplicable ; Inapplicable ; Inapplicable ; Inapplicable ; Inapplicable ; Pass      ; Inapplicable ; Inapplicable ;
; output[1]          ; Inapplicable ; Inapplicable ; Inapplicable ; Inapplicable ; Inapplicable ; Pass      ; Inapplicable ; Inapplicable ; Pass      ; Pass      ; Inapplicable ; Pass         ; Inapplicable ; Inapplicable ; Inapplicable ; Inapplicable ; Pass         ; Inapplicable ; Inapplicable ; Inapplicable ; Inapplicable ; Pass         ; Inapplicable ; Inapplicable ; Inapplicable ; Inapplicable ; Inapplicable ; Pass      ; Inapplicable ; Inapplicable ;
; output[0]          ; Inapplicable ; Inapplicable ; Inapplicable ; Inapplicable ; Inapplicable ; Pass      ; Inapplicable ; Inapplicable ; Pass      ; Pass      ; Inapplicable ; Pass         ; Inapplicable ; Inapplicable ; Inapplicable ; Inapplicable ; Pass         ; Inapplicable ; Inapplicable ; Inapplicable ; Inapplicable ; Pass         ; Inapplicable ; Inapplicable ; Inapplicable ; Inapplicable ; Inapplicable ; Pass      ; Inapplicable ; Inapplicable ;
; a[31]              ; Inapplicable ; Inapplicable ; Inapplicable ; Inapplicable ; Inapplicable ; Pass      ; Inapplicable ; Inapplicable ; Pass      ; Pass      ; Inapplicable ; Inapplicable ; Inapplicable ; Inapplicable ; Pass         ; Inapplicable ; Inapplicable ; Pass         ; Inapplicable ; Inapplicable ; Inapplicable ; Inapplicable ; Inapplicable ; Inapplicable ; Inapplicable ; Inapplicable ; Inapplicable ; Pass      ; Inapplicable ; Inapplicable ;
; op[1]              ; Inapplicable ; Inapplicable ; Inapplicable ; Inapplicable ; Inapplicable ; Pass      ; Inapplicable ; Inapplicable ; Pass      ; Pass      ; Inapplicable ; Inapplicable ; Inapplicable ; Inapplicable ; Pass         ; Inapplicable ; Inapplicable ; Pass         ; Inapplicable ; Inapplicable ; Inapplicable ; Inapplicable ; Inapplicable ; Inapplicable ; Inapplicable ; Inapplicable ; Inapplicable ; Pass      ; Inapplicable ; Inapplicable ;
; op[0]              ; Inapplicable ; Inapplicable ; Inapplicable ; Inapplicable ; Inapplicable ; Pass      ; Inapplicable ; Inapplicable ; Pass      ; Pass      ; Inapplicable ; Inapplicable ; Inapplicable ; Inapplicable ; Pass         ; Inapplicable ; Inapplicable ; Pass         ; Inapplicable ; Inapplicable ; Inapplicable ; Inapplicable ; Inapplicable ; Inapplicable ; Inapplicable ; Inapplicable ; Inapplicable ; Pass      ; Inapplicable ; Inapplicable ;
; op[2]              ; Inapplicable ; Inapplicable ; Inapplicable ; Inapplicable ; Inapplicable ; Pass      ; Inapplicable ; Inapplicable ; Pass      ; Pass      ; Inapplicable ; Inapplicable ; Inapplicable ; Inapplicable ; Pass         ; Inapplicable ; Inapplicable ; Pass         ; Inapplicable ; Inapplicable ; Inapplicable ; Inapplicable ; Inapplicable ; Inapplicable ; Inapplicable ; Inapplicable ; Inapplicable ; Pass      ; Inapplicable ; Inapplicable ;
; op[3]              ; Inapplicable ; Inapplicable ; Inapplicable ; Inapplicable ; Inapplicable ; Pass      ; Inapplicable ; Inapplicable ; Pass      ; Pass      ; Inapplicable ; Inapplicable ; Inapplicable ; Inapplicable ; Pass         ; Inapplicable ; Inapplicable ; Pass         ; Inapplicable ; Inapplicable ; Inapplicable ; Inapplicable ; Inapplicable ; Inapplicable ; Inapplicable ; Inapplicable ; Inapplicable ; Pass      ; Inapplicable ; Inapplicable ;
; b[31]              ; Inapplicable ; Inapplicable ; Inapplicable ; Inapplicable ; Inapplicable ; Pass      ; Inapplicable ; Inapplicable ; Pass      ; Pass      ; Inapplicable ; Inapplicable ; Inapplicable ; Inapplicable ; Pass         ; Inapplicable ; Inapplicable ; Pass         ; Inapplicable ; Inapplicable ; Inapplicable ; Inapplicable ; Inapplicable ; Inapplicable ; Inapplicable ; Inapplicable ; Inapplicable ; Pass      ; Inapplicable ; Inapplicable ;
; a[16]              ; Inapplicable ; Inapplicable ; Inapplicable ; Inapplicable ; Inapplicable ; Pass      ; Inapplicable ; Inapplicable ; Pass      ; Pass      ; Inapplicable ; Inapplicable ; Inapplicable ; Inapplicable ; Pass         ; Inapplicable ; Inapplicable ; Pass         ; Inapplicable ; Inapplicable ; Inapplicable ; Inapplicable ; Inapplicable ; Inapplicable ; Inapplicable ; Inapplicable ; Inapplicable ; Pass      ; Inapplicable ; Inapplicable ;
; a[17]              ; Inapplicable ; Inapplicable ; Inapplicable ; Inapplicable ; Inapplicable ; Pass      ; Inapplicable ; Inapplicable ; Pass      ; Pass      ; Inapplicable ; Inapplicable ; Inapplicable ; Inapplicable ; Pass         ; Inapplicable ; Inapplicable ; Pass         ; Inapplicable ; Inapplicable ; Inapplicable ; Inapplicable ; Inapplicable ; Inapplicable ; Inapplicable ; Inapplicable ; Inapplicable ; Pass      ; Inapplicable ; Inapplicable ;
; b[0]               ; Inapplicable ; Inapplicable ; Inapplicable ; Inapplicable ; Inapplicable ; Pass      ; Inapplicable ; Inapplicable ; Pass      ; Pass      ; Inapplicable ; Inapplicable ; Inapplicable ; Inapplicable ; Pass         ; Inapplicable ; Inapplicable ; Pass         ; Inapplicable ; Inapplicable ; Inapplicable ; Inapplicable ; Inapplicable ; Inapplicable ; Inapplicable ; Inapplicable ; Inapplicable ; Pass      ; Inapplicable ; Inapplicable ;
; a[18]              ; Inapplicable ; Inapplicable ; Inapplicable ; Inapplicable ; Inapplicable ; Pass      ; Inapplicable ; Inapplicable ; Pass      ; Pass      ; Inapplicable ; Inapplicable ; Inapplicable ; Inapplicable ; Pass         ; Inapplicable ; Inapplicable ; Pass         ; Inapplicable ; Inapplicable ; Inapplicable ; Inapplicable ; Inapplicable ; Inapplicable ; Inapplicable ; Inapplicable ; Inapplicable ; Pass      ; Inapplicable ; Inapplicable ;
; a[19]              ; Inapplicable ; Inapplicable ; Inapplicable ; Inapplicable ; Inapplicable ; Pass      ; Inapplicable ; Inapplicable ; Pass      ; Pass      ; Inapplicable ; Inapplicable ; Inapplicable ; Inapplicable ; Pass         ; Inapplicable ; Inapplicable ; Pass         ; Inapplicable ; Inapplicable ; Inapplicable ; Inapplicable ; Inapplicable ; Inapplicable ; Inapplicable ; Inapplicable ; Inapplicable ; Pass      ; Inapplicable ; Inapplicable ;
; b[1]               ; Inapplicable ; Inapplicable ; Inapplicable ; Inapplicable ; Inapplicable ; Pass      ; Inapplicable ; Inapplicable ; Pass      ; Pass      ; Inapplicable ; Inapplicable ; Inapplicable ; Inapplicable ; Pass         ; Inapplicable ; Inapplicable ; Pass         ; Inapplicable ; Inapplicable ; Inapplicable ; Inapplicable ; Inapplicable ; Inapplicable ; Inapplicable ; Inapplicable ; Inapplicable ; Pass      ; Inapplicable ; Inapplicable ;
; a[20]              ; Inapplicable ; Inapplicable ; Inapplicable ; Inapplicable ; Inapplicable ; Pass      ; Inapplicable ; Inapplicable ; Pass      ; Pass      ; Inapplicable ; Inapplicable ; Inapplicable ; Inapplicable ; Pass         ; Inapplicable ; Inapplicable ; Pass         ; Inapplicable ; Inapplicable ; Inapplicable ; Inapplicable ; Inapplicable ; Inapplicable ; Inapplicable ; Inapplicable ; Inapplicable ; Pass      ; Inapplicable ; Inapplicable ;
; a[21]              ; Inapplicable ; Inapplicable ; Inapplicable ; Inapplicable ; Inapplicable ; Pass      ; Inapplicable ; Inapplicable ; Pass      ; Pass      ; Inapplicable ; Inapplicable ; Inapplicable ; Inapplicable ; Pass         ; Inapplicable ; Inapplicable ; Pass         ; Inapplicable ; Inapplicable ; Inapplicable ; Inapplicable ; Inapplicable ; Inapplicable ; Inapplicable ; Inapplicable ; Inapplicable ; Pass      ; Inapplicable ; Inapplicable ;
; a[22]              ; Inapplicable ; Inapplicable ; Inapplicable ; Inapplicable ; Inapplicable ; Pass      ; Inapplicable ; Inapplicable ; Pass      ; Pass      ; Inapplicable ; Inapplicable ; Inapplicable ; Inapplicable ; Pass         ; Inapplicable ; Inapplicable ; Pass         ; Inapplicable ; Inapplicable ; Inapplicable ; Inapplicable ; Inapplicable ; Inapplicable ; Inapplicable ; Inapplicable ; Inapplicable ; Pass      ; Inapplicable ; Inapplicable ;
; a[23]              ; Inapplicable ; Inapplicable ; Inapplicable ; Inapplicable ; Inapplicable ; Pass      ; Inapplicable ; Inapplicable ; Pass      ; Pass      ; Inapplicable ; Inapplicable ; Inapplicable ; Inapplicable ; Pass         ; Inapplicable ; Inapplicable ; Pass         ; Inapplicable ; Inapplicable ; Inapplicable ; Inapplicable ; Inapplicable ; Inapplicable ; Inapplicable ; Inapplicable ; Inapplicable ; Pass      ; Inapplicable ; Inapplicable ;
; b[2]               ; Inapplicable ; Inapplicable ; Inapplicable ; Inapplicable ; Inapplicable ; Pass      ; Inapplicable ; Inapplicable ; Pass      ; Pass      ; Inapplicable ; Inapplicable ; Inapplicable ; Inapplicable ; Pass         ; Inapplicable ; Inapplicable ; Pass         ; Inapplicable ; Inapplicable ; Inapplicable ; Inapplicable ; Inapplicable ; Inapplicable ; Inapplicable ; Inapplicable ; Inapplicable ; Pass      ; Inapplicable ; Inapplicable ;
; a[30]              ; Inapplicable ; Inapplicable ; Inapplicable ; Inapplicable ; Inapplicable ; Pass      ; Inapplicable ; Inapplicable ; Pass      ; Pass      ; Inapplicable ; Inapplicable ; Inapplicable ; Inapplicable ; Pass         ; Inapplicable ; Inapplicable ; Pass         ; Inapplicable ; Inapplicable ; Inapplicable ; Inapplicable ; Inapplicable ; Inapplicable ; Inapplicable ; Inapplicable ; Inapplicable ; Pass      ; Inapplicable ; Inapplicable ;
; a[28]              ; Inapplicable ; Inapplicable ; Inapplicable ; Inapplicable ; Inapplicable ; Pass      ; Inapplicable ; Inapplicable ; Pass      ; Pass      ; Inapplicable ; Inapplicable ; Inapplicable ; Inapplicable ; Pass         ; Inapplicable ; Inapplicable ; Pass         ; Inapplicable ; Inapplicable ; Inapplicable ; Inapplicable ; Inapplicable ; Inapplicable ; Inapplicable ; Inapplicable ; Inapplicable ; Pass      ; Inapplicable ; Inapplicable ;
; a[29]              ; Inapplicable ; Inapplicable ; Inapplicable ; Inapplicable ; Inapplicable ; Pass      ; Inapplicable ; Inapplicable ; Pass      ; Pass      ; Inapplicable ; Inapplicable ; Inapplicable ; Inapplicable ; Pass         ; Inapplicable ; Inapplicable ; Pass         ; Inapplicable ; Inapplicable ; Inapplicable ; Inapplicable ; Inapplicable ; Inapplicable ; Inapplicable ; Inapplicable ; Inapplicable ; Pass      ; Inapplicable ; Inapplicable ;
; a[24]              ; Inapplicable ; Inapplicable ; Inapplicable ; Inapplicable ; Inapplicable ; Pass      ; Inapplicable ; Inapplicable ; Pass      ; Pass      ; Inapplicable ; Inapplicable ; Inapplicable ; Inapplicable ; Pass         ; Inapplicable ; Inapplicable ; Pass         ; Inapplicable ; Inapplicable ; Inapplicable ; Inapplicable ; Inapplicable ; Inapplicable ; Inapplicable ; Inapplicable ; Inapplicable ; Pass      ; Inapplicable ; Inapplicable ;
; a[25]              ; Inapplicable ; Inapplicable ; Inapplicable ; Inapplicable ; Inapplicable ; Pass      ; Inapplicable ; Inapplicable ; Pass      ; Pass      ; Inapplicable ; Inapplicable ; Inapplicable ; Inapplicable ; Pass         ; Inapplicable ; Inapplicable ; Pass         ; Inapplicable ; Inapplicable ; Inapplicable ; Inapplicable ; Inapplicable ; Inapplicable ; Inapplicable ; Inapplicable ; Inapplicable ; Pass      ; Inapplicable ; Inapplicable ;
; a[26]              ; Inapplicable ; Inapplicable ; Inapplicable ; Inapplicable ; Inapplicable ; Pass      ; Inapplicable ; Inapplicable ; Pass      ; Pass      ; Inapplicable ; Inapplicable ; Inapplicable ; Inapplicable ; Pass         ; Inapplicable ; Inapplicable ; Pass         ; Inapplicable ; Inapplicable ; Inapplicable ; Inapplicable ; Inapplicable ; Inapplicable ; Inapplicable ; Inapplicable ; Inapplicable ; Pass      ; Inapplicable ; Inapplicable ;
; a[27]              ; Inapplicable ; Inapplicable ; Inapplicable ; Inapplicable ; Inapplicable ; Pass      ; Inapplicable ; Inapplicable ; Pass      ; Pass      ; Inapplicable ; Inapplicable ; Inapplicable ; Inapplicable ; Pass         ; Inapplicable ; Inapplicable ; Pass         ; Inapplicable ; Inapplicable ; Inapplicable ; Inapplicable ; Inapplicable ; Inapplicable ; Inapplicable ; Inapplicable ; Inapplicable ; Pass      ; Inapplicable ; Inapplicable ;
; b[3]               ; Inapplicable ; Inapplicable ; Inapplicable ; Inapplicable ; Inapplicable ; Pass      ; Inapplicable ; Inapplicable ; Pass      ; Pass      ; Inapplicable ; Inapplicable ; Inapplicable ; Inapplicable ; Pass         ; Inapplicable ; Inapplicable ; Pass         ; Inapplicable ; Inapplicable ; Inapplicable ; Inapplicable ; Inapplicable ; Inapplicable ; Inapplicable ; Inapplicable ; Inapplicable ; Pass      ; Inapplicable ; Inapplicable ;
; b[4]               ; Inapplicable ; Inapplicable ; Inapplicable ; Inapplicable ; Inapplicable ; Pass      ; Inapplicable ; Inapplicable ; Pass      ; Pass      ; Inapplicable ; Inapplicable ; Inapplicable ; Inapplicable ; Pass         ; Inapplicable ; Inapplicable ; Pass         ; Inapplicable ; Inapplicable ; Inapplicable ; Inapplicable ; Inapplicable ; Inapplicable ; Inapplicable ; Inapplicable ; Inapplicable ; Pass      ; Inapplicable ; Inapplicable ;
; a[0]               ; Inapplicable ; Inapplicable ; Inapplicable ; Inapplicable ; Inapplicable ; Pass      ; Inapplicable ; Inapplicable ; Pass      ; Pass      ; Inapplicable ; Inapplicable ; Inapplicable ; Inapplicable ; Pass         ; Inapplicable ; Inapplicable ; Pass         ; Inapplicable ; Inapplicable ; Inapplicable ; Inapplicable ; Inapplicable ; Inapplicable ; Inapplicable ; Inapplicable ; Inapplicable ; Pass      ; Inapplicable ; Inapplicable ;
; a[1]               ; Inapplicable ; Inapplicable ; Inapplicable ; Inapplicable ; Inapplicable ; Pass      ; Inapplicable ; Inapplicable ; Pass      ; Pass      ; Inapplicable ; Inapplicable ; Inapplicable ; Inapplicable ; Pass         ; Inapplicable ; Inapplicable ; Pass         ; Inapplicable ; Inapplicable ; Inapplicable ; Inapplicable ; Inapplicable ; Inapplicable ; Inapplicable ; Inapplicable ; Inapplicable ; Pass      ; Inapplicable ; Inapplicable ;
; a[2]               ; Inapplicable ; Inapplicable ; Inapplicable ; Inapplicable ; Inapplicable ; Pass      ; Inapplicable ; Inapplicable ; Pass      ; Pass      ; Inapplicable ; Inapplicable ; Inapplicable ; Inapplicable ; Pass         ; Inapplicable ; Inapplicable ; Pass         ; Inapplicable ; Inapplicable ; Inapplicable ; Inapplicable ; Inapplicable ; Inapplicable ; Inapplicable ; Inapplicable ; Inapplicable ; Pass      ; Inapplicable ; Inapplicable ;
; a[3]               ; Inapplicable ; Inapplicable ; Inapplicable ; Inapplicable ; Inapplicable ; Pass      ; Inapplicable ; Inapplicable ; Pass      ; Pass      ; Inapplicable ; Inapplicable ; Inapplicable ; Inapplicable ; Pass         ; Inapplicable ; Inapplicable ; Pass         ; Inapplicable ; Inapplicable ; Inapplicable ; Inapplicable ; Inapplicable ; Inapplicable ; Inapplicable ; Inapplicable ; Inapplicable ; Pass      ; Inapplicable ; Inapplicable ;
; a[4]               ; Inapplicable ; Inapplicable ; Inapplicable ; Inapplicable ; Inapplicable ; Pass      ; Inapplicable ; Inapplicable ; Pass      ; Pass      ; Inapplicable ; Inapplicable ; Inapplicable ; Inapplicable ; Pass         ; Inapplicable ; Inapplicable ; Pass         ; Inapplicable ; Inapplicable ; Inapplicable ; Inapplicable ; Inapplicable ; Inapplicable ; Inapplicable ; Inapplicable ; Inapplicable ; Pass      ; Inapplicable ; Inapplicable ;
; a[5]               ; Inapplicable ; Inapplicable ; Inapplicable ; Inapplicable ; Inapplicable ; Pass      ; Inapplicable ; Inapplicable ; Pass      ; Pass      ; Inapplicable ; Inapplicable ; Inapplicable ; Inapplicable ; Pass         ; Inapplicable ; Inapplicable ; Pass         ; Inapplicable ; Inapplicable ; Inapplicable ; Inapplicable ; Inapplicable ; Inapplicable ; Inapplicable ; Inapplicable ; Inapplicable ; Pass      ; Inapplicable ; Inapplicable ;
; a[6]               ; Inapplicable ; Inapplicable ; Inapplicable ; Inapplicable ; Inapplicable ; Pass      ; Inapplicable ; Inapplicable ; Pass      ; Pass      ; Inapplicable ; Inapplicable ; Inapplicable ; Inapplicable ; Pass         ; Inapplicable ; Inapplicable ; Pass         ; Inapplicable ; Inapplicable ; Inapplicable ; Inapplicable ; Inapplicable ; Inapplicable ; Inapplicable ; Inapplicable ; Inapplicable ; Pass      ; Inapplicable ; Inapplicable ;
; a[7]               ; Inapplicable ; Inapplicable ; Inapplicable ; Inapplicable ; Inapplicable ; Pass      ; Inapplicable ; Inapplicable ; Pass      ; Pass      ; Inapplicable ; Inapplicable ; Inapplicable ; Inapplicable ; Pass         ; Inapplicable ; Inapplicable ; Pass         ; Inapplicable ; Inapplicable ; Inapplicable ; Inapplicable ; Inapplicable ; Inapplicable ; Inapplicable ; Inapplicable ; Inapplicable ; Pass      ; Inapplicable ; Inapplicable ;
; a[8]               ; Inapplicable ; Inapplicable ; Inapplicable ; Inapplicable ; Inapplicable ; Pass      ; Inapplicable ; Inapplicable ; Pass      ; Pass      ; Inapplicable ; Inapplicable ; Inapplicable ; Inapplicable ; Pass         ; Inapplicable ; Inapplicable ; Pass         ; Inapplicable ; Inapplicable ; Inapplicable ; Inapplicable ; Inapplicable ; Inapplicable ; Inapplicable ; Inapplicable ; Inapplicable ; Pass      ; Inapplicable ; Inapplicable ;
; a[9]               ; Inapplicable ; Inapplicable ; Inapplicable ; Inapplicable ; Inapplicable ; Pass      ; Inapplicable ; Inapplicable ; Pass      ; Pass      ; Inapplicable ; Inapplicable ; Inapplicable ; Inapplicable ; Pass         ; Inapplicable ; Inapplicable ; Pass         ; Inapplicable ; Inapplicable ; Inapplicable ; Inapplicable ; Inapplicable ; Inapplicable ; Inapplicable ; Inapplicable ; Inapplicable ; Pass      ; Inapplicable ; Inapplicable ;
; a[10]              ; Inapplicable ; Inapplicable ; Inapplicable ; Inapplicable ; Inapplicable ; Pass      ; Inapplicable ; Inapplicable ; Pass      ; Pass      ; Inapplicable ; Inapplicable ; Inapplicable ; Inapplicable ; Pass         ; Inapplicable ; Inapplicable ; Pass         ; Inapplicable ; Inapplicable ; Inapplicable ; Inapplicable ; Inapplicable ; Inapplicable ; Inapplicable ; Inapplicable ; Inapplicable ; Pass      ; Inapplicable ; Inapplicable ;
; a[11]              ; Inapplicable ; Inapplicable ; Inapplicable ; Inapplicable ; Inapplicable ; Pass      ; Inapplicable ; Inapplicable ; Pass      ; Pass      ; Inapplicable ; Inapplicable ; Inapplicable ; Inapplicable ; Pass         ; Inapplicable ; Inapplicable ; Pass         ; Inapplicable ; Inapplicable ; Inapplicable ; Inapplicable ; Inapplicable ; Inapplicable ; Inapplicable ; Inapplicable ; Inapplicable ; Pass      ; Inapplicable ; Inapplicable ;
; a[12]              ; Inapplicable ; Inapplicable ; Inapplicable ; Inapplicable ; Inapplicable ; Pass      ; Inapplicable ; Inapplicable ; Pass      ; Pass      ; Inapplicable ; Inapplicable ; Inapplicable ; Inapplicable ; Pass         ; Inapplicable ; Inapplicable ; Pass         ; Inapplicable ; Inapplicable ; Inapplicable ; Inapplicable ; Inapplicable ; Inapplicable ; Inapplicable ; Inapplicable ; Inapplicable ; Pass      ; Inapplicable ; Inapplicable ;
; a[13]              ; Inapplicable ; Inapplicable ; Inapplicable ; Inapplicable ; Inapplicable ; Pass      ; Inapplicable ; Inapplicable ; Pass      ; Pass      ; Inapplicable ; Inapplicable ; Inapplicable ; Inapplicable ; Pass         ; Inapplicable ; Inapplicable ; Pass         ; Inapplicable ; Inapplicable ; Inapplicable ; Inapplicable ; Inapplicable ; Inapplicable ; Inapplicable ; Inapplicable ; Inapplicable ; Pass      ; Inapplicable ; Inapplicable ;
; a[14]              ; Inapplicable ; Inapplicable ; Inapplicable ; Inapplicable ; Inapplicable ; Pass      ; Inapplicable ; Inapplicable ; Pass      ; Pass      ; Inapplicable ; Inapplicable ; Inapplicable ; Inapplicable ; Pass         ; Inapplicable ; Inapplicable ; Pass         ; Inapplicable ; Inapplicable ; Inapplicable ; Inapplicable ; Inapplicable ; Inapplicable ; Inapplicable ; Inapplicable ; Inapplicable ; Pass      ; Inapplicable ; Inapplicable ;
; a[15]              ; Inapplicable ; Inapplicable ; Inapplicable ; Inapplicable ; Inapplicable ; Pass      ; Inapplicable ; Inapplicable ; Pass      ; Pass      ; Inapplicable ; Inapplicable ; Inapplicable ; Inapplicable ; Pass         ; Inapplicable ; Inapplicable ; Pass         ; Inapplicable ; Inapplicable ; Inapplicable ; Inapplicable ; Inapplicable ; Inapplicable ; Inapplicable ; Inapplicable ; Inapplicable ; Pass      ; Inapplicable ; Inapplicable ;
; b[30]              ; Inapplicable ; Inapplicable ; Inapplicable ; Inapplicable ; Inapplicable ; Pass      ; Inapplicable ; Inapplicable ; Pass      ; Pass      ; Inapplicable ; Inapplicable ; Inapplicable ; Inapplicable ; Pass         ; Inapplicable ; Inapplicable ; Pass         ; Inapplicable ; Inapplicable ; Inapplicable ; Inapplicable ; Inapplicable ; Inapplicable ; Inapplicable ; Inapplicable ; Inapplicable ; Pass      ; Inapplicable ; Inapplicable ;
; b[29]              ; Inapplicable ; Inapplicable ; Inapplicable ; Inapplicable ; Inapplicable ; Pass      ; Inapplicable ; Inapplicable ; Pass      ; Pass      ; Inapplicable ; Inapplicable ; Inapplicable ; Inapplicable ; Pass         ; Inapplicable ; Inapplicable ; Pass         ; Inapplicable ; Inapplicable ; Inapplicable ; Inapplicable ; Inapplicable ; Inapplicable ; Inapplicable ; Inapplicable ; Inapplicable ; Pass      ; Inapplicable ; Inapplicable ;
; b[28]              ; Inapplicable ; Inapplicable ; Inapplicable ; Inapplicable ; Inapplicable ; Pass      ; Inapplicable ; Inapplicable ; Pass      ; Pass      ; Inapplicable ; Inapplicable ; Inapplicable ; Inapplicable ; Pass         ; Inapplicable ; Inapplicable ; Pass         ; Inapplicable ; Inapplicable ; Inapplicable ; Inapplicable ; Inapplicable ; Inapplicable ; Inapplicable ; Inapplicable ; Inapplicable ; Pass      ; Inapplicable ; Inapplicable ;
; b[27]              ; Inapplicable ; Inapplicable ; Inapplicable ; Inapplicable ; Inapplicable ; Pass      ; Inapplicable ; Inapplicable ; Pass      ; Pass      ; Inapplicable ; Inapplicable ; Inapplicable ; Inapplicable ; Pass         ; Inapplicable ; Inapplicable ; Pass         ; Inapplicable ; Inapplicable ; Inapplicable ; Inapplicable ; Inapplicable ; Inapplicable ; Inapplicable ; Inapplicable ; Inapplicable ; Pass      ; Inapplicable ; Inapplicable ;
; b[26]              ; Inapplicable ; Inapplicable ; Inapplicable ; Inapplicable ; Inapplicable ; Pass      ; Inapplicable ; Inapplicable ; Pass      ; Pass      ; Inapplicable ; Inapplicable ; Inapplicable ; Inapplicable ; Pass         ; Inapplicable ; Inapplicable ; Pass         ; Inapplicable ; Inapplicable ; Inapplicable ; Inapplicable ; Inapplicable ; Inapplicable ; Inapplicable ; Inapplicable ; Inapplicable ; Pass      ; Inapplicable ; Inapplicable ;
; b[25]              ; Inapplicable ; Inapplicable ; Inapplicable ; Inapplicable ; Inapplicable ; Pass      ; Inapplicable ; Inapplicable ; Pass      ; Pass      ; Inapplicable ; Inapplicable ; Inapplicable ; Inapplicable ; Pass         ; Inapplicable ; Inapplicable ; Pass         ; Inapplicable ; Inapplicable ; Inapplicable ; Inapplicable ; Inapplicable ; Inapplicable ; Inapplicable ; Inapplicable ; Inapplicable ; Pass      ; Inapplicable ; Inapplicable ;
; b[24]              ; Inapplicable ; Inapplicable ; Inapplicable ; Inapplicable ; Inapplicable ; Pass      ; Inapplicable ; Inapplicable ; Pass      ; Pass      ; Inapplicable ; Inapplicable ; Inapplicable ; Inapplicable ; Pass         ; Inapplicable ; Inapplicable ; Pass         ; Inapplicable ; Inapplicable ; Inapplicable ; Inapplicable ; Inapplicable ; Inapplicable ; Inapplicable ; Inapplicable ; Inapplicable ; Pass      ; Inapplicable ; Inapplicable ;
; b[23]              ; Inapplicable ; Inapplicable ; Inapplicable ; Inapplicable ; Inapplicable ; Pass      ; Inapplicable ; Inapplicable ; Pass      ; Pass      ; Inapplicable ; Inapplicable ; Inapplicable ; Inapplicable ; Pass         ; Inapplicable ; Inapplicable ; Pass         ; Inapplicable ; Inapplicable ; Inapplicable ; Inapplicable ; Inapplicable ; Inapplicable ; Inapplicable ; Inapplicable ; Inapplicable ; Pass      ; Inapplicable ; Inapplicable ;
; b[22]              ; Inapplicable ; Inapplicable ; Inapplicable ; Inapplicable ; Inapplicable ; Pass      ; Inapplicable ; Inapplicable ; Pass      ; Pass      ; Inapplicable ; Inapplicable ; Inapplicable ; Inapplicable ; Pass         ; Inapplicable ; Inapplicable ; Pass         ; Inapplicable ; Inapplicable ; Inapplicable ; Inapplicable ; Inapplicable ; Inapplicable ; Inapplicable ; Inapplicable ; Inapplicable ; Pass      ; Inapplicable ; Inapplicable ;
; b[21]              ; Inapplicable ; Inapplicable ; Inapplicable ; Inapplicable ; Inapplicable ; Pass      ; Inapplicable ; Inapplicable ; Pass      ; Pass      ; Inapplicable ; Inapplicable ; Inapplicable ; Inapplicable ; Pass         ; Inapplicable ; Inapplicable ; Pass         ; Inapplicable ; Inapplicable ; Inapplicable ; Inapplicable ; Inapplicable ; Inapplicable ; Inapplicable ; Inapplicable ; Inapplicable ; Pass      ; Inapplicable ; Inapplicable ;
; b[20]              ; Inapplicable ; Inapplicable ; Inapplicable ; Inapplicable ; Inapplicable ; Pass      ; Inapplicable ; Inapplicable ; Pass      ; Pass      ; Inapplicable ; Inapplicable ; Inapplicable ; Inapplicable ; Pass         ; Inapplicable ; Inapplicable ; Pass         ; Inapplicable ; Inapplicable ; Inapplicable ; Inapplicable ; Inapplicable ; Inapplicable ; Inapplicable ; Inapplicable ; Inapplicable ; Pass      ; Inapplicable ; Inapplicable ;
; b[19]              ; Inapplicable ; Inapplicable ; Inapplicable ; Inapplicable ; Inapplicable ; Pass      ; Inapplicable ; Inapplicable ; Pass      ; Pass      ; Inapplicable ; Inapplicable ; Inapplicable ; Inapplicable ; Pass         ; Inapplicable ; Inapplicable ; Pass         ; Inapplicable ; Inapplicable ; Inapplicable ; Inapplicable ; Inapplicable ; Inapplicable ; Inapplicable ; Inapplicable ; Inapplicable ; Pass      ; Inapplicable ; Inapplicable ;
; b[18]              ; Inapplicable ; Inapplicable ; Inapplicable ; Inapplicable ; Inapplicable ; Pass      ; Inapplicable ; Inapplicable ; Pass      ; Pass      ; Inapplicable ; Inapplicable ; Inapplicable ; Inapplicable ; Pass         ; Inapplicable ; Inapplicable ; Pass         ; Inapplicable ; Inapplicable ; Inapplicable ; Inapplicable ; Inapplicable ; Inapplicable ; Inapplicable ; Inapplicable ; Inapplicable ; Pass      ; Inapplicable ; Inapplicable ;
; b[17]              ; Inapplicable ; Inapplicable ; Inapplicable ; Inapplicable ; Inapplicable ; Pass      ; Inapplicable ; Inapplicable ; Pass      ; Pass      ; Inapplicable ; Inapplicable ; Inapplicable ; Inapplicable ; Pass         ; Inapplicable ; Inapplicable ; Pass         ; Inapplicable ; Inapplicable ; Inapplicable ; Inapplicable ; Inapplicable ; Inapplicable ; Inapplicable ; Inapplicable ; Inapplicable ; Pass      ; Inapplicable ; Inapplicable ;
; b[16]              ; Inapplicable ; Inapplicable ; Inapplicable ; Inapplicable ; Inapplicable ; Pass      ; Inapplicable ; Inapplicable ; Pass      ; Pass      ; Inapplicable ; Inapplicable ; Inapplicable ; Inapplicable ; Pass         ; Inapplicable ; Inapplicable ; Pass         ; Inapplicable ; Inapplicable ; Inapplicable ; Inapplicable ; Inapplicable ; Inapplicable ; Inapplicable ; Inapplicable ; Inapplicable ; Pass      ; Inapplicable ; Inapplicable ;
; b[15]              ; Inapplicable ; Inapplicable ; Inapplicable ; Inapplicable ; Inapplicable ; Pass      ; Inapplicable ; Inapplicable ; Pass      ; Pass      ; Inapplicable ; Inapplicable ; Inapplicable ; Inapplicable ; Pass         ; Inapplicable ; Inapplicable ; Pass         ; Inapplicable ; Inapplicable ; Inapplicable ; Inapplicable ; Inapplicable ; Inapplicable ; Inapplicable ; Inapplicable ; Inapplicable ; Pass      ; Inapplicable ; Inapplicable ;
; b[14]              ; Inapplicable ; Inapplicable ; Inapplicable ; Inapplicable ; Inapplicable ; Pass      ; Inapplicable ; Inapplicable ; Pass      ; Pass      ; Inapplicable ; Inapplicable ; Inapplicable ; Inapplicable ; Pass         ; Inapplicable ; Inapplicable ; Pass         ; Inapplicable ; Inapplicable ; Inapplicable ; Inapplicable ; Inapplicable ; Inapplicable ; Inapplicable ; Inapplicable ; Inapplicable ; Pass      ; Inapplicable ; Inapplicable ;
; b[13]              ; Inapplicable ; Inapplicable ; Inapplicable ; Inapplicable ; Inapplicable ; Pass      ; Inapplicable ; Inapplicable ; Pass      ; Pass      ; Inapplicable ; Inapplicable ; Inapplicable ; Inapplicable ; Pass         ; Inapplicable ; Inapplicable ; Pass         ; Inapplicable ; Inapplicable ; Inapplicable ; Inapplicable ; Inapplicable ; Inapplicable ; Inapplicable ; Inapplicable ; Inapplicable ; Pass      ; Inapplicable ; Inapplicable ;
; b[12]              ; Inapplicable ; Inapplicable ; Inapplicable ; Inapplicable ; Inapplicable ; Pass      ; Inapplicable ; Inapplicable ; Pass      ; Pass      ; Inapplicable ; Inapplicable ; Inapplicable ; Inapplicable ; Pass         ; Inapplicable ; Inapplicable ; Pass         ; Inapplicable ; Inapplicable ; Inapplicable ; Inapplicable ; Inapplicable ; Inapplicable ; Inapplicable ; Inapplicable ; Inapplicable ; Pass      ; Inapplicable ; Inapplicable ;
; b[11]              ; Inapplicable ; Inapplicable ; Inapplicable ; Inapplicable ; Inapplicable ; Pass      ; Inapplicable ; Inapplicable ; Pass      ; Pass      ; Inapplicable ; Inapplicable ; Inapplicable ; Inapplicable ; Pass         ; Inapplicable ; Inapplicable ; Pass         ; Inapplicable ; Inapplicable ; Inapplicable ; Inapplicable ; Inapplicable ; Inapplicable ; Inapplicable ; Inapplicable ; Inapplicable ; Pass      ; Inapplicable ; Inapplicable ;
; b[10]              ; Inapplicable ; Inapplicable ; Inapplicable ; Inapplicable ; Inapplicable ; Pass      ; Inapplicable ; Inapplicable ; Pass      ; Pass      ; Inapplicable ; Inapplicable ; Inapplicable ; Inapplicable ; Pass         ; Inapplicable ; Inapplicable ; Pass         ; Inapplicable ; Inapplicable ; Inapplicable ; Inapplicable ; Inapplicable ; Inapplicable ; Inapplicable ; Inapplicable ; Inapplicable ; Pass      ; Inapplicable ; Inapplicable ;
; b[9]               ; Inapplicable ; Inapplicable ; Inapplicable ; Inapplicable ; Inapplicable ; Pass      ; Inapplicable ; Inapplicable ; Pass      ; Pass      ; Inapplicable ; Inapplicable ; Inapplicable ; Inapplicable ; Pass         ; Inapplicable ; Inapplicable ; Pass         ; Inapplicable ; Inapplicable ; Inapplicable ; Inapplicable ; Inapplicable ; Inapplicable ; Inapplicable ; Inapplicable ; Inapplicable ; Pass      ; Inapplicable ; Inapplicable ;
; b[8]               ; Inapplicable ; Inapplicable ; Inapplicable ; Inapplicable ; Inapplicable ; Pass      ; Inapplicable ; Inapplicable ; Pass      ; Pass      ; Inapplicable ; Inapplicable ; Inapplicable ; Inapplicable ; Pass         ; Inapplicable ; Inapplicable ; Pass         ; Inapplicable ; Inapplicable ; Inapplicable ; Inapplicable ; Inapplicable ; Inapplicable ; Inapplicable ; Inapplicable ; Inapplicable ; Pass      ; Inapplicable ; Inapplicable ;
; b[7]               ; Inapplicable ; Inapplicable ; Inapplicable ; Inapplicable ; Inapplicable ; Pass      ; Inapplicable ; Inapplicable ; Pass      ; Pass      ; Inapplicable ; Inapplicable ; Inapplicable ; Inapplicable ; Pass         ; Inapplicable ; Inapplicable ; Pass         ; Inapplicable ; Inapplicable ; Inapplicable ; Inapplicable ; Inapplicable ; Inapplicable ; Inapplicable ; Inapplicable ; Inapplicable ; Pass      ; Inapplicable ; Inapplicable ;
; b[6]               ; Inapplicable ; Inapplicable ; Inapplicable ; Inapplicable ; Inapplicable ; Pass      ; Inapplicable ; Inapplicable ; Pass      ; Pass      ; Inapplicable ; Inapplicable ; Inapplicable ; Inapplicable ; Pass         ; Inapplicable ; Inapplicable ; Pass         ; Inapplicable ; Inapplicable ; Inapplicable ; Inapplicable ; Inapplicable ; Inapplicable ; Inapplicable ; Inapplicable ; Inapplicable ; Pass      ; Inapplicable ; Inapplicable ;
; b[5]               ; Inapplicable ; Inapplicable ; Inapplicable ; Inapplicable ; Inapplicable ; Pass      ; Inapplicable ; Inapplicable ; Pass      ; Pass      ; Inapplicable ; Inapplicable ; Inapplicable ; Inapplicable ; Pass         ; Inapplicable ; Inapplicable ; Pass         ; Inapplicable ; Inapplicable ; Inapplicable ; Inapplicable ; Inapplicable ; Inapplicable ; Inapplicable ; Inapplicable ; Inapplicable ; Pass      ; Inapplicable ; Inapplicable ;
+--------------------+--------------+--------------+--------------+--------------+--------------+-----------+--------------+--------------+-----------+-----------+--------------+--------------+--------------+--------------+--------------+--------------+--------------+--------------+--------------+--------------+--------------+--------------+--------------+--------------+--------------+--------------+--------------+-----------+--------------+--------------+


+-------------------------------------------------------------------------+
; Fitter Device Options                                                   ;
+----------------------------------------------+--------------------------+
; Option                                       ; Setting                  ;
+----------------------------------------------+--------------------------+
; Enable user-supplied start-up clock (CLKUSR) ; Off                      ;
; Enable device-wide reset (DEV_CLRn)          ; Off                      ;
; Enable device-wide output enable (DEV_OE)    ; Off                      ;
; Enable INIT_DONE output                      ; Off                      ;
; Configuration scheme                         ; Active Serial            ;
; Error detection CRC                          ; Off                      ;
; Enable Open Drain on CRC Error pin           ; Off                      ;
; Configuration Voltage Level                  ; Auto                     ;
; Force Configuration Voltage Level            ; Off                      ;
; nCEO                                         ; As output driving ground ;
; Data[0]                                      ; As input tri-stated      ;
; Data[1]/ASDO                                 ; As input tri-stated      ;
; Data[7..2]                                   ; Unreserved               ;
; FLASH_nCE/nCSO                               ; As input tri-stated      ;
; Other Active Parallel pins                   ; Unreserved               ;
; DCLK                                         ; As output driving ground ;
; Base pin-out file on sameframe device        ; Off                      ;
+----------------------------------------------+--------------------------+


+------------------------------------+
; Operating Settings and Conditions  ;
+---------------------------+--------+
; Setting                   ; Value  ;
+---------------------------+--------+
; Nominal Core Voltage      ; 1.20 V ;
; Low Junction Temperature  ; 0 癈   ;
; High Junction Temperature ; 85 癈  ;
+---------------------------+--------+


+------------------------------------------------------------+
; Estimated Delay Added for Hold Timing                      ;
+-----------------+----------------------+-------------------+
; Source Clock(s) ; Destination Clock(s) ; Delay Added in ns ;
+-----------------+----------------------+-------------------+


+-----------------+
; Fitter Messages ;
+-----------------+
Info: *******************************************************************
Info: Running Quartus II Fitter
    Info: Version 9.1 Build 350 03/24/2010 Service Pack 2 SJ Web Edition
    Info: Processing started: Wed Mar 18 17:39:34 2026
Info: Command: quartus_fit --read_settings_files=off --write_settings_files=off COPE -c COPE
Info: Selected device EP3C120F780C8 for design "COPE"
Info: Core supply voltage is 1.2V
Info: Low junction temperature is 0 degrees C
Info: High junction temperature is 85 degrees C
Info: Fitter is performing an Auto Fit compilation, which may decrease Fitter effort to reduce compilation time
Warning: Feature LogicLock is only available with a valid subscription license. Please purchase a software subscription to gain full access to this feature.
Info: Device migration not selected. If you intend to use device migration later, you may need to change the pin assignments as they may be incompatible with other devices
    Info: Device EP3C40F780C8 is compatible
    Info: Device EP3C55F780C8 is compatible
    Info: Device EP3C80F780C8 is compatible
Info: Fitter converted 5 user pins into dedicated programming pins
    Info: Pin ~ALTERA_ASDO_DATA1~ is reserved at location F4
    Info: Pin ~ALTERA_FLASH_nCE_nCSO~ is reserved at location E2
    Info: Pin ~ALTERA_DCLK~ is reserved at location P3
    Info: Pin ~ALTERA_DATA0~ is reserved at location N7
    Info: Pin ~ALTERA_nCEO~ is reserved at location P28
Warning: Some pins have incomplete I/O assignments. Refer to the I/O Assignment Warnings report for details
Critical Warning: No exact pin location assignment(s) for 100 pins of 100 total pins
    Info: Pin output[31] not assigned to an exact location on the device
    Info: Pin output[30] not assigned to an exact location on the device
    Info: Pin output[29] not assigned to an exact location on the device
    Info: Pin output[28] not assigned to an exact location on the device
    Info: Pin output[27] not assigned to an exact location on the device
    Info: Pin output[26] not assigned to an exact location on the device
    Info: Pin output[25] not assigned to an exact location on the device
    Info: Pin output[24] not assigned to an exact location on the device
    Info: Pin output[23] not assigned to an exact location on the device
    Info: Pin output[22] not assigned to an exact location on the device
    Info: Pin output[21] not assigned to an exact location on the device
    Info: Pin output[20] not assigned to an exact location on the device
    Info: Pin output[19] not assigned to an exact location on the device
    Info: Pin output[18] not assigned to an exact location on the device
    Info: Pin output[17] not assigned to an exact location on the device
    Info: Pin output[16] not assigned to an exact location on the device
    Info: Pin output[15] not assigned to an exact location on the device
    Info: Pin output[14] not assigned to an exact location on the device
    Info: Pin output[13] not assigned to an exact location on the device
    Info: Pin output[12] not assigned to an exact location on the device
    Info: Pin output[11] not assigned to an exact location on the device
    Info: Pin output[10] not assigned to an exact location on the device
    Info: Pin output[9] not assigned to an exact location on the device
    Info: Pin output[8] not assigned to an exact location on the device
    Info: Pin output[7] not assigned to an exact location on the device
    Info: Pin output[6] not assigned to an exact location on the device
    Info: Pin output[5] not assigned to an exact location on the device
    Info: Pin output[4] not assigned to an exact location on the device
    Info: Pin output[3] not assigned to an exact location on the device
    Info: Pin output[2] not assigned to an exact location on the device
    Info: Pin output[1] not assigned to an exact location on the device
    Info: Pin output[0] not assigned to an exact location on the device
    Info: Pin a[31] not assigned to an exact location on the device
    Info: Pin op[1] not assigned to an exact location on the device
    Info: Pin op[0] not assigned to an exact location on the device
    Info: Pin op[2] not assigned to an exact location on the device
    Info: Pin op[3] not assigned to an exact location on the device
    Info: Pin b[31] not assigned to an exact location on the device
    Info: Pin a[16] not assigned to an exact location on the device
    Info: Pin a[17] not assigned to an exact location on the device
    Info: Pin b[0] not assigned to an exact location on the device
    Info: Pin a[18] not assigned to an exact location on the device
    Info: Pin a[19] not assigned to an exact location on the device
    Info: Pin b[1] not assigned to an exact location on the device
    Info: Pin a[20] not assigned to an exact location on the device
    Info: Pin a[21] not assigned to an exact location on the device
    Info: Pin a[22] not assigned to an exact location on the device
    Info: Pin a[23] not assigned to an exact location on the device
    Info: Pin b[2] not assigned to an exact location on the device
    Info: Pin a[30] not assigned to an exact location on the device
    Info: Pin a[28] not assigned to an exact location on the device
    Info: Pin a[29] not assigned to an exact location on the device
    Info: Pin a[24] not assigned to an exact location on the device
    Info: Pin a[25] not assigned to an exact location on the device
    Info: Pin a[26] not assigned to an exact location on the device
    Info: Pin a[27] not assigned to an exact location on the device
    Info: Pin b[3] not assigned to an exact location on the device
    Info: Pin b[4] not assigned to an exact location on the device
    Info: Pin a[0] not assigned to an exact location on the device
    Info: Pin a[1] not assigned to an exact location on the device
    Info: Pin a[2] not assigned to an exact location on the device
    Info: Pin a[3] not assigned to an exact location on the device
    Info: Pin a[4] not assigned to an exact location on the device
    Info: Pin a[5] not assigned to an exact location on the device
    Info: Pin a[6] not assigned to an exact location on the device
    Info: Pin a[7] not assigned to an exact location on the device
    Info: Pin a[8] not assigned to an exact location on the device
    Info: Pin a[9] not assigned to an exact location on the device
    Info: Pin a[10] not assigned to an exact location on the device
    Info: Pin a[11] not assigned to an exact location on the device
    Info: Pin a[12] not assigned to an exact location on the device
    Info: Pin a[13] not assigned to an exact location on the device
    Info: Pin a[14] not assigned to an exact location on the device
    Info: Pin a[15] not assigned to an exact location on the device
    Info: Pin b[30] not assigned to an exact location on the device
    Info: Pin b[29] not assigned to an exact location on the device
    Info: Pin b[28] not assigned to an exact location on the device
    Info: Pin b[27] not assigned to an exact location on the device
    Info: Pin b[26] not assigned to an exact location on the device
    Info: Pin b[25] not assigned to an exact location on the device
    Info: Pin b[24] not assigned to an exact location on the device
    Info: Pin b[23] not assigned to an exact location on the device
    Info: Pin b[22] not assigned to an exact location on the device
    Info: Pin b[21] not assigned to an exact location on the device
    Info: Pin b[20] not assigned to an exact location on the device
    Info: Pin b[19] not assigned to an exact location on the device
    Info: Pin b[18] not assigned to an exact location on the device
    Info: Pin b[17] not assigned to an exact location on the device
    Info: Pin b[16] not assigned to an exact location on the device
    Info: Pin b[15] not assigned to an exact location on the device
    Info: Pin b[14] not assigned to an exact location on the device
    Info: Pin b[13] not assigned to an exact location on the device
    Info: Pin b[12] not assigned to an exact location on the device
    Info: Pin b[11] not assigned to an exact location on the device
    Info: Pin b[10] not assigned to an exact location on the device
    Info: Pin b[9] not assigned to an exact location on the device
    Info: Pin b[8] not assigned to an exact location on the device
    Info: Pin b[7] not assigned to an exact location on the device
    Info: Pin b[6] not assigned to an exact location on the device
    Info: Pin b[5] not assigned to an exact location on the device
Info: Timing-driven compilation is using the TimeQuest Timing Analyzer
Critical Warning: Synopsys Design Constraints File file not found: 'COPE.sdc'. A Synopsys Design Constraints File is required by the TimeQuest Timing Analyzer to get proper timing constraints. Without it, the Compiler will not properly optimize the design.
Info: No user constrained base clocks found in the design
Info: The command derive_clocks did not find any clocks to derive.  No clocks were created or changed.
Warning: No clocks defined in design.
Info: No user constrained clock uncertainty found in the design. Calling "derive_clock_uncertainty"
Info: The derive_clock_uncertainty command did not apply clock uncertainty to any clock-to-clock transfers.
Info: Timing requirements not specified -- quality metrics such as performance may be sacrificed to reduce compilation time.
Info: Starting register packing
Extra Info: Performing register packing on registers with non-logic cell location assignments
Extra Info: Completed register packing on registers with non-logic cell location assignments
Extra Info: Started Fast Input/Output/OE register processing
Extra Info: Finished Fast Input/Output/OE register processing
Extra Info: Moving registers into I/O cells, Multiplier Blocks, and RAM blocks to improve timing and density
Extra Info: Finished moving registers into I/O cells, Multiplier Blocks, and RAM blocks
Info: Finished register packing
    Extra Info: No registers were packed into other blocks
Info: Statistics of I/O pins that need to be placed that use the same VCCIO and VREF, before I/O pin placement
    Info: Number of I/O pins in group: 100 (unused VREF, 2.5V VCCIO, 68 input, 32 output, 0 bidirectional)
        Info: I/O standards used: 2.5 V.
Info: I/O bank details before I/O pin placement
    Info: Statistics of I/O banks
        Info: I/O bank number 1 does not use VREF pins and has undetermined VCCIO pins. 4 total pin(s) used --  54 pins available
        Info: I/O bank number 2 does not use VREF pins and has undetermined VCCIO pins. 0 total pin(s) used --  63 pins available
        Info: I/O bank number 3 does not use VREF pins and has undetermined VCCIO pins. 0 total pin(s) used --  73 pins available
        Info: I/O bank number 4 does not use VREF pins and has undetermined VCCIO pins. 0 total pin(s) used --  71 pins available
        Info: I/O bank number 5 does not use VREF pins and has undetermined VCCIO pins. 0 total pin(s) used --  65 pins available
        Info: I/O bank number 6 does not use VREF pins and has undetermined VCCIO pins. 1 total pin(s) used --  57 pins available
        Info: I/O bank number 7 does not use VREF pins and has undetermined VCCIO pins. 0 total pin(s) used --  72 pins available
        Info: I/O bank number 8 does not use VREF pins and has undetermined VCCIO pins. 0 total pin(s) used --  72 pins available
Info: Fitter preparation operations ending: elapsed time is 00:00:02
Info: Fitter placement preparation operations beginning
Info: Fitter placement preparation operations ending: elapsed time is 00:00:00
Info: Fitter placement operations beginning
Info: Fitter placement was successful
Info: Fitter placement operations ending: elapsed time is 00:00:01
Info: Fitter routing operations beginning
Info: Average interconnect usage is 0% of the available device resources
    Info: Peak interconnect usage is 8% of the available device resources in the region that extends from location X46_Y24 to location X57_Y36
Info: Fitter routing operations ending: elapsed time is 00:00:00
Info: The Fitter performed an Auto Fit compilation.  Optimizations were skipped to reduce compilation time.
    Info: Optimizations that may affect the design's routability were skipped
    Info: Optimizations that may affect the design's timing were skipped
Info: Started post-fitting delay annotation
Info: Delay annotation completed successfully
Info: Quartus II Fitter was successful. 0 errors, 5 warnings
    Info: Peak virtual memory: 413 megabytes
    Info: Processing ended: Wed Mar 18 17:39:49 2026
    Info: Elapsed time: 00:00:15
    Info: Total CPU time (on all processors): 00:00:06


