Simulator report for COPE
Wed Mar 18 17:57:26 2026
Quartus II Version 9.1 Build 350 03/24/2010 Service Pack 2 SJ Web Edition


---------------------
; Table of Contents ;
---------------------
  1. Legal Notice
  2. Simulator Summary
  3. Simulator Settings
  4. Simulation Waveforms
  5. Coverage Summary
  6. Complete 1/0-Value Coverage
  7. Missing 1-Value Coverage
  8. Missing 0-Value Coverage
  9. Simulator INI Usage
 10. Simulator Messages



----------------
; Legal Notice ;
----------------
Copyright (C) 1991-2010 Altera Corporation
Your use of Altera Corporation's design tools, logic functions 
and other software and tools, and its AMPP partner logic 
functions, and any output files from any of the foregoing 
(including device programming or simulation files), and any 
associated documentation or information are expressly subject 
to the terms and conditions of the Altera Program License 
Subscription Agreement, Altera MegaCore Function License 
Agreement, or other applicable license agreement, including, 
without limitation, that your use is for the sole purpose of 
programming logic devices manufactured by Altera and sold by 
Altera or its authorized distributors.  Please refer to the 
applicable agreement for further details.



+--------------------------------------------+
; Simulator Summary                          ;
+-----------------------------+--------------+
; Type                        ; Value        ;
+-----------------------------+--------------+
; Simulation Start Time       ; 0 ps         ;
; Simulation End Time         ; 1.0 us       ;
; Simulation Netlist Size     ; 2303 nodes   ;
; Simulation Coverage         ;      96.18 % ;
; Total Number of Transitions ; 25301        ;
; Simulation Breakpoints      ; 0            ;
; Family                      ; Cyclone III  ;
+-----------------------------+--------------+


+-------------------------------------------------------------------------------------------------------------------------+
; Simulator Settings                                                                                                      ;
+--------------------------------------------------------------------------------------------+------------+---------------+
; Option                                                                                     ; Setting    ; Default Value ;
+--------------------------------------------------------------------------------------------+------------+---------------+
; Simulation mode                                                                            ; Functional ; Timing        ;
; Start time                                                                                 ; 0 ns       ; 0 ns          ;
; Simulation results format                                                                  ; CVWF       ;               ;
; Vector input source                                                                        ; ALU.vwf    ;               ;
; Add pins automatically to simulation output waveforms                                      ; On         ; On            ;
; Check outputs                                                                              ; Off        ; Off           ;
; Report simulation coverage                                                                 ; On         ; On            ;
; Display complete 1/0 value coverage report                                                 ; On         ; On            ;
; Display missing 1-value coverage report                                                    ; On         ; On            ;
; Display missing 0-value coverage report                                                    ; On         ; On            ;
; Detect setup and hold time violations                                                      ; Off        ; Off           ;
; Detect glitches                                                                            ; Off        ; Off           ;
; Disable timing delays in Timing Simulation                                                 ; Off        ; Off           ;
; Generate Signal Activity File                                                              ; Off        ; Off           ;
; Generate VCD File for PowerPlay Power Analyzer                                             ; Off        ; Off           ;
; Group bus channels in simulation results                                                   ; Off        ; Off           ;
; Preserve fewer signal transitions to reduce memory requirements                            ; On         ; On            ;
; Trigger vector comparison with the specified mode                                          ; INPUT_EDGE ; INPUT_EDGE    ;
; Disable setup and hold time violations detection in input registers of bi-directional pins ; Off        ; Off           ;
; Overwrite Waveform Inputs With Simulation Outputs                                          ; Off        ;               ;
; Perform Glitch Filtering in Timing Simulation                                              ; Auto       ; Auto          ;
; Interconnect Delay Model Type                                                              ; Transport  ; Transport     ;
; Cell Delay Model Type                                                                      ; Transport  ; Transport     ;
+--------------------------------------------------------------------------------------------+------------+---------------+


+----------------------+
; Simulation Waveforms ;
+----------------------+
Waveform report data cannot be output to ASCII.
Please use Quartus II to view the waveform report data.


+--------------------------------------------------------------------+
; Coverage Summary                                                   ;
+-----------------------------------------------------+--------------+
; Type                                                ; Value        ;
+-----------------------------------------------------+--------------+
; Total coverage as a percentage                      ;      96.18 % ;
; Total nodes checked                                 ; 2303         ;
; Total output ports checked                          ; 2303         ;
; Total output ports with complete 1/0-value coverage ; 2215         ;
; Total output ports with no 1/0-value coverage       ; 84           ;
; Total output ports with no 1-value coverage         ; 88           ;
; Total output ports with no 0-value coverage         ; 84           ;
+-----------------------------------------------------+--------------+


The following table displays output ports that toggle between 1 and 0 during simulation.
+------------------------------------------------------------------------------------------------------------------------------------------------------------------------------------------------------------------------------------------+
; Complete 1/0-Value Coverage                                                                                                                                                                                                              ;
+-----------------------------------------------------------------------------------------------------------+-----------------------------------------------------------------------------------------------------------+------------------+
; Node Name                                                                                                 ; Output Port Name                                                                                          ; Output Port Type ;
+-----------------------------------------------------------------------------------------------------------+-----------------------------------------------------------------------------------------------------------+------------------+
; |ALU|output[31]                                                                                           ; |ALU|output[31]                                                                                           ; pin_out          ;
; |ALU|output[30]                                                                                           ; |ALU|output[30]                                                                                           ; pin_out          ;
; |ALU|output[29]                                                                                           ; |ALU|output[29]                                                                                           ; pin_out          ;
; |ALU|output[28]                                                                                           ; |ALU|output[28]                                                                                           ; pin_out          ;
; |ALU|output[27]                                                                                           ; |ALU|output[27]                                                                                           ; pin_out          ;
; |ALU|output[26]                                                                                           ; |ALU|output[26]                                                                                           ; pin_out          ;
; |ALU|output[25]                                                                                           ; |ALU|output[25]                                                                                           ; pin_out          ;
; |ALU|output[24]                                                                                           ; |ALU|output[24]                                                                                           ; pin_out          ;
; |ALU|output[23]                                                                                           ; |ALU|output[23]                                                                                           ; pin_out          ;
; |ALU|output[22]                                                                                           ; |ALU|output[22]                                                                                           ; pin_out          ;
; |ALU|output[21]                                                                                           ; |ALU|output[21]                                                                                           ; pin_out          ;
; |ALU|output[20]                                                                                           ; |ALU|output[20]                                                                                           ; pin_out          ;
; |ALU|output[19]                                                                                           ; |ALU|output[19]                                                                                           ; pin_out          ;
; |ALU|output[18]                                                                                           ; |ALU|output[18]                                                                                           ; pin_out          ;
; |ALU|output[17]                                                                                           ; |ALU|output[17]                                                                                           ; pin_out          ;
; |ALU|output[16]                                                                                           ; |ALU|output[16]                                                                                           ; pin_out          ;
; |ALU|output[15]                                                                                           ; |ALU|output[15]                                                                                           ; pin_out          ;
; |ALU|output[14]                                                                                           ; |ALU|output[14]                                                                                           ; pin_out          ;
; |ALU|output[13]                                                                                           ; |ALU|output[13]                                                                                           ; pin_out          ;
; |ALU|output[12]                                                                                           ; |ALU|output[12]                                                                                           ; pin_out          ;
; |ALU|output[11]                                                                                           ; |ALU|output[11]                                                                                           ; pin_out          ;
; |ALU|output[10]                                                                                           ; |ALU|output[10]                                                                                           ; pin_out          ;
; |ALU|output[9]                                                                                            ; |ALU|output[9]                                                                                            ; pin_out          ;
; |ALU|output[8]                                                                                            ; |ALU|output[8]                                                                                            ; pin_out          ;
; |ALU|output[7]                                                                                            ; |ALU|output[7]                                                                                            ; pin_out          ;
; |ALU|output[6]                                                                                            ; |ALU|output[6]                                                                                            ; pin_out          ;
; |ALU|output[5]                                                                                            ; |ALU|output[5]                                                                                            ; pin_out          ;
; |ALU|output[4]                                                                                            ; |ALU|output[4]                                                                                            ; pin_out          ;
; |ALU|output[3]                                                                                            ; |ALU|output[3]                                                                                            ; pin_out          ;
; |ALU|output[2]                                                                                            ; |ALU|output[2]                                                                                            ; pin_out          ;
; |ALU|output[1]                                                                                            ; |ALU|output[1]                                                                                            ; pin_out          ;
; |ALU|output[0]                                                                                            ; |ALU|output[0]                                                                                            ; pin_out          ;
; |ALU|inst3                                                                                                ; |ALU|inst3                                                                                                ; out0             ;
; |ALU|op[3]                                                                                                ; |ALU|op[3]                                                                                                ; out              ;
; |ALU|op[2]                                                                                                ; |ALU|op[2]                                                                                                ; out              ;
; |ALU|op[1]                                                                                                ; |ALU|op[1]                                                                                                ; out              ;
; |ALU|op[0]                                                                                                ; |ALU|op[0]                                                                                                ; out              ;
; |ALU|a[31]                                                                                                ; |ALU|a[31]                                                                                                ; out              ;
; |ALU|a[30]                                                                                                ; |ALU|a[30]                                                                                                ; out              ;
; |ALU|a[29]                                                                                                ; |ALU|a[29]                                                                                                ; out              ;
; |ALU|a[28]                                                                                                ; |ALU|a[28]                                                                                                ; out              ;
; |ALU|a[27]                                                                                                ; |ALU|a[27]                                                                                                ; out              ;
; |ALU|a[26]                                                                                                ; |ALU|a[26]                                                                                                ; out              ;
; |ALU|a[25]                                                                                                ; |ALU|a[25]                                                                                                ; out              ;
; |ALU|a[24]                                                                                                ; |ALU|a[24]                                                                                                ; out              ;
; |ALU|a[23]                                                                                                ; |ALU|a[23]                                                                                                ; out              ;
; |ALU|a[22]                                                                                                ; |ALU|a[22]                                                                                                ; out              ;
; |ALU|a[21]                                                                                                ; |ALU|a[21]                                                                                                ; out              ;
; |ALU|a[20]                                                                                                ; |ALU|a[20]                                                                                                ; out              ;
; |ALU|a[19]                                                                                                ; |ALU|a[19]                                                                                                ; out              ;
; |ALU|a[18]                                                                                                ; |ALU|a[18]                                                                                                ; out              ;
; |ALU|a[17]                                                                                                ; |ALU|a[17]                                                                                                ; out              ;
; |ALU|a[16]                                                                                                ; |ALU|a[16]                                                                                                ; out              ;
; |ALU|a[15]                                                                                                ; |ALU|a[15]                                                                                                ; out              ;
; |ALU|a[14]                                                                                                ; |ALU|a[14]                                                                                                ; out              ;
; |ALU|a[13]                                                                                                ; |ALU|a[13]                                                                                                ; out              ;
; |ALU|a[12]                                                                                                ; |ALU|a[12]                                                                                                ; out              ;
; |ALU|a[11]                                                                                                ; |ALU|a[11]                                                                                                ; out              ;
; |ALU|a[10]                                                                                                ; |ALU|a[10]                                                                                                ; out              ;
; |ALU|a[9]                                                                                                 ; |ALU|a[9]                                                                                                 ; out              ;
; |ALU|a[8]                                                                                                 ; |ALU|a[8]                                                                                                 ; out              ;
; |ALU|a[7]                                                                                                 ; |ALU|a[7]                                                                                                 ; out              ;
; |ALU|a[6]                                                                                                 ; |ALU|a[6]                                                                                                 ; out              ;
; |ALU|a[5]                                                                                                 ; |ALU|a[5]                                                                                                 ; out              ;
; |ALU|a[4]                                                                                                 ; |ALU|a[4]                                                                                                 ; out              ;
; |ALU|a[3]                                                                                                 ; |ALU|a[3]                                                                                                 ; out              ;
; |ALU|a[2]                                                                                                 ; |ALU|a[2]                                                                                                 ; out              ;
; |ALU|a[1]                                                                                                 ; |ALU|a[1]                                                                                                 ; out              ;
; |ALU|a[0]                                                                                                 ; |ALU|a[0]                                                                                                 ; out              ;
; |ALU|b[31]                                                                                                ; |ALU|b[31]                                                                                                ; out              ;
; |ALU|b[30]                                                                                                ; |ALU|b[30]                                                                                                ; out              ;
; |ALU|b[29]                                                                                                ; |ALU|b[29]                                                                                                ; out              ;
; |ALU|b[28]                                                                                                ; |ALU|b[28]                                                                                                ; out              ;
; |ALU|b[27]                                                                                                ; |ALU|b[27]                                                                                                ; out              ;
; |ALU|b[26]                                                                                                ; |ALU|b[26]                                                                                                ; out              ;
; |ALU|b[25]                                                                                                ; |ALU|b[25]                                                                                                ; out              ;
; |ALU|b[24]                                                                                                ; |ALU|b[24]                                                                                                ; out              ;
; |ALU|b[23]                                                                                                ; |ALU|b[23]                                                                                                ; out              ;
; |ALU|b[22]                                                                                                ; |ALU|b[22]                                                                                                ; out              ;
; |ALU|b[21]                                                                                                ; |ALU|b[21]                                                                                                ; out              ;
; |ALU|b[20]                                                                                                ; |ALU|b[20]                                                                                                ; out              ;
; |ALU|b[19]                                                                                                ; |ALU|b[19]                                                                                                ; out              ;
; |ALU|b[18]                                                                                                ; |ALU|b[18]                                                                                                ; out              ;
; |ALU|b[17]                                                                                                ; |ALU|b[17]                                                                                                ; out              ;
; |ALU|b[16]                                                                                                ; |ALU|b[16]                                                                                                ; out              ;
; |ALU|b[15]                                                                                                ; |ALU|b[15]                                                                                                ; out              ;
; |ALU|b[14]                                                                                                ; |ALU|b[14]                                                                                                ; out              ;
; |ALU|b[13]                                                                                                ; |ALU|b[13]                                                                                                ; out              ;
; |ALU|b[12]                                                                                                ; |ALU|b[12]                                                                                                ; out              ;
; |ALU|b[11]                                                                                                ; |ALU|b[11]                                                                                                ; out              ;
; |ALU|b[10]                                                                                                ; |ALU|b[10]                                                                                                ; out              ;
; |ALU|b[9]                                                                                                 ; |ALU|b[9]                                                                                                 ; out              ;
; |ALU|b[8]                                                                                                 ; |ALU|b[8]                                                                                                 ; out              ;
; |ALU|b[7]                                                                                                 ; |ALU|b[7]                                                                                                 ; out              ;
; |ALU|b[6]                                                                                                 ; |ALU|b[6]                                                                                                 ; out              ;
; |ALU|b[5]                                                                                                 ; |ALU|b[5]                                                                                                 ; out              ;
; |ALU|b[4]                                                                                                 ; |ALU|b[4]                                                                                                 ; out              ;
; |ALU|b[3]                                                                                                 ; |ALU|b[3]                                                                                                 ; out              ;
; |ALU|b[2]                                                                                                 ; |ALU|b[2]                                                                                                 ; out              ;
; |ALU|b[1]                                                                                                 ; |ALU|b[1]                                                                                                 ; out              ;
; |ALU|b[0]                                                                                                 ; |ALU|b[0]                                                                                                 ; out              ;
; |ALU|inst25                                                                                               ; |ALU|inst25                                                                                               ; out0             ;
; |ALU|inst24                                                                                               ; |ALU|inst24                                                                                               ; out0             ;
; |ALU|inst10                                                                                               ; |ALU|inst10                                                                                               ; out0             ;
; |ALU|inst8                                                                                                ; |ALU|inst8                                                                                                ; out0             ;
; |ALU|inst7                                                                                                ; |ALU|inst7                                                                                                ; out0             ;
; |ALU|inst15                                                                                               ; |ALU|inst15                                                                                               ; out0             ;
; |ALU|inst11                                                                                               ; |ALU|inst11                                                                                               ; out0             ;
; |ALU|inst13                                                                                               ; |ALU|inst13                                                                                               ; out0             ;
; |ALU|inst14                                                                                               ; |ALU|inst14                                                                                               ; out0             ;
; |ALU|inst12                                                                                               ; |ALU|inst12                                                                                               ; out0             ;
; |ALU|inst18                                                                                               ; |ALU|inst18                                                                                               ; out0             ;
; |ALU|inst17                                                                                               ; |ALU|inst17                                                                                               ; out0             ;
; |ALU|inst16                                                                                               ; |ALU|inst16                                                                                               ; out0             ;
; |ALU|lpm_xor0:inst23|lpm_xor:lpm_xor_component|xor_cascade[31][1]                                         ; |ALU|lpm_xor0:inst23|lpm_xor:lpm_xor_component|xor_cascade[31][1]                                         ; out0             ;
; |ALU|lpm_xor0:inst23|lpm_xor:lpm_xor_component|xor_cascade[30][1]                                         ; |ALU|lpm_xor0:inst23|lpm_xor:lpm_xor_component|xor_cascade[30][1]                                         ; out0             ;
; |ALU|lpm_xor0:inst23|lpm_xor:lpm_xor_component|xor_cascade[29][1]                                         ; |ALU|lpm_xor0:inst23|lpm_xor:lpm_xor_component|xor_cascade[29][1]                                         ; out0             ;
; |ALU|lpm_xor0:inst23|lpm_xor:lpm_xor_component|xor_cascade[28][1]                                         ; |ALU|lpm_xor0:inst23|lpm_xor:lpm_xor_component|xor_cascade[28][1]                                         ; out0             ;
; |ALU|lpm_xor0:inst23|lpm_xor:lpm_xor_component|xor_cascade[27][1]                                         ; |ALU|lpm_xor0:inst23|lpm_xor:lpm_xor_component|xor_cascade[27][1]                                         ; out0             ;
; |ALU|lpm_xor0:inst23|lpm_xor:lpm_xor_component|xor_cascade[26][1]                                         ; |ALU|lpm_xor0:inst23|lpm_xor:lpm_xor_component|xor_cascade[26][1]                                         ; out0             ;
; |ALU|lpm_xor0:inst23|lpm_xor:lpm_xor_component|xor_cascade[25][1]                                         ; |ALU|lpm_xor0:inst23|lpm_xor:lpm_xor_component|xor_cascade[25][1]                                         ; out0             ;
; |ALU|lpm_xor0:inst23|lpm_xor:lpm_xor_component|xor_cascade[24][1]                                         ; |ALU|lpm_xor0:inst23|lpm_xor:lpm_xor_component|xor_cascade[24][1]                                         ; out0             ;
; |ALU|lpm_xor0:inst23|lpm_xor:lpm_xor_component|xor_cascade[23][1]                                         ; |ALU|lpm_xor0:inst23|lpm_xor:lpm_xor_component|xor_cascade[23][1]                                         ; out0             ;
; |ALU|lpm_xor0:inst23|lpm_xor:lpm_xor_component|xor_cascade[22][1]                                         ; |ALU|lpm_xor0:inst23|lpm_xor:lpm_xor_component|xor_cascade[22][1]                                         ; out0             ;
; |ALU|lpm_xor0:inst23|lpm_xor:lpm_xor_component|xor_cascade[21][1]                                         ; |ALU|lpm_xor0:inst23|lpm_xor:lpm_xor_component|xor_cascade[21][1]                                         ; out0             ;
; |ALU|lpm_xor0:inst23|lpm_xor:lpm_xor_component|xor_cascade[20][1]                                         ; |ALU|lpm_xor0:inst23|lpm_xor:lpm_xor_component|xor_cascade[20][1]                                         ; out0             ;
; |ALU|lpm_xor0:inst23|lpm_xor:lpm_xor_component|xor_cascade[19][1]                                         ; |ALU|lpm_xor0:inst23|lpm_xor:lpm_xor_component|xor_cascade[19][1]                                         ; out0             ;
; |ALU|lpm_xor0:inst23|lpm_xor:lpm_xor_component|xor_cascade[18][1]                                         ; |ALU|lpm_xor0:inst23|lpm_xor:lpm_xor_component|xor_cascade[18][1]                                         ; out0             ;
; |ALU|lpm_xor0:inst23|lpm_xor:lpm_xor_component|xor_cascade[17][1]                                         ; |ALU|lpm_xor0:inst23|lpm_xor:lpm_xor_component|xor_cascade[17][1]                                         ; out0             ;
; |ALU|lpm_xor0:inst23|lpm_xor:lpm_xor_component|xor_cascade[16][1]                                         ; |ALU|lpm_xor0:inst23|lpm_xor:lpm_xor_component|xor_cascade[16][1]                                         ; out0             ;
; |ALU|lpm_xor0:inst23|lpm_xor:lpm_xor_component|xor_cascade[15][1]                                         ; |ALU|lpm_xor0:inst23|lpm_xor:lpm_xor_component|xor_cascade[15][1]                                         ; out0             ;
; |ALU|lpm_xor0:inst23|lpm_xor:lpm_xor_component|xor_cascade[14][1]                                         ; |ALU|lpm_xor0:inst23|lpm_xor:lpm_xor_component|xor_cascade[14][1]                                         ; out0             ;
; |ALU|lpm_xor0:inst23|lpm_xor:lpm_xor_component|xor_cascade[13][1]                                         ; |ALU|lpm_xor0:inst23|lpm_xor:lpm_xor_component|xor_cascade[13][1]                                         ; out0             ;
; |ALU|lpm_xor0:inst23|lpm_xor:lpm_xor_component|xor_cascade[12][1]                                         ; |ALU|lpm_xor0:inst23|lpm_xor:lpm_xor_component|xor_cascade[12][1]                                         ; out0             ;
; |ALU|lpm_xor0:inst23|lpm_xor:lpm_xor_component|xor_cascade[11][1]                                         ; |ALU|lpm_xor0:inst23|lpm_xor:lpm_xor_component|xor_cascade[11][1]                                         ; out0             ;
; |ALU|lpm_xor0:inst23|lpm_xor:lpm_xor_component|xor_cascade[10][1]                                         ; |ALU|lpm_xor0:inst23|lpm_xor:lpm_xor_component|xor_cascade[10][1]                                         ; out0             ;
; |ALU|lpm_xor0:inst23|lpm_xor:lpm_xor_component|xor_cascade[9][1]                                          ; |ALU|lpm_xor0:inst23|lpm_xor:lpm_xor_component|xor_cascade[9][1]                                          ; out0             ;
; |ALU|lpm_xor0:inst23|lpm_xor:lpm_xor_component|xor_cascade[8][1]                                          ; |ALU|lpm_xor0:inst23|lpm_xor:lpm_xor_component|xor_cascade[8][1]                                          ; out0             ;
; |ALU|lpm_xor0:inst23|lpm_xor:lpm_xor_component|xor_cascade[7][1]                                          ; |ALU|lpm_xor0:inst23|lpm_xor:lpm_xor_component|xor_cascade[7][1]                                          ; out0             ;
; |ALU|lpm_xor0:inst23|lpm_xor:lpm_xor_component|xor_cascade[6][1]                                          ; |ALU|lpm_xor0:inst23|lpm_xor:lpm_xor_component|xor_cascade[6][1]                                          ; out0             ;
; |ALU|lpm_xor0:inst23|lpm_xor:lpm_xor_component|xor_cascade[5][1]                                          ; |ALU|lpm_xor0:inst23|lpm_xor:lpm_xor_component|xor_cascade[5][1]                                          ; out0             ;
; |ALU|lpm_xor0:inst23|lpm_xor:lpm_xor_component|xor_cascade[4][1]                                          ; |ALU|lpm_xor0:inst23|lpm_xor:lpm_xor_component|xor_cascade[4][1]                                          ; out0             ;
; |ALU|lpm_xor0:inst23|lpm_xor:lpm_xor_component|xor_cascade[3][1]                                          ; |ALU|lpm_xor0:inst23|lpm_xor:lpm_xor_component|xor_cascade[3][1]                                          ; out0             ;
; |ALU|lpm_xor0:inst23|lpm_xor:lpm_xor_component|xor_cascade[2][1]                                          ; |ALU|lpm_xor0:inst23|lpm_xor:lpm_xor_component|xor_cascade[2][1]                                          ; out0             ;
; |ALU|lpm_xor0:inst23|lpm_xor:lpm_xor_component|xor_cascade[1][1]                                          ; |ALU|lpm_xor0:inst23|lpm_xor:lpm_xor_component|xor_cascade[1][1]                                          ; out0             ;
; |ALU|lpm_xor0:inst23|lpm_xor:lpm_xor_component|xor_cascade[0][1]                                          ; |ALU|lpm_xor0:inst23|lpm_xor:lpm_xor_component|xor_cascade[0][1]                                          ; out0             ;
; |ALU|lpm_and0:inst22|lpm_and:lpm_and_component|and_node[6][1]                                             ; |ALU|lpm_and0:inst22|lpm_and:lpm_and_component|and_node[6][1]                                             ; out0             ;
; |ALU|lpm_and0:inst22|lpm_and:lpm_and_component|and_node[5][1]                                             ; |ALU|lpm_and0:inst22|lpm_and:lpm_and_component|and_node[5][1]                                             ; out0             ;
; |ALU|lpm_and0:inst22|lpm_and:lpm_and_component|and_node[4][1]                                             ; |ALU|lpm_and0:inst22|lpm_and:lpm_and_component|and_node[4][1]                                             ; out0             ;
; |ALU|lpm_and0:inst22|lpm_and:lpm_and_component|and_node[3][1]                                             ; |ALU|lpm_and0:inst22|lpm_and:lpm_and_component|and_node[3][1]                                             ; out0             ;
; |ALU|lpm_and0:inst22|lpm_and:lpm_and_component|and_node[2][1]                                             ; |ALU|lpm_and0:inst22|lpm_and:lpm_and_component|and_node[2][1]                                             ; out0             ;
; |ALU|lpm_and0:inst22|lpm_and:lpm_and_component|and_node[1][1]                                             ; |ALU|lpm_and0:inst22|lpm_and:lpm_and_component|and_node[1][1]                                             ; out0             ;
; |ALU|lpm_and0:inst22|lpm_and:lpm_and_component|and_node[0][1]                                             ; |ALU|lpm_and0:inst22|lpm_and:lpm_and_component|and_node[0][1]                                             ; out0             ;
; |ALU|lpm_clshift0:inst19|lpm_clshift:lpm_clshift_component|lpm_clshift_euc:auto_generated|_~36            ; |ALU|lpm_clshift0:inst19|lpm_clshift:lpm_clshift_component|lpm_clshift_euc:auto_generated|_~36            ; out0             ;
; |ALU|lpm_clshift0:inst19|lpm_clshift:lpm_clshift_component|lpm_clshift_euc:auto_generated|_~37            ; |ALU|lpm_clshift0:inst19|lpm_clshift:lpm_clshift_component|lpm_clshift_euc:auto_generated|_~37            ; out0             ;
; |ALU|lpm_clshift0:inst19|lpm_clshift:lpm_clshift_component|lpm_clshift_euc:auto_generated|_~38            ; |ALU|lpm_clshift0:inst19|lpm_clshift:lpm_clshift_component|lpm_clshift_euc:auto_generated|_~38            ; out0             ;
; |ALU|lpm_clshift0:inst19|lpm_clshift:lpm_clshift_component|lpm_clshift_euc:auto_generated|_~39            ; |ALU|lpm_clshift0:inst19|lpm_clshift:lpm_clshift_component|lpm_clshift_euc:auto_generated|_~39            ; out0             ;
; |ALU|lpm_clshift0:inst19|lpm_clshift:lpm_clshift_component|lpm_clshift_euc:auto_generated|_~40            ; |ALU|lpm_clshift0:inst19|lpm_clshift:lpm_clshift_component|lpm_clshift_euc:auto_generated|_~40            ; out0             ;
; |ALU|lpm_clshift0:inst19|lpm_clshift:lpm_clshift_component|lpm_clshift_euc:auto_generated|_~41            ; |ALU|lpm_clshift0:inst19|lpm_clshift:lpm_clshift_component|lpm_clshift_euc:auto_generated|_~41            ; out0             ;
; |ALU|lpm_clshift0:inst19|lpm_clshift:lpm_clshift_component|lpm_clshift_euc:auto_generated|_~42            ; |ALU|lpm_clshift0:inst19|lpm_clshift:lpm_clshift_component|lpm_clshift_euc:auto_generated|_~42            ; out0             ;
; |ALU|lpm_clshift0:inst19|lpm_clshift:lpm_clshift_component|lpm_clshift_euc:auto_generated|_~43            ; |ALU|lpm_clshift0:inst19|lpm_clshift:lpm_clshift_component|lpm_clshift_euc:auto_generated|_~43            ; out0             ;
; |ALU|lpm_clshift0:inst19|lpm_clshift:lpm_clshift_component|lpm_clshift_euc:auto_generated|_~44            ; |ALU|lpm_clshift0:inst19|lpm_clshift:lpm_clshift_component|lpm_clshift_euc:auto_generated|_~44            ; out0             ;
; |ALU|lpm_clshift0:inst19|lpm_clshift:lpm_clshift_component|lpm_clshift_euc:auto_generated|_~45            ; |ALU|lpm_clshift0:inst19|lpm_clshift:lpm_clshift_component|lpm_clshift_euc:auto_generated|_~45            ; out0             ;
; |ALU|lpm_clshift0:inst19|lpm_clshift:lpm_clshift_component|lpm_clshift_euc:auto_generated|_~46            ; |ALU|lpm_clshift0:inst19|lpm_clshift:lpm_clshift_component|lpm_clshift_euc:auto_generated|_~46            ; out0             ;
; |ALU|lpm_clshift0:inst19|lpm_clshift:lpm_clshift_component|lpm_clshift_euc:auto_generated|_~47            ; |ALU|lpm_clshift0:inst19|lpm_clshift:lpm_clshift_component|lpm_clshift_euc:auto_generated|_~47            ; out0             ;
; |ALU|lpm_clshift0:inst19|lpm_clshift:lpm_clshift_component|lpm_clshift_euc:auto_generated|_~48            ; |ALU|lpm_clshift0:inst19|lpm_clshift:lpm_clshift_component|lpm_clshift_euc:auto_generated|_~48            ; out0             ;
; |ALU|lpm_clshift0:inst19|lpm_clshift:lpm_clshift_component|lpm_clshift_euc:auto_generated|_~49            ; |ALU|lpm_clshift0:inst19|lpm_clshift:lpm_clshift_component|lpm_clshift_euc:auto_generated|_~49            ; out0             ;
; |ALU|lpm_clshift0:inst19|lpm_clshift:lpm_clshift_component|lpm_clshift_euc:auto_generated|_~50            ; |ALU|lpm_clshift0:inst19|lpm_clshift:lpm_clshift_component|lpm_clshift_euc:auto_generated|_~50            ; out0             ;
; |ALU|lpm_clshift0:inst19|lpm_clshift:lpm_clshift_component|lpm_clshift_euc:auto_generated|_~51            ; |ALU|lpm_clshift0:inst19|lpm_clshift:lpm_clshift_component|lpm_clshift_euc:auto_generated|_~51            ; out0             ;
; |ALU|lpm_clshift0:inst19|lpm_clshift:lpm_clshift_component|lpm_clshift_euc:auto_generated|_~52            ; |ALU|lpm_clshift0:inst19|lpm_clshift:lpm_clshift_component|lpm_clshift_euc:auto_generated|_~52            ; out0             ;
; |ALU|lpm_clshift0:inst19|lpm_clshift:lpm_clshift_component|lpm_clshift_euc:auto_generated|_~53            ; |ALU|lpm_clshift0:inst19|lpm_clshift:lpm_clshift_component|lpm_clshift_euc:auto_generated|_~53            ; out0             ;
; |ALU|lpm_clshift0:inst19|lpm_clshift:lpm_clshift_component|lpm_clshift_euc:auto_generated|_~54            ; |ALU|lpm_clshift0:inst19|lpm_clshift:lpm_clshift_component|lpm_clshift_euc:auto_generated|_~54            ; out0             ;
; |ALU|lpm_clshift0:inst19|lpm_clshift:lpm_clshift_component|lpm_clshift_euc:auto_generated|_~55            ; |ALU|lpm_clshift0:inst19|lpm_clshift:lpm_clshift_component|lpm_clshift_euc:auto_generated|_~55            ; out0             ;
; |ALU|lpm_clshift0:inst19|lpm_clshift:lpm_clshift_component|lpm_clshift_euc:auto_generated|_~56            ; |ALU|lpm_clshift0:inst19|lpm_clshift:lpm_clshift_component|lpm_clshift_euc:auto_generated|_~56            ; out0             ;
; |ALU|lpm_clshift0:inst19|lpm_clshift:lpm_clshift_component|lpm_clshift_euc:auto_generated|_~57            ; |ALU|lpm_clshift0:inst19|lpm_clshift:lpm_clshift_component|lpm_clshift_euc:auto_generated|_~57            ; out0             ;
; |ALU|lpm_clshift0:inst19|lpm_clshift:lpm_clshift_component|lpm_clshift_euc:auto_generated|_~58            ; |ALU|lpm_clshift0:inst19|lpm_clshift:lpm_clshift_component|lpm_clshift_euc:auto_generated|_~58            ; out0             ;
; |ALU|lpm_clshift0:inst19|lpm_clshift:lpm_clshift_component|lpm_clshift_euc:auto_generated|_~59            ; |ALU|lpm_clshift0:inst19|lpm_clshift:lpm_clshift_component|lpm_clshift_euc:auto_generated|_~59            ; out0             ;
; |ALU|lpm_clshift0:inst19|lpm_clshift:lpm_clshift_component|lpm_clshift_euc:auto_generated|_~60            ; |ALU|lpm_clshift0:inst19|lpm_clshift:lpm_clshift_component|lpm_clshift_euc:auto_generated|_~60            ; out0             ;
; |ALU|lpm_clshift0:inst19|lpm_clshift:lpm_clshift_component|lpm_clshift_euc:auto_generated|_~61            ; |ALU|lpm_clshift0:inst19|lpm_clshift:lpm_clshift_component|lpm_clshift_euc:auto_generated|_~61            ; out0             ;
; |ALU|lpm_clshift0:inst19|lpm_clshift:lpm_clshift_component|lpm_clshift_euc:auto_generated|_~62            ; |ALU|lpm_clshift0:inst19|lpm_clshift:lpm_clshift_component|lpm_clshift_euc:auto_generated|_~62            ; out0             ;
; |ALU|lpm_clshift0:inst19|lpm_clshift:lpm_clshift_component|lpm_clshift_euc:auto_generated|_~63            ; |ALU|lpm_clshift0:inst19|lpm_clshift:lpm_clshift_component|lpm_clshift_euc:auto_generated|_~63            ; out0             ;
; |ALU|lpm_clshift0:inst19|lpm_clshift:lpm_clshift_component|lpm_clshift_euc:auto_generated|_~64            ; |ALU|lpm_clshift0:inst19|lpm_clshift:lpm_clshift_component|lpm_clshift_euc:auto_generated|_~64            ; out0             ;
; |ALU|lpm_clshift0:inst19|lpm_clshift:lpm_clshift_component|lpm_clshift_euc:auto_generated|_~65            ; |ALU|lpm_clshift0:inst19|lpm_clshift:lpm_clshift_component|lpm_clshift_euc:auto_generated|_~65            ; out0             ;
; |ALU|lpm_clshift0:inst19|lpm_clshift:lpm_clshift_component|lpm_clshift_euc:auto_generated|_~66            ; |ALU|lpm_clshift0:inst19|lpm_clshift:lpm_clshift_component|lpm_clshift_euc:auto_generated|_~66            ; out0             ;
; |ALU|lpm_clshift0:inst19|lpm_clshift:lpm_clshift_component|lpm_clshift_euc:auto_generated|_~67            ; |ALU|lpm_clshift0:inst19|lpm_clshift:lpm_clshift_component|lpm_clshift_euc:auto_generated|_~67            ; out0             ;
; |ALU|lpm_clshift0:inst19|lpm_clshift:lpm_clshift_component|lpm_clshift_euc:auto_generated|sbit_w[191]~32  ; |ALU|lpm_clshift0:inst19|lpm_clshift:lpm_clshift_component|lpm_clshift_euc:auto_generated|sbit_w[191]~32  ; out0             ;
; |ALU|lpm_clshift0:inst19|lpm_clshift:lpm_clshift_component|lpm_clshift_euc:auto_generated|sbit_w[190]~33  ; |ALU|lpm_clshift0:inst19|lpm_clshift:lpm_clshift_component|lpm_clshift_euc:auto_generated|sbit_w[190]~33  ; out0             ;
; |ALU|lpm_clshift0:inst19|lpm_clshift:lpm_clshift_component|lpm_clshift_euc:auto_generated|sbit_w[189]~34  ; |ALU|lpm_clshift0:inst19|lpm_clshift:lpm_clshift_component|lpm_clshift_euc:auto_generated|sbit_w[189]~34  ; out0             ;
; |ALU|lpm_clshift0:inst19|lpm_clshift:lpm_clshift_component|lpm_clshift_euc:auto_generated|sbit_w[188]~35  ; |ALU|lpm_clshift0:inst19|lpm_clshift:lpm_clshift_component|lpm_clshift_euc:auto_generated|sbit_w[188]~35  ; out0             ;
; |ALU|lpm_clshift0:inst19|lpm_clshift:lpm_clshift_component|lpm_clshift_euc:auto_generated|sbit_w[187]~36  ; |ALU|lpm_clshift0:inst19|lpm_clshift:lpm_clshift_component|lpm_clshift_euc:auto_generated|sbit_w[187]~36  ; out0             ;
; |ALU|lpm_clshift0:inst19|lpm_clshift:lpm_clshift_component|lpm_clshift_euc:auto_generated|sbit_w[186]~37  ; |ALU|lpm_clshift0:inst19|lpm_clshift:lpm_clshift_component|lpm_clshift_euc:auto_generated|sbit_w[186]~37  ; out0             ;
; |ALU|lpm_clshift0:inst19|lpm_clshift:lpm_clshift_component|lpm_clshift_euc:auto_generated|sbit_w[185]~38  ; |ALU|lpm_clshift0:inst19|lpm_clshift:lpm_clshift_component|lpm_clshift_euc:auto_generated|sbit_w[185]~38  ; out0             ;
; |ALU|lpm_clshift0:inst19|lpm_clshift:lpm_clshift_component|lpm_clshift_euc:auto_generated|sbit_w[184]~39  ; |ALU|lpm_clshift0:inst19|lpm_clshift:lpm_clshift_component|lpm_clshift_euc:auto_generated|sbit_w[184]~39  ; out0             ;
; |ALU|lpm_clshift0:inst19|lpm_clshift:lpm_clshift_component|lpm_clshift_euc:auto_generated|sbit_w[183]~40  ; |ALU|lpm_clshift0:inst19|lpm_clshift:lpm_clshift_component|lpm_clshift_euc:auto_generated|sbit_w[183]~40  ; out0             ;
; |ALU|lpm_clshift0:inst19|lpm_clshift:lpm_clshift_component|lpm_clshift_euc:auto_generated|sbit_w[182]~41  ; |ALU|lpm_clshift0:inst19|lpm_clshift:lpm_clshift_component|lpm_clshift_euc:auto_generated|sbit_w[182]~41  ; out0             ;
; |ALU|lpm_clshift0:inst19|lpm_clshift:lpm_clshift_component|lpm_clshift_euc:auto_generated|sbit_w[181]~42  ; |ALU|lpm_clshift0:inst19|lpm_clshift:lpm_clshift_component|lpm_clshift_euc:auto_generated|sbit_w[181]~42  ; out0             ;
; |ALU|lpm_clshift0:inst19|lpm_clshift:lpm_clshift_component|lpm_clshift_euc:auto_generated|sbit_w[180]~43  ; |ALU|lpm_clshift0:inst19|lpm_clshift:lpm_clshift_component|lpm_clshift_euc:auto_generated|sbit_w[180]~43  ; out0             ;
; |ALU|lpm_clshift0:inst19|lpm_clshift:lpm_clshift_component|lpm_clshift_euc:auto_generated|sbit_w[179]~44  ; |ALU|lpm_clshift0:inst19|lpm_clshift:lpm_clshift_component|lpm_clshift_euc:auto_generated|sbit_w[179]~44  ; out0             ;
; |ALU|lpm_clshift0:inst19|lpm_clshift:lpm_clshift_component|lpm_clshift_euc:auto_generated|sbit_w[178]~45  ; |ALU|lpm_clshift0:inst19|lpm_clshift:lpm_clshift_component|lpm_clshift_euc:auto_generated|sbit_w[178]~45  ; out0             ;
; |ALU|lpm_clshift0:inst19|lpm_clshift:lpm_clshift_component|lpm_clshift_euc:auto_generated|sbit_w[177]~46  ; |ALU|lpm_clshift0:inst19|lpm_clshift:lpm_clshift_component|lpm_clshift_euc:auto_generated|sbit_w[177]~46  ; out0             ;
; |ALU|lpm_clshift0:inst19|lpm_clshift:lpm_clshift_component|lpm_clshift_euc:auto_generated|sbit_w[176]~47  ; |ALU|lpm_clshift0:inst19|lpm_clshift:lpm_clshift_component|lpm_clshift_euc:auto_generated|sbit_w[176]~47  ; out0             ;
; |ALU|lpm_clshift0:inst19|lpm_clshift:lpm_clshift_component|lpm_clshift_euc:auto_generated|sbit_w[175]~48  ; |ALU|lpm_clshift0:inst19|lpm_clshift:lpm_clshift_component|lpm_clshift_euc:auto_generated|sbit_w[175]~48  ; out0             ;
; |ALU|lpm_clshift0:inst19|lpm_clshift:lpm_clshift_component|lpm_clshift_euc:auto_generated|sbit_w[174]~49  ; |ALU|lpm_clshift0:inst19|lpm_clshift:lpm_clshift_component|lpm_clshift_euc:auto_generated|sbit_w[174]~49  ; out0             ;
; |ALU|lpm_clshift0:inst19|lpm_clshift:lpm_clshift_component|lpm_clshift_euc:auto_generated|sbit_w[173]~50  ; |ALU|lpm_clshift0:inst19|lpm_clshift:lpm_clshift_component|lpm_clshift_euc:auto_generated|sbit_w[173]~50  ; out0             ;
; |ALU|lpm_clshift0:inst19|lpm_clshift:lpm_clshift_component|lpm_clshift_euc:auto_generated|sbit_w[172]~51  ; |ALU|lpm_clshift0:inst19|lpm_clshift:lpm_clshift_component|lpm_clshift_euc:auto_generated|sbit_w[172]~51  ; out0             ;
; |ALU|lpm_clshift0:inst19|lpm_clshift:lpm_clshift_component|lpm_clshift_euc:auto_generated|sbit_w[171]~52  ; |ALU|lpm_clshift0:inst19|lpm_clshift:lpm_clshift_component|lpm_clshift_euc:auto_generated|sbit_w[171]~52  ; out0             ;
; |ALU|lpm_clshift0:inst19|lpm_clshift:lpm_clshift_component|lpm_clshift_euc:auto_generated|sbit_w[170]~53  ; |ALU|lpm_clshift0:inst19|lpm_clshift:lpm_clshift_component|lpm_clshift_euc:auto_generated|sbit_w[170]~53  ; out0             ;
; |ALU|lpm_clshift0:inst19|lpm_clshift:lpm_clshift_component|lpm_clshift_euc:auto_generated|sbit_w[169]~54  ; |ALU|lpm_clshift0:inst19|lpm_clshift:lpm_clshift_component|lpm_clshift_euc:auto_generated|sbit_w[169]~54  ; out0             ;
; |ALU|lpm_clshift0:inst19|lpm_clshift:lpm_clshift_component|lpm_clshift_euc:auto_generated|sbit_w[168]~55  ; |ALU|lpm_clshift0:inst19|lpm_clshift:lpm_clshift_component|lpm_clshift_euc:auto_generated|sbit_w[168]~55  ; out0             ;
; |ALU|lpm_clshift0:inst19|lpm_clshift:lpm_clshift_component|lpm_clshift_euc:auto_generated|sbit_w[167]~56  ; |ALU|lpm_clshift0:inst19|lpm_clshift:lpm_clshift_component|lpm_clshift_euc:auto_generated|sbit_w[167]~56  ; out0             ;
; |ALU|lpm_clshift0:inst19|lpm_clshift:lpm_clshift_component|lpm_clshift_euc:auto_generated|sbit_w[166]~57  ; |ALU|lpm_clshift0:inst19|lpm_clshift:lpm_clshift_component|lpm_clshift_euc:auto_generated|sbit_w[166]~57  ; out0             ;
; |ALU|lpm_clshift0:inst19|lpm_clshift:lpm_clshift_component|lpm_clshift_euc:auto_generated|sbit_w[165]~58  ; |ALU|lpm_clshift0:inst19|lpm_clshift:lpm_clshift_component|lpm_clshift_euc:auto_generated|sbit_w[165]~58  ; out0             ;
; |ALU|lpm_clshift0:inst19|lpm_clshift:lpm_clshift_component|lpm_clshift_euc:auto_generated|sbit_w[164]~59  ; |ALU|lpm_clshift0:inst19|lpm_clshift:lpm_clshift_component|lpm_clshift_euc:auto_generated|sbit_w[164]~59  ; out0             ;
; |ALU|lpm_clshift0:inst19|lpm_clshift:lpm_clshift_component|lpm_clshift_euc:auto_generated|sbit_w[163]~60  ; |ALU|lpm_clshift0:inst19|lpm_clshift:lpm_clshift_component|lpm_clshift_euc:auto_generated|sbit_w[163]~60  ; out0             ;
; |ALU|lpm_clshift0:inst19|lpm_clshift:lpm_clshift_component|lpm_clshift_euc:auto_generated|sbit_w[162]~61  ; |ALU|lpm_clshift0:inst19|lpm_clshift:lpm_clshift_component|lpm_clshift_euc:auto_generated|sbit_w[162]~61  ; out0             ;
; |ALU|lpm_clshift0:inst19|lpm_clshift:lpm_clshift_component|lpm_clshift_euc:auto_generated|sbit_w[161]~62  ; |ALU|lpm_clshift0:inst19|lpm_clshift:lpm_clshift_component|lpm_clshift_euc:auto_generated|sbit_w[161]~62  ; out0             ;
; |ALU|lpm_clshift0:inst19|lpm_clshift:lpm_clshift_component|lpm_clshift_euc:auto_generated|sbit_w[160]~63  ; |ALU|lpm_clshift0:inst19|lpm_clshift:lpm_clshift_component|lpm_clshift_euc:auto_generated|sbit_w[160]~63  ; out0             ;
; |ALU|lpm_clshift0:inst19|lpm_clshift:lpm_clshift_component|lpm_clshift_euc:auto_generated|sbit_w[191]     ; |ALU|lpm_clshift0:inst19|lpm_clshift:lpm_clshift_component|lpm_clshift_euc:auto_generated|sbit_w[191]     ; out0             ;
; |ALU|lpm_clshift0:inst19|lpm_clshift:lpm_clshift_component|lpm_clshift_euc:auto_generated|sbit_w[190]     ; |ALU|lpm_clshift0:inst19|lpm_clshift:lpm_clshift_component|lpm_clshift_euc:auto_generated|sbit_w[190]     ; out0             ;
; |ALU|lpm_clshift0:inst19|lpm_clshift:lpm_clshift_component|lpm_clshift_euc:auto_generated|sbit_w[189]     ; |ALU|lpm_clshift0:inst19|lpm_clshift:lpm_clshift_component|lpm_clshift_euc:auto_generated|sbit_w[189]     ; out0             ;
; |ALU|lpm_clshift0:inst19|lpm_clshift:lpm_clshift_component|lpm_clshift_euc:auto_generated|sbit_w[188]     ; |ALU|lpm_clshift0:inst19|lpm_clshift:lpm_clshift_component|lpm_clshift_euc:auto_generated|sbit_w[188]     ; out0             ;
; |ALU|lpm_clshift0:inst19|lpm_clshift:lpm_clshift_component|lpm_clshift_euc:auto_generated|sbit_w[187]     ; |ALU|lpm_clshift0:inst19|lpm_clshift:lpm_clshift_component|lpm_clshift_euc:auto_generated|sbit_w[187]     ; out0             ;
; |ALU|lpm_clshift0:inst19|lpm_clshift:lpm_clshift_component|lpm_clshift_euc:auto_generated|sbit_w[186]     ; |ALU|lpm_clshift0:inst19|lpm_clshift:lpm_clshift_component|lpm_clshift_euc:auto_generated|sbit_w[186]     ; out0             ;
; |ALU|lpm_clshift0:inst19|lpm_clshift:lpm_clshift_component|lpm_clshift_euc:auto_generated|sbit_w[185]     ; |ALU|lpm_clshift0:inst19|lpm_clshift:lpm_clshift_component|lpm_clshift_euc:auto_generated|sbit_w[185]     ; out0             ;
; |ALU|lpm_clshift0:inst19|lpm_clshift:lpm_clshift_component|lpm_clshift_euc:auto_generated|sbit_w[184]     ; |ALU|lpm_clshift0:inst19|lpm_clshift:lpm_clshift_component|lpm_clshift_euc:auto_generated|sbit_w[184]     ; out0             ;
; |ALU|lpm_clshift0:inst19|lpm_clshift:lpm_clshift_component|lpm_clshift_euc:auto_generated|sbit_w[183]     ; |ALU|lpm_clshift0:inst19|lpm_clshift:lpm_clshift_component|lpm_clshift_euc:auto_generated|sbit_w[183]     ; out0             ;
; |ALU|lpm_clshift0:inst19|lpm_clshift:lpm_clshift_component|lpm_clshift_euc:auto_generated|sbit_w[182]     ; |ALU|lpm_clshift0:inst19|lpm_clshift:lpm_clshift_component|lpm_clshift_euc:auto_generated|sbit_w[182]     ; out0             ;
; |ALU|lpm_clshift0:inst19|lpm_clshift:lpm_clshift_component|lpm_clshift_euc:auto_generated|sbit_w[181]     ; |ALU|lpm_clshift0:inst19|lpm_clshift:lpm_clshift_component|lpm_clshift_euc:auto_generated|sbit_w[181]     ; out0             ;
; |ALU|lpm_clshift0:inst19|lpm_clshift:lpm_clshift_component|lpm_clshift_euc:auto_generated|sbit_w[180]     ; |ALU|lpm_clshift0:inst19|lpm_clshift:lpm_clshift_component|lpm_clshift_euc:auto_generated|sbit_w[180]     ; out0             ;
; |ALU|lpm_clshift0:inst19|lpm_clshift:lpm_clshift_component|lpm_clshift_euc:auto_generated|sbit_w[179]     ; |ALU|lpm_clshift0:inst19|lpm_clshift:lpm_clshift_component|lpm_clshift_euc:auto_generated|sbit_w[179]     ; out0             ;
; |ALU|lpm_clshift0:inst19|lpm_clshift:lpm_clshift_component|lpm_clshift_euc:auto_generated|sbit_w[178]     ; |ALU|lpm_clshift0:inst19|lpm_clshift:lpm_clshift_component|lpm_clshift_euc:auto_generated|sbit_w[178]     ; out0             ;
; |ALU|lpm_clshift0:inst19|lpm_clshift:lpm_clshift_component|lpm_clshift_euc:auto_generated|sbit_w[177]     ; |ALU|lpm_clshift0:inst19|lpm_clshift:lpm_clshift_component|lpm_clshift_euc:auto_generated|sbit_w[177]     ; out0             ;
; |ALU|lpm_clshift0:inst19|lpm_clshift:lpm_clshift_component|lpm_clshift_euc:auto_generated|sbit_w[176]     ; |ALU|lpm_clshift0:inst19|lpm_clshift:lpm_clshift_component|lpm_clshift_euc:auto_generated|sbit_w[176]     ; out0             ;
; |ALU|lpm_clshift0:inst19|lpm_clshift:lpm_clshift_component|lpm_clshift_euc:auto_generated|sbit_w[175]     ; |ALU|lpm_clshift0:inst19|lpm_clshift:lpm_clshift_component|lpm_clshift_euc:auto_generated|sbit_w[175]     ; out0             ;
; |ALU|lpm_clshift0:inst19|lpm_clshift:lpm_clshift_component|lpm_clshift_euc:auto_generated|sbit_w[174]     ; |ALU|lpm_clshift0:inst19|lpm_clshift:lpm_clshift_component|lpm_clshift_euc:auto_generated|sbit_w[174]     ; out0             ;
; |ALU|lpm_clshift0:inst19|lpm_clshift:lpm_clshift_component|lpm_clshift_euc:auto_generated|sbit_w[173]     ; |ALU|lpm_clshift0:inst19|lpm_clshift:lpm_clshift_component|lpm_clshift_euc:auto_generated|sbit_w[173]     ; out0             ;
; |ALU|lpm_clshift0:inst19|lpm_clshift:lpm_clshift_component|lpm_clshift_euc:auto_generated|sbit_w[172]     ; |ALU|lpm_clshift0:inst19|lpm_clshift:lpm_clshift_component|lpm_clshift_euc:auto_generated|sbit_w[172]     ; out0             ;
; |ALU|lpm_clshift0:inst19|lpm_clshift:lpm_clshift_component|lpm_clshift_euc:auto_generated|sbit_w[171]     ; |ALU|lpm_clshift0:inst19|lpm_clshift:lpm_clshift_component|lpm_clshift_euc:auto_generated|sbit_w[171]     ; out0             ;
; |ALU|lpm_clshift0:inst19|lpm_clshift:lpm_clshift_component|lpm_clshift_euc:auto_generated|sbit_w[170]     ; |ALU|lpm_clshift0:inst19|lpm_clshift:lpm_clshift_component|lpm_clshift_euc:auto_generated|sbit_w[170]     ; out0             ;
; |ALU|lpm_clshift0:inst19|lpm_clshift:lpm_clshift_component|lpm_clshift_euc:auto_generated|sbit_w[169]     ; |ALU|lpm_clshift0:inst19|lpm_clshift:lpm_clshift_component|lpm_clshift_euc:auto_generated|sbit_w[169]     ; out0             ;
; |ALU|lpm_clshift0:inst19|lpm_clshift:lpm_clshift_component|lpm_clshift_euc:auto_generated|sbit_w[168]     ; |ALU|lpm_clshift0:inst19|lpm_clshift:lpm_clshift_component|lpm_clshift_euc:auto_generated|sbit_w[168]     ; out0             ;
; |ALU|lpm_clshift0:inst19|lpm_clshift:lpm_clshift_component|lpm_clshift_euc:auto_generated|sbit_w[167]     ; |ALU|lpm_clshift0:inst19|lpm_clshift:lpm_clshift_component|lpm_clshift_euc:auto_generated|sbit_w[167]     ; out0             ;
; |ALU|lpm_clshift0:inst19|lpm_clshift:lpm_clshift_component|lpm_clshift_euc:auto_generated|sbit_w[166]     ; |ALU|lpm_clshift0:inst19|lpm_clshift:lpm_clshift_component|lpm_clshift_euc:auto_generated|sbit_w[166]     ; out0             ;
; |ALU|lpm_clshift0:inst19|lpm_clshift:lpm_clshift_component|lpm_clshift_euc:auto_generated|sbit_w[165]     ; |ALU|lpm_clshift0:inst19|lpm_clshift:lpm_clshift_component|lpm_clshift_euc:auto_generated|sbit_w[165]     ; out0             ;
; |ALU|lpm_clshift0:inst19|lpm_clshift:lpm_clshift_component|lpm_clshift_euc:auto_generated|sbit_w[164]     ; |ALU|lpm_clshift0:inst19|lpm_clshift:lpm_clshift_component|lpm_clshift_euc:auto_generated|sbit_w[164]     ; out0             ;
; |ALU|lpm_clshift0:inst19|lpm_clshift:lpm_clshift_component|lpm_clshift_euc:auto_generated|sbit_w[163]     ; |ALU|lpm_clshift0:inst19|lpm_clshift:lpm_clshift_component|lpm_clshift_euc:auto_generated|sbit_w[163]     ; out0             ;
; |ALU|lpm_clshift0:inst19|lpm_clshift:lpm_clshift_component|lpm_clshift_euc:auto_generated|sbit_w[162]     ; |ALU|lpm_clshift0:inst19|lpm_clshift:lpm_clshift_component|lpm_clshift_euc:auto_generated|sbit_w[162]     ; out0             ;
; |ALU|lpm_clshift0:inst19|lpm_clshift:lpm_clshift_component|lpm_clshift_euc:auto_generated|sbit_w[161]     ; |ALU|lpm_clshift0:inst19|lpm_clshift:lpm_clshift_component|lpm_clshift_euc:auto_generated|sbit_w[161]     ; out0             ;
; |ALU|lpm_clshift0:inst19|lpm_clshift:lpm_clshift_component|lpm_clshift_euc:auto_generated|sbit_w[160]     ; |ALU|lpm_clshift0:inst19|lpm_clshift:lpm_clshift_component|lpm_clshift_euc:auto_generated|sbit_w[160]     ; out0             ;
; |ALU|lpm_clshift0:inst19|lpm_clshift:lpm_clshift_component|lpm_clshift_euc:auto_generated|_~104           ; |ALU|lpm_clshift0:inst19|lpm_clshift:lpm_clshift_component|lpm_clshift_euc:auto_generated|_~104           ; out0             ;
; |ALU|lpm_clshift0:inst19|lpm_clshift:lpm_clshift_component|lpm_clshift_euc:auto_generated|_~105           ; |ALU|lpm_clshift0:inst19|lpm_clshift:lpm_clshift_component|lpm_clshift_euc:auto_generated|_~105           ; out0             ;
; |ALU|lpm_clshift0:inst19|lpm_clshift:lpm_clshift_component|lpm_clshift_euc:auto_generated|_~106           ; |ALU|lpm_clshift0:inst19|lpm_clshift:lpm_clshift_component|lpm_clshift_euc:auto_generated|_~106           ; out0             ;
; |ALU|lpm_clshift0:inst19|lpm_clshift:lpm_clshift_component|lpm_clshift_euc:auto_generated|_~107           ; |ALU|lpm_clshift0:inst19|lpm_clshift:lpm_clshift_component|lpm_clshift_euc:auto_generated|_~107           ; out0             ;
; |ALU|lpm_clshift0:inst19|lpm_clshift:lpm_clshift_component|lpm_clshift_euc:auto_generated|_~108           ; |ALU|lpm_clshift0:inst19|lpm_clshift:lpm_clshift_component|lpm_clshift_euc:auto_generated|_~108           ; out0             ;
; |ALU|lpm_clshift0:inst19|lpm_clshift:lpm_clshift_component|lpm_clshift_euc:auto_generated|_~109           ; |ALU|lpm_clshift0:inst19|lpm_clshift:lpm_clshift_component|lpm_clshift_euc:auto_generated|_~109           ; out0             ;
; |ALU|lpm_clshift0:inst19|lpm_clshift:lpm_clshift_component|lpm_clshift_euc:auto_generated|_~110           ; |ALU|lpm_clshift0:inst19|lpm_clshift:lpm_clshift_component|lpm_clshift_euc:auto_generated|_~110           ; out0             ;
; |ALU|lpm_clshift0:inst19|lpm_clshift:lpm_clshift_component|lpm_clshift_euc:auto_generated|_~111           ; |ALU|lpm_clshift0:inst19|lpm_clshift:lpm_clshift_component|lpm_clshift_euc:auto_generated|_~111           ; out0             ;
; |ALU|lpm_clshift0:inst19|lpm_clshift:lpm_clshift_component|lpm_clshift_euc:auto_generated|_~112           ; |ALU|lpm_clshift0:inst19|lpm_clshift:lpm_clshift_component|lpm_clshift_euc:auto_generated|_~112           ; out0             ;
; |ALU|lpm_clshift0:inst19|lpm_clshift:lpm_clshift_component|lpm_clshift_euc:auto_generated|_~113           ; |ALU|lpm_clshift0:inst19|lpm_clshift:lpm_clshift_component|lpm_clshift_euc:auto_generated|_~113           ; out0             ;
; |ALU|lpm_clshift0:inst19|lpm_clshift:lpm_clshift_component|lpm_clshift_euc:auto_generated|_~114           ; |ALU|lpm_clshift0:inst19|lpm_clshift:lpm_clshift_component|lpm_clshift_euc:auto_generated|_~114           ; out0             ;
; |ALU|lpm_clshift0:inst19|lpm_clshift:lpm_clshift_component|lpm_clshift_euc:auto_generated|_~115           ; |ALU|lpm_clshift0:inst19|lpm_clshift:lpm_clshift_component|lpm_clshift_euc:auto_generated|_~115           ; out0             ;
; |ALU|lpm_clshift0:inst19|lpm_clshift:lpm_clshift_component|lpm_clshift_euc:auto_generated|_~116           ; |ALU|lpm_clshift0:inst19|lpm_clshift:lpm_clshift_component|lpm_clshift_euc:auto_generated|_~116           ; out0             ;
; |ALU|lpm_clshift0:inst19|lpm_clshift:lpm_clshift_component|lpm_clshift_euc:auto_generated|_~117           ; |ALU|lpm_clshift0:inst19|lpm_clshift:lpm_clshift_component|lpm_clshift_euc:auto_generated|_~117           ; out0             ;
; |ALU|lpm_clshift0:inst19|lpm_clshift:lpm_clshift_component|lpm_clshift_euc:auto_generated|_~118           ; |ALU|lpm_clshift0:inst19|lpm_clshift:lpm_clshift_component|lpm_clshift_euc:auto_generated|_~118           ; out0             ;
; |ALU|lpm_clshift0:inst19|lpm_clshift:lpm_clshift_component|lpm_clshift_euc:auto_generated|_~119           ; |ALU|lpm_clshift0:inst19|lpm_clshift:lpm_clshift_component|lpm_clshift_euc:auto_generated|_~119           ; out0             ;
; |ALU|lpm_clshift0:inst19|lpm_clshift:lpm_clshift_component|lpm_clshift_euc:auto_generated|_~120           ; |ALU|lpm_clshift0:inst19|lpm_clshift:lpm_clshift_component|lpm_clshift_euc:auto_generated|_~120           ; out0             ;
; |ALU|lpm_clshift0:inst19|lpm_clshift:lpm_clshift_component|lpm_clshift_euc:auto_generated|_~121           ; |ALU|lpm_clshift0:inst19|lpm_clshift:lpm_clshift_component|lpm_clshift_euc:auto_generated|_~121           ; out0             ;
; |ALU|lpm_clshift0:inst19|lpm_clshift:lpm_clshift_component|lpm_clshift_euc:auto_generated|_~122           ; |ALU|lpm_clshift0:inst19|lpm_clshift:lpm_clshift_component|lpm_clshift_euc:auto_generated|_~122           ; out0             ;
; |ALU|lpm_clshift0:inst19|lpm_clshift:lpm_clshift_component|lpm_clshift_euc:auto_generated|_~123           ; |ALU|lpm_clshift0:inst19|lpm_clshift:lpm_clshift_component|lpm_clshift_euc:auto_generated|_~123           ; out0             ;
; |ALU|lpm_clshift0:inst19|lpm_clshift:lpm_clshift_component|lpm_clshift_euc:auto_generated|_~124           ; |ALU|lpm_clshift0:inst19|lpm_clshift:lpm_clshift_component|lpm_clshift_euc:auto_generated|_~124           ; out0             ;
; |ALU|lpm_clshift0:inst19|lpm_clshift:lpm_clshift_component|lpm_clshift_euc:auto_generated|_~125           ; |ALU|lpm_clshift0:inst19|lpm_clshift:lpm_clshift_component|lpm_clshift_euc:auto_generated|_~125           ; out0             ;
; |ALU|lpm_clshift0:inst19|lpm_clshift:lpm_clshift_component|lpm_clshift_euc:auto_generated|_~126           ; |ALU|lpm_clshift0:inst19|lpm_clshift:lpm_clshift_component|lpm_clshift_euc:auto_generated|_~126           ; out0             ;
; |ALU|lpm_clshift0:inst19|lpm_clshift:lpm_clshift_component|lpm_clshift_euc:auto_generated|_~127           ; |ALU|lpm_clshift0:inst19|lpm_clshift:lpm_clshift_component|lpm_clshift_euc:auto_generated|_~127           ; out0             ;
; |ALU|lpm_clshift0:inst19|lpm_clshift:lpm_clshift_component|lpm_clshift_euc:auto_generated|_~128           ; |ALU|lpm_clshift0:inst19|lpm_clshift:lpm_clshift_component|lpm_clshift_euc:auto_generated|_~128           ; out0             ;
; |ALU|lpm_clshift0:inst19|lpm_clshift:lpm_clshift_component|lpm_clshift_euc:auto_generated|_~129           ; |ALU|lpm_clshift0:inst19|lpm_clshift:lpm_clshift_component|lpm_clshift_euc:auto_generated|_~129           ; out0             ;
; |ALU|lpm_clshift0:inst19|lpm_clshift:lpm_clshift_component|lpm_clshift_euc:auto_generated|_~130           ; |ALU|lpm_clshift0:inst19|lpm_clshift:lpm_clshift_component|lpm_clshift_euc:auto_generated|_~130           ; out0             ;
; |ALU|lpm_clshift0:inst19|lpm_clshift:lpm_clshift_component|lpm_clshift_euc:auto_generated|_~131           ; |ALU|lpm_clshift0:inst19|lpm_clshift:lpm_clshift_component|lpm_clshift_euc:auto_generated|_~131           ; out0             ;
; |ALU|lpm_clshift0:inst19|lpm_clshift:lpm_clshift_component|lpm_clshift_euc:auto_generated|_~132           ; |ALU|lpm_clshift0:inst19|lpm_clshift:lpm_clshift_component|lpm_clshift_euc:auto_generated|_~132           ; out0             ;
; |ALU|lpm_clshift0:inst19|lpm_clshift:lpm_clshift_component|lpm_clshift_euc:auto_generated|_~133           ; |ALU|lpm_clshift0:inst19|lpm_clshift:lpm_clshift_component|lpm_clshift_euc:auto_generated|_~133           ; out0             ;
; |ALU|lpm_clshift0:inst19|lpm_clshift:lpm_clshift_component|lpm_clshift_euc:auto_generated|_~134           ; |ALU|lpm_clshift0:inst19|lpm_clshift:lpm_clshift_component|lpm_clshift_euc:auto_generated|_~134           ; out0             ;
; |ALU|lpm_clshift0:inst19|lpm_clshift:lpm_clshift_component|lpm_clshift_euc:auto_generated|_~135           ; |ALU|lpm_clshift0:inst19|lpm_clshift:lpm_clshift_component|lpm_clshift_euc:auto_generated|_~135           ; out0             ;
; |ALU|lpm_clshift0:inst19|lpm_clshift:lpm_clshift_component|lpm_clshift_euc:auto_generated|sbit_w[159]~96  ; |ALU|lpm_clshift0:inst19|lpm_clshift:lpm_clshift_component|lpm_clshift_euc:auto_generated|sbit_w[159]~96  ; out0             ;
; |ALU|lpm_clshift0:inst19|lpm_clshift:lpm_clshift_component|lpm_clshift_euc:auto_generated|sbit_w[158]~97  ; |ALU|lpm_clshift0:inst19|lpm_clshift:lpm_clshift_component|lpm_clshift_euc:auto_generated|sbit_w[158]~97  ; out0             ;
; |ALU|lpm_clshift0:inst19|lpm_clshift:lpm_clshift_component|lpm_clshift_euc:auto_generated|sbit_w[157]~98  ; |ALU|lpm_clshift0:inst19|lpm_clshift:lpm_clshift_component|lpm_clshift_euc:auto_generated|sbit_w[157]~98  ; out0             ;
; |ALU|lpm_clshift0:inst19|lpm_clshift:lpm_clshift_component|lpm_clshift_euc:auto_generated|sbit_w[156]~99  ; |ALU|lpm_clshift0:inst19|lpm_clshift:lpm_clshift_component|lpm_clshift_euc:auto_generated|sbit_w[156]~99  ; out0             ;
; |ALU|lpm_clshift0:inst19|lpm_clshift:lpm_clshift_component|lpm_clshift_euc:auto_generated|sbit_w[155]~100 ; |ALU|lpm_clshift0:inst19|lpm_clshift:lpm_clshift_component|lpm_clshift_euc:auto_generated|sbit_w[155]~100 ; out0             ;
; |ALU|lpm_clshift0:inst19|lpm_clshift:lpm_clshift_component|lpm_clshift_euc:auto_generated|sbit_w[154]~101 ; |ALU|lpm_clshift0:inst19|lpm_clshift:lpm_clshift_component|lpm_clshift_euc:auto_generated|sbit_w[154]~101 ; out0             ;
; |ALU|lpm_clshift0:inst19|lpm_clshift:lpm_clshift_component|lpm_clshift_euc:auto_generated|sbit_w[153]~102 ; |ALU|lpm_clshift0:inst19|lpm_clshift:lpm_clshift_component|lpm_clshift_euc:auto_generated|sbit_w[153]~102 ; out0             ;
; |ALU|lpm_clshift0:inst19|lpm_clshift:lpm_clshift_component|lpm_clshift_euc:auto_generated|sbit_w[152]~103 ; |ALU|lpm_clshift0:inst19|lpm_clshift:lpm_clshift_component|lpm_clshift_euc:auto_generated|sbit_w[152]~103 ; out0             ;
; |ALU|lpm_clshift0:inst19|lpm_clshift:lpm_clshift_component|lpm_clshift_euc:auto_generated|sbit_w[151]~104 ; |ALU|lpm_clshift0:inst19|lpm_clshift:lpm_clshift_component|lpm_clshift_euc:auto_generated|sbit_w[151]~104 ; out0             ;
; |ALU|lpm_clshift0:inst19|lpm_clshift:lpm_clshift_component|lpm_clshift_euc:auto_generated|sbit_w[150]~105 ; |ALU|lpm_clshift0:inst19|lpm_clshift:lpm_clshift_component|lpm_clshift_euc:auto_generated|sbit_w[150]~105 ; out0             ;
; |ALU|lpm_clshift0:inst19|lpm_clshift:lpm_clshift_component|lpm_clshift_euc:auto_generated|sbit_w[149]~106 ; |ALU|lpm_clshift0:inst19|lpm_clshift:lpm_clshift_component|lpm_clshift_euc:auto_generated|sbit_w[149]~106 ; out0             ;
; |ALU|lpm_clshift0:inst19|lpm_clshift:lpm_clshift_component|lpm_clshift_euc:auto_generated|sbit_w[148]~107 ; |ALU|lpm_clshift0:inst19|lpm_clshift:lpm_clshift_component|lpm_clshift_euc:auto_generated|sbit_w[148]~107 ; out0             ;
; |ALU|lpm_clshift0:inst19|lpm_clshift:lpm_clshift_component|lpm_clshift_euc:auto_generated|sbit_w[147]~108 ; |ALU|lpm_clshift0:inst19|lpm_clshift:lpm_clshift_component|lpm_clshift_euc:auto_generated|sbit_w[147]~108 ; out0             ;
; |ALU|lpm_clshift0:inst19|lpm_clshift:lpm_clshift_component|lpm_clshift_euc:auto_generated|sbit_w[146]~109 ; |ALU|lpm_clshift0:inst19|lpm_clshift:lpm_clshift_component|lpm_clshift_euc:auto_generated|sbit_w[146]~109 ; out0             ;
; |ALU|lpm_clshift0:inst19|lpm_clshift:lpm_clshift_component|lpm_clshift_euc:auto_generated|sbit_w[145]~110 ; |ALU|lpm_clshift0:inst19|lpm_clshift:lpm_clshift_component|lpm_clshift_euc:auto_generated|sbit_w[145]~110 ; out0             ;
; |ALU|lpm_clshift0:inst19|lpm_clshift:lpm_clshift_component|lpm_clshift_euc:auto_generated|sbit_w[144]~111 ; |ALU|lpm_clshift0:inst19|lpm_clshift:lpm_clshift_component|lpm_clshift_euc:auto_generated|sbit_w[144]~111 ; out0             ;
; |ALU|lpm_clshift0:inst19|lpm_clshift:lpm_clshift_component|lpm_clshift_euc:auto_generated|sbit_w[143]~112 ; |ALU|lpm_clshift0:inst19|lpm_clshift:lpm_clshift_component|lpm_clshift_euc:auto_generated|sbit_w[143]~112 ; out0             ;
; |ALU|lpm_clshift0:inst19|lpm_clshift:lpm_clshift_component|lpm_clshift_euc:auto_generated|sbit_w[142]~113 ; |ALU|lpm_clshift0:inst19|lpm_clshift:lpm_clshift_component|lpm_clshift_euc:auto_generated|sbit_w[142]~113 ; out0             ;
; |ALU|lpm_clshift0:inst19|lpm_clshift:lpm_clshift_component|lpm_clshift_euc:auto_generated|sbit_w[141]~114 ; |ALU|lpm_clshift0:inst19|lpm_clshift:lpm_clshift_component|lpm_clshift_euc:auto_generated|sbit_w[141]~114 ; out0             ;
; |ALU|lpm_clshift0:inst19|lpm_clshift:lpm_clshift_component|lpm_clshift_euc:auto_generated|sbit_w[140]~115 ; |ALU|lpm_clshift0:inst19|lpm_clshift:lpm_clshift_component|lpm_clshift_euc:auto_generated|sbit_w[140]~115 ; out0             ;
; |ALU|lpm_clshift0:inst19|lpm_clshift:lpm_clshift_component|lpm_clshift_euc:auto_generated|sbit_w[139]~116 ; |ALU|lpm_clshift0:inst19|lpm_clshift:lpm_clshift_component|lpm_clshift_euc:auto_generated|sbit_w[139]~116 ; out0             ;
; |ALU|lpm_clshift0:inst19|lpm_clshift:lpm_clshift_component|lpm_clshift_euc:auto_generated|sbit_w[138]~117 ; |ALU|lpm_clshift0:inst19|lpm_clshift:lpm_clshift_component|lpm_clshift_euc:auto_generated|sbit_w[138]~117 ; out0             ;
; |ALU|lpm_clshift0:inst19|lpm_clshift:lpm_clshift_component|lpm_clshift_euc:auto_generated|sbit_w[137]~118 ; |ALU|lpm_clshift0:inst19|lpm_clshift:lpm_clshift_component|lpm_clshift_euc:auto_generated|sbit_w[137]~118 ; out0             ;
; |ALU|lpm_clshift0:inst19|lpm_clshift:lpm_clshift_component|lpm_clshift_euc:auto_generated|sbit_w[136]~119 ; |ALU|lpm_clshift0:inst19|lpm_clshift:lpm_clshift_component|lpm_clshift_euc:auto_generated|sbit_w[136]~119 ; out0             ;
; |ALU|lpm_clshift0:inst19|lpm_clshift:lpm_clshift_component|lpm_clshift_euc:auto_generated|sbit_w[135]~120 ; |ALU|lpm_clshift0:inst19|lpm_clshift:lpm_clshift_component|lpm_clshift_euc:auto_generated|sbit_w[135]~120 ; out0             ;
; |ALU|lpm_clshift0:inst19|lpm_clshift:lpm_clshift_component|lpm_clshift_euc:auto_generated|sbit_w[134]~121 ; |ALU|lpm_clshift0:inst19|lpm_clshift:lpm_clshift_component|lpm_clshift_euc:auto_generated|sbit_w[134]~121 ; out0             ;
; |ALU|lpm_clshift0:inst19|lpm_clshift:lpm_clshift_component|lpm_clshift_euc:auto_generated|sbit_w[133]~122 ; |ALU|lpm_clshift0:inst19|lpm_clshift:lpm_clshift_component|lpm_clshift_euc:auto_generated|sbit_w[133]~122 ; out0             ;
; |ALU|lpm_clshift0:inst19|lpm_clshift:lpm_clshift_component|lpm_clshift_euc:auto_generated|sbit_w[132]~123 ; |ALU|lpm_clshift0:inst19|lpm_clshift:lpm_clshift_component|lpm_clshift_euc:auto_generated|sbit_w[132]~123 ; out0             ;
; |ALU|lpm_clshift0:inst19|lpm_clshift:lpm_clshift_component|lpm_clshift_euc:auto_generated|sbit_w[131]~124 ; |ALU|lpm_clshift0:inst19|lpm_clshift:lpm_clshift_component|lpm_clshift_euc:auto_generated|sbit_w[131]~124 ; out0             ;
; |ALU|lpm_clshift0:inst19|lpm_clshift:lpm_clshift_component|lpm_clshift_euc:auto_generated|sbit_w[130]~125 ; |ALU|lpm_clshift0:inst19|lpm_clshift:lpm_clshift_component|lpm_clshift_euc:auto_generated|sbit_w[130]~125 ; out0             ;
; |ALU|lpm_clshift0:inst19|lpm_clshift:lpm_clshift_component|lpm_clshift_euc:auto_generated|sbit_w[129]~126 ; |ALU|lpm_clshift0:inst19|lpm_clshift:lpm_clshift_component|lpm_clshift_euc:auto_generated|sbit_w[129]~126 ; out0             ;
; |ALU|lpm_clshift0:inst19|lpm_clshift:lpm_clshift_component|lpm_clshift_euc:auto_generated|sbit_w[128]~127 ; |ALU|lpm_clshift0:inst19|lpm_clshift:lpm_clshift_component|lpm_clshift_euc:auto_generated|sbit_w[128]~127 ; out0             ;
; |ALU|lpm_clshift0:inst19|lpm_clshift:lpm_clshift_component|lpm_clshift_euc:auto_generated|sbit_w[159]     ; |ALU|lpm_clshift0:inst19|lpm_clshift:lpm_clshift_component|lpm_clshift_euc:auto_generated|sbit_w[159]     ; out0             ;
; |ALU|lpm_clshift0:inst19|lpm_clshift:lpm_clshift_component|lpm_clshift_euc:auto_generated|sbit_w[158]     ; |ALU|lpm_clshift0:inst19|lpm_clshift:lpm_clshift_component|lpm_clshift_euc:auto_generated|sbit_w[158]     ; out0             ;
; |ALU|lpm_clshift0:inst19|lpm_clshift:lpm_clshift_component|lpm_clshift_euc:auto_generated|sbit_w[157]     ; |ALU|lpm_clshift0:inst19|lpm_clshift:lpm_clshift_component|lpm_clshift_euc:auto_generated|sbit_w[157]     ; out0             ;
; |ALU|lpm_clshift0:inst19|lpm_clshift:lpm_clshift_component|lpm_clshift_euc:auto_generated|sbit_w[156]     ; |ALU|lpm_clshift0:inst19|lpm_clshift:lpm_clshift_component|lpm_clshift_euc:auto_generated|sbit_w[156]     ; out0             ;
; |ALU|lpm_clshift0:inst19|lpm_clshift:lpm_clshift_component|lpm_clshift_euc:auto_generated|sbit_w[155]     ; |ALU|lpm_clshift0:inst19|lpm_clshift:lpm_clshift_component|lpm_clshift_euc:auto_generated|sbit_w[155]     ; out0             ;
; |ALU|lpm_clshift0:inst19|lpm_clshift:lpm_clshift_component|lpm_clshift_euc:auto_generated|sbit_w[154]     ; |ALU|lpm_clshift0:inst19|lpm_clshift:lpm_clshift_component|lpm_clshift_euc:auto_generated|sbit_w[154]     ; out0             ;
; |ALU|lpm_clshift0:inst19|lpm_clshift:lpm_clshift_component|lpm_clshift_euc:auto_generated|sbit_w[153]     ; |ALU|lpm_clshift0:inst19|lpm_clshift:lpm_clshift_component|lpm_clshift_euc:auto_generated|sbit_w[153]     ; out0             ;
; |ALU|lpm_clshift0:inst19|lpm_clshift:lpm_clshift_component|lpm_clshift_euc:auto_generated|sbit_w[152]     ; |ALU|lpm_clshift0:inst19|lpm_clshift:lpm_clshift_component|lpm_clshift_euc:auto_generated|sbit_w[152]     ; out0             ;
; |ALU|lpm_clshift0:inst19|lpm_clshift:lpm_clshift_component|lpm_clshift_euc:auto_generated|sbit_w[151]     ; |ALU|lpm_clshift0:inst19|lpm_clshift:lpm_clshift_component|lpm_clshift_euc:auto_generated|sbit_w[151]     ; out0             ;
; |ALU|lpm_clshift0:inst19|lpm_clshift:lpm_clshift_component|lpm_clshift_euc:auto_generated|sbit_w[150]     ; |ALU|lpm_clshift0:inst19|lpm_clshift:lpm_clshift_component|lpm_clshift_euc:auto_generated|sbit_w[150]     ; out0             ;
; |ALU|lpm_clshift0:inst19|lpm_clshift:lpm_clshift_component|lpm_clshift_euc:auto_generated|sbit_w[149]     ; |ALU|lpm_clshift0:inst19|lpm_clshift:lpm_clshift_component|lpm_clshift_euc:auto_generated|sbit_w[149]     ; out0             ;
; |ALU|lpm_clshift0:inst19|lpm_clshift:lpm_clshift_component|lpm_clshift_euc:auto_generated|sbit_w[148]     ; |ALU|lpm_clshift0:inst19|lpm_clshift:lpm_clshift_component|lpm_clshift_euc:auto_generated|sbit_w[148]     ; out0             ;
; |ALU|lpm_clshift0:inst19|lpm_clshift:lpm_clshift_component|lpm_clshift_euc:auto_generated|sbit_w[147]     ; |ALU|lpm_clshift0:inst19|lpm_clshift:lpm_clshift_component|lpm_clshift_euc:auto_generated|sbit_w[147]     ; out0             ;
; |ALU|lpm_clshift0:inst19|lpm_clshift:lpm_clshift_component|lpm_clshift_euc:auto_generated|sbit_w[146]     ; |ALU|lpm_clshift0:inst19|lpm_clshift:lpm_clshift_component|lpm_clshift_euc:auto_generated|sbit_w[146]     ; out0             ;
; |ALU|lpm_clshift0:inst19|lpm_clshift:lpm_clshift_component|lpm_clshift_euc:auto_generated|sbit_w[145]     ; |ALU|lpm_clshift0:inst19|lpm_clshift:lpm_clshift_component|lpm_clshift_euc:auto_generated|sbit_w[145]     ; out0             ;
; |ALU|lpm_clshift0:inst19|lpm_clshift:lpm_clshift_component|lpm_clshift_euc:auto_generated|sbit_w[144]     ; |ALU|lpm_clshift0:inst19|lpm_clshift:lpm_clshift_component|lpm_clshift_euc:auto_generated|sbit_w[144]     ; out0             ;
; |ALU|lpm_clshift0:inst19|lpm_clshift:lpm_clshift_component|lpm_clshift_euc:auto_generated|sbit_w[143]     ; |ALU|lpm_clshift0:inst19|lpm_clshift:lpm_clshift_component|lpm_clshift_euc:auto_generated|sbit_w[143]     ; out0             ;
; |ALU|lpm_clshift0:inst19|lpm_clshift:lpm_clshift_component|lpm_clshift_euc:auto_generated|sbit_w[142]     ; |ALU|lpm_clshift0:inst19|lpm_clshift:lpm_clshift_component|lpm_clshift_euc:auto_generated|sbit_w[142]     ; out0             ;
; |ALU|lpm_clshift0:inst19|lpm_clshift:lpm_clshift_component|lpm_clshift_euc:auto_generated|sbit_w[141]     ; |ALU|lpm_clshift0:inst19|lpm_clshift:lpm_clshift_component|lpm_clshift_euc:auto_generated|sbit_w[141]     ; out0             ;
; |ALU|lpm_clshift0:inst19|lpm_clshift:lpm_clshift_component|lpm_clshift_euc:auto_generated|sbit_w[140]     ; |ALU|lpm_clshift0:inst19|lpm_clshift:lpm_clshift_component|lpm_clshift_euc:auto_generated|sbit_w[140]     ; out0             ;
; |ALU|lpm_clshift0:inst19|lpm_clshift:lpm_clshift_component|lpm_clshift_euc:auto_generated|sbit_w[139]     ; |ALU|lpm_clshift0:inst19|lpm_clshift:lpm_clshift_component|lpm_clshift_euc:auto_generated|sbit_w[139]     ; out0             ;
; |ALU|lpm_clshift0:inst19|lpm_clshift:lpm_clshift_component|lpm_clshift_euc:auto_generated|sbit_w[138]     ; |ALU|lpm_clshift0:inst19|lpm_clshift:lpm_clshift_component|lpm_clshift_euc:auto_generated|sbit_w[138]     ; out0             ;
; |ALU|lpm_clshift0:inst19|lpm_clshift:lpm_clshift_component|lpm_clshift_euc:auto_generated|sbit_w[137]     ; |ALU|lpm_clshift0:inst19|lpm_clshift:lpm_clshift_component|lpm_clshift_euc:auto_generated|sbit_w[137]     ; out0             ;
; |ALU|lpm_clshift0:inst19|lpm_clshift:lpm_clshift_component|lpm_clshift_euc:auto_generated|sbit_w[136]     ; |ALU|lpm_clshift0:inst19|lpm_clshift:lpm_clshift_component|lpm_clshift_euc:auto_generated|sbit_w[136]     ; out0             ;
; |ALU|lpm_clshift0:inst19|lpm_clshift:lpm_clshift_component|lpm_clshift_euc:auto_generated|sbit_w[135]     ; |ALU|lpm_clshift0:inst19|lpm_clshift:lpm_clshift_component|lpm_clshift_euc:auto_generated|sbit_w[135]     ; out0             ;
; |ALU|lpm_clshift0:inst19|lpm_clshift:lpm_clshift_component|lpm_clshift_euc:auto_generated|sbit_w[134]     ; |ALU|lpm_clshift0:inst19|lpm_clshift:lpm_clshift_component|lpm_clshift_euc:auto_generated|sbit_w[134]     ; out0             ;
; |ALU|lpm_clshift0:inst19|lpm_clshift:lpm_clshift_component|lpm_clshift_euc:auto_generated|sbit_w[133]     ; |ALU|lpm_clshift0:inst19|lpm_clshift:lpm_clshift_component|lpm_clshift_euc:auto_generated|sbit_w[133]     ; out0             ;
; |ALU|lpm_clshift0:inst19|lpm_clshift:lpm_clshift_component|lpm_clshift_euc:auto_generated|sbit_w[132]     ; |ALU|lpm_clshift0:inst19|lpm_clshift:lpm_clshift_component|lpm_clshift_euc:auto_generated|sbit_w[132]     ; out0             ;
; |ALU|lpm_clshift0:inst19|lpm_clshift:lpm_clshift_component|lpm_clshift_euc:auto_generated|sbit_w[131]     ; |ALU|lpm_clshift0:inst19|lpm_clshift:lpm_clshift_component|lpm_clshift_euc:auto_generated|sbit_w[131]     ; out0             ;
; |ALU|lpm_clshift0:inst19|lpm_clshift:lpm_clshift_component|lpm_clshift_euc:auto_generated|sbit_w[130]     ; |ALU|lpm_clshift0:inst19|lpm_clshift:lpm_clshift_component|lpm_clshift_euc:auto_generated|sbit_w[130]     ; out0             ;
; |ALU|lpm_clshift0:inst19|lpm_clshift:lpm_clshift_component|lpm_clshift_euc:auto_generated|sbit_w[129]     ; |ALU|lpm_clshift0:inst19|lpm_clshift:lpm_clshift_component|lpm_clshift_euc:auto_generated|sbit_w[129]     ; out0             ;
; |ALU|lpm_clshift0:inst19|lpm_clshift:lpm_clshift_component|lpm_clshift_euc:auto_generated|sbit_w[128]     ; |ALU|lpm_clshift0:inst19|lpm_clshift:lpm_clshift_component|lpm_clshift_euc:auto_generated|sbit_w[128]     ; out0             ;
; |ALU|lpm_clshift0:inst19|lpm_clshift:lpm_clshift_component|lpm_clshift_euc:auto_generated|_~172           ; |ALU|lpm_clshift0:inst19|lpm_clshift:lpm_clshift_component|lpm_clshift_euc:auto_generated|_~172           ; out0             ;
; |ALU|lpm_clshift0:inst19|lpm_clshift:lpm_clshift_component|lpm_clshift_euc:auto_generated|_~173           ; |ALU|lpm_clshift0:inst19|lpm_clshift:lpm_clshift_component|lpm_clshift_euc:auto_generated|_~173           ; out0             ;
; |ALU|lpm_clshift0:inst19|lpm_clshift:lpm_clshift_component|lpm_clshift_euc:auto_generated|_~174           ; |ALU|lpm_clshift0:inst19|lpm_clshift:lpm_clshift_component|lpm_clshift_euc:auto_generated|_~174           ; out0             ;
; |ALU|lpm_clshift0:inst19|lpm_clshift:lpm_clshift_component|lpm_clshift_euc:auto_generated|_~175           ; |ALU|lpm_clshift0:inst19|lpm_clshift:lpm_clshift_component|lpm_clshift_euc:auto_generated|_~175           ; out0             ;
; |ALU|lpm_clshift0:inst19|lpm_clshift:lpm_clshift_component|lpm_clshift_euc:auto_generated|_~176           ; |ALU|lpm_clshift0:inst19|lpm_clshift:lpm_clshift_component|lpm_clshift_euc:auto_generated|_~176           ; out0             ;
; |ALU|lpm_clshift0:inst19|lpm_clshift:lpm_clshift_component|lpm_clshift_euc:auto_generated|_~177           ; |ALU|lpm_clshift0:inst19|lpm_clshift:lpm_clshift_component|lpm_clshift_euc:auto_generated|_~177           ; out0             ;
; |ALU|lpm_clshift0:inst19|lpm_clshift:lpm_clshift_component|lpm_clshift_euc:auto_generated|_~178           ; |ALU|lpm_clshift0:inst19|lpm_clshift:lpm_clshift_component|lpm_clshift_euc:auto_generated|_~178           ; out0             ;
; |ALU|lpm_clshift0:inst19|lpm_clshift:lpm_clshift_component|lpm_clshift_euc:auto_generated|_~179           ; |ALU|lpm_clshift0:inst19|lpm_clshift:lpm_clshift_component|lpm_clshift_euc:auto_generated|_~179           ; out0             ;
; |ALU|lpm_clshift0:inst19|lpm_clshift:lpm_clshift_component|lpm_clshift_euc:auto_generated|_~180           ; |ALU|lpm_clshift0:inst19|lpm_clshift:lpm_clshift_component|lpm_clshift_euc:auto_generated|_~180           ; out0             ;
; |ALU|lpm_clshift0:inst19|lpm_clshift:lpm_clshift_component|lpm_clshift_euc:auto_generated|_~181           ; |ALU|lpm_clshift0:inst19|lpm_clshift:lpm_clshift_component|lpm_clshift_euc:auto_generated|_~181           ; out0             ;
; |ALU|lpm_clshift0:inst19|lpm_clshift:lpm_clshift_component|lpm_clshift_euc:auto_generated|_~182           ; |ALU|lpm_clshift0:inst19|lpm_clshift:lpm_clshift_component|lpm_clshift_euc:auto_generated|_~182           ; out0             ;
; |ALU|lpm_clshift0:inst19|lpm_clshift:lpm_clshift_component|lpm_clshift_euc:auto_generated|_~183           ; |ALU|lpm_clshift0:inst19|lpm_clshift:lpm_clshift_component|lpm_clshift_euc:auto_generated|_~183           ; out0             ;
; |ALU|lpm_clshift0:inst19|lpm_clshift:lpm_clshift_component|lpm_clshift_euc:auto_generated|_~184           ; |ALU|lpm_clshift0:inst19|lpm_clshift:lpm_clshift_component|lpm_clshift_euc:auto_generated|_~184           ; out0             ;
; |ALU|lpm_clshift0:inst19|lpm_clshift:lpm_clshift_component|lpm_clshift_euc:auto_generated|_~185           ; |ALU|lpm_clshift0:inst19|lpm_clshift:lpm_clshift_component|lpm_clshift_euc:auto_generated|_~185           ; out0             ;
; |ALU|lpm_clshift0:inst19|lpm_clshift:lpm_clshift_component|lpm_clshift_euc:auto_generated|_~186           ; |ALU|lpm_clshift0:inst19|lpm_clshift:lpm_clshift_component|lpm_clshift_euc:auto_generated|_~186           ; out0             ;
; |ALU|lpm_clshift0:inst19|lpm_clshift:lpm_clshift_component|lpm_clshift_euc:auto_generated|_~187           ; |ALU|lpm_clshift0:inst19|lpm_clshift:lpm_clshift_component|lpm_clshift_euc:auto_generated|_~187           ; out0             ;
; |ALU|lpm_clshift0:inst19|lpm_clshift:lpm_clshift_component|lpm_clshift_euc:auto_generated|_~188           ; |ALU|lpm_clshift0:inst19|lpm_clshift:lpm_clshift_component|lpm_clshift_euc:auto_generated|_~188           ; out0             ;
; |ALU|lpm_clshift0:inst19|lpm_clshift:lpm_clshift_component|lpm_clshift_euc:auto_generated|_~189           ; |ALU|lpm_clshift0:inst19|lpm_clshift:lpm_clshift_component|lpm_clshift_euc:auto_generated|_~189           ; out0             ;
; |ALU|lpm_clshift0:inst19|lpm_clshift:lpm_clshift_component|lpm_clshift_euc:auto_generated|_~190           ; |ALU|lpm_clshift0:inst19|lpm_clshift:lpm_clshift_component|lpm_clshift_euc:auto_generated|_~190           ; out0             ;
; |ALU|lpm_clshift0:inst19|lpm_clshift:lpm_clshift_component|lpm_clshift_euc:auto_generated|_~191           ; |ALU|lpm_clshift0:inst19|lpm_clshift:lpm_clshift_component|lpm_clshift_euc:auto_generated|_~191           ; out0             ;
; |ALU|lpm_clshift0:inst19|lpm_clshift:lpm_clshift_component|lpm_clshift_euc:auto_generated|_~192           ; |ALU|lpm_clshift0:inst19|lpm_clshift:lpm_clshift_component|lpm_clshift_euc:auto_generated|_~192           ; out0             ;
; |ALU|lpm_clshift0:inst19|lpm_clshift:lpm_clshift_component|lpm_clshift_euc:auto_generated|_~193           ; |ALU|lpm_clshift0:inst19|lpm_clshift:lpm_clshift_component|lpm_clshift_euc:auto_generated|_~193           ; out0             ;
; |ALU|lpm_clshift0:inst19|lpm_clshift:lpm_clshift_component|lpm_clshift_euc:auto_generated|_~194           ; |ALU|lpm_clshift0:inst19|lpm_clshift:lpm_clshift_component|lpm_clshift_euc:auto_generated|_~194           ; out0             ;
; |ALU|lpm_clshift0:inst19|lpm_clshift:lpm_clshift_component|lpm_clshift_euc:auto_generated|_~195           ; |ALU|lpm_clshift0:inst19|lpm_clshift:lpm_clshift_component|lpm_clshift_euc:auto_generated|_~195           ; out0             ;
; |ALU|lpm_clshift0:inst19|lpm_clshift:lpm_clshift_component|lpm_clshift_euc:auto_generated|_~196           ; |ALU|lpm_clshift0:inst19|lpm_clshift:lpm_clshift_component|lpm_clshift_euc:auto_generated|_~196           ; out0             ;
; |ALU|lpm_clshift0:inst19|lpm_clshift:lpm_clshift_component|lpm_clshift_euc:auto_generated|_~197           ; |ALU|lpm_clshift0:inst19|lpm_clshift:lpm_clshift_component|lpm_clshift_euc:auto_generated|_~197           ; out0             ;
; |ALU|lpm_clshift0:inst19|lpm_clshift:lpm_clshift_component|lpm_clshift_euc:auto_generated|_~198           ; |ALU|lpm_clshift0:inst19|lpm_clshift:lpm_clshift_component|lpm_clshift_euc:auto_generated|_~198           ; out0             ;
; |ALU|lpm_clshift0:inst19|lpm_clshift:lpm_clshift_component|lpm_clshift_euc:auto_generated|_~199           ; |ALU|lpm_clshift0:inst19|lpm_clshift:lpm_clshift_component|lpm_clshift_euc:auto_generated|_~199           ; out0             ;
; |ALU|lpm_clshift0:inst19|lpm_clshift:lpm_clshift_component|lpm_clshift_euc:auto_generated|_~200           ; |ALU|lpm_clshift0:inst19|lpm_clshift:lpm_clshift_component|lpm_clshift_euc:auto_generated|_~200           ; out0             ;
; |ALU|lpm_clshift0:inst19|lpm_clshift:lpm_clshift_component|lpm_clshift_euc:auto_generated|_~201           ; |ALU|lpm_clshift0:inst19|lpm_clshift:lpm_clshift_component|lpm_clshift_euc:auto_generated|_~201           ; out0             ;
; |ALU|lpm_clshift0:inst19|lpm_clshift:lpm_clshift_component|lpm_clshift_euc:auto_generated|_~202           ; |ALU|lpm_clshift0:inst19|lpm_clshift:lpm_clshift_component|lpm_clshift_euc:auto_generated|_~202           ; out0             ;
; |ALU|lpm_clshift0:inst19|lpm_clshift:lpm_clshift_component|lpm_clshift_euc:auto_generated|_~203           ; |ALU|lpm_clshift0:inst19|lpm_clshift:lpm_clshift_component|lpm_clshift_euc:auto_generated|_~203           ; out0             ;
; |ALU|lpm_clshift0:inst19|lpm_clshift:lpm_clshift_component|lpm_clshift_euc:auto_generated|sbit_w[127]~160 ; |ALU|lpm_clshift0:inst19|lpm_clshift:lpm_clshift_component|lpm_clshift_euc:auto_generated|sbit_w[127]~160 ; out0             ;
; |ALU|lpm_clshift0:inst19|lpm_clshift:lpm_clshift_component|lpm_clshift_euc:auto_generated|sbit_w[126]~161 ; |ALU|lpm_clshift0:inst19|lpm_clshift:lpm_clshift_component|lpm_clshift_euc:auto_generated|sbit_w[126]~161 ; out0             ;
; |ALU|lpm_clshift0:inst19|lpm_clshift:lpm_clshift_component|lpm_clshift_euc:auto_generated|sbit_w[125]~162 ; |ALU|lpm_clshift0:inst19|lpm_clshift:lpm_clshift_component|lpm_clshift_euc:auto_generated|sbit_w[125]~162 ; out0             ;
; |ALU|lpm_clshift0:inst19|lpm_clshift:lpm_clshift_component|lpm_clshift_euc:auto_generated|sbit_w[124]~163 ; |ALU|lpm_clshift0:inst19|lpm_clshift:lpm_clshift_component|lpm_clshift_euc:auto_generated|sbit_w[124]~163 ; out0             ;
; |ALU|lpm_clshift0:inst19|lpm_clshift:lpm_clshift_component|lpm_clshift_euc:auto_generated|sbit_w[123]~164 ; |ALU|lpm_clshift0:inst19|lpm_clshift:lpm_clshift_component|lpm_clshift_euc:auto_generated|sbit_w[123]~164 ; out0             ;
; |ALU|lpm_clshift0:inst19|lpm_clshift:lpm_clshift_component|lpm_clshift_euc:auto_generated|sbit_w[122]~165 ; |ALU|lpm_clshift0:inst19|lpm_clshift:lpm_clshift_component|lpm_clshift_euc:auto_generated|sbit_w[122]~165 ; out0             ;
; |ALU|lpm_clshift0:inst19|lpm_clshift:lpm_clshift_component|lpm_clshift_euc:auto_generated|sbit_w[121]~166 ; |ALU|lpm_clshift0:inst19|lpm_clshift:lpm_clshift_component|lpm_clshift_euc:auto_generated|sbit_w[121]~166 ; out0             ;
; |ALU|lpm_clshift0:inst19|lpm_clshift:lpm_clshift_component|lpm_clshift_euc:auto_generated|sbit_w[120]~167 ; |ALU|lpm_clshift0:inst19|lpm_clshift:lpm_clshift_component|lpm_clshift_euc:auto_generated|sbit_w[120]~167 ; out0             ;
; |ALU|lpm_clshift0:inst19|lpm_clshift:lpm_clshift_component|lpm_clshift_euc:auto_generated|sbit_w[119]~168 ; |ALU|lpm_clshift0:inst19|lpm_clshift:lpm_clshift_component|lpm_clshift_euc:auto_generated|sbit_w[119]~168 ; out0             ;
; |ALU|lpm_clshift0:inst19|lpm_clshift:lpm_clshift_component|lpm_clshift_euc:auto_generated|sbit_w[118]~169 ; |ALU|lpm_clshift0:inst19|lpm_clshift:lpm_clshift_component|lpm_clshift_euc:auto_generated|sbit_w[118]~169 ; out0             ;
; |ALU|lpm_clshift0:inst19|lpm_clshift:lpm_clshift_component|lpm_clshift_euc:auto_generated|sbit_w[117]~170 ; |ALU|lpm_clshift0:inst19|lpm_clshift:lpm_clshift_component|lpm_clshift_euc:auto_generated|sbit_w[117]~170 ; out0             ;
; |ALU|lpm_clshift0:inst19|lpm_clshift:lpm_clshift_component|lpm_clshift_euc:auto_generated|sbit_w[116]~171 ; |ALU|lpm_clshift0:inst19|lpm_clshift:lpm_clshift_component|lpm_clshift_euc:auto_generated|sbit_w[116]~171 ; out0             ;
; |ALU|lpm_clshift0:inst19|lpm_clshift:lpm_clshift_component|lpm_clshift_euc:auto_generated|sbit_w[115]~172 ; |ALU|lpm_clshift0:inst19|lpm_clshift:lpm_clshift_component|lpm_clshift_euc:auto_generated|sbit_w[115]~172 ; out0             ;
; |ALU|lpm_clshift0:inst19|lpm_clshift:lpm_clshift_component|lpm_clshift_euc:auto_generated|sbit_w[114]~173 ; |ALU|lpm_clshift0:inst19|lpm_clshift:lpm_clshift_component|lpm_clshift_euc:auto_generated|sbit_w[114]~173 ; out0             ;
; |ALU|lpm_clshift0:inst19|lpm_clshift:lpm_clshift_component|lpm_clshift_euc:auto_generated|sbit_w[113]~174 ; |ALU|lpm_clshift0:inst19|lpm_clshift:lpm_clshift_component|lpm_clshift_euc:auto_generated|sbit_w[113]~174 ; out0             ;
; |ALU|lpm_clshift0:inst19|lpm_clshift:lpm_clshift_component|lpm_clshift_euc:auto_generated|sbit_w[112]~175 ; |ALU|lpm_clshift0:inst19|lpm_clshift:lpm_clshift_component|lpm_clshift_euc:auto_generated|sbit_w[112]~175 ; out0             ;
; |ALU|lpm_clshift0:inst19|lpm_clshift:lpm_clshift_component|lpm_clshift_euc:auto_generated|sbit_w[111]~176 ; |ALU|lpm_clshift0:inst19|lpm_clshift:lpm_clshift_component|lpm_clshift_euc:auto_generated|sbit_w[111]~176 ; out0             ;
; |ALU|lpm_clshift0:inst19|lpm_clshift:lpm_clshift_component|lpm_clshift_euc:auto_generated|sbit_w[110]~177 ; |ALU|lpm_clshift0:inst19|lpm_clshift:lpm_clshift_component|lpm_clshift_euc:auto_generated|sbit_w[110]~177 ; out0             ;
; |ALU|lpm_clshift0:inst19|lpm_clshift:lpm_clshift_component|lpm_clshift_euc:auto_generated|sbit_w[109]~178 ; |ALU|lpm_clshift0:inst19|lpm_clshift:lpm_clshift_component|lpm_clshift_euc:auto_generated|sbit_w[109]~178 ; out0             ;
; |ALU|lpm_clshift0:inst19|lpm_clshift:lpm_clshift_component|lpm_clshift_euc:auto_generated|sbit_w[108]~179 ; |ALU|lpm_clshift0:inst19|lpm_clshift:lpm_clshift_component|lpm_clshift_euc:auto_generated|sbit_w[108]~179 ; out0             ;
; |ALU|lpm_clshift0:inst19|lpm_clshift:lpm_clshift_component|lpm_clshift_euc:auto_generated|sbit_w[107]~180 ; |ALU|lpm_clshift0:inst19|lpm_clshift:lpm_clshift_component|lpm_clshift_euc:auto_generated|sbit_w[107]~180 ; out0             ;
; |ALU|lpm_clshift0:inst19|lpm_clshift:lpm_clshift_component|lpm_clshift_euc:auto_generated|sbit_w[106]~181 ; |ALU|lpm_clshift0:inst19|lpm_clshift:lpm_clshift_component|lpm_clshift_euc:auto_generated|sbit_w[106]~181 ; out0             ;
; |ALU|lpm_clshift0:inst19|lpm_clshift:lpm_clshift_component|lpm_clshift_euc:auto_generated|sbit_w[105]~182 ; |ALU|lpm_clshift0:inst19|lpm_clshift:lpm_clshift_component|lpm_clshift_euc:auto_generated|sbit_w[105]~182 ; out0             ;
; |ALU|lpm_clshift0:inst19|lpm_clshift:lpm_clshift_component|lpm_clshift_euc:auto_generated|sbit_w[104]~183 ; |ALU|lpm_clshift0:inst19|lpm_clshift:lpm_clshift_component|lpm_clshift_euc:auto_generated|sbit_w[104]~183 ; out0             ;
; |ALU|lpm_clshift0:inst19|lpm_clshift:lpm_clshift_component|lpm_clshift_euc:auto_generated|sbit_w[103]~184 ; |ALU|lpm_clshift0:inst19|lpm_clshift:lpm_clshift_component|lpm_clshift_euc:auto_generated|sbit_w[103]~184 ; out0             ;
; |ALU|lpm_clshift0:inst19|lpm_clshift:lpm_clshift_component|lpm_clshift_euc:auto_generated|sbit_w[102]~185 ; |ALU|lpm_clshift0:inst19|lpm_clshift:lpm_clshift_component|lpm_clshift_euc:auto_generated|sbit_w[102]~185 ; out0             ;
; |ALU|lpm_clshift0:inst19|lpm_clshift:lpm_clshift_component|lpm_clshift_euc:auto_generated|sbit_w[101]~186 ; |ALU|lpm_clshift0:inst19|lpm_clshift:lpm_clshift_component|lpm_clshift_euc:auto_generated|sbit_w[101]~186 ; out0             ;
; |ALU|lpm_clshift0:inst19|lpm_clshift:lpm_clshift_component|lpm_clshift_euc:auto_generated|sbit_w[100]~187 ; |ALU|lpm_clshift0:inst19|lpm_clshift:lpm_clshift_component|lpm_clshift_euc:auto_generated|sbit_w[100]~187 ; out0             ;
; |ALU|lpm_clshift0:inst19|lpm_clshift:lpm_clshift_component|lpm_clshift_euc:auto_generated|sbit_w[99]~188  ; |ALU|lpm_clshift0:inst19|lpm_clshift:lpm_clshift_component|lpm_clshift_euc:auto_generated|sbit_w[99]~188  ; out0             ;
; |ALU|lpm_clshift0:inst19|lpm_clshift:lpm_clshift_component|lpm_clshift_euc:auto_generated|sbit_w[98]~189  ; |ALU|lpm_clshift0:inst19|lpm_clshift:lpm_clshift_component|lpm_clshift_euc:auto_generated|sbit_w[98]~189  ; out0             ;
; |ALU|lpm_clshift0:inst19|lpm_clshift:lpm_clshift_component|lpm_clshift_euc:auto_generated|sbit_w[97]~190  ; |ALU|lpm_clshift0:inst19|lpm_clshift:lpm_clshift_component|lpm_clshift_euc:auto_generated|sbit_w[97]~190  ; out0             ;
; |ALU|lpm_clshift0:inst19|lpm_clshift:lpm_clshift_component|lpm_clshift_euc:auto_generated|sbit_w[96]~191  ; |ALU|lpm_clshift0:inst19|lpm_clshift:lpm_clshift_component|lpm_clshift_euc:auto_generated|sbit_w[96]~191  ; out0             ;
; |ALU|lpm_clshift0:inst19|lpm_clshift:lpm_clshift_component|lpm_clshift_euc:auto_generated|sbit_w[127]     ; |ALU|lpm_clshift0:inst19|lpm_clshift:lpm_clshift_component|lpm_clshift_euc:auto_generated|sbit_w[127]     ; out0             ;
; |ALU|lpm_clshift0:inst19|lpm_clshift:lpm_clshift_component|lpm_clshift_euc:auto_generated|sbit_w[126]     ; |ALU|lpm_clshift0:inst19|lpm_clshift:lpm_clshift_component|lpm_clshift_euc:auto_generated|sbit_w[126]     ; out0             ;
; |ALU|lpm_clshift0:inst19|lpm_clshift:lpm_clshift_component|lpm_clshift_euc:auto_generated|sbit_w[125]     ; |ALU|lpm_clshift0:inst19|lpm_clshift:lpm_clshift_component|lpm_clshift_euc:auto_generated|sbit_w[125]     ; out0             ;
; |ALU|lpm_clshift0:inst19|lpm_clshift:lpm_clshift_component|lpm_clshift_euc:auto_generated|sbit_w[124]     ; |ALU|lpm_clshift0:inst19|lpm_clshift:lpm_clshift_component|lpm_clshift_euc:auto_generated|sbit_w[124]     ; out0             ;
; |ALU|lpm_clshift0:inst19|lpm_clshift:lpm_clshift_component|lpm_clshift_euc:auto_generated|sbit_w[123]     ; |ALU|lpm_clshift0:inst19|lpm_clshift:lpm_clshift_component|lpm_clshift_euc:auto_generated|sbit_w[123]     ; out0             ;
; |ALU|lpm_clshift0:inst19|lpm_clshift:lpm_clshift_component|lpm_clshift_euc:auto_generated|sbit_w[122]     ; |ALU|lpm_clshift0:inst19|lpm_clshift:lpm_clshift_component|lpm_clshift_euc:auto_generated|sbit_w[122]     ; out0             ;
; |ALU|lpm_clshift0:inst19|lpm_clshift:lpm_clshift_component|lpm_clshift_euc:auto_generated|sbit_w[121]     ; |ALU|lpm_clshift0:inst19|lpm_clshift:lpm_clshift_component|lpm_clshift_euc:auto_generated|sbit_w[121]     ; out0             ;
; |ALU|lpm_clshift0:inst19|lpm_clshift:lpm_clshift_component|lpm_clshift_euc:auto_generated|sbit_w[120]     ; |ALU|lpm_clshift0:inst19|lpm_clshift:lpm_clshift_component|lpm_clshift_euc:auto_generated|sbit_w[120]     ; out0             ;
; |ALU|lpm_clshift0:inst19|lpm_clshift:lpm_clshift_component|lpm_clshift_euc:auto_generated|sbit_w[119]     ; |ALU|lpm_clshift0:inst19|lpm_clshift:lpm_clshift_component|lpm_clshift_euc:auto_generated|sbit_w[119]     ; out0             ;
; |ALU|lpm_clshift0:inst19|lpm_clshift:lpm_clshift_component|lpm_clshift_euc:auto_generated|sbit_w[118]     ; |ALU|lpm_clshift0:inst19|lpm_clshift:lpm_clshift_component|lpm_clshift_euc:auto_generated|sbit_w[118]     ; out0             ;
; |ALU|lpm_clshift0:inst19|lpm_clshift:lpm_clshift_component|lpm_clshift_euc:auto_generated|sbit_w[117]     ; |ALU|lpm_clshift0:inst19|lpm_clshift:lpm_clshift_component|lpm_clshift_euc:auto_generated|sbit_w[117]     ; out0             ;
; |ALU|lpm_clshift0:inst19|lpm_clshift:lpm_clshift_component|lpm_clshift_euc:auto_generated|sbit_w[116]     ; |ALU|lpm_clshift0:inst19|lpm_clshift:lpm_clshift_component|lpm_clshift_euc:auto_generated|sbit_w[116]     ; out0             ;
; |ALU|lpm_clshift0:inst19|lpm_clshift:lpm_clshift_component|lpm_clshift_euc:auto_generated|sbit_w[115]     ; |ALU|lpm_clshift0:inst19|lpm_clshift:lpm_clshift_component|lpm_clshift_euc:auto_generated|sbit_w[115]     ; out0             ;
; |ALU|lpm_clshift0:inst19|lpm_clshift:lpm_clshift_component|lpm_clshift_euc:auto_generated|sbit_w[114]     ; |ALU|lpm_clshift0:inst19|lpm_clshift:lpm_clshift_component|lpm_clshift_euc:auto_generated|sbit_w[114]     ; out0             ;
; |ALU|lpm_clshift0:inst19|lpm_clshift:lpm_clshift_component|lpm_clshift_euc:auto_generated|sbit_w[113]     ; |ALU|lpm_clshift0:inst19|lpm_clshift:lpm_clshift_component|lpm_clshift_euc:auto_generated|sbit_w[113]     ; out0             ;
; |ALU|lpm_clshift0:inst19|lpm_clshift:lpm_clshift_component|lpm_clshift_euc:auto_generated|sbit_w[112]     ; |ALU|lpm_clshift0:inst19|lpm_clshift:lpm_clshift_component|lpm_clshift_euc:auto_generated|sbit_w[112]     ; out0             ;
; |ALU|lpm_clshift0:inst19|lpm_clshift:lpm_clshift_component|lpm_clshift_euc:auto_generated|sbit_w[111]     ; |ALU|lpm_clshift0:inst19|lpm_clshift:lpm_clshift_component|lpm_clshift_euc:auto_generated|sbit_w[111]     ; out0             ;
; |ALU|lpm_clshift0:inst19|lpm_clshift:lpm_clshift_component|lpm_clshift_euc:auto_generated|sbit_w[110]     ; |ALU|lpm_clshift0:inst19|lpm_clshift:lpm_clshift_component|lpm_clshift_euc:auto_generated|sbit_w[110]     ; out0             ;
; |ALU|lpm_clshift0:inst19|lpm_clshift:lpm_clshift_component|lpm_clshift_euc:auto_generated|sbit_w[109]     ; |ALU|lpm_clshift0:inst19|lpm_clshift:lpm_clshift_component|lpm_clshift_euc:auto_generated|sbit_w[109]     ; out0             ;
; |ALU|lpm_clshift0:inst19|lpm_clshift:lpm_clshift_component|lpm_clshift_euc:auto_generated|sbit_w[108]     ; |ALU|lpm_clshift0:inst19|lpm_clshift:lpm_clshift_component|lpm_clshift_euc:auto_generated|sbit_w[108]     ; out0             ;
; |ALU|lpm_clshift0:inst19|lpm_clshift:lpm_clshift_component|lpm_clshift_euc:auto_generated|sbit_w[107]     ; |ALU|lpm_clshift0:inst19|lpm_clshift:lpm_clshift_component|lpm_clshift_euc:auto_generated|sbit_w[107]     ; out0             ;
; |ALU|lpm_clshift0:inst19|lpm_clshift:lpm_clshift_component|lpm_clshift_euc:auto_generated|sbit_w[106]     ; |ALU|lpm_clshift0:inst19|lpm_clshift:lpm_clshift_component|lpm_clshift_euc:auto_generated|sbit_w[106]     ; out0             ;
; |ALU|lpm_clshift0:inst19|lpm_clshift:lpm_clshift_component|lpm_clshift_euc:auto_generated|sbit_w[105]     ; |ALU|lpm_clshift0:inst19|lpm_clshift:lpm_clshift_component|lpm_clshift_euc:auto_generated|sbit_w[105]     ; out0             ;
; |ALU|lpm_clshift0:inst19|lpm_clshift:lpm_clshift_component|lpm_clshift_euc:auto_generated|sbit_w[104]     ; |ALU|lpm_clshift0:inst19|lpm_clshift:lpm_clshift_component|lpm_clshift_euc:auto_generated|sbit_w[104]     ; out0             ;
; |ALU|lpm_clshift0:inst19|lpm_clshift:lpm_clshift_component|lpm_clshift_euc:auto_generated|sbit_w[103]     ; |ALU|lpm_clshift0:inst19|lpm_clshift:lpm_clshift_component|lpm_clshift_euc:auto_generated|sbit_w[103]     ; out0             ;
; |ALU|lpm_clshift0:inst19|lpm_clshift:lpm_clshift_component|lpm_clshift_euc:auto_generated|sbit_w[102]     ; |ALU|lpm_clshift0:inst19|lpm_clshift:lpm_clshift_component|lpm_clshift_euc:auto_generated|sbit_w[102]     ; out0             ;
; |ALU|lpm_clshift0:inst19|lpm_clshift:lpm_clshift_component|lpm_clshift_euc:auto_generated|sbit_w[101]     ; |ALU|lpm_clshift0:inst19|lpm_clshift:lpm_clshift_component|lpm_clshift_euc:auto_generated|sbit_w[101]     ; out0             ;
; |ALU|lpm_clshift0:inst19|lpm_clshift:lpm_clshift_component|lpm_clshift_euc:auto_generated|sbit_w[100]     ; |ALU|lpm_clshift0:inst19|lpm_clshift:lpm_clshift_component|lpm_clshift_euc:auto_generated|sbit_w[100]     ; out0             ;
; |ALU|lpm_clshift0:inst19|lpm_clshift:lpm_clshift_component|lpm_clshift_euc:auto_generated|sbit_w[99]      ; |ALU|lpm_clshift0:inst19|lpm_clshift:lpm_clshift_component|lpm_clshift_euc:auto_generated|sbit_w[99]      ; out0             ;
; |ALU|lpm_clshift0:inst19|lpm_clshift:lpm_clshift_component|lpm_clshift_euc:auto_generated|sbit_w[98]      ; |ALU|lpm_clshift0:inst19|lpm_clshift:lpm_clshift_component|lpm_clshift_euc:auto_generated|sbit_w[98]      ; out0             ;
; |ALU|lpm_clshift0:inst19|lpm_clshift:lpm_clshift_component|lpm_clshift_euc:auto_generated|sbit_w[97]      ; |ALU|lpm_clshift0:inst19|lpm_clshift:lpm_clshift_component|lpm_clshift_euc:auto_generated|sbit_w[97]      ; out0             ;
; |ALU|lpm_clshift0:inst19|lpm_clshift:lpm_clshift_component|lpm_clshift_euc:auto_generated|sbit_w[96]      ; |ALU|lpm_clshift0:inst19|lpm_clshift:lpm_clshift_component|lpm_clshift_euc:auto_generated|sbit_w[96]      ; out0             ;
; |ALU|lpm_clshift0:inst19|lpm_clshift:lpm_clshift_component|lpm_clshift_euc:auto_generated|_~240           ; |ALU|lpm_clshift0:inst19|lpm_clshift:lpm_clshift_component|lpm_clshift_euc:auto_generated|_~240           ; out0             ;
; |ALU|lpm_clshift0:inst19|lpm_clshift:lpm_clshift_component|lpm_clshift_euc:auto_generated|_~241           ; |ALU|lpm_clshift0:inst19|lpm_clshift:lpm_clshift_component|lpm_clshift_euc:auto_generated|_~241           ; out0             ;
; |ALU|lpm_clshift0:inst19|lpm_clshift:lpm_clshift_component|lpm_clshift_euc:auto_generated|_~242           ; |ALU|lpm_clshift0:inst19|lpm_clshift:lpm_clshift_component|lpm_clshift_euc:auto_generated|_~242           ; out0             ;
; |ALU|lpm_clshift0:inst19|lpm_clshift:lpm_clshift_component|lpm_clshift_euc:auto_generated|_~243           ; |ALU|lpm_clshift0:inst19|lpm_clshift:lpm_clshift_component|lpm_clshift_euc:auto_generated|_~243           ; out0             ;
; |ALU|lpm_clshift0:inst19|lpm_clshift:lpm_clshift_component|lpm_clshift_euc:auto_generated|_~244           ; |ALU|lpm_clshift0:inst19|lpm_clshift:lpm_clshift_component|lpm_clshift_euc:auto_generated|_~244           ; out0             ;
; |ALU|lpm_clshift0:inst19|lpm_clshift:lpm_clshift_component|lpm_clshift_euc:auto_generated|_~245           ; |ALU|lpm_clshift0:inst19|lpm_clshift:lpm_clshift_component|lpm_clshift_euc:auto_generated|_~245           ; out0             ;
; |ALU|lpm_clshift0:inst19|lpm_clshift:lpm_clshift_component|lpm_clshift_euc:auto_generated|_~246           ; |ALU|lpm_clshift0:inst19|lpm_clshift:lpm_clshift_component|lpm_clshift_euc:auto_generated|_~246           ; out0             ;
; |ALU|lpm_clshift0:inst19|lpm_clshift:lpm_clshift_component|lpm_clshift_euc:auto_generated|_~247           ; |ALU|lpm_clshift0:inst19|lpm_clshift:lpm_clshift_component|lpm_clshift_euc:auto_generated|_~247           ; out0             ;
; |ALU|lpm_clshift0:inst19|lpm_clshift:lpm_clshift_component|lpm_clshift_euc:auto_generated|_~248           ; |ALU|lpm_clshift0:inst19|lpm_clshift:lpm_clshift_component|lpm_clshift_euc:auto_generated|_~248           ; out0             ;
; |ALU|lpm_clshift0:inst19|lpm_clshift:lpm_clshift_component|lpm_clshift_euc:auto_generated|_~249           ; |ALU|lpm_clshift0:inst19|lpm_clshift:lpm_clshift_component|lpm_clshift_euc:auto_generated|_~249           ; out0             ;
; |ALU|lpm_clshift0:inst19|lpm_clshift:lpm_clshift_component|lpm_clshift_euc:auto_generated|_~250           ; |ALU|lpm_clshift0:inst19|lpm_clshift:lpm_clshift_component|lpm_clshift_euc:auto_generated|_~250           ; out0             ;
; |ALU|lpm_clshift0:inst19|lpm_clshift:lpm_clshift_component|lpm_clshift_euc:auto_generated|_~251           ; |ALU|lpm_clshift0:inst19|lpm_clshift:lpm_clshift_component|lpm_clshift_euc:auto_generated|_~251           ; out0             ;
; |ALU|lpm_clshift0:inst19|lpm_clshift:lpm_clshift_component|lpm_clshift_euc:auto_generated|_~252           ; |ALU|lpm_clshift0:inst19|lpm_clshift:lpm_clshift_component|lpm_clshift_euc:auto_generated|_~252           ; out0             ;
; |ALU|lpm_clshift0:inst19|lpm_clshift:lpm_clshift_component|lpm_clshift_euc:auto_generated|_~253           ; |ALU|lpm_clshift0:inst19|lpm_clshift:lpm_clshift_component|lpm_clshift_euc:auto_generated|_~253           ; out0             ;
; |ALU|lpm_clshift0:inst19|lpm_clshift:lpm_clshift_component|lpm_clshift_euc:auto_generated|_~254           ; |ALU|lpm_clshift0:inst19|lpm_clshift:lpm_clshift_component|lpm_clshift_euc:auto_generated|_~254           ; out0             ;
; |ALU|lpm_clshift0:inst19|lpm_clshift:lpm_clshift_component|lpm_clshift_euc:auto_generated|_~255           ; |ALU|lpm_clshift0:inst19|lpm_clshift:lpm_clshift_component|lpm_clshift_euc:auto_generated|_~255           ; out0             ;
; |ALU|lpm_clshift0:inst19|lpm_clshift:lpm_clshift_component|lpm_clshift_euc:auto_generated|_~256           ; |ALU|lpm_clshift0:inst19|lpm_clshift:lpm_clshift_component|lpm_clshift_euc:auto_generated|_~256           ; out0             ;
; |ALU|lpm_clshift0:inst19|lpm_clshift:lpm_clshift_component|lpm_clshift_euc:auto_generated|_~257           ; |ALU|lpm_clshift0:inst19|lpm_clshift:lpm_clshift_component|lpm_clshift_euc:auto_generated|_~257           ; out0             ;
; |ALU|lpm_clshift0:inst19|lpm_clshift:lpm_clshift_component|lpm_clshift_euc:auto_generated|_~258           ; |ALU|lpm_clshift0:inst19|lpm_clshift:lpm_clshift_component|lpm_clshift_euc:auto_generated|_~258           ; out0             ;
; |ALU|lpm_clshift0:inst19|lpm_clshift:lpm_clshift_component|lpm_clshift_euc:auto_generated|_~259           ; |ALU|lpm_clshift0:inst19|lpm_clshift:lpm_clshift_component|lpm_clshift_euc:auto_generated|_~259           ; out0             ;
; |ALU|lpm_clshift0:inst19|lpm_clshift:lpm_clshift_component|lpm_clshift_euc:auto_generated|_~260           ; |ALU|lpm_clshift0:inst19|lpm_clshift:lpm_clshift_component|lpm_clshift_euc:auto_generated|_~260           ; out0             ;
; |ALU|lpm_clshift0:inst19|lpm_clshift:lpm_clshift_component|lpm_clshift_euc:auto_generated|_~261           ; |ALU|lpm_clshift0:inst19|lpm_clshift:lpm_clshift_component|lpm_clshift_euc:auto_generated|_~261           ; out0             ;
; |ALU|lpm_clshift0:inst19|lpm_clshift:lpm_clshift_component|lpm_clshift_euc:auto_generated|_~262           ; |ALU|lpm_clshift0:inst19|lpm_clshift:lpm_clshift_component|lpm_clshift_euc:auto_generated|_~262           ; out0             ;
; |ALU|lpm_clshift0:inst19|lpm_clshift:lpm_clshift_component|lpm_clshift_euc:auto_generated|_~263           ; |ALU|lpm_clshift0:inst19|lpm_clshift:lpm_clshift_component|lpm_clshift_euc:auto_generated|_~263           ; out0             ;
; |ALU|lpm_clshift0:inst19|lpm_clshift:lpm_clshift_component|lpm_clshift_euc:auto_generated|_~264           ; |ALU|lpm_clshift0:inst19|lpm_clshift:lpm_clshift_component|lpm_clshift_euc:auto_generated|_~264           ; out0             ;
; |ALU|lpm_clshift0:inst19|lpm_clshift:lpm_clshift_component|lpm_clshift_euc:auto_generated|_~265           ; |ALU|lpm_clshift0:inst19|lpm_clshift:lpm_clshift_component|lpm_clshift_euc:auto_generated|_~265           ; out0             ;
; |ALU|lpm_clshift0:inst19|lpm_clshift:lpm_clshift_component|lpm_clshift_euc:auto_generated|_~266           ; |ALU|lpm_clshift0:inst19|lpm_clshift:lpm_clshift_component|lpm_clshift_euc:auto_generated|_~266           ; out0             ;
; |ALU|lpm_clshift0:inst19|lpm_clshift:lpm_clshift_component|lpm_clshift_euc:auto_generated|_~267           ; |ALU|lpm_clshift0:inst19|lpm_clshift:lpm_clshift_component|lpm_clshift_euc:auto_generated|_~267           ; out0             ;
; |ALU|lpm_clshift0:inst19|lpm_clshift:lpm_clshift_component|lpm_clshift_euc:auto_generated|_~268           ; |ALU|lpm_clshift0:inst19|lpm_clshift:lpm_clshift_component|lpm_clshift_euc:auto_generated|_~268           ; out0             ;
; |ALU|lpm_clshift0:inst19|lpm_clshift:lpm_clshift_component|lpm_clshift_euc:auto_generated|_~269           ; |ALU|lpm_clshift0:inst19|lpm_clshift:lpm_clshift_component|lpm_clshift_euc:auto_generated|_~269           ; out0             ;
; |ALU|lpm_clshift0:inst19|lpm_clshift:lpm_clshift_component|lpm_clshift_euc:auto_generated|_~270           ; |ALU|lpm_clshift0:inst19|lpm_clshift:lpm_clshift_component|lpm_clshift_euc:auto_generated|_~270           ; out0             ;
; |ALU|lpm_clshift0:inst19|lpm_clshift:lpm_clshift_component|lpm_clshift_euc:auto_generated|_~271           ; |ALU|lpm_clshift0:inst19|lpm_clshift:lpm_clshift_component|lpm_clshift_euc:auto_generated|_~271           ; out0             ;
; |ALU|lpm_clshift0:inst19|lpm_clshift:lpm_clshift_component|lpm_clshift_euc:auto_generated|sbit_w[95]~224  ; |ALU|lpm_clshift0:inst19|lpm_clshift:lpm_clshift_component|lpm_clshift_euc:auto_generated|sbit_w[95]~224  ; out0             ;
; |ALU|lpm_clshift0:inst19|lpm_clshift:lpm_clshift_component|lpm_clshift_euc:auto_generated|sbit_w[94]~225  ; |ALU|lpm_clshift0:inst19|lpm_clshift:lpm_clshift_component|lpm_clshift_euc:auto_generated|sbit_w[94]~225  ; out0             ;
; |ALU|lpm_clshift0:inst19|lpm_clshift:lpm_clshift_component|lpm_clshift_euc:auto_generated|sbit_w[93]~226  ; |ALU|lpm_clshift0:inst19|lpm_clshift:lpm_clshift_component|lpm_clshift_euc:auto_generated|sbit_w[93]~226  ; out0             ;
; |ALU|lpm_clshift0:inst19|lpm_clshift:lpm_clshift_component|lpm_clshift_euc:auto_generated|sbit_w[92]~227  ; |ALU|lpm_clshift0:inst19|lpm_clshift:lpm_clshift_component|lpm_clshift_euc:auto_generated|sbit_w[92]~227  ; out0             ;
; |ALU|lpm_clshift0:inst19|lpm_clshift:lpm_clshift_component|lpm_clshift_euc:auto_generated|sbit_w[91]~228  ; |ALU|lpm_clshift0:inst19|lpm_clshift:lpm_clshift_component|lpm_clshift_euc:auto_generated|sbit_w[91]~228  ; out0             ;
; |ALU|lpm_clshift0:inst19|lpm_clshift:lpm_clshift_component|lpm_clshift_euc:auto_generated|sbit_w[90]~229  ; |ALU|lpm_clshift0:inst19|lpm_clshift:lpm_clshift_component|lpm_clshift_euc:auto_generated|sbit_w[90]~229  ; out0             ;
; |ALU|lpm_clshift0:inst19|lpm_clshift:lpm_clshift_component|lpm_clshift_euc:auto_generated|sbit_w[89]~230  ; |ALU|lpm_clshift0:inst19|lpm_clshift:lpm_clshift_component|lpm_clshift_euc:auto_generated|sbit_w[89]~230  ; out0             ;
; |ALU|lpm_clshift0:inst19|lpm_clshift:lpm_clshift_component|lpm_clshift_euc:auto_generated|sbit_w[88]~231  ; |ALU|lpm_clshift0:inst19|lpm_clshift:lpm_clshift_component|lpm_clshift_euc:auto_generated|sbit_w[88]~231  ; out0             ;
; |ALU|lpm_clshift0:inst19|lpm_clshift:lpm_clshift_component|lpm_clshift_euc:auto_generated|sbit_w[87]~232  ; |ALU|lpm_clshift0:inst19|lpm_clshift:lpm_clshift_component|lpm_clshift_euc:auto_generated|sbit_w[87]~232  ; out0             ;
; |ALU|lpm_clshift0:inst19|lpm_clshift:lpm_clshift_component|lpm_clshift_euc:auto_generated|sbit_w[86]~233  ; |ALU|lpm_clshift0:inst19|lpm_clshift:lpm_clshift_component|lpm_clshift_euc:auto_generated|sbit_w[86]~233  ; out0             ;
; |ALU|lpm_clshift0:inst19|lpm_clshift:lpm_clshift_component|lpm_clshift_euc:auto_generated|sbit_w[85]~234  ; |ALU|lpm_clshift0:inst19|lpm_clshift:lpm_clshift_component|lpm_clshift_euc:auto_generated|sbit_w[85]~234  ; out0             ;
; |ALU|lpm_clshift0:inst19|lpm_clshift:lpm_clshift_component|lpm_clshift_euc:auto_generated|sbit_w[84]~235  ; |ALU|lpm_clshift0:inst19|lpm_clshift:lpm_clshift_component|lpm_clshift_euc:auto_generated|sbit_w[84]~235  ; out0             ;
; |ALU|lpm_clshift0:inst19|lpm_clshift:lpm_clshift_component|lpm_clshift_euc:auto_generated|sbit_w[83]~236  ; |ALU|lpm_clshift0:inst19|lpm_clshift:lpm_clshift_component|lpm_clshift_euc:auto_generated|sbit_w[83]~236  ; out0             ;
; |ALU|lpm_clshift0:inst19|lpm_clshift:lpm_clshift_component|lpm_clshift_euc:auto_generated|sbit_w[82]~237  ; |ALU|lpm_clshift0:inst19|lpm_clshift:lpm_clshift_component|lpm_clshift_euc:auto_generated|sbit_w[82]~237  ; out0             ;
; |ALU|lpm_clshift0:inst19|lpm_clshift:lpm_clshift_component|lpm_clshift_euc:auto_generated|sbit_w[81]~238  ; |ALU|lpm_clshift0:inst19|lpm_clshift:lpm_clshift_component|lpm_clshift_euc:auto_generated|sbit_w[81]~238  ; out0             ;
; |ALU|lpm_clshift0:inst19|lpm_clshift:lpm_clshift_component|lpm_clshift_euc:auto_generated|sbit_w[80]~239  ; |ALU|lpm_clshift0:inst19|lpm_clshift:lpm_clshift_component|lpm_clshift_euc:auto_generated|sbit_w[80]~239  ; out0             ;
; |ALU|lpm_clshift0:inst19|lpm_clshift:lpm_clshift_component|lpm_clshift_euc:auto_generated|sbit_w[79]~240  ; |ALU|lpm_clshift0:inst19|lpm_clshift:lpm_clshift_component|lpm_clshift_euc:auto_generated|sbit_w[79]~240  ; out0             ;
; |ALU|lpm_clshift0:inst19|lpm_clshift:lpm_clshift_component|lpm_clshift_euc:auto_generated|sbit_w[78]~241  ; |ALU|lpm_clshift0:inst19|lpm_clshift:lpm_clshift_component|lpm_clshift_euc:auto_generated|sbit_w[78]~241  ; out0             ;
; |ALU|lpm_clshift0:inst19|lpm_clshift:lpm_clshift_component|lpm_clshift_euc:auto_generated|sbit_w[77]~242  ; |ALU|lpm_clshift0:inst19|lpm_clshift:lpm_clshift_component|lpm_clshift_euc:auto_generated|sbit_w[77]~242  ; out0             ;
; |ALU|lpm_clshift0:inst19|lpm_clshift:lpm_clshift_component|lpm_clshift_euc:auto_generated|sbit_w[76]~243  ; |ALU|lpm_clshift0:inst19|lpm_clshift:lpm_clshift_component|lpm_clshift_euc:auto_generated|sbit_w[76]~243  ; out0             ;
; |ALU|lpm_clshift0:inst19|lpm_clshift:lpm_clshift_component|lpm_clshift_euc:auto_generated|sbit_w[75]~244  ; |ALU|lpm_clshift0:inst19|lpm_clshift:lpm_clshift_component|lpm_clshift_euc:auto_generated|sbit_w[75]~244  ; out0             ;
; |ALU|lpm_clshift0:inst19|lpm_clshift:lpm_clshift_component|lpm_clshift_euc:auto_generated|sbit_w[74]~245  ; |ALU|lpm_clshift0:inst19|lpm_clshift:lpm_clshift_component|lpm_clshift_euc:auto_generated|sbit_w[74]~245  ; out0             ;
; |ALU|lpm_clshift0:inst19|lpm_clshift:lpm_clshift_component|lpm_clshift_euc:auto_generated|sbit_w[73]~246  ; |ALU|lpm_clshift0:inst19|lpm_clshift:lpm_clshift_component|lpm_clshift_euc:auto_generated|sbit_w[73]~246  ; out0             ;
; |ALU|lpm_clshift0:inst19|lpm_clshift:lpm_clshift_component|lpm_clshift_euc:auto_generated|sbit_w[72]~247  ; |ALU|lpm_clshift0:inst19|lpm_clshift:lpm_clshift_component|lpm_clshift_euc:auto_generated|sbit_w[72]~247  ; out0             ;
; |ALU|lpm_clshift0:inst19|lpm_clshift:lpm_clshift_component|lpm_clshift_euc:auto_generated|sbit_w[71]~248  ; |ALU|lpm_clshift0:inst19|lpm_clshift:lpm_clshift_component|lpm_clshift_euc:auto_generated|sbit_w[71]~248  ; out0             ;
; |ALU|lpm_clshift0:inst19|lpm_clshift:lpm_clshift_component|lpm_clshift_euc:auto_generated|sbit_w[70]~249  ; |ALU|lpm_clshift0:inst19|lpm_clshift:lpm_clshift_component|lpm_clshift_euc:auto_generated|sbit_w[70]~249  ; out0             ;
; |ALU|lpm_clshift0:inst19|lpm_clshift:lpm_clshift_component|lpm_clshift_euc:auto_generated|sbit_w[69]~250  ; |ALU|lpm_clshift0:inst19|lpm_clshift:lpm_clshift_component|lpm_clshift_euc:auto_generated|sbit_w[69]~250  ; out0             ;
; |ALU|lpm_clshift0:inst19|lpm_clshift:lpm_clshift_component|lpm_clshift_euc:auto_generated|sbit_w[68]~251  ; |ALU|lpm_clshift0:inst19|lpm_clshift:lpm_clshift_component|lpm_clshift_euc:auto_generated|sbit_w[68]~251  ; out0             ;
; |ALU|lpm_clshift0:inst19|lpm_clshift:lpm_clshift_component|lpm_clshift_euc:auto_generated|sbit_w[67]~252  ; |ALU|lpm_clshift0:inst19|lpm_clshift:lpm_clshift_component|lpm_clshift_euc:auto_generated|sbit_w[67]~252  ; out0             ;
; |ALU|lpm_clshift0:inst19|lpm_clshift:lpm_clshift_component|lpm_clshift_euc:auto_generated|sbit_w[66]~253  ; |ALU|lpm_clshift0:inst19|lpm_clshift:lpm_clshift_component|lpm_clshift_euc:auto_generated|sbit_w[66]~253  ; out0             ;
; |ALU|lpm_clshift0:inst19|lpm_clshift:lpm_clshift_component|lpm_clshift_euc:auto_generated|sbit_w[65]~254  ; |ALU|lpm_clshift0:inst19|lpm_clshift:lpm_clshift_component|lpm_clshift_euc:auto_generated|sbit_w[65]~254  ; out0             ;
; |ALU|lpm_clshift0:inst19|lpm_clshift:lpm_clshift_component|lpm_clshift_euc:auto_generated|sbit_w[64]~255  ; |ALU|lpm_clshift0:inst19|lpm_clshift:lpm_clshift_component|lpm_clshift_euc:auto_generated|sbit_w[64]~255  ; out0             ;
; |ALU|lpm_clshift0:inst19|lpm_clshift:lpm_clshift_component|lpm_clshift_euc:auto_generated|sbit_w[95]      ; |ALU|lpm_clshift0:inst19|lpm_clshift:lpm_clshift_component|lpm_clshift_euc:auto_generated|sbit_w[95]      ; out0             ;
; |ALU|lpm_clshift0:inst19|lpm_clshift:lpm_clshift_component|lpm_clshift_euc:auto_generated|sbit_w[94]      ; |ALU|lpm_clshift0:inst19|lpm_clshift:lpm_clshift_component|lpm_clshift_euc:auto_generated|sbit_w[94]      ; out0             ;
; |ALU|lpm_clshift0:inst19|lpm_clshift:lpm_clshift_component|lpm_clshift_euc:auto_generated|sbit_w[93]      ; |ALU|lpm_clshift0:inst19|lpm_clshift:lpm_clshift_component|lpm_clshift_euc:auto_generated|sbit_w[93]      ; out0             ;
; |ALU|lpm_clshift0:inst19|lpm_clshift:lpm_clshift_component|lpm_clshift_euc:auto_generated|sbit_w[92]      ; |ALU|lpm_clshift0:inst19|lpm_clshift:lpm_clshift_component|lpm_clshift_euc:auto_generated|sbit_w[92]      ; out0             ;
; |ALU|lpm_clshift0:inst19|lpm_clshift:lpm_clshift_component|lpm_clshift_euc:auto_generated|sbit_w[91]      ; |ALU|lpm_clshift0:inst19|lpm_clshift:lpm_clshift_component|lpm_clshift_euc:auto_generated|sbit_w[91]      ; out0             ;
; |ALU|lpm_clshift0:inst19|lpm_clshift:lpm_clshift_component|lpm_clshift_euc:auto_generated|sbit_w[90]      ; |ALU|lpm_clshift0:inst19|lpm_clshift:lpm_clshift_component|lpm_clshift_euc:auto_generated|sbit_w[90]      ; out0             ;
; |ALU|lpm_clshift0:inst19|lpm_clshift:lpm_clshift_component|lpm_clshift_euc:auto_generated|sbit_w[89]      ; |ALU|lpm_clshift0:inst19|lpm_clshift:lpm_clshift_component|lpm_clshift_euc:auto_generated|sbit_w[89]      ; out0             ;
; |ALU|lpm_clshift0:inst19|lpm_clshift:lpm_clshift_component|lpm_clshift_euc:auto_generated|sbit_w[88]      ; |ALU|lpm_clshift0:inst19|lpm_clshift:lpm_clshift_component|lpm_clshift_euc:auto_generated|sbit_w[88]      ; out0             ;
; |ALU|lpm_clshift0:inst19|lpm_clshift:lpm_clshift_component|lpm_clshift_euc:auto_generated|sbit_w[87]      ; |ALU|lpm_clshift0:inst19|lpm_clshift:lpm_clshift_component|lpm_clshift_euc:auto_generated|sbit_w[87]      ; out0             ;
; |ALU|lpm_clshift0:inst19|lpm_clshift:lpm_clshift_component|lpm_clshift_euc:auto_generated|sbit_w[86]      ; |ALU|lpm_clshift0:inst19|lpm_clshift:lpm_clshift_component|lpm_clshift_euc:auto_generated|sbit_w[86]      ; out0             ;
; |ALU|lpm_clshift0:inst19|lpm_clshift:lpm_clshift_component|lpm_clshift_euc:auto_generated|sbit_w[85]      ; |ALU|lpm_clshift0:inst19|lpm_clshift:lpm_clshift_component|lpm_clshift_euc:auto_generated|sbit_w[85]      ; out0             ;
; |ALU|lpm_clshift0:inst19|lpm_clshift:lpm_clshift_component|lpm_clshift_euc:auto_generated|sbit_w[84]      ; |ALU|lpm_clshift0:inst19|lpm_clshift:lpm_clshift_component|lpm_clshift_euc:auto_generated|sbit_w[84]      ; out0             ;
; |ALU|lpm_clshift0:inst19|lpm_clshift:lpm_clshift_component|lpm_clshift_euc:auto_generated|sbit_w[83]      ; |ALU|lpm_clshift0:inst19|lpm_clshift:lpm_clshift_component|lpm_clshift_euc:auto_generated|sbit_w[83]      ; out0             ;
; |ALU|lpm_clshift0:inst19|lpm_clshift:lpm_clshift_component|lpm_clshift_euc:auto_generated|sbit_w[82]      ; |ALU|lpm_clshift0:inst19|lpm_clshift:lpm_clshift_component|lpm_clshift_euc:auto_generated|sbit_w[82]      ; out0             ;
; |ALU|lpm_clshift0:inst19|lpm_clshift:lpm_clshift_component|lpm_clshift_euc:auto_generated|sbit_w[81]      ; |ALU|lpm_clshift0:inst19|lpm_clshift:lpm_clshift_component|lpm_clshift_euc:auto_generated|sbit_w[81]      ; out0             ;
; |ALU|lpm_clshift0:inst19|lpm_clshift:lpm_clshift_component|lpm_clshift_euc:auto_generated|sbit_w[80]      ; |ALU|lpm_clshift0:inst19|lpm_clshift:lpm_clshift_component|lpm_clshift_euc:auto_generated|sbit_w[80]      ; out0             ;
; |ALU|lpm_clshift0:inst19|lpm_clshift:lpm_clshift_component|lpm_clshift_euc:auto_generated|sbit_w[79]      ; |ALU|lpm_clshift0:inst19|lpm_clshift:lpm_clshift_component|lpm_clshift_euc:auto_generated|sbit_w[79]      ; out0             ;
; |ALU|lpm_clshift0:inst19|lpm_clshift:lpm_clshift_component|lpm_clshift_euc:auto_generated|sbit_w[78]      ; |ALU|lpm_clshift0:inst19|lpm_clshift:lpm_clshift_component|lpm_clshift_euc:auto_generated|sbit_w[78]      ; out0             ;
; |ALU|lpm_clshift0:inst19|lpm_clshift:lpm_clshift_component|lpm_clshift_euc:auto_generated|sbit_w[77]      ; |ALU|lpm_clshift0:inst19|lpm_clshift:lpm_clshift_component|lpm_clshift_euc:auto_generated|sbit_w[77]      ; out0             ;
; |ALU|lpm_clshift0:inst19|lpm_clshift:lpm_clshift_component|lpm_clshift_euc:auto_generated|sbit_w[76]      ; |ALU|lpm_clshift0:inst19|lpm_clshift:lpm_clshift_component|lpm_clshift_euc:auto_generated|sbit_w[76]      ; out0             ;
; |ALU|lpm_clshift0:inst19|lpm_clshift:lpm_clshift_component|lpm_clshift_euc:auto_generated|sbit_w[75]      ; |ALU|lpm_clshift0:inst19|lpm_clshift:lpm_clshift_component|lpm_clshift_euc:auto_generated|sbit_w[75]      ; out0             ;
; |ALU|lpm_clshift0:inst19|lpm_clshift:lpm_clshift_component|lpm_clshift_euc:auto_generated|sbit_w[74]      ; |ALU|lpm_clshift0:inst19|lpm_clshift:lpm_clshift_component|lpm_clshift_euc:auto_generated|sbit_w[74]      ; out0             ;
; |ALU|lpm_clshift0:inst19|lpm_clshift:lpm_clshift_component|lpm_clshift_euc:auto_generated|sbit_w[73]      ; |ALU|lpm_clshift0:inst19|lpm_clshift:lpm_clshift_component|lpm_clshift_euc:auto_generated|sbit_w[73]      ; out0             ;
; |ALU|lpm_clshift0:inst19|lpm_clshift:lpm_clshift_component|lpm_clshift_euc:auto_generated|sbit_w[72]      ; |ALU|lpm_clshift0:inst19|lpm_clshift:lpm_clshift_component|lpm_clshift_euc:auto_generated|sbit_w[72]      ; out0             ;
; |ALU|lpm_clshift0:inst19|lpm_clshift:lpm_clshift_component|lpm_clshift_euc:auto_generated|sbit_w[71]      ; |ALU|lpm_clshift0:inst19|lpm_clshift:lpm_clshift_component|lpm_clshift_euc:auto_generated|sbit_w[71]      ; out0             ;
; |ALU|lpm_clshift0:inst19|lpm_clshift:lpm_clshift_component|lpm_clshift_euc:auto_generated|sbit_w[70]      ; |ALU|lpm_clshift0:inst19|lpm_clshift:lpm_clshift_component|lpm_clshift_euc:auto_generated|sbit_w[70]      ; out0             ;
; |ALU|lpm_clshift0:inst19|lpm_clshift:lpm_clshift_component|lpm_clshift_euc:auto_generated|sbit_w[69]      ; |ALU|lpm_clshift0:inst19|lpm_clshift:lpm_clshift_component|lpm_clshift_euc:auto_generated|sbit_w[69]      ; out0             ;
; |ALU|lpm_clshift0:inst19|lpm_clshift:lpm_clshift_component|lpm_clshift_euc:auto_generated|sbit_w[68]      ; |ALU|lpm_clshift0:inst19|lpm_clshift:lpm_clshift_component|lpm_clshift_euc:auto_generated|sbit_w[68]      ; out0             ;
; |ALU|lpm_clshift0:inst19|lpm_clshift:lpm_clshift_component|lpm_clshift_euc:auto_generated|sbit_w[67]      ; |ALU|lpm_clshift0:inst19|lpm_clshift:lpm_clshift_component|lpm_clshift_euc:auto_generated|sbit_w[67]      ; out0             ;
; |ALU|lpm_clshift0:inst19|lpm_clshift:lpm_clshift_component|lpm_clshift_euc:auto_generated|sbit_w[66]      ; |ALU|lpm_clshift0:inst19|lpm_clshift:lpm_clshift_component|lpm_clshift_euc:auto_generated|sbit_w[66]      ; out0             ;
; |ALU|lpm_clshift0:inst19|lpm_clshift:lpm_clshift_component|lpm_clshift_euc:auto_generated|sbit_w[65]      ; |ALU|lpm_clshift0:inst19|lpm_clshift:lpm_clshift_component|lpm_clshift_euc:auto_generated|sbit_w[65]      ; out0             ;
; |ALU|lpm_clshift0:inst19|lpm_clshift:lpm_clshift_component|lpm_clshift_euc:auto_generated|sbit_w[64]      ; |ALU|lpm_clshift0:inst19|lpm_clshift:lpm_clshift_component|lpm_clshift_euc:auto_generated|sbit_w[64]      ; out0             ;
; |ALU|lpm_clshift0:inst19|lpm_clshift:lpm_clshift_component|lpm_clshift_euc:auto_generated|_~308           ; |ALU|lpm_clshift0:inst19|lpm_clshift:lpm_clshift_component|lpm_clshift_euc:auto_generated|_~308           ; out0             ;
; |ALU|lpm_clshift0:inst19|lpm_clshift:lpm_clshift_component|lpm_clshift_euc:auto_generated|_~309           ; |ALU|lpm_clshift0:inst19|lpm_clshift:lpm_clshift_component|lpm_clshift_euc:auto_generated|_~309           ; out0             ;
; |ALU|lpm_clshift0:inst19|lpm_clshift:lpm_clshift_component|lpm_clshift_euc:auto_generated|_~310           ; |ALU|lpm_clshift0:inst19|lpm_clshift:lpm_clshift_component|lpm_clshift_euc:auto_generated|_~310           ; out0             ;
; |ALU|lpm_clshift0:inst19|lpm_clshift:lpm_clshift_component|lpm_clshift_euc:auto_generated|_~311           ; |ALU|lpm_clshift0:inst19|lpm_clshift:lpm_clshift_component|lpm_clshift_euc:auto_generated|_~311           ; out0             ;
; |ALU|lpm_clshift0:inst19|lpm_clshift:lpm_clshift_component|lpm_clshift_euc:auto_generated|_~312           ; |ALU|lpm_clshift0:inst19|lpm_clshift:lpm_clshift_component|lpm_clshift_euc:auto_generated|_~312           ; out0             ;
; |ALU|lpm_clshift0:inst19|lpm_clshift:lpm_clshift_component|lpm_clshift_euc:auto_generated|_~313           ; |ALU|lpm_clshift0:inst19|lpm_clshift:lpm_clshift_component|lpm_clshift_euc:auto_generated|_~313           ; out0             ;
; |ALU|lpm_clshift0:inst19|lpm_clshift:lpm_clshift_component|lpm_clshift_euc:auto_generated|_~314           ; |ALU|lpm_clshift0:inst19|lpm_clshift:lpm_clshift_component|lpm_clshift_euc:auto_generated|_~314           ; out0             ;
; |ALU|lpm_clshift0:inst19|lpm_clshift:lpm_clshift_component|lpm_clshift_euc:auto_generated|_~315           ; |ALU|lpm_clshift0:inst19|lpm_clshift:lpm_clshift_component|lpm_clshift_euc:auto_generated|_~315           ; out0             ;
; |ALU|lpm_clshift0:inst19|lpm_clshift:lpm_clshift_component|lpm_clshift_euc:auto_generated|_~316           ; |ALU|lpm_clshift0:inst19|lpm_clshift:lpm_clshift_component|lpm_clshift_euc:auto_generated|_~316           ; out0             ;
; |ALU|lpm_clshift0:inst19|lpm_clshift:lpm_clshift_component|lpm_clshift_euc:auto_generated|_~317           ; |ALU|lpm_clshift0:inst19|lpm_clshift:lpm_clshift_component|lpm_clshift_euc:auto_generated|_~317           ; out0             ;
; |ALU|lpm_clshift0:inst19|lpm_clshift:lpm_clshift_component|lpm_clshift_euc:auto_generated|_~318           ; |ALU|lpm_clshift0:inst19|lpm_clshift:lpm_clshift_component|lpm_clshift_euc:auto_generated|_~318           ; out0             ;
; |ALU|lpm_clshift0:inst19|lpm_clshift:lpm_clshift_component|lpm_clshift_euc:auto_generated|_~319           ; |ALU|lpm_clshift0:inst19|lpm_clshift:lpm_clshift_component|lpm_clshift_euc:auto_generated|_~319           ; out0             ;
; |ALU|lpm_clshift0:inst19|lpm_clshift:lpm_clshift_component|lpm_clshift_euc:auto_generated|_~320           ; |ALU|lpm_clshift0:inst19|lpm_clshift:lpm_clshift_component|lpm_clshift_euc:auto_generated|_~320           ; out0             ;
; |ALU|lpm_clshift0:inst19|lpm_clshift:lpm_clshift_component|lpm_clshift_euc:auto_generated|_~321           ; |ALU|lpm_clshift0:inst19|lpm_clshift:lpm_clshift_component|lpm_clshift_euc:auto_generated|_~321           ; out0             ;
; |ALU|lpm_clshift0:inst19|lpm_clshift:lpm_clshift_component|lpm_clshift_euc:auto_generated|_~322           ; |ALU|lpm_clshift0:inst19|lpm_clshift:lpm_clshift_component|lpm_clshift_euc:auto_generated|_~322           ; out0             ;
; |ALU|lpm_clshift0:inst19|lpm_clshift:lpm_clshift_component|lpm_clshift_euc:auto_generated|_~323           ; |ALU|lpm_clshift0:inst19|lpm_clshift:lpm_clshift_component|lpm_clshift_euc:auto_generated|_~323           ; out0             ;
; |ALU|lpm_clshift0:inst19|lpm_clshift:lpm_clshift_component|lpm_clshift_euc:auto_generated|_~324           ; |ALU|lpm_clshift0:inst19|lpm_clshift:lpm_clshift_component|lpm_clshift_euc:auto_generated|_~324           ; out0             ;
; |ALU|lpm_clshift0:inst19|lpm_clshift:lpm_clshift_component|lpm_clshift_euc:auto_generated|_~325           ; |ALU|lpm_clshift0:inst19|lpm_clshift:lpm_clshift_component|lpm_clshift_euc:auto_generated|_~325           ; out0             ;
; |ALU|lpm_clshift0:inst19|lpm_clshift:lpm_clshift_component|lpm_clshift_euc:auto_generated|_~326           ; |ALU|lpm_clshift0:inst19|lpm_clshift:lpm_clshift_component|lpm_clshift_euc:auto_generated|_~326           ; out0             ;
; |ALU|lpm_clshift0:inst19|lpm_clshift:lpm_clshift_component|lpm_clshift_euc:auto_generated|_~327           ; |ALU|lpm_clshift0:inst19|lpm_clshift:lpm_clshift_component|lpm_clshift_euc:auto_generated|_~327           ; out0             ;
; |ALU|lpm_clshift0:inst19|lpm_clshift:lpm_clshift_component|lpm_clshift_euc:auto_generated|_~328           ; |ALU|lpm_clshift0:inst19|lpm_clshift:lpm_clshift_component|lpm_clshift_euc:auto_generated|_~328           ; out0             ;
; |ALU|lpm_clshift0:inst19|lpm_clshift:lpm_clshift_component|lpm_clshift_euc:auto_generated|_~329           ; |ALU|lpm_clshift0:inst19|lpm_clshift:lpm_clshift_component|lpm_clshift_euc:auto_generated|_~329           ; out0             ;
; |ALU|lpm_clshift0:inst19|lpm_clshift:lpm_clshift_component|lpm_clshift_euc:auto_generated|_~330           ; |ALU|lpm_clshift0:inst19|lpm_clshift:lpm_clshift_component|lpm_clshift_euc:auto_generated|_~330           ; out0             ;
; |ALU|lpm_clshift0:inst19|lpm_clshift:lpm_clshift_component|lpm_clshift_euc:auto_generated|_~331           ; |ALU|lpm_clshift0:inst19|lpm_clshift:lpm_clshift_component|lpm_clshift_euc:auto_generated|_~331           ; out0             ;
; |ALU|lpm_clshift0:inst19|lpm_clshift:lpm_clshift_component|lpm_clshift_euc:auto_generated|_~332           ; |ALU|lpm_clshift0:inst19|lpm_clshift:lpm_clshift_component|lpm_clshift_euc:auto_generated|_~332           ; out0             ;
; |ALU|lpm_clshift0:inst19|lpm_clshift:lpm_clshift_component|lpm_clshift_euc:auto_generated|_~333           ; |ALU|lpm_clshift0:inst19|lpm_clshift:lpm_clshift_component|lpm_clshift_euc:auto_generated|_~333           ; out0             ;
; |ALU|lpm_clshift0:inst19|lpm_clshift:lpm_clshift_component|lpm_clshift_euc:auto_generated|_~334           ; |ALU|lpm_clshift0:inst19|lpm_clshift:lpm_clshift_component|lpm_clshift_euc:auto_generated|_~334           ; out0             ;
; |ALU|lpm_clshift0:inst19|lpm_clshift:lpm_clshift_component|lpm_clshift_euc:auto_generated|_~335           ; |ALU|lpm_clshift0:inst19|lpm_clshift:lpm_clshift_component|lpm_clshift_euc:auto_generated|_~335           ; out0             ;
; |ALU|lpm_clshift0:inst19|lpm_clshift:lpm_clshift_component|lpm_clshift_euc:auto_generated|_~336           ; |ALU|lpm_clshift0:inst19|lpm_clshift:lpm_clshift_component|lpm_clshift_euc:auto_generated|_~336           ; out0             ;
; |ALU|lpm_clshift0:inst19|lpm_clshift:lpm_clshift_component|lpm_clshift_euc:auto_generated|_~337           ; |ALU|lpm_clshift0:inst19|lpm_clshift:lpm_clshift_component|lpm_clshift_euc:auto_generated|_~337           ; out0             ;
; |ALU|lpm_clshift0:inst19|lpm_clshift:lpm_clshift_component|lpm_clshift_euc:auto_generated|_~338           ; |ALU|lpm_clshift0:inst19|lpm_clshift:lpm_clshift_component|lpm_clshift_euc:auto_generated|_~338           ; out0             ;
; |ALU|lpm_clshift0:inst19|lpm_clshift:lpm_clshift_component|lpm_clshift_euc:auto_generated|_~339           ; |ALU|lpm_clshift0:inst19|lpm_clshift:lpm_clshift_component|lpm_clshift_euc:auto_generated|_~339           ; out0             ;
; |ALU|lpm_clshift0:inst19|lpm_clshift:lpm_clshift_component|lpm_clshift_euc:auto_generated|sbit_w[63]~288  ; |ALU|lpm_clshift0:inst19|lpm_clshift:lpm_clshift_component|lpm_clshift_euc:auto_generated|sbit_w[63]~288  ; out0             ;
; |ALU|lpm_clshift0:inst19|lpm_clshift:lpm_clshift_component|lpm_clshift_euc:auto_generated|sbit_w[62]~289  ; |ALU|lpm_clshift0:inst19|lpm_clshift:lpm_clshift_component|lpm_clshift_euc:auto_generated|sbit_w[62]~289  ; out0             ;
; |ALU|lpm_clshift0:inst19|lpm_clshift:lpm_clshift_component|lpm_clshift_euc:auto_generated|sbit_w[61]~290  ; |ALU|lpm_clshift0:inst19|lpm_clshift:lpm_clshift_component|lpm_clshift_euc:auto_generated|sbit_w[61]~290  ; out0             ;
; |ALU|lpm_clshift0:inst19|lpm_clshift:lpm_clshift_component|lpm_clshift_euc:auto_generated|sbit_w[60]~291  ; |ALU|lpm_clshift0:inst19|lpm_clshift:lpm_clshift_component|lpm_clshift_euc:auto_generated|sbit_w[60]~291  ; out0             ;
; |ALU|lpm_clshift0:inst19|lpm_clshift:lpm_clshift_component|lpm_clshift_euc:auto_generated|sbit_w[59]~292  ; |ALU|lpm_clshift0:inst19|lpm_clshift:lpm_clshift_component|lpm_clshift_euc:auto_generated|sbit_w[59]~292  ; out0             ;
; |ALU|lpm_clshift0:inst19|lpm_clshift:lpm_clshift_component|lpm_clshift_euc:auto_generated|sbit_w[58]~293  ; |ALU|lpm_clshift0:inst19|lpm_clshift:lpm_clshift_component|lpm_clshift_euc:auto_generated|sbit_w[58]~293  ; out0             ;
; |ALU|lpm_clshift0:inst19|lpm_clshift:lpm_clshift_component|lpm_clshift_euc:auto_generated|sbit_w[57]~294  ; |ALU|lpm_clshift0:inst19|lpm_clshift:lpm_clshift_component|lpm_clshift_euc:auto_generated|sbit_w[57]~294  ; out0             ;
; |ALU|lpm_clshift0:inst19|lpm_clshift:lpm_clshift_component|lpm_clshift_euc:auto_generated|sbit_w[56]~295  ; |ALU|lpm_clshift0:inst19|lpm_clshift:lpm_clshift_component|lpm_clshift_euc:auto_generated|sbit_w[56]~295  ; out0             ;
; |ALU|lpm_clshift0:inst19|lpm_clshift:lpm_clshift_component|lpm_clshift_euc:auto_generated|sbit_w[55]~296  ; |ALU|lpm_clshift0:inst19|lpm_clshift:lpm_clshift_component|lpm_clshift_euc:auto_generated|sbit_w[55]~296  ; out0             ;
; |ALU|lpm_clshift0:inst19|lpm_clshift:lpm_clshift_component|lpm_clshift_euc:auto_generated|sbit_w[54]~297  ; |ALU|lpm_clshift0:inst19|lpm_clshift:lpm_clshift_component|lpm_clshift_euc:auto_generated|sbit_w[54]~297  ; out0             ;
; |ALU|lpm_clshift0:inst19|lpm_clshift:lpm_clshift_component|lpm_clshift_euc:auto_generated|sbit_w[53]~298  ; |ALU|lpm_clshift0:inst19|lpm_clshift:lpm_clshift_component|lpm_clshift_euc:auto_generated|sbit_w[53]~298  ; out0             ;
; |ALU|lpm_clshift0:inst19|lpm_clshift:lpm_clshift_component|lpm_clshift_euc:auto_generated|sbit_w[52]~299  ; |ALU|lpm_clshift0:inst19|lpm_clshift:lpm_clshift_component|lpm_clshift_euc:auto_generated|sbit_w[52]~299  ; out0             ;
; |ALU|lpm_clshift0:inst19|lpm_clshift:lpm_clshift_component|lpm_clshift_euc:auto_generated|sbit_w[51]~300  ; |ALU|lpm_clshift0:inst19|lpm_clshift:lpm_clshift_component|lpm_clshift_euc:auto_generated|sbit_w[51]~300  ; out0             ;
; |ALU|lpm_clshift0:inst19|lpm_clshift:lpm_clshift_component|lpm_clshift_euc:auto_generated|sbit_w[50]~301  ; |ALU|lpm_clshift0:inst19|lpm_clshift:lpm_clshift_component|lpm_clshift_euc:auto_generated|sbit_w[50]~301  ; out0             ;
; |ALU|lpm_clshift0:inst19|lpm_clshift:lpm_clshift_component|lpm_clshift_euc:auto_generated|sbit_w[49]~302  ; |ALU|lpm_clshift0:inst19|lpm_clshift:lpm_clshift_component|lpm_clshift_euc:auto_generated|sbit_w[49]~302  ; out0             ;
; |ALU|lpm_clshift0:inst19|lpm_clshift:lpm_clshift_component|lpm_clshift_euc:auto_generated|sbit_w[48]~303  ; |ALU|lpm_clshift0:inst19|lpm_clshift:lpm_clshift_component|lpm_clshift_euc:auto_generated|sbit_w[48]~303  ; out0             ;
; |ALU|lpm_clshift0:inst19|lpm_clshift:lpm_clshift_component|lpm_clshift_euc:auto_generated|sbit_w[47]~304  ; |ALU|lpm_clshift0:inst19|lpm_clshift:lpm_clshift_component|lpm_clshift_euc:auto_generated|sbit_w[47]~304  ; out0             ;
; |ALU|lpm_clshift0:inst19|lpm_clshift:lpm_clshift_component|lpm_clshift_euc:auto_generated|sbit_w[46]~305  ; |ALU|lpm_clshift0:inst19|lpm_clshift:lpm_clshift_component|lpm_clshift_euc:auto_generated|sbit_w[46]~305  ; out0             ;
; |ALU|lpm_clshift0:inst19|lpm_clshift:lpm_clshift_component|lpm_clshift_euc:auto_generated|sbit_w[45]~306  ; |ALU|lpm_clshift0:inst19|lpm_clshift:lpm_clshift_component|lpm_clshift_euc:auto_generated|sbit_w[45]~306  ; out0             ;
; |ALU|lpm_clshift0:inst19|lpm_clshift:lpm_clshift_component|lpm_clshift_euc:auto_generated|sbit_w[44]~307  ; |ALU|lpm_clshift0:inst19|lpm_clshift:lpm_clshift_component|lpm_clshift_euc:auto_generated|sbit_w[44]~307  ; out0             ;
; |ALU|lpm_clshift0:inst19|lpm_clshift:lpm_clshift_component|lpm_clshift_euc:auto_generated|sbit_w[43]~308  ; |ALU|lpm_clshift0:inst19|lpm_clshift:lpm_clshift_component|lpm_clshift_euc:auto_generated|sbit_w[43]~308  ; out0             ;
; |ALU|lpm_clshift0:inst19|lpm_clshift:lpm_clshift_component|lpm_clshift_euc:auto_generated|sbit_w[42]~309  ; |ALU|lpm_clshift0:inst19|lpm_clshift:lpm_clshift_component|lpm_clshift_euc:auto_generated|sbit_w[42]~309  ; out0             ;
; |ALU|lpm_clshift0:inst19|lpm_clshift:lpm_clshift_component|lpm_clshift_euc:auto_generated|sbit_w[41]~310  ; |ALU|lpm_clshift0:inst19|lpm_clshift:lpm_clshift_component|lpm_clshift_euc:auto_generated|sbit_w[41]~310  ; out0             ;
; |ALU|lpm_clshift0:inst19|lpm_clshift:lpm_clshift_component|lpm_clshift_euc:auto_generated|sbit_w[40]~311  ; |ALU|lpm_clshift0:inst19|lpm_clshift:lpm_clshift_component|lpm_clshift_euc:auto_generated|sbit_w[40]~311  ; out0             ;
; |ALU|lpm_clshift0:inst19|lpm_clshift:lpm_clshift_component|lpm_clshift_euc:auto_generated|sbit_w[39]~312  ; |ALU|lpm_clshift0:inst19|lpm_clshift:lpm_clshift_component|lpm_clshift_euc:auto_generated|sbit_w[39]~312  ; out0             ;
; |ALU|lpm_clshift0:inst19|lpm_clshift:lpm_clshift_component|lpm_clshift_euc:auto_generated|sbit_w[38]~313  ; |ALU|lpm_clshift0:inst19|lpm_clshift:lpm_clshift_component|lpm_clshift_euc:auto_generated|sbit_w[38]~313  ; out0             ;
; |ALU|lpm_clshift0:inst19|lpm_clshift:lpm_clshift_component|lpm_clshift_euc:auto_generated|sbit_w[37]~314  ; |ALU|lpm_clshift0:inst19|lpm_clshift:lpm_clshift_component|lpm_clshift_euc:auto_generated|sbit_w[37]~314  ; out0             ;
; |ALU|lpm_clshift0:inst19|lpm_clshift:lpm_clshift_component|lpm_clshift_euc:auto_generated|sbit_w[36]~315  ; |ALU|lpm_clshift0:inst19|lpm_clshift:lpm_clshift_component|lpm_clshift_euc:auto_generated|sbit_w[36]~315  ; out0             ;
; |ALU|lpm_clshift0:inst19|lpm_clshift:lpm_clshift_component|lpm_clshift_euc:auto_generated|sbit_w[35]~316  ; |ALU|lpm_clshift0:inst19|lpm_clshift:lpm_clshift_component|lpm_clshift_euc:auto_generated|sbit_w[35]~316  ; out0             ;
; |ALU|lpm_clshift0:inst19|lpm_clshift:lpm_clshift_component|lpm_clshift_euc:auto_generated|sbit_w[34]~317  ; |ALU|lpm_clshift0:inst19|lpm_clshift:lpm_clshift_component|lpm_clshift_euc:auto_generated|sbit_w[34]~317  ; out0             ;
; |ALU|lpm_clshift0:inst19|lpm_clshift:lpm_clshift_component|lpm_clshift_euc:auto_generated|sbit_w[33]~318  ; |ALU|lpm_clshift0:inst19|lpm_clshift:lpm_clshift_component|lpm_clshift_euc:auto_generated|sbit_w[33]~318  ; out0             ;
; |ALU|lpm_clshift0:inst19|lpm_clshift:lpm_clshift_component|lpm_clshift_euc:auto_generated|sbit_w[32]~319  ; |ALU|lpm_clshift0:inst19|lpm_clshift:lpm_clshift_component|lpm_clshift_euc:auto_generated|sbit_w[32]~319  ; out0             ;
; |ALU|lpm_clshift0:inst19|lpm_clshift:lpm_clshift_component|lpm_clshift_euc:auto_generated|sbit_w[63]      ; |ALU|lpm_clshift0:inst19|lpm_clshift:lpm_clshift_component|lpm_clshift_euc:auto_generated|sbit_w[63]      ; out0             ;
; |ALU|lpm_clshift0:inst19|lpm_clshift:lpm_clshift_component|lpm_clshift_euc:auto_generated|sbit_w[62]      ; |ALU|lpm_clshift0:inst19|lpm_clshift:lpm_clshift_component|lpm_clshift_euc:auto_generated|sbit_w[62]      ; out0             ;
; |ALU|lpm_clshift0:inst19|lpm_clshift:lpm_clshift_component|lpm_clshift_euc:auto_generated|sbit_w[61]      ; |ALU|lpm_clshift0:inst19|lpm_clshift:lpm_clshift_component|lpm_clshift_euc:auto_generated|sbit_w[61]      ; out0             ;
; |ALU|lpm_clshift0:inst19|lpm_clshift:lpm_clshift_component|lpm_clshift_euc:auto_generated|sbit_w[60]      ; |ALU|lpm_clshift0:inst19|lpm_clshift:lpm_clshift_component|lpm_clshift_euc:auto_generated|sbit_w[60]      ; out0             ;
; |ALU|lpm_clshift0:inst19|lpm_clshift:lpm_clshift_component|lpm_clshift_euc:auto_generated|sbit_w[59]      ; |ALU|lpm_clshift0:inst19|lpm_clshift:lpm_clshift_component|lpm_clshift_euc:auto_generated|sbit_w[59]      ; out0             ;
; |ALU|lpm_clshift0:inst19|lpm_clshift:lpm_clshift_component|lpm_clshift_euc:auto_generated|sbit_w[58]      ; |ALU|lpm_clshift0:inst19|lpm_clshift:lpm_clshift_component|lpm_clshift_euc:auto_generated|sbit_w[58]      ; out0             ;
; |ALU|lpm_clshift0:inst19|lpm_clshift:lpm_clshift_component|lpm_clshift_euc:auto_generated|sbit_w[57]      ; |ALU|lpm_clshift0:inst19|lpm_clshift:lpm_clshift_component|lpm_clshift_euc:auto_generated|sbit_w[57]      ; out0             ;
; |ALU|lpm_clshift0:inst19|lpm_clshift:lpm_clshift_component|lpm_clshift_euc:auto_generated|sbit_w[56]      ; |ALU|lpm_clshift0:inst19|lpm_clshift:lpm_clshift_component|lpm_clshift_euc:auto_generated|sbit_w[56]      ; out0             ;
; |ALU|lpm_clshift0:inst19|lpm_clshift:lpm_clshift_component|lpm_clshift_euc:auto_generated|sbit_w[55]      ; |ALU|lpm_clshift0:inst19|lpm_clshift:lpm_clshift_component|lpm_clshift_euc:auto_generated|sbit_w[55]      ; out0             ;
; |ALU|lpm_clshift0:inst19|lpm_clshift:lpm_clshift_component|lpm_clshift_euc:auto_generated|sbit_w[54]      ; |ALU|lpm_clshift0:inst19|lpm_clshift:lpm_clshift_component|lpm_clshift_euc:auto_generated|sbit_w[54]      ; out0             ;
; |ALU|lpm_clshift0:inst19|lpm_clshift:lpm_clshift_component|lpm_clshift_euc:auto_generated|sbit_w[53]      ; |ALU|lpm_clshift0:inst19|lpm_clshift:lpm_clshift_component|lpm_clshift_euc:auto_generated|sbit_w[53]      ; out0             ;
; |ALU|lpm_clshift0:inst19|lpm_clshift:lpm_clshift_component|lpm_clshift_euc:auto_generated|sbit_w[52]      ; |ALU|lpm_clshift0:inst19|lpm_clshift:lpm_clshift_component|lpm_clshift_euc:auto_generated|sbit_w[52]      ; out0             ;
; |ALU|lpm_clshift0:inst19|lpm_clshift:lpm_clshift_component|lpm_clshift_euc:auto_generated|sbit_w[51]      ; |ALU|lpm_clshift0:inst19|lpm_clshift:lpm_clshift_component|lpm_clshift_euc:auto_generated|sbit_w[51]      ; out0             ;
; |ALU|lpm_clshift0:inst19|lpm_clshift:lpm_clshift_component|lpm_clshift_euc:auto_generated|sbit_w[50]      ; |ALU|lpm_clshift0:inst19|lpm_clshift:lpm_clshift_component|lpm_clshift_euc:auto_generated|sbit_w[50]      ; out0             ;
; |ALU|lpm_clshift0:inst19|lpm_clshift:lpm_clshift_component|lpm_clshift_euc:auto_generated|sbit_w[49]      ; |ALU|lpm_clshift0:inst19|lpm_clshift:lpm_clshift_component|lpm_clshift_euc:auto_generated|sbit_w[49]      ; out0             ;
; |ALU|lpm_clshift0:inst19|lpm_clshift:lpm_clshift_component|lpm_clshift_euc:auto_generated|sbit_w[48]      ; |ALU|lpm_clshift0:inst19|lpm_clshift:lpm_clshift_component|lpm_clshift_euc:auto_generated|sbit_w[48]      ; out0             ;
; |ALU|lpm_clshift0:inst19|lpm_clshift:lpm_clshift_component|lpm_clshift_euc:auto_generated|sbit_w[47]      ; |ALU|lpm_clshift0:inst19|lpm_clshift:lpm_clshift_component|lpm_clshift_euc:auto_generated|sbit_w[47]      ; out0             ;
; |ALU|lpm_clshift0:inst19|lpm_clshift:lpm_clshift_component|lpm_clshift_euc:auto_generated|sbit_w[46]      ; |ALU|lpm_clshift0:inst19|lpm_clshift:lpm_clshift_component|lpm_clshift_euc:auto_generated|sbit_w[46]      ; out0             ;
; |ALU|lpm_clshift0:inst19|lpm_clshift:lpm_clshift_component|lpm_clshift_euc:auto_generated|sbit_w[45]      ; |ALU|lpm_clshift0:inst19|lpm_clshift:lpm_clshift_component|lpm_clshift_euc:auto_generated|sbit_w[45]      ; out0             ;
; |ALU|lpm_clshift0:inst19|lpm_clshift:lpm_clshift_component|lpm_clshift_euc:auto_generated|sbit_w[44]      ; |ALU|lpm_clshift0:inst19|lpm_clshift:lpm_clshift_component|lpm_clshift_euc:auto_generated|sbit_w[44]      ; out0             ;
; |ALU|lpm_clshift0:inst19|lpm_clshift:lpm_clshift_component|lpm_clshift_euc:auto_generated|sbit_w[43]      ; |ALU|lpm_clshift0:inst19|lpm_clshift:lpm_clshift_component|lpm_clshift_euc:auto_generated|sbit_w[43]      ; out0             ;
; |ALU|lpm_clshift0:inst19|lpm_clshift:lpm_clshift_component|lpm_clshift_euc:auto_generated|sbit_w[42]      ; |ALU|lpm_clshift0:inst19|lpm_clshift:lpm_clshift_component|lpm_clshift_euc:auto_generated|sbit_w[42]      ; out0             ;
; |ALU|lpm_clshift0:inst19|lpm_clshift:lpm_clshift_component|lpm_clshift_euc:auto_generated|sbit_w[41]      ; |ALU|lpm_clshift0:inst19|lpm_clshift:lpm_clshift_component|lpm_clshift_euc:auto_generated|sbit_w[41]      ; out0             ;
; |ALU|lpm_clshift0:inst19|lpm_clshift:lpm_clshift_component|lpm_clshift_euc:auto_generated|sbit_w[40]      ; |ALU|lpm_clshift0:inst19|lpm_clshift:lpm_clshift_component|lpm_clshift_euc:auto_generated|sbit_w[40]      ; out0             ;
; |ALU|lpm_clshift0:inst19|lpm_clshift:lpm_clshift_component|lpm_clshift_euc:auto_generated|sbit_w[39]      ; |ALU|lpm_clshift0:inst19|lpm_clshift:lpm_clshift_component|lpm_clshift_euc:auto_generated|sbit_w[39]      ; out0             ;
; |ALU|lpm_clshift0:inst19|lpm_clshift:lpm_clshift_component|lpm_clshift_euc:auto_generated|sbit_w[38]      ; |ALU|lpm_clshift0:inst19|lpm_clshift:lpm_clshift_component|lpm_clshift_euc:auto_generated|sbit_w[38]      ; out0             ;
; |ALU|lpm_clshift0:inst19|lpm_clshift:lpm_clshift_component|lpm_clshift_euc:auto_generated|sbit_w[37]      ; |ALU|lpm_clshift0:inst19|lpm_clshift:lpm_clshift_component|lpm_clshift_euc:auto_generated|sbit_w[37]      ; out0             ;
; |ALU|lpm_clshift0:inst19|lpm_clshift:lpm_clshift_component|lpm_clshift_euc:auto_generated|sbit_w[36]      ; |ALU|lpm_clshift0:inst19|lpm_clshift:lpm_clshift_component|lpm_clshift_euc:auto_generated|sbit_w[36]      ; out0             ;
; |ALU|lpm_clshift0:inst19|lpm_clshift:lpm_clshift_component|lpm_clshift_euc:auto_generated|sbit_w[35]      ; |ALU|lpm_clshift0:inst19|lpm_clshift:lpm_clshift_component|lpm_clshift_euc:auto_generated|sbit_w[35]      ; out0             ;
; |ALU|lpm_clshift0:inst19|lpm_clshift:lpm_clshift_component|lpm_clshift_euc:auto_generated|sbit_w[34]      ; |ALU|lpm_clshift0:inst19|lpm_clshift:lpm_clshift_component|lpm_clshift_euc:auto_generated|sbit_w[34]      ; out0             ;
; |ALU|lpm_clshift0:inst19|lpm_clshift:lpm_clshift_component|lpm_clshift_euc:auto_generated|sbit_w[33]      ; |ALU|lpm_clshift0:inst19|lpm_clshift:lpm_clshift_component|lpm_clshift_euc:auto_generated|sbit_w[33]      ; out0             ;
; |ALU|lpm_clshift0:inst19|lpm_clshift:lpm_clshift_component|lpm_clshift_euc:auto_generated|sbit_w[32]      ; |ALU|lpm_clshift0:inst19|lpm_clshift:lpm_clshift_component|lpm_clshift_euc:auto_generated|sbit_w[32]      ; out0             ;
; |ALU|lpm_clshift1:inst20|lpm_clshift:lpm_clshift_component|lpm_clshift_ukb:auto_generated|_~3             ; |ALU|lpm_clshift1:inst20|lpm_clshift:lpm_clshift_component|lpm_clshift_ukb:auto_generated|_~3             ; out0             ;
; |ALU|lpm_clshift1:inst20|lpm_clshift:lpm_clshift_component|lpm_clshift_ukb:auto_generated|_~4             ; |ALU|lpm_clshift1:inst20|lpm_clshift:lpm_clshift_component|lpm_clshift_ukb:auto_generated|_~4             ; out0             ;
; |ALU|lpm_clshift1:inst20|lpm_clshift:lpm_clshift_component|lpm_clshift_ukb:auto_generated|_~5             ; |ALU|lpm_clshift1:inst20|lpm_clshift:lpm_clshift_component|lpm_clshift_ukb:auto_generated|_~5             ; out0             ;
; |ALU|lpm_clshift1:inst20|lpm_clshift:lpm_clshift_component|lpm_clshift_ukb:auto_generated|_~6             ; |ALU|lpm_clshift1:inst20|lpm_clshift:lpm_clshift_component|lpm_clshift_ukb:auto_generated|_~6             ; out0             ;
; |ALU|lpm_clshift1:inst20|lpm_clshift:lpm_clshift_component|lpm_clshift_ukb:auto_generated|_~7             ; |ALU|lpm_clshift1:inst20|lpm_clshift:lpm_clshift_component|lpm_clshift_ukb:auto_generated|_~7             ; out0             ;
; |ALU|lpm_clshift1:inst20|lpm_clshift:lpm_clshift_component|lpm_clshift_ukb:auto_generated|_~8             ; |ALU|lpm_clshift1:inst20|lpm_clshift:lpm_clshift_component|lpm_clshift_ukb:auto_generated|_~8             ; out0             ;
; |ALU|lpm_clshift1:inst20|lpm_clshift:lpm_clshift_component|lpm_clshift_ukb:auto_generated|_~9             ; |ALU|lpm_clshift1:inst20|lpm_clshift:lpm_clshift_component|lpm_clshift_ukb:auto_generated|_~9             ; out0             ;
; |ALU|lpm_clshift1:inst20|lpm_clshift:lpm_clshift_component|lpm_clshift_ukb:auto_generated|sbit_w[191]~32  ; |ALU|lpm_clshift1:inst20|lpm_clshift:lpm_clshift_component|lpm_clshift_ukb:auto_generated|sbit_w[191]~32  ; out0             ;
; |ALU|lpm_clshift1:inst20|lpm_clshift:lpm_clshift_component|lpm_clshift_ukb:auto_generated|sbit_w[190]~33  ; |ALU|lpm_clshift1:inst20|lpm_clshift:lpm_clshift_component|lpm_clshift_ukb:auto_generated|sbit_w[190]~33  ; out0             ;
; |ALU|lpm_clshift1:inst20|lpm_clshift:lpm_clshift_component|lpm_clshift_ukb:auto_generated|sbit_w[189]~34  ; |ALU|lpm_clshift1:inst20|lpm_clshift:lpm_clshift_component|lpm_clshift_ukb:auto_generated|sbit_w[189]~34  ; out0             ;
; |ALU|lpm_clshift1:inst20|lpm_clshift:lpm_clshift_component|lpm_clshift_ukb:auto_generated|sbit_w[188]~35  ; |ALU|lpm_clshift1:inst20|lpm_clshift:lpm_clshift_component|lpm_clshift_ukb:auto_generated|sbit_w[188]~35  ; out0             ;
; |ALU|lpm_clshift1:inst20|lpm_clshift:lpm_clshift_component|lpm_clshift_ukb:auto_generated|sbit_w[187]~36  ; |ALU|lpm_clshift1:inst20|lpm_clshift:lpm_clshift_component|lpm_clshift_ukb:auto_generated|sbit_w[187]~36  ; out0             ;
; |ALU|lpm_clshift1:inst20|lpm_clshift:lpm_clshift_component|lpm_clshift_ukb:auto_generated|sbit_w[186]~37  ; |ALU|lpm_clshift1:inst20|lpm_clshift:lpm_clshift_component|lpm_clshift_ukb:auto_generated|sbit_w[186]~37  ; out0             ;
; |ALU|lpm_clshift1:inst20|lpm_clshift:lpm_clshift_component|lpm_clshift_ukb:auto_generated|sbit_w[185]~38  ; |ALU|lpm_clshift1:inst20|lpm_clshift:lpm_clshift_component|lpm_clshift_ukb:auto_generated|sbit_w[185]~38  ; out0             ;
; |ALU|lpm_clshift1:inst20|lpm_clshift:lpm_clshift_component|lpm_clshift_ukb:auto_generated|sbit_w[184]~39  ; |ALU|lpm_clshift1:inst20|lpm_clshift:lpm_clshift_component|lpm_clshift_ukb:auto_generated|sbit_w[184]~39  ; out0             ;
; |ALU|lpm_clshift1:inst20|lpm_clshift:lpm_clshift_component|lpm_clshift_ukb:auto_generated|sbit_w[183]~40  ; |ALU|lpm_clshift1:inst20|lpm_clshift:lpm_clshift_component|lpm_clshift_ukb:auto_generated|sbit_w[183]~40  ; out0             ;
; |ALU|lpm_clshift1:inst20|lpm_clshift:lpm_clshift_component|lpm_clshift_ukb:auto_generated|sbit_w[182]~41  ; |ALU|lpm_clshift1:inst20|lpm_clshift:lpm_clshift_component|lpm_clshift_ukb:auto_generated|sbit_w[182]~41  ; out0             ;
; |ALU|lpm_clshift1:inst20|lpm_clshift:lpm_clshift_component|lpm_clshift_ukb:auto_generated|sbit_w[181]~42  ; |ALU|lpm_clshift1:inst20|lpm_clshift:lpm_clshift_component|lpm_clshift_ukb:auto_generated|sbit_w[181]~42  ; out0             ;
; |ALU|lpm_clshift1:inst20|lpm_clshift:lpm_clshift_component|lpm_clshift_ukb:auto_generated|sbit_w[180]~43  ; |ALU|lpm_clshift1:inst20|lpm_clshift:lpm_clshift_component|lpm_clshift_ukb:auto_generated|sbit_w[180]~43  ; out0             ;
; |ALU|lpm_clshift1:inst20|lpm_clshift:lpm_clshift_component|lpm_clshift_ukb:auto_generated|sbit_w[179]~44  ; |ALU|lpm_clshift1:inst20|lpm_clshift:lpm_clshift_component|lpm_clshift_ukb:auto_generated|sbit_w[179]~44  ; out0             ;
; |ALU|lpm_clshift1:inst20|lpm_clshift:lpm_clshift_component|lpm_clshift_ukb:auto_generated|sbit_w[178]~45  ; |ALU|lpm_clshift1:inst20|lpm_clshift:lpm_clshift_component|lpm_clshift_ukb:auto_generated|sbit_w[178]~45  ; out0             ;
; |ALU|lpm_clshift1:inst20|lpm_clshift:lpm_clshift_component|lpm_clshift_ukb:auto_generated|sbit_w[177]~46  ; |ALU|lpm_clshift1:inst20|lpm_clshift:lpm_clshift_component|lpm_clshift_ukb:auto_generated|sbit_w[177]~46  ; out0             ;
; |ALU|lpm_clshift1:inst20|lpm_clshift:lpm_clshift_component|lpm_clshift_ukb:auto_generated|sbit_w[176]~47  ; |ALU|lpm_clshift1:inst20|lpm_clshift:lpm_clshift_component|lpm_clshift_ukb:auto_generated|sbit_w[176]~47  ; out0             ;
; |ALU|lpm_clshift1:inst20|lpm_clshift:lpm_clshift_component|lpm_clshift_ukb:auto_generated|sbit_w[175]~48  ; |ALU|lpm_clshift1:inst20|lpm_clshift:lpm_clshift_component|lpm_clshift_ukb:auto_generated|sbit_w[175]~48  ; out0             ;
; |ALU|lpm_clshift1:inst20|lpm_clshift:lpm_clshift_component|lpm_clshift_ukb:auto_generated|sbit_w[174]~49  ; |ALU|lpm_clshift1:inst20|lpm_clshift:lpm_clshift_component|lpm_clshift_ukb:auto_generated|sbit_w[174]~49  ; out0             ;
; |ALU|lpm_clshift1:inst20|lpm_clshift:lpm_clshift_component|lpm_clshift_ukb:auto_generated|sbit_w[173]~50  ; |ALU|lpm_clshift1:inst20|lpm_clshift:lpm_clshift_component|lpm_clshift_ukb:auto_generated|sbit_w[173]~50  ; out0             ;
; |ALU|lpm_clshift1:inst20|lpm_clshift:lpm_clshift_component|lpm_clshift_ukb:auto_generated|sbit_w[172]~51  ; |ALU|lpm_clshift1:inst20|lpm_clshift:lpm_clshift_component|lpm_clshift_ukb:auto_generated|sbit_w[172]~51  ; out0             ;
; |ALU|lpm_clshift1:inst20|lpm_clshift:lpm_clshift_component|lpm_clshift_ukb:auto_generated|sbit_w[171]~52  ; |ALU|lpm_clshift1:inst20|lpm_clshift:lpm_clshift_component|lpm_clshift_ukb:auto_generated|sbit_w[171]~52  ; out0             ;
; |ALU|lpm_clshift1:inst20|lpm_clshift:lpm_clshift_component|lpm_clshift_ukb:auto_generated|sbit_w[170]~53  ; |ALU|lpm_clshift1:inst20|lpm_clshift:lpm_clshift_component|lpm_clshift_ukb:auto_generated|sbit_w[170]~53  ; out0             ;
; |ALU|lpm_clshift1:inst20|lpm_clshift:lpm_clshift_component|lpm_clshift_ukb:auto_generated|sbit_w[169]~54  ; |ALU|lpm_clshift1:inst20|lpm_clshift:lpm_clshift_component|lpm_clshift_ukb:auto_generated|sbit_w[169]~54  ; out0             ;
; |ALU|lpm_clshift1:inst20|lpm_clshift:lpm_clshift_component|lpm_clshift_ukb:auto_generated|sbit_w[168]~55  ; |ALU|lpm_clshift1:inst20|lpm_clshift:lpm_clshift_component|lpm_clshift_ukb:auto_generated|sbit_w[168]~55  ; out0             ;
; |ALU|lpm_clshift1:inst20|lpm_clshift:lpm_clshift_component|lpm_clshift_ukb:auto_generated|sbit_w[167]~56  ; |ALU|lpm_clshift1:inst20|lpm_clshift:lpm_clshift_component|lpm_clshift_ukb:auto_generated|sbit_w[167]~56  ; out0             ;
; |ALU|lpm_clshift1:inst20|lpm_clshift:lpm_clshift_component|lpm_clshift_ukb:auto_generated|sbit_w[166]~57  ; |ALU|lpm_clshift1:inst20|lpm_clshift:lpm_clshift_component|lpm_clshift_ukb:auto_generated|sbit_w[166]~57  ; out0             ;
; |ALU|lpm_clshift1:inst20|lpm_clshift:lpm_clshift_component|lpm_clshift_ukb:auto_generated|sbit_w[165]~58  ; |ALU|lpm_clshift1:inst20|lpm_clshift:lpm_clshift_component|lpm_clshift_ukb:auto_generated|sbit_w[165]~58  ; out0             ;
; |ALU|lpm_clshift1:inst20|lpm_clshift:lpm_clshift_component|lpm_clshift_ukb:auto_generated|sbit_w[164]~59  ; |ALU|lpm_clshift1:inst20|lpm_clshift:lpm_clshift_component|lpm_clshift_ukb:auto_generated|sbit_w[164]~59  ; out0             ;
; |ALU|lpm_clshift1:inst20|lpm_clshift:lpm_clshift_component|lpm_clshift_ukb:auto_generated|sbit_w[163]~60  ; |ALU|lpm_clshift1:inst20|lpm_clshift:lpm_clshift_component|lpm_clshift_ukb:auto_generated|sbit_w[163]~60  ; out0             ;
; |ALU|lpm_clshift1:inst20|lpm_clshift:lpm_clshift_component|lpm_clshift_ukb:auto_generated|sbit_w[162]~61  ; |ALU|lpm_clshift1:inst20|lpm_clshift:lpm_clshift_component|lpm_clshift_ukb:auto_generated|sbit_w[162]~61  ; out0             ;
; |ALU|lpm_clshift1:inst20|lpm_clshift:lpm_clshift_component|lpm_clshift_ukb:auto_generated|sbit_w[161]~62  ; |ALU|lpm_clshift1:inst20|lpm_clshift:lpm_clshift_component|lpm_clshift_ukb:auto_generated|sbit_w[161]~62  ; out0             ;
; |ALU|lpm_clshift1:inst20|lpm_clshift:lpm_clshift_component|lpm_clshift_ukb:auto_generated|sbit_w[160]~63  ; |ALU|lpm_clshift1:inst20|lpm_clshift:lpm_clshift_component|lpm_clshift_ukb:auto_generated|sbit_w[160]~63  ; out0             ;
; |ALU|lpm_clshift1:inst20|lpm_clshift:lpm_clshift_component|lpm_clshift_ukb:auto_generated|sbit_w[191]     ; |ALU|lpm_clshift1:inst20|lpm_clshift:lpm_clshift_component|lpm_clshift_ukb:auto_generated|sbit_w[191]     ; out0             ;
; |ALU|lpm_clshift1:inst20|lpm_clshift:lpm_clshift_component|lpm_clshift_ukb:auto_generated|sbit_w[190]     ; |ALU|lpm_clshift1:inst20|lpm_clshift:lpm_clshift_component|lpm_clshift_ukb:auto_generated|sbit_w[190]     ; out0             ;
; |ALU|lpm_clshift1:inst20|lpm_clshift:lpm_clshift_component|lpm_clshift_ukb:auto_generated|sbit_w[189]     ; |ALU|lpm_clshift1:inst20|lpm_clshift:lpm_clshift_component|lpm_clshift_ukb:auto_generated|sbit_w[189]     ; out0             ;
; |ALU|lpm_clshift1:inst20|lpm_clshift:lpm_clshift_component|lpm_clshift_ukb:auto_generated|sbit_w[188]     ; |ALU|lpm_clshift1:inst20|lpm_clshift:lpm_clshift_component|lpm_clshift_ukb:auto_generated|sbit_w[188]     ; out0             ;
; |ALU|lpm_clshift1:inst20|lpm_clshift:lpm_clshift_component|lpm_clshift_ukb:auto_generated|sbit_w[187]     ; |ALU|lpm_clshift1:inst20|lpm_clshift:lpm_clshift_component|lpm_clshift_ukb:auto_generated|sbit_w[187]     ; out0             ;
; |ALU|lpm_clshift1:inst20|lpm_clshift:lpm_clshift_component|lpm_clshift_ukb:auto_generated|sbit_w[186]     ; |ALU|lpm_clshift1:inst20|lpm_clshift:lpm_clshift_component|lpm_clshift_ukb:auto_generated|sbit_w[186]     ; out0             ;
; |ALU|lpm_clshift1:inst20|lpm_clshift:lpm_clshift_component|lpm_clshift_ukb:auto_generated|sbit_w[185]     ; |ALU|lpm_clshift1:inst20|lpm_clshift:lpm_clshift_component|lpm_clshift_ukb:auto_generated|sbit_w[185]     ; out0             ;
; |ALU|lpm_clshift1:inst20|lpm_clshift:lpm_clshift_component|lpm_clshift_ukb:auto_generated|sbit_w[184]     ; |ALU|lpm_clshift1:inst20|lpm_clshift:lpm_clshift_component|lpm_clshift_ukb:auto_generated|sbit_w[184]     ; out0             ;
; |ALU|lpm_clshift1:inst20|lpm_clshift:lpm_clshift_component|lpm_clshift_ukb:auto_generated|sbit_w[183]     ; |ALU|lpm_clshift1:inst20|lpm_clshift:lpm_clshift_component|lpm_clshift_ukb:auto_generated|sbit_w[183]     ; out0             ;
; |ALU|lpm_clshift1:inst20|lpm_clshift:lpm_clshift_component|lpm_clshift_ukb:auto_generated|sbit_w[182]     ; |ALU|lpm_clshift1:inst20|lpm_clshift:lpm_clshift_component|lpm_clshift_ukb:auto_generated|sbit_w[182]     ; out0             ;
; |ALU|lpm_clshift1:inst20|lpm_clshift:lpm_clshift_component|lpm_clshift_ukb:auto_generated|sbit_w[181]     ; |ALU|lpm_clshift1:inst20|lpm_clshift:lpm_clshift_component|lpm_clshift_ukb:auto_generated|sbit_w[181]     ; out0             ;
; |ALU|lpm_clshift1:inst20|lpm_clshift:lpm_clshift_component|lpm_clshift_ukb:auto_generated|sbit_w[180]     ; |ALU|lpm_clshift1:inst20|lpm_clshift:lpm_clshift_component|lpm_clshift_ukb:auto_generated|sbit_w[180]     ; out0             ;
; |ALU|lpm_clshift1:inst20|lpm_clshift:lpm_clshift_component|lpm_clshift_ukb:auto_generated|sbit_w[179]     ; |ALU|lpm_clshift1:inst20|lpm_clshift:lpm_clshift_component|lpm_clshift_ukb:auto_generated|sbit_w[179]     ; out0             ;
; |ALU|lpm_clshift1:inst20|lpm_clshift:lpm_clshift_component|lpm_clshift_ukb:auto_generated|sbit_w[178]     ; |ALU|lpm_clshift1:inst20|lpm_clshift:lpm_clshift_component|lpm_clshift_ukb:auto_generated|sbit_w[178]     ; out0             ;
; |ALU|lpm_clshift1:inst20|lpm_clshift:lpm_clshift_component|lpm_clshift_ukb:auto_generated|sbit_w[177]     ; |ALU|lpm_clshift1:inst20|lpm_clshift:lpm_clshift_component|lpm_clshift_ukb:auto_generated|sbit_w[177]     ; out0             ;
; |ALU|lpm_clshift1:inst20|lpm_clshift:lpm_clshift_component|lpm_clshift_ukb:auto_generated|sbit_w[176]     ; |ALU|lpm_clshift1:inst20|lpm_clshift:lpm_clshift_component|lpm_clshift_ukb:auto_generated|sbit_w[176]     ; out0             ;
; |ALU|lpm_clshift1:inst20|lpm_clshift:lpm_clshift_component|lpm_clshift_ukb:auto_generated|_~71            ; |ALU|lpm_clshift1:inst20|lpm_clshift:lpm_clshift_component|lpm_clshift_ukb:auto_generated|_~71            ; out0             ;
; |ALU|lpm_clshift1:inst20|lpm_clshift:lpm_clshift_component|lpm_clshift_ukb:auto_generated|_~72            ; |ALU|lpm_clshift1:inst20|lpm_clshift:lpm_clshift_component|lpm_clshift_ukb:auto_generated|_~72            ; out0             ;
; |ALU|lpm_clshift1:inst20|lpm_clshift:lpm_clshift_component|lpm_clshift_ukb:auto_generated|_~73            ; |ALU|lpm_clshift1:inst20|lpm_clshift:lpm_clshift_component|lpm_clshift_ukb:auto_generated|_~73            ; out0             ;
; |ALU|lpm_clshift1:inst20|lpm_clshift:lpm_clshift_component|lpm_clshift_ukb:auto_generated|_~74            ; |ALU|lpm_clshift1:inst20|lpm_clshift:lpm_clshift_component|lpm_clshift_ukb:auto_generated|_~74            ; out0             ;
; |ALU|lpm_clshift1:inst20|lpm_clshift:lpm_clshift_component|lpm_clshift_ukb:auto_generated|_~75            ; |ALU|lpm_clshift1:inst20|lpm_clshift:lpm_clshift_component|lpm_clshift_ukb:auto_generated|_~75            ; out0             ;
; |ALU|lpm_clshift1:inst20|lpm_clshift:lpm_clshift_component|lpm_clshift_ukb:auto_generated|_~76            ; |ALU|lpm_clshift1:inst20|lpm_clshift:lpm_clshift_component|lpm_clshift_ukb:auto_generated|_~76            ; out0             ;
; |ALU|lpm_clshift1:inst20|lpm_clshift:lpm_clshift_component|lpm_clshift_ukb:auto_generated|_~77            ; |ALU|lpm_clshift1:inst20|lpm_clshift:lpm_clshift_component|lpm_clshift_ukb:auto_generated|_~77            ; out0             ;
; |ALU|lpm_clshift1:inst20|lpm_clshift:lpm_clshift_component|lpm_clshift_ukb:auto_generated|_~78            ; |ALU|lpm_clshift1:inst20|lpm_clshift:lpm_clshift_component|lpm_clshift_ukb:auto_generated|_~78            ; out0             ;
; |ALU|lpm_clshift1:inst20|lpm_clshift:lpm_clshift_component|lpm_clshift_ukb:auto_generated|_~79            ; |ALU|lpm_clshift1:inst20|lpm_clshift:lpm_clshift_component|lpm_clshift_ukb:auto_generated|_~79            ; out0             ;
; |ALU|lpm_clshift1:inst20|lpm_clshift:lpm_clshift_component|lpm_clshift_ukb:auto_generated|_~80            ; |ALU|lpm_clshift1:inst20|lpm_clshift:lpm_clshift_component|lpm_clshift_ukb:auto_generated|_~80            ; out0             ;
; |ALU|lpm_clshift1:inst20|lpm_clshift:lpm_clshift_component|lpm_clshift_ukb:auto_generated|_~81            ; |ALU|lpm_clshift1:inst20|lpm_clshift:lpm_clshift_component|lpm_clshift_ukb:auto_generated|_~81            ; out0             ;
; |ALU|lpm_clshift1:inst20|lpm_clshift:lpm_clshift_component|lpm_clshift_ukb:auto_generated|_~82            ; |ALU|lpm_clshift1:inst20|lpm_clshift:lpm_clshift_component|lpm_clshift_ukb:auto_generated|_~82            ; out0             ;
; |ALU|lpm_clshift1:inst20|lpm_clshift:lpm_clshift_component|lpm_clshift_ukb:auto_generated|_~83            ; |ALU|lpm_clshift1:inst20|lpm_clshift:lpm_clshift_component|lpm_clshift_ukb:auto_generated|_~83            ; out0             ;
; |ALU|lpm_clshift1:inst20|lpm_clshift:lpm_clshift_component|lpm_clshift_ukb:auto_generated|_~84            ; |ALU|lpm_clshift1:inst20|lpm_clshift:lpm_clshift_component|lpm_clshift_ukb:auto_generated|_~84            ; out0             ;
; |ALU|lpm_clshift1:inst20|lpm_clshift:lpm_clshift_component|lpm_clshift_ukb:auto_generated|_~85            ; |ALU|lpm_clshift1:inst20|lpm_clshift:lpm_clshift_component|lpm_clshift_ukb:auto_generated|_~85            ; out0             ;
; |ALU|lpm_clshift1:inst20|lpm_clshift:lpm_clshift_component|lpm_clshift_ukb:auto_generated|_~86            ; |ALU|lpm_clshift1:inst20|lpm_clshift:lpm_clshift_component|lpm_clshift_ukb:auto_generated|_~86            ; out0             ;
; |ALU|lpm_clshift1:inst20|lpm_clshift:lpm_clshift_component|lpm_clshift_ukb:auto_generated|_~87            ; |ALU|lpm_clshift1:inst20|lpm_clshift:lpm_clshift_component|lpm_clshift_ukb:auto_generated|_~87            ; out0             ;
; |ALU|lpm_clshift1:inst20|lpm_clshift:lpm_clshift_component|lpm_clshift_ukb:auto_generated|_~88            ; |ALU|lpm_clshift1:inst20|lpm_clshift:lpm_clshift_component|lpm_clshift_ukb:auto_generated|_~88            ; out0             ;
; |ALU|lpm_clshift1:inst20|lpm_clshift:lpm_clshift_component|lpm_clshift_ukb:auto_generated|_~89            ; |ALU|lpm_clshift1:inst20|lpm_clshift:lpm_clshift_component|lpm_clshift_ukb:auto_generated|_~89            ; out0             ;
; |ALU|lpm_clshift1:inst20|lpm_clshift:lpm_clshift_component|lpm_clshift_ukb:auto_generated|_~90            ; |ALU|lpm_clshift1:inst20|lpm_clshift:lpm_clshift_component|lpm_clshift_ukb:auto_generated|_~90            ; out0             ;
; |ALU|lpm_clshift1:inst20|lpm_clshift:lpm_clshift_component|lpm_clshift_ukb:auto_generated|_~91            ; |ALU|lpm_clshift1:inst20|lpm_clshift:lpm_clshift_component|lpm_clshift_ukb:auto_generated|_~91            ; out0             ;
; |ALU|lpm_clshift1:inst20|lpm_clshift:lpm_clshift_component|lpm_clshift_ukb:auto_generated|_~92            ; |ALU|lpm_clshift1:inst20|lpm_clshift:lpm_clshift_component|lpm_clshift_ukb:auto_generated|_~92            ; out0             ;
; |ALU|lpm_clshift1:inst20|lpm_clshift:lpm_clshift_component|lpm_clshift_ukb:auto_generated|_~93            ; |ALU|lpm_clshift1:inst20|lpm_clshift:lpm_clshift_component|lpm_clshift_ukb:auto_generated|_~93            ; out0             ;
; |ALU|lpm_clshift1:inst20|lpm_clshift:lpm_clshift_component|lpm_clshift_ukb:auto_generated|_~94            ; |ALU|lpm_clshift1:inst20|lpm_clshift:lpm_clshift_component|lpm_clshift_ukb:auto_generated|_~94            ; out0             ;
; |ALU|lpm_clshift1:inst20|lpm_clshift:lpm_clshift_component|lpm_clshift_ukb:auto_generated|sbit_w[159]~96  ; |ALU|lpm_clshift1:inst20|lpm_clshift:lpm_clshift_component|lpm_clshift_ukb:auto_generated|sbit_w[159]~96  ; out0             ;
; |ALU|lpm_clshift1:inst20|lpm_clshift:lpm_clshift_component|lpm_clshift_ukb:auto_generated|sbit_w[158]~97  ; |ALU|lpm_clshift1:inst20|lpm_clshift:lpm_clshift_component|lpm_clshift_ukb:auto_generated|sbit_w[158]~97  ; out0             ;
; |ALU|lpm_clshift1:inst20|lpm_clshift:lpm_clshift_component|lpm_clshift_ukb:auto_generated|sbit_w[157]~98  ; |ALU|lpm_clshift1:inst20|lpm_clshift:lpm_clshift_component|lpm_clshift_ukb:auto_generated|sbit_w[157]~98  ; out0             ;
; |ALU|lpm_clshift1:inst20|lpm_clshift:lpm_clshift_component|lpm_clshift_ukb:auto_generated|sbit_w[156]~99  ; |ALU|lpm_clshift1:inst20|lpm_clshift:lpm_clshift_component|lpm_clshift_ukb:auto_generated|sbit_w[156]~99  ; out0             ;
; |ALU|lpm_clshift1:inst20|lpm_clshift:lpm_clshift_component|lpm_clshift_ukb:auto_generated|sbit_w[155]~100 ; |ALU|lpm_clshift1:inst20|lpm_clshift:lpm_clshift_component|lpm_clshift_ukb:auto_generated|sbit_w[155]~100 ; out0             ;
; |ALU|lpm_clshift1:inst20|lpm_clshift:lpm_clshift_component|lpm_clshift_ukb:auto_generated|sbit_w[154]~101 ; |ALU|lpm_clshift1:inst20|lpm_clshift:lpm_clshift_component|lpm_clshift_ukb:auto_generated|sbit_w[154]~101 ; out0             ;
; |ALU|lpm_clshift1:inst20|lpm_clshift:lpm_clshift_component|lpm_clshift_ukb:auto_generated|sbit_w[153]~102 ; |ALU|lpm_clshift1:inst20|lpm_clshift:lpm_clshift_component|lpm_clshift_ukb:auto_generated|sbit_w[153]~102 ; out0             ;
; |ALU|lpm_clshift1:inst20|lpm_clshift:lpm_clshift_component|lpm_clshift_ukb:auto_generated|sbit_w[152]~103 ; |ALU|lpm_clshift1:inst20|lpm_clshift:lpm_clshift_component|lpm_clshift_ukb:auto_generated|sbit_w[152]~103 ; out0             ;
; |ALU|lpm_clshift1:inst20|lpm_clshift:lpm_clshift_component|lpm_clshift_ukb:auto_generated|sbit_w[151]~104 ; |ALU|lpm_clshift1:inst20|lpm_clshift:lpm_clshift_component|lpm_clshift_ukb:auto_generated|sbit_w[151]~104 ; out0             ;
; |ALU|lpm_clshift1:inst20|lpm_clshift:lpm_clshift_component|lpm_clshift_ukb:auto_generated|sbit_w[150]~105 ; |ALU|lpm_clshift1:inst20|lpm_clshift:lpm_clshift_component|lpm_clshift_ukb:auto_generated|sbit_w[150]~105 ; out0             ;
; |ALU|lpm_clshift1:inst20|lpm_clshift:lpm_clshift_component|lpm_clshift_ukb:auto_generated|sbit_w[149]~106 ; |ALU|lpm_clshift1:inst20|lpm_clshift:lpm_clshift_component|lpm_clshift_ukb:auto_generated|sbit_w[149]~106 ; out0             ;
; |ALU|lpm_clshift1:inst20|lpm_clshift:lpm_clshift_component|lpm_clshift_ukb:auto_generated|sbit_w[148]~107 ; |ALU|lpm_clshift1:inst20|lpm_clshift:lpm_clshift_component|lpm_clshift_ukb:auto_generated|sbit_w[148]~107 ; out0             ;
; |ALU|lpm_clshift1:inst20|lpm_clshift:lpm_clshift_component|lpm_clshift_ukb:auto_generated|sbit_w[147]~108 ; |ALU|lpm_clshift1:inst20|lpm_clshift:lpm_clshift_component|lpm_clshift_ukb:auto_generated|sbit_w[147]~108 ; out0             ;
; |ALU|lpm_clshift1:inst20|lpm_clshift:lpm_clshift_component|lpm_clshift_ukb:auto_generated|sbit_w[146]~109 ; |ALU|lpm_clshift1:inst20|lpm_clshift:lpm_clshift_component|lpm_clshift_ukb:auto_generated|sbit_w[146]~109 ; out0             ;
; |ALU|lpm_clshift1:inst20|lpm_clshift:lpm_clshift_component|lpm_clshift_ukb:auto_generated|sbit_w[145]~110 ; |ALU|lpm_clshift1:inst20|lpm_clshift:lpm_clshift_component|lpm_clshift_ukb:auto_generated|sbit_w[145]~110 ; out0             ;
; |ALU|lpm_clshift1:inst20|lpm_clshift:lpm_clshift_component|lpm_clshift_ukb:auto_generated|sbit_w[144]~111 ; |ALU|lpm_clshift1:inst20|lpm_clshift:lpm_clshift_component|lpm_clshift_ukb:auto_generated|sbit_w[144]~111 ; out0             ;
; |ALU|lpm_clshift1:inst20|lpm_clshift:lpm_clshift_component|lpm_clshift_ukb:auto_generated|sbit_w[143]~112 ; |ALU|lpm_clshift1:inst20|lpm_clshift:lpm_clshift_component|lpm_clshift_ukb:auto_generated|sbit_w[143]~112 ; out0             ;
; |ALU|lpm_clshift1:inst20|lpm_clshift:lpm_clshift_component|lpm_clshift_ukb:auto_generated|sbit_w[142]~113 ; |ALU|lpm_clshift1:inst20|lpm_clshift:lpm_clshift_component|lpm_clshift_ukb:auto_generated|sbit_w[142]~113 ; out0             ;
; |ALU|lpm_clshift1:inst20|lpm_clshift:lpm_clshift_component|lpm_clshift_ukb:auto_generated|sbit_w[141]~114 ; |ALU|lpm_clshift1:inst20|lpm_clshift:lpm_clshift_component|lpm_clshift_ukb:auto_generated|sbit_w[141]~114 ; out0             ;
; |ALU|lpm_clshift1:inst20|lpm_clshift:lpm_clshift_component|lpm_clshift_ukb:auto_generated|sbit_w[140]~115 ; |ALU|lpm_clshift1:inst20|lpm_clshift:lpm_clshift_component|lpm_clshift_ukb:auto_generated|sbit_w[140]~115 ; out0             ;
; |ALU|lpm_clshift1:inst20|lpm_clshift:lpm_clshift_component|lpm_clshift_ukb:auto_generated|sbit_w[139]~116 ; |ALU|lpm_clshift1:inst20|lpm_clshift:lpm_clshift_component|lpm_clshift_ukb:auto_generated|sbit_w[139]~116 ; out0             ;
; |ALU|lpm_clshift1:inst20|lpm_clshift:lpm_clshift_component|lpm_clshift_ukb:auto_generated|sbit_w[138]~117 ; |ALU|lpm_clshift1:inst20|lpm_clshift:lpm_clshift_component|lpm_clshift_ukb:auto_generated|sbit_w[138]~117 ; out0             ;
; |ALU|lpm_clshift1:inst20|lpm_clshift:lpm_clshift_component|lpm_clshift_ukb:auto_generated|sbit_w[137]~118 ; |ALU|lpm_clshift1:inst20|lpm_clshift:lpm_clshift_component|lpm_clshift_ukb:auto_generated|sbit_w[137]~118 ; out0             ;
; |ALU|lpm_clshift1:inst20|lpm_clshift:lpm_clshift_component|lpm_clshift_ukb:auto_generated|sbit_w[136]~119 ; |ALU|lpm_clshift1:inst20|lpm_clshift:lpm_clshift_component|lpm_clshift_ukb:auto_generated|sbit_w[136]~119 ; out0             ;
; |ALU|lpm_clshift1:inst20|lpm_clshift:lpm_clshift_component|lpm_clshift_ukb:auto_generated|sbit_w[135]~120 ; |ALU|lpm_clshift1:inst20|lpm_clshift:lpm_clshift_component|lpm_clshift_ukb:auto_generated|sbit_w[135]~120 ; out0             ;
; |ALU|lpm_clshift1:inst20|lpm_clshift:lpm_clshift_component|lpm_clshift_ukb:auto_generated|sbit_w[134]~121 ; |ALU|lpm_clshift1:inst20|lpm_clshift:lpm_clshift_component|lpm_clshift_ukb:auto_generated|sbit_w[134]~121 ; out0             ;
; |ALU|lpm_clshift1:inst20|lpm_clshift:lpm_clshift_component|lpm_clshift_ukb:auto_generated|sbit_w[133]~122 ; |ALU|lpm_clshift1:inst20|lpm_clshift:lpm_clshift_component|lpm_clshift_ukb:auto_generated|sbit_w[133]~122 ; out0             ;
; |ALU|lpm_clshift1:inst20|lpm_clshift:lpm_clshift_component|lpm_clshift_ukb:auto_generated|sbit_w[132]~123 ; |ALU|lpm_clshift1:inst20|lpm_clshift:lpm_clshift_component|lpm_clshift_ukb:auto_generated|sbit_w[132]~123 ; out0             ;
; |ALU|lpm_clshift1:inst20|lpm_clshift:lpm_clshift_component|lpm_clshift_ukb:auto_generated|sbit_w[131]~124 ; |ALU|lpm_clshift1:inst20|lpm_clshift:lpm_clshift_component|lpm_clshift_ukb:auto_generated|sbit_w[131]~124 ; out0             ;
; |ALU|lpm_clshift1:inst20|lpm_clshift:lpm_clshift_component|lpm_clshift_ukb:auto_generated|sbit_w[130]~125 ; |ALU|lpm_clshift1:inst20|lpm_clshift:lpm_clshift_component|lpm_clshift_ukb:auto_generated|sbit_w[130]~125 ; out0             ;
; |ALU|lpm_clshift1:inst20|lpm_clshift:lpm_clshift_component|lpm_clshift_ukb:auto_generated|sbit_w[129]~126 ; |ALU|lpm_clshift1:inst20|lpm_clshift:lpm_clshift_component|lpm_clshift_ukb:auto_generated|sbit_w[129]~126 ; out0             ;
; |ALU|lpm_clshift1:inst20|lpm_clshift:lpm_clshift_component|lpm_clshift_ukb:auto_generated|sbit_w[128]~127 ; |ALU|lpm_clshift1:inst20|lpm_clshift:lpm_clshift_component|lpm_clshift_ukb:auto_generated|sbit_w[128]~127 ; out0             ;
; |ALU|lpm_clshift1:inst20|lpm_clshift:lpm_clshift_component|lpm_clshift_ukb:auto_generated|sbit_w[159]     ; |ALU|lpm_clshift1:inst20|lpm_clshift:lpm_clshift_component|lpm_clshift_ukb:auto_generated|sbit_w[159]     ; out0             ;
; |ALU|lpm_clshift1:inst20|lpm_clshift:lpm_clshift_component|lpm_clshift_ukb:auto_generated|sbit_w[158]     ; |ALU|lpm_clshift1:inst20|lpm_clshift:lpm_clshift_component|lpm_clshift_ukb:auto_generated|sbit_w[158]     ; out0             ;
; |ALU|lpm_clshift1:inst20|lpm_clshift:lpm_clshift_component|lpm_clshift_ukb:auto_generated|sbit_w[157]     ; |ALU|lpm_clshift1:inst20|lpm_clshift:lpm_clshift_component|lpm_clshift_ukb:auto_generated|sbit_w[157]     ; out0             ;
; |ALU|lpm_clshift1:inst20|lpm_clshift:lpm_clshift_component|lpm_clshift_ukb:auto_generated|sbit_w[156]     ; |ALU|lpm_clshift1:inst20|lpm_clshift:lpm_clshift_component|lpm_clshift_ukb:auto_generated|sbit_w[156]     ; out0             ;
; |ALU|lpm_clshift1:inst20|lpm_clshift:lpm_clshift_component|lpm_clshift_ukb:auto_generated|sbit_w[155]     ; |ALU|lpm_clshift1:inst20|lpm_clshift:lpm_clshift_component|lpm_clshift_ukb:auto_generated|sbit_w[155]     ; out0             ;
; |ALU|lpm_clshift1:inst20|lpm_clshift:lpm_clshift_component|lpm_clshift_ukb:auto_generated|sbit_w[154]     ; |ALU|lpm_clshift1:inst20|lpm_clshift:lpm_clshift_component|lpm_clshift_ukb:auto_generated|sbit_w[154]     ; out0             ;
; |ALU|lpm_clshift1:inst20|lpm_clshift:lpm_clshift_component|lpm_clshift_ukb:auto_generated|sbit_w[153]     ; |ALU|lpm_clshift1:inst20|lpm_clshift:lpm_clshift_component|lpm_clshift_ukb:auto_generated|sbit_w[153]     ; out0             ;
; |ALU|lpm_clshift1:inst20|lpm_clshift:lpm_clshift_component|lpm_clshift_ukb:auto_generated|sbit_w[152]     ; |ALU|lpm_clshift1:inst20|lpm_clshift:lpm_clshift_component|lpm_clshift_ukb:auto_generated|sbit_w[152]     ; out0             ;
; |ALU|lpm_clshift1:inst20|lpm_clshift:lpm_clshift_component|lpm_clshift_ukb:auto_generated|sbit_w[151]     ; |ALU|lpm_clshift1:inst20|lpm_clshift:lpm_clshift_component|lpm_clshift_ukb:auto_generated|sbit_w[151]     ; out0             ;
; |ALU|lpm_clshift1:inst20|lpm_clshift:lpm_clshift_component|lpm_clshift_ukb:auto_generated|sbit_w[150]     ; |ALU|lpm_clshift1:inst20|lpm_clshift:lpm_clshift_component|lpm_clshift_ukb:auto_generated|sbit_w[150]     ; out0             ;
; |ALU|lpm_clshift1:inst20|lpm_clshift:lpm_clshift_component|lpm_clshift_ukb:auto_generated|sbit_w[149]     ; |ALU|lpm_clshift1:inst20|lpm_clshift:lpm_clshift_component|lpm_clshift_ukb:auto_generated|sbit_w[149]     ; out0             ;
; |ALU|lpm_clshift1:inst20|lpm_clshift:lpm_clshift_component|lpm_clshift_ukb:auto_generated|sbit_w[148]     ; |ALU|lpm_clshift1:inst20|lpm_clshift:lpm_clshift_component|lpm_clshift_ukb:auto_generated|sbit_w[148]     ; out0             ;
; |ALU|lpm_clshift1:inst20|lpm_clshift:lpm_clshift_component|lpm_clshift_ukb:auto_generated|sbit_w[147]     ; |ALU|lpm_clshift1:inst20|lpm_clshift:lpm_clshift_component|lpm_clshift_ukb:auto_generated|sbit_w[147]     ; out0             ;
; |ALU|lpm_clshift1:inst20|lpm_clshift:lpm_clshift_component|lpm_clshift_ukb:auto_generated|sbit_w[146]     ; |ALU|lpm_clshift1:inst20|lpm_clshift:lpm_clshift_component|lpm_clshift_ukb:auto_generated|sbit_w[146]     ; out0             ;
; |ALU|lpm_clshift1:inst20|lpm_clshift:lpm_clshift_component|lpm_clshift_ukb:auto_generated|sbit_w[145]     ; |ALU|lpm_clshift1:inst20|lpm_clshift:lpm_clshift_component|lpm_clshift_ukb:auto_generated|sbit_w[145]     ; out0             ;
; |ALU|lpm_clshift1:inst20|lpm_clshift:lpm_clshift_component|lpm_clshift_ukb:auto_generated|sbit_w[144]     ; |ALU|lpm_clshift1:inst20|lpm_clshift:lpm_clshift_component|lpm_clshift_ukb:auto_generated|sbit_w[144]     ; out0             ;
; |ALU|lpm_clshift1:inst20|lpm_clshift:lpm_clshift_component|lpm_clshift_ukb:auto_generated|sbit_w[143]     ; |ALU|lpm_clshift1:inst20|lpm_clshift:lpm_clshift_component|lpm_clshift_ukb:auto_generated|sbit_w[143]     ; out0             ;
; |ALU|lpm_clshift1:inst20|lpm_clshift:lpm_clshift_component|lpm_clshift_ukb:auto_generated|sbit_w[142]     ; |ALU|lpm_clshift1:inst20|lpm_clshift:lpm_clshift_component|lpm_clshift_ukb:auto_generated|sbit_w[142]     ; out0             ;
; |ALU|lpm_clshift1:inst20|lpm_clshift:lpm_clshift_component|lpm_clshift_ukb:auto_generated|sbit_w[141]     ; |ALU|lpm_clshift1:inst20|lpm_clshift:lpm_clshift_component|lpm_clshift_ukb:auto_generated|sbit_w[141]     ; out0             ;
; |ALU|lpm_clshift1:inst20|lpm_clshift:lpm_clshift_component|lpm_clshift_ukb:auto_generated|sbit_w[140]     ; |ALU|lpm_clshift1:inst20|lpm_clshift:lpm_clshift_component|lpm_clshift_ukb:auto_generated|sbit_w[140]     ; out0             ;
; |ALU|lpm_clshift1:inst20|lpm_clshift:lpm_clshift_component|lpm_clshift_ukb:auto_generated|sbit_w[139]     ; |ALU|lpm_clshift1:inst20|lpm_clshift:lpm_clshift_component|lpm_clshift_ukb:auto_generated|sbit_w[139]     ; out0             ;
; |ALU|lpm_clshift1:inst20|lpm_clshift:lpm_clshift_component|lpm_clshift_ukb:auto_generated|sbit_w[138]     ; |ALU|lpm_clshift1:inst20|lpm_clshift:lpm_clshift_component|lpm_clshift_ukb:auto_generated|sbit_w[138]     ; out0             ;
; |ALU|lpm_clshift1:inst20|lpm_clshift:lpm_clshift_component|lpm_clshift_ukb:auto_generated|sbit_w[137]     ; |ALU|lpm_clshift1:inst20|lpm_clshift:lpm_clshift_component|lpm_clshift_ukb:auto_generated|sbit_w[137]     ; out0             ;
; |ALU|lpm_clshift1:inst20|lpm_clshift:lpm_clshift_component|lpm_clshift_ukb:auto_generated|sbit_w[136]     ; |ALU|lpm_clshift1:inst20|lpm_clshift:lpm_clshift_component|lpm_clshift_ukb:auto_generated|sbit_w[136]     ; out0             ;
; |ALU|lpm_clshift1:inst20|lpm_clshift:lpm_clshift_component|lpm_clshift_ukb:auto_generated|_~139           ; |ALU|lpm_clshift1:inst20|lpm_clshift:lpm_clshift_component|lpm_clshift_ukb:auto_generated|_~139           ; out0             ;
; |ALU|lpm_clshift1:inst20|lpm_clshift:lpm_clshift_component|lpm_clshift_ukb:auto_generated|_~140           ; |ALU|lpm_clshift1:inst20|lpm_clshift:lpm_clshift_component|lpm_clshift_ukb:auto_generated|_~140           ; out0             ;
; |ALU|lpm_clshift1:inst20|lpm_clshift:lpm_clshift_component|lpm_clshift_ukb:auto_generated|_~141           ; |ALU|lpm_clshift1:inst20|lpm_clshift:lpm_clshift_component|lpm_clshift_ukb:auto_generated|_~141           ; out0             ;
; |ALU|lpm_clshift1:inst20|lpm_clshift:lpm_clshift_component|lpm_clshift_ukb:auto_generated|_~142           ; |ALU|lpm_clshift1:inst20|lpm_clshift:lpm_clshift_component|lpm_clshift_ukb:auto_generated|_~142           ; out0             ;
; |ALU|lpm_clshift1:inst20|lpm_clshift:lpm_clshift_component|lpm_clshift_ukb:auto_generated|_~143           ; |ALU|lpm_clshift1:inst20|lpm_clshift:lpm_clshift_component|lpm_clshift_ukb:auto_generated|_~143           ; out0             ;
; |ALU|lpm_clshift1:inst20|lpm_clshift:lpm_clshift_component|lpm_clshift_ukb:auto_generated|_~144           ; |ALU|lpm_clshift1:inst20|lpm_clshift:lpm_clshift_component|lpm_clshift_ukb:auto_generated|_~144           ; out0             ;
; |ALU|lpm_clshift1:inst20|lpm_clshift:lpm_clshift_component|lpm_clshift_ukb:auto_generated|_~145           ; |ALU|lpm_clshift1:inst20|lpm_clshift:lpm_clshift_component|lpm_clshift_ukb:auto_generated|_~145           ; out0             ;
; |ALU|lpm_clshift1:inst20|lpm_clshift:lpm_clshift_component|lpm_clshift_ukb:auto_generated|_~146           ; |ALU|lpm_clshift1:inst20|lpm_clshift:lpm_clshift_component|lpm_clshift_ukb:auto_generated|_~146           ; out0             ;
; |ALU|lpm_clshift1:inst20|lpm_clshift:lpm_clshift_component|lpm_clshift_ukb:auto_generated|_~147           ; |ALU|lpm_clshift1:inst20|lpm_clshift:lpm_clshift_component|lpm_clshift_ukb:auto_generated|_~147           ; out0             ;
; |ALU|lpm_clshift1:inst20|lpm_clshift:lpm_clshift_component|lpm_clshift_ukb:auto_generated|_~148           ; |ALU|lpm_clshift1:inst20|lpm_clshift:lpm_clshift_component|lpm_clshift_ukb:auto_generated|_~148           ; out0             ;
; |ALU|lpm_clshift1:inst20|lpm_clshift:lpm_clshift_component|lpm_clshift_ukb:auto_generated|_~149           ; |ALU|lpm_clshift1:inst20|lpm_clshift:lpm_clshift_component|lpm_clshift_ukb:auto_generated|_~149           ; out0             ;
; |ALU|lpm_clshift1:inst20|lpm_clshift:lpm_clshift_component|lpm_clshift_ukb:auto_generated|_~150           ; |ALU|lpm_clshift1:inst20|lpm_clshift:lpm_clshift_component|lpm_clshift_ukb:auto_generated|_~150           ; out0             ;
; |ALU|lpm_clshift1:inst20|lpm_clshift:lpm_clshift_component|lpm_clshift_ukb:auto_generated|_~151           ; |ALU|lpm_clshift1:inst20|lpm_clshift:lpm_clshift_component|lpm_clshift_ukb:auto_generated|_~151           ; out0             ;
; |ALU|lpm_clshift1:inst20|lpm_clshift:lpm_clshift_component|lpm_clshift_ukb:auto_generated|_~152           ; |ALU|lpm_clshift1:inst20|lpm_clshift:lpm_clshift_component|lpm_clshift_ukb:auto_generated|_~152           ; out0             ;
; |ALU|lpm_clshift1:inst20|lpm_clshift:lpm_clshift_component|lpm_clshift_ukb:auto_generated|_~153           ; |ALU|lpm_clshift1:inst20|lpm_clshift:lpm_clshift_component|lpm_clshift_ukb:auto_generated|_~153           ; out0             ;
; |ALU|lpm_clshift1:inst20|lpm_clshift:lpm_clshift_component|lpm_clshift_ukb:auto_generated|_~154           ; |ALU|lpm_clshift1:inst20|lpm_clshift:lpm_clshift_component|lpm_clshift_ukb:auto_generated|_~154           ; out0             ;
; |ALU|lpm_clshift1:inst20|lpm_clshift:lpm_clshift_component|lpm_clshift_ukb:auto_generated|_~155           ; |ALU|lpm_clshift1:inst20|lpm_clshift:lpm_clshift_component|lpm_clshift_ukb:auto_generated|_~155           ; out0             ;
; |ALU|lpm_clshift1:inst20|lpm_clshift:lpm_clshift_component|lpm_clshift_ukb:auto_generated|_~156           ; |ALU|lpm_clshift1:inst20|lpm_clshift:lpm_clshift_component|lpm_clshift_ukb:auto_generated|_~156           ; out0             ;
; |ALU|lpm_clshift1:inst20|lpm_clshift:lpm_clshift_component|lpm_clshift_ukb:auto_generated|_~157           ; |ALU|lpm_clshift1:inst20|lpm_clshift:lpm_clshift_component|lpm_clshift_ukb:auto_generated|_~157           ; out0             ;
; |ALU|lpm_clshift1:inst20|lpm_clshift:lpm_clshift_component|lpm_clshift_ukb:auto_generated|_~158           ; |ALU|lpm_clshift1:inst20|lpm_clshift:lpm_clshift_component|lpm_clshift_ukb:auto_generated|_~158           ; out0             ;
; |ALU|lpm_clshift1:inst20|lpm_clshift:lpm_clshift_component|lpm_clshift_ukb:auto_generated|_~159           ; |ALU|lpm_clshift1:inst20|lpm_clshift:lpm_clshift_component|lpm_clshift_ukb:auto_generated|_~159           ; out0             ;
; |ALU|lpm_clshift1:inst20|lpm_clshift:lpm_clshift_component|lpm_clshift_ukb:auto_generated|_~160           ; |ALU|lpm_clshift1:inst20|lpm_clshift:lpm_clshift_component|lpm_clshift_ukb:auto_generated|_~160           ; out0             ;
; |ALU|lpm_clshift1:inst20|lpm_clshift:lpm_clshift_component|lpm_clshift_ukb:auto_generated|_~161           ; |ALU|lpm_clshift1:inst20|lpm_clshift:lpm_clshift_component|lpm_clshift_ukb:auto_generated|_~161           ; out0             ;
; |ALU|lpm_clshift1:inst20|lpm_clshift:lpm_clshift_component|lpm_clshift_ukb:auto_generated|_~162           ; |ALU|lpm_clshift1:inst20|lpm_clshift:lpm_clshift_component|lpm_clshift_ukb:auto_generated|_~162           ; out0             ;
; |ALU|lpm_clshift1:inst20|lpm_clshift:lpm_clshift_component|lpm_clshift_ukb:auto_generated|_~163           ; |ALU|lpm_clshift1:inst20|lpm_clshift:lpm_clshift_component|lpm_clshift_ukb:auto_generated|_~163           ; out0             ;
; |ALU|lpm_clshift1:inst20|lpm_clshift:lpm_clshift_component|lpm_clshift_ukb:auto_generated|_~164           ; |ALU|lpm_clshift1:inst20|lpm_clshift:lpm_clshift_component|lpm_clshift_ukb:auto_generated|_~164           ; out0             ;
; |ALU|lpm_clshift1:inst20|lpm_clshift:lpm_clshift_component|lpm_clshift_ukb:auto_generated|_~165           ; |ALU|lpm_clshift1:inst20|lpm_clshift:lpm_clshift_component|lpm_clshift_ukb:auto_generated|_~165           ; out0             ;
; |ALU|lpm_clshift1:inst20|lpm_clshift:lpm_clshift_component|lpm_clshift_ukb:auto_generated|_~166           ; |ALU|lpm_clshift1:inst20|lpm_clshift:lpm_clshift_component|lpm_clshift_ukb:auto_generated|_~166           ; out0             ;
; |ALU|lpm_clshift1:inst20|lpm_clshift:lpm_clshift_component|lpm_clshift_ukb:auto_generated|sbit_w[127]~160 ; |ALU|lpm_clshift1:inst20|lpm_clshift:lpm_clshift_component|lpm_clshift_ukb:auto_generated|sbit_w[127]~160 ; out0             ;
; |ALU|lpm_clshift1:inst20|lpm_clshift:lpm_clshift_component|lpm_clshift_ukb:auto_generated|sbit_w[126]~161 ; |ALU|lpm_clshift1:inst20|lpm_clshift:lpm_clshift_component|lpm_clshift_ukb:auto_generated|sbit_w[126]~161 ; out0             ;
; |ALU|lpm_clshift1:inst20|lpm_clshift:lpm_clshift_component|lpm_clshift_ukb:auto_generated|sbit_w[125]~162 ; |ALU|lpm_clshift1:inst20|lpm_clshift:lpm_clshift_component|lpm_clshift_ukb:auto_generated|sbit_w[125]~162 ; out0             ;
; |ALU|lpm_clshift1:inst20|lpm_clshift:lpm_clshift_component|lpm_clshift_ukb:auto_generated|sbit_w[124]~163 ; |ALU|lpm_clshift1:inst20|lpm_clshift:lpm_clshift_component|lpm_clshift_ukb:auto_generated|sbit_w[124]~163 ; out0             ;
; |ALU|lpm_clshift1:inst20|lpm_clshift:lpm_clshift_component|lpm_clshift_ukb:auto_generated|sbit_w[123]~164 ; |ALU|lpm_clshift1:inst20|lpm_clshift:lpm_clshift_component|lpm_clshift_ukb:auto_generated|sbit_w[123]~164 ; out0             ;
; |ALU|lpm_clshift1:inst20|lpm_clshift:lpm_clshift_component|lpm_clshift_ukb:auto_generated|sbit_w[122]~165 ; |ALU|lpm_clshift1:inst20|lpm_clshift:lpm_clshift_component|lpm_clshift_ukb:auto_generated|sbit_w[122]~165 ; out0             ;
; |ALU|lpm_clshift1:inst20|lpm_clshift:lpm_clshift_component|lpm_clshift_ukb:auto_generated|sbit_w[121]~166 ; |ALU|lpm_clshift1:inst20|lpm_clshift:lpm_clshift_component|lpm_clshift_ukb:auto_generated|sbit_w[121]~166 ; out0             ;
; |ALU|lpm_clshift1:inst20|lpm_clshift:lpm_clshift_component|lpm_clshift_ukb:auto_generated|sbit_w[120]~167 ; |ALU|lpm_clshift1:inst20|lpm_clshift:lpm_clshift_component|lpm_clshift_ukb:auto_generated|sbit_w[120]~167 ; out0             ;
; |ALU|lpm_clshift1:inst20|lpm_clshift:lpm_clshift_component|lpm_clshift_ukb:auto_generated|sbit_w[119]~168 ; |ALU|lpm_clshift1:inst20|lpm_clshift:lpm_clshift_component|lpm_clshift_ukb:auto_generated|sbit_w[119]~168 ; out0             ;
; |ALU|lpm_clshift1:inst20|lpm_clshift:lpm_clshift_component|lpm_clshift_ukb:auto_generated|sbit_w[118]~169 ; |ALU|lpm_clshift1:inst20|lpm_clshift:lpm_clshift_component|lpm_clshift_ukb:auto_generated|sbit_w[118]~169 ; out0             ;
; |ALU|lpm_clshift1:inst20|lpm_clshift:lpm_clshift_component|lpm_clshift_ukb:auto_generated|sbit_w[117]~170 ; |ALU|lpm_clshift1:inst20|lpm_clshift:lpm_clshift_component|lpm_clshift_ukb:auto_generated|sbit_w[117]~170 ; out0             ;
; |ALU|lpm_clshift1:inst20|lpm_clshift:lpm_clshift_component|lpm_clshift_ukb:auto_generated|sbit_w[116]~171 ; |ALU|lpm_clshift1:inst20|lpm_clshift:lpm_clshift_component|lpm_clshift_ukb:auto_generated|sbit_w[116]~171 ; out0             ;
; |ALU|lpm_clshift1:inst20|lpm_clshift:lpm_clshift_component|lpm_clshift_ukb:auto_generated|sbit_w[115]~172 ; |ALU|lpm_clshift1:inst20|lpm_clshift:lpm_clshift_component|lpm_clshift_ukb:auto_generated|sbit_w[115]~172 ; out0             ;
; |ALU|lpm_clshift1:inst20|lpm_clshift:lpm_clshift_component|lpm_clshift_ukb:auto_generated|sbit_w[114]~173 ; |ALU|lpm_clshift1:inst20|lpm_clshift:lpm_clshift_component|lpm_clshift_ukb:auto_generated|sbit_w[114]~173 ; out0             ;
; |ALU|lpm_clshift1:inst20|lpm_clshift:lpm_clshift_component|lpm_clshift_ukb:auto_generated|sbit_w[113]~174 ; |ALU|lpm_clshift1:inst20|lpm_clshift:lpm_clshift_component|lpm_clshift_ukb:auto_generated|sbit_w[113]~174 ; out0             ;
; |ALU|lpm_clshift1:inst20|lpm_clshift:lpm_clshift_component|lpm_clshift_ukb:auto_generated|sbit_w[112]~175 ; |ALU|lpm_clshift1:inst20|lpm_clshift:lpm_clshift_component|lpm_clshift_ukb:auto_generated|sbit_w[112]~175 ; out0             ;
; |ALU|lpm_clshift1:inst20|lpm_clshift:lpm_clshift_component|lpm_clshift_ukb:auto_generated|sbit_w[111]~176 ; |ALU|lpm_clshift1:inst20|lpm_clshift:lpm_clshift_component|lpm_clshift_ukb:auto_generated|sbit_w[111]~176 ; out0             ;
; |ALU|lpm_clshift1:inst20|lpm_clshift:lpm_clshift_component|lpm_clshift_ukb:auto_generated|sbit_w[110]~177 ; |ALU|lpm_clshift1:inst20|lpm_clshift:lpm_clshift_component|lpm_clshift_ukb:auto_generated|sbit_w[110]~177 ; out0             ;
; |ALU|lpm_clshift1:inst20|lpm_clshift:lpm_clshift_component|lpm_clshift_ukb:auto_generated|sbit_w[109]~178 ; |ALU|lpm_clshift1:inst20|lpm_clshift:lpm_clshift_component|lpm_clshift_ukb:auto_generated|sbit_w[109]~178 ; out0             ;
; |ALU|lpm_clshift1:inst20|lpm_clshift:lpm_clshift_component|lpm_clshift_ukb:auto_generated|sbit_w[108]~179 ; |ALU|lpm_clshift1:inst20|lpm_clshift:lpm_clshift_component|lpm_clshift_ukb:auto_generated|sbit_w[108]~179 ; out0             ;
; |ALU|lpm_clshift1:inst20|lpm_clshift:lpm_clshift_component|lpm_clshift_ukb:auto_generated|sbit_w[107]~180 ; |ALU|lpm_clshift1:inst20|lpm_clshift:lpm_clshift_component|lpm_clshift_ukb:auto_generated|sbit_w[107]~180 ; out0             ;
; |ALU|lpm_clshift1:inst20|lpm_clshift:lpm_clshift_component|lpm_clshift_ukb:auto_generated|sbit_w[106]~181 ; |ALU|lpm_clshift1:inst20|lpm_clshift:lpm_clshift_component|lpm_clshift_ukb:auto_generated|sbit_w[106]~181 ; out0             ;
; |ALU|lpm_clshift1:inst20|lpm_clshift:lpm_clshift_component|lpm_clshift_ukb:auto_generated|sbit_w[105]~182 ; |ALU|lpm_clshift1:inst20|lpm_clshift:lpm_clshift_component|lpm_clshift_ukb:auto_generated|sbit_w[105]~182 ; out0             ;
; |ALU|lpm_clshift1:inst20|lpm_clshift:lpm_clshift_component|lpm_clshift_ukb:auto_generated|sbit_w[104]~183 ; |ALU|lpm_clshift1:inst20|lpm_clshift:lpm_clshift_component|lpm_clshift_ukb:auto_generated|sbit_w[104]~183 ; out0             ;
; |ALU|lpm_clshift1:inst20|lpm_clshift:lpm_clshift_component|lpm_clshift_ukb:auto_generated|sbit_w[103]~184 ; |ALU|lpm_clshift1:inst20|lpm_clshift:lpm_clshift_component|lpm_clshift_ukb:auto_generated|sbit_w[103]~184 ; out0             ;
; |ALU|lpm_clshift1:inst20|lpm_clshift:lpm_clshift_component|lpm_clshift_ukb:auto_generated|sbit_w[102]~185 ; |ALU|lpm_clshift1:inst20|lpm_clshift:lpm_clshift_component|lpm_clshift_ukb:auto_generated|sbit_w[102]~185 ; out0             ;
; |ALU|lpm_clshift1:inst20|lpm_clshift:lpm_clshift_component|lpm_clshift_ukb:auto_generated|sbit_w[101]~186 ; |ALU|lpm_clshift1:inst20|lpm_clshift:lpm_clshift_component|lpm_clshift_ukb:auto_generated|sbit_w[101]~186 ; out0             ;
; |ALU|lpm_clshift1:inst20|lpm_clshift:lpm_clshift_component|lpm_clshift_ukb:auto_generated|sbit_w[100]~187 ; |ALU|lpm_clshift1:inst20|lpm_clshift:lpm_clshift_component|lpm_clshift_ukb:auto_generated|sbit_w[100]~187 ; out0             ;
; |ALU|lpm_clshift1:inst20|lpm_clshift:lpm_clshift_component|lpm_clshift_ukb:auto_generated|sbit_w[99]~188  ; |ALU|lpm_clshift1:inst20|lpm_clshift:lpm_clshift_component|lpm_clshift_ukb:auto_generated|sbit_w[99]~188  ; out0             ;
; |ALU|lpm_clshift1:inst20|lpm_clshift:lpm_clshift_component|lpm_clshift_ukb:auto_generated|sbit_w[98]~189  ; |ALU|lpm_clshift1:inst20|lpm_clshift:lpm_clshift_component|lpm_clshift_ukb:auto_generated|sbit_w[98]~189  ; out0             ;
; |ALU|lpm_clshift1:inst20|lpm_clshift:lpm_clshift_component|lpm_clshift_ukb:auto_generated|sbit_w[97]~190  ; |ALU|lpm_clshift1:inst20|lpm_clshift:lpm_clshift_component|lpm_clshift_ukb:auto_generated|sbit_w[97]~190  ; out0             ;
; |ALU|lpm_clshift1:inst20|lpm_clshift:lpm_clshift_component|lpm_clshift_ukb:auto_generated|sbit_w[96]~191  ; |ALU|lpm_clshift1:inst20|lpm_clshift:lpm_clshift_component|lpm_clshift_ukb:auto_generated|sbit_w[96]~191  ; out0             ;
; |ALU|lpm_clshift1:inst20|lpm_clshift:lpm_clshift_component|lpm_clshift_ukb:auto_generated|sbit_w[127]     ; |ALU|lpm_clshift1:inst20|lpm_clshift:lpm_clshift_component|lpm_clshift_ukb:auto_generated|sbit_w[127]     ; out0             ;
; |ALU|lpm_clshift1:inst20|lpm_clshift:lpm_clshift_component|lpm_clshift_ukb:auto_generated|sbit_w[126]     ; |ALU|lpm_clshift1:inst20|lpm_clshift:lpm_clshift_component|lpm_clshift_ukb:auto_generated|sbit_w[126]     ; out0             ;
; |ALU|lpm_clshift1:inst20|lpm_clshift:lpm_clshift_component|lpm_clshift_ukb:auto_generated|sbit_w[125]     ; |ALU|lpm_clshift1:inst20|lpm_clshift:lpm_clshift_component|lpm_clshift_ukb:auto_generated|sbit_w[125]     ; out0             ;
; |ALU|lpm_clshift1:inst20|lpm_clshift:lpm_clshift_component|lpm_clshift_ukb:auto_generated|sbit_w[124]     ; |ALU|lpm_clshift1:inst20|lpm_clshift:lpm_clshift_component|lpm_clshift_ukb:auto_generated|sbit_w[124]     ; out0             ;
; |ALU|lpm_clshift1:inst20|lpm_clshift:lpm_clshift_component|lpm_clshift_ukb:auto_generated|sbit_w[123]     ; |ALU|lpm_clshift1:inst20|lpm_clshift:lpm_clshift_component|lpm_clshift_ukb:auto_generated|sbit_w[123]     ; out0             ;
; |ALU|lpm_clshift1:inst20|lpm_clshift:lpm_clshift_component|lpm_clshift_ukb:auto_generated|sbit_w[122]     ; |ALU|lpm_clshift1:inst20|lpm_clshift:lpm_clshift_component|lpm_clshift_ukb:auto_generated|sbit_w[122]     ; out0             ;
; |ALU|lpm_clshift1:inst20|lpm_clshift:lpm_clshift_component|lpm_clshift_ukb:auto_generated|sbit_w[121]     ; |ALU|lpm_clshift1:inst20|lpm_clshift:lpm_clshift_component|lpm_clshift_ukb:auto_generated|sbit_w[121]     ; out0             ;
; |ALU|lpm_clshift1:inst20|lpm_clshift:lpm_clshift_component|lpm_clshift_ukb:auto_generated|sbit_w[120]     ; |ALU|lpm_clshift1:inst20|lpm_clshift:lpm_clshift_component|lpm_clshift_ukb:auto_generated|sbit_w[120]     ; out0             ;
; |ALU|lpm_clshift1:inst20|lpm_clshift:lpm_clshift_component|lpm_clshift_ukb:auto_generated|sbit_w[119]     ; |ALU|lpm_clshift1:inst20|lpm_clshift:lpm_clshift_component|lpm_clshift_ukb:auto_generated|sbit_w[119]     ; out0             ;
; |ALU|lpm_clshift1:inst20|lpm_clshift:lpm_clshift_component|lpm_clshift_ukb:auto_generated|sbit_w[118]     ; |ALU|lpm_clshift1:inst20|lpm_clshift:lpm_clshift_component|lpm_clshift_ukb:auto_generated|sbit_w[118]     ; out0             ;
; |ALU|lpm_clshift1:inst20|lpm_clshift:lpm_clshift_component|lpm_clshift_ukb:auto_generated|sbit_w[117]     ; |ALU|lpm_clshift1:inst20|lpm_clshift:lpm_clshift_component|lpm_clshift_ukb:auto_generated|sbit_w[117]     ; out0             ;
; |ALU|lpm_clshift1:inst20|lpm_clshift:lpm_clshift_component|lpm_clshift_ukb:auto_generated|sbit_w[116]     ; |ALU|lpm_clshift1:inst20|lpm_clshift:lpm_clshift_component|lpm_clshift_ukb:auto_generated|sbit_w[116]     ; out0             ;
; |ALU|lpm_clshift1:inst20|lpm_clshift:lpm_clshift_component|lpm_clshift_ukb:auto_generated|sbit_w[115]     ; |ALU|lpm_clshift1:inst20|lpm_clshift:lpm_clshift_component|lpm_clshift_ukb:auto_generated|sbit_w[115]     ; out0             ;
; |ALU|lpm_clshift1:inst20|lpm_clshift:lpm_clshift_component|lpm_clshift_ukb:auto_generated|sbit_w[114]     ; |ALU|lpm_clshift1:inst20|lpm_clshift:lpm_clshift_component|lpm_clshift_ukb:auto_generated|sbit_w[114]     ; out0             ;
; |ALU|lpm_clshift1:inst20|lpm_clshift:lpm_clshift_component|lpm_clshift_ukb:auto_generated|sbit_w[113]     ; |ALU|lpm_clshift1:inst20|lpm_clshift:lpm_clshift_component|lpm_clshift_ukb:auto_generated|sbit_w[113]     ; out0             ;
; |ALU|lpm_clshift1:inst20|lpm_clshift:lpm_clshift_component|lpm_clshift_ukb:auto_generated|sbit_w[112]     ; |ALU|lpm_clshift1:inst20|lpm_clshift:lpm_clshift_component|lpm_clshift_ukb:auto_generated|sbit_w[112]     ; out0             ;
; |ALU|lpm_clshift1:inst20|lpm_clshift:lpm_clshift_component|lpm_clshift_ukb:auto_generated|sbit_w[111]     ; |ALU|lpm_clshift1:inst20|lpm_clshift:lpm_clshift_component|lpm_clshift_ukb:auto_generated|sbit_w[111]     ; out0             ;
; |ALU|lpm_clshift1:inst20|lpm_clshift:lpm_clshift_component|lpm_clshift_ukb:auto_generated|sbit_w[110]     ; |ALU|lpm_clshift1:inst20|lpm_clshift:lpm_clshift_component|lpm_clshift_ukb:auto_generated|sbit_w[110]     ; out0             ;
; |ALU|lpm_clshift1:inst20|lpm_clshift:lpm_clshift_component|lpm_clshift_ukb:auto_generated|sbit_w[109]     ; |ALU|lpm_clshift1:inst20|lpm_clshift:lpm_clshift_component|lpm_clshift_ukb:auto_generated|sbit_w[109]     ; out0             ;
; |ALU|lpm_clshift1:inst20|lpm_clshift:lpm_clshift_component|lpm_clshift_ukb:auto_generated|sbit_w[108]     ; |ALU|lpm_clshift1:inst20|lpm_clshift:lpm_clshift_component|lpm_clshift_ukb:auto_generated|sbit_w[108]     ; out0             ;
; |ALU|lpm_clshift1:inst20|lpm_clshift:lpm_clshift_component|lpm_clshift_ukb:auto_generated|sbit_w[107]     ; |ALU|lpm_clshift1:inst20|lpm_clshift:lpm_clshift_component|lpm_clshift_ukb:auto_generated|sbit_w[107]     ; out0             ;
; |ALU|lpm_clshift1:inst20|lpm_clshift:lpm_clshift_component|lpm_clshift_ukb:auto_generated|sbit_w[106]     ; |ALU|lpm_clshift1:inst20|lpm_clshift:lpm_clshift_component|lpm_clshift_ukb:auto_generated|sbit_w[106]     ; out0             ;
; |ALU|lpm_clshift1:inst20|lpm_clshift:lpm_clshift_component|lpm_clshift_ukb:auto_generated|sbit_w[105]     ; |ALU|lpm_clshift1:inst20|lpm_clshift:lpm_clshift_component|lpm_clshift_ukb:auto_generated|sbit_w[105]     ; out0             ;
; |ALU|lpm_clshift1:inst20|lpm_clshift:lpm_clshift_component|lpm_clshift_ukb:auto_generated|sbit_w[104]     ; |ALU|lpm_clshift1:inst20|lpm_clshift:lpm_clshift_component|lpm_clshift_ukb:auto_generated|sbit_w[104]     ; out0             ;
; |ALU|lpm_clshift1:inst20|lpm_clshift:lpm_clshift_component|lpm_clshift_ukb:auto_generated|sbit_w[103]     ; |ALU|lpm_clshift1:inst20|lpm_clshift:lpm_clshift_component|lpm_clshift_ukb:auto_generated|sbit_w[103]     ; out0             ;
; |ALU|lpm_clshift1:inst20|lpm_clshift:lpm_clshift_component|lpm_clshift_ukb:auto_generated|sbit_w[102]     ; |ALU|lpm_clshift1:inst20|lpm_clshift:lpm_clshift_component|lpm_clshift_ukb:auto_generated|sbit_w[102]     ; out0             ;
; |ALU|lpm_clshift1:inst20|lpm_clshift:lpm_clshift_component|lpm_clshift_ukb:auto_generated|sbit_w[101]     ; |ALU|lpm_clshift1:inst20|lpm_clshift:lpm_clshift_component|lpm_clshift_ukb:auto_generated|sbit_w[101]     ; out0             ;
; |ALU|lpm_clshift1:inst20|lpm_clshift:lpm_clshift_component|lpm_clshift_ukb:auto_generated|sbit_w[100]     ; |ALU|lpm_clshift1:inst20|lpm_clshift:lpm_clshift_component|lpm_clshift_ukb:auto_generated|sbit_w[100]     ; out0             ;
; |ALU|lpm_clshift1:inst20|lpm_clshift:lpm_clshift_component|lpm_clshift_ukb:auto_generated|_~207           ; |ALU|lpm_clshift1:inst20|lpm_clshift:lpm_clshift_component|lpm_clshift_ukb:auto_generated|_~207           ; out0             ;
; |ALU|lpm_clshift1:inst20|lpm_clshift:lpm_clshift_component|lpm_clshift_ukb:auto_generated|_~208           ; |ALU|lpm_clshift1:inst20|lpm_clshift:lpm_clshift_component|lpm_clshift_ukb:auto_generated|_~208           ; out0             ;
; |ALU|lpm_clshift1:inst20|lpm_clshift:lpm_clshift_component|lpm_clshift_ukb:auto_generated|_~209           ; |ALU|lpm_clshift1:inst20|lpm_clshift:lpm_clshift_component|lpm_clshift_ukb:auto_generated|_~209           ; out0             ;
; |ALU|lpm_clshift1:inst20|lpm_clshift:lpm_clshift_component|lpm_clshift_ukb:auto_generated|_~210           ; |ALU|lpm_clshift1:inst20|lpm_clshift:lpm_clshift_component|lpm_clshift_ukb:auto_generated|_~210           ; out0             ;
; |ALU|lpm_clshift1:inst20|lpm_clshift:lpm_clshift_component|lpm_clshift_ukb:auto_generated|_~211           ; |ALU|lpm_clshift1:inst20|lpm_clshift:lpm_clshift_component|lpm_clshift_ukb:auto_generated|_~211           ; out0             ;
; |ALU|lpm_clshift1:inst20|lpm_clshift:lpm_clshift_component|lpm_clshift_ukb:auto_generated|_~212           ; |ALU|lpm_clshift1:inst20|lpm_clshift:lpm_clshift_component|lpm_clshift_ukb:auto_generated|_~212           ; out0             ;
; |ALU|lpm_clshift1:inst20|lpm_clshift:lpm_clshift_component|lpm_clshift_ukb:auto_generated|_~213           ; |ALU|lpm_clshift1:inst20|lpm_clshift:lpm_clshift_component|lpm_clshift_ukb:auto_generated|_~213           ; out0             ;
; |ALU|lpm_clshift1:inst20|lpm_clshift:lpm_clshift_component|lpm_clshift_ukb:auto_generated|_~214           ; |ALU|lpm_clshift1:inst20|lpm_clshift:lpm_clshift_component|lpm_clshift_ukb:auto_generated|_~214           ; out0             ;
; |ALU|lpm_clshift1:inst20|lpm_clshift:lpm_clshift_component|lpm_clshift_ukb:auto_generated|_~215           ; |ALU|lpm_clshift1:inst20|lpm_clshift:lpm_clshift_component|lpm_clshift_ukb:auto_generated|_~215           ; out0             ;
; |ALU|lpm_clshift1:inst20|lpm_clshift:lpm_clshift_component|lpm_clshift_ukb:auto_generated|_~216           ; |ALU|lpm_clshift1:inst20|lpm_clshift:lpm_clshift_component|lpm_clshift_ukb:auto_generated|_~216           ; out0             ;
; |ALU|lpm_clshift1:inst20|lpm_clshift:lpm_clshift_component|lpm_clshift_ukb:auto_generated|_~217           ; |ALU|lpm_clshift1:inst20|lpm_clshift:lpm_clshift_component|lpm_clshift_ukb:auto_generated|_~217           ; out0             ;
; |ALU|lpm_clshift1:inst20|lpm_clshift:lpm_clshift_component|lpm_clshift_ukb:auto_generated|_~218           ; |ALU|lpm_clshift1:inst20|lpm_clshift:lpm_clshift_component|lpm_clshift_ukb:auto_generated|_~218           ; out0             ;
; |ALU|lpm_clshift1:inst20|lpm_clshift:lpm_clshift_component|lpm_clshift_ukb:auto_generated|_~219           ; |ALU|lpm_clshift1:inst20|lpm_clshift:lpm_clshift_component|lpm_clshift_ukb:auto_generated|_~219           ; out0             ;
; |ALU|lpm_clshift1:inst20|lpm_clshift:lpm_clshift_component|lpm_clshift_ukb:auto_generated|_~220           ; |ALU|lpm_clshift1:inst20|lpm_clshift:lpm_clshift_component|lpm_clshift_ukb:auto_generated|_~220           ; out0             ;
; |ALU|lpm_clshift1:inst20|lpm_clshift:lpm_clshift_component|lpm_clshift_ukb:auto_generated|_~221           ; |ALU|lpm_clshift1:inst20|lpm_clshift:lpm_clshift_component|lpm_clshift_ukb:auto_generated|_~221           ; out0             ;
; |ALU|lpm_clshift1:inst20|lpm_clshift:lpm_clshift_component|lpm_clshift_ukb:auto_generated|_~222           ; |ALU|lpm_clshift1:inst20|lpm_clshift:lpm_clshift_component|lpm_clshift_ukb:auto_generated|_~222           ; out0             ;
; |ALU|lpm_clshift1:inst20|lpm_clshift:lpm_clshift_component|lpm_clshift_ukb:auto_generated|_~223           ; |ALU|lpm_clshift1:inst20|lpm_clshift:lpm_clshift_component|lpm_clshift_ukb:auto_generated|_~223           ; out0             ;
; |ALU|lpm_clshift1:inst20|lpm_clshift:lpm_clshift_component|lpm_clshift_ukb:auto_generated|_~224           ; |ALU|lpm_clshift1:inst20|lpm_clshift:lpm_clshift_component|lpm_clshift_ukb:auto_generated|_~224           ; out0             ;
; |ALU|lpm_clshift1:inst20|lpm_clshift:lpm_clshift_component|lpm_clshift_ukb:auto_generated|_~225           ; |ALU|lpm_clshift1:inst20|lpm_clshift:lpm_clshift_component|lpm_clshift_ukb:auto_generated|_~225           ; out0             ;
; |ALU|lpm_clshift1:inst20|lpm_clshift:lpm_clshift_component|lpm_clshift_ukb:auto_generated|_~226           ; |ALU|lpm_clshift1:inst20|lpm_clshift:lpm_clshift_component|lpm_clshift_ukb:auto_generated|_~226           ; out0             ;
; |ALU|lpm_clshift1:inst20|lpm_clshift:lpm_clshift_component|lpm_clshift_ukb:auto_generated|_~227           ; |ALU|lpm_clshift1:inst20|lpm_clshift:lpm_clshift_component|lpm_clshift_ukb:auto_generated|_~227           ; out0             ;
; |ALU|lpm_clshift1:inst20|lpm_clshift:lpm_clshift_component|lpm_clshift_ukb:auto_generated|_~228           ; |ALU|lpm_clshift1:inst20|lpm_clshift:lpm_clshift_component|lpm_clshift_ukb:auto_generated|_~228           ; out0             ;
; |ALU|lpm_clshift1:inst20|lpm_clshift:lpm_clshift_component|lpm_clshift_ukb:auto_generated|_~229           ; |ALU|lpm_clshift1:inst20|lpm_clshift:lpm_clshift_component|lpm_clshift_ukb:auto_generated|_~229           ; out0             ;
; |ALU|lpm_clshift1:inst20|lpm_clshift:lpm_clshift_component|lpm_clshift_ukb:auto_generated|_~230           ; |ALU|lpm_clshift1:inst20|lpm_clshift:lpm_clshift_component|lpm_clshift_ukb:auto_generated|_~230           ; out0             ;
; |ALU|lpm_clshift1:inst20|lpm_clshift:lpm_clshift_component|lpm_clshift_ukb:auto_generated|_~231           ; |ALU|lpm_clshift1:inst20|lpm_clshift:lpm_clshift_component|lpm_clshift_ukb:auto_generated|_~231           ; out0             ;
; |ALU|lpm_clshift1:inst20|lpm_clshift:lpm_clshift_component|lpm_clshift_ukb:auto_generated|_~232           ; |ALU|lpm_clshift1:inst20|lpm_clshift:lpm_clshift_component|lpm_clshift_ukb:auto_generated|_~232           ; out0             ;
; |ALU|lpm_clshift1:inst20|lpm_clshift:lpm_clshift_component|lpm_clshift_ukb:auto_generated|_~233           ; |ALU|lpm_clshift1:inst20|lpm_clshift:lpm_clshift_component|lpm_clshift_ukb:auto_generated|_~233           ; out0             ;
; |ALU|lpm_clshift1:inst20|lpm_clshift:lpm_clshift_component|lpm_clshift_ukb:auto_generated|_~234           ; |ALU|lpm_clshift1:inst20|lpm_clshift:lpm_clshift_component|lpm_clshift_ukb:auto_generated|_~234           ; out0             ;
; |ALU|lpm_clshift1:inst20|lpm_clshift:lpm_clshift_component|lpm_clshift_ukb:auto_generated|_~235           ; |ALU|lpm_clshift1:inst20|lpm_clshift:lpm_clshift_component|lpm_clshift_ukb:auto_generated|_~235           ; out0             ;
; |ALU|lpm_clshift1:inst20|lpm_clshift:lpm_clshift_component|lpm_clshift_ukb:auto_generated|_~236           ; |ALU|lpm_clshift1:inst20|lpm_clshift:lpm_clshift_component|lpm_clshift_ukb:auto_generated|_~236           ; out0             ;
; |ALU|lpm_clshift1:inst20|lpm_clshift:lpm_clshift_component|lpm_clshift_ukb:auto_generated|sbit_w[95]~224  ; |ALU|lpm_clshift1:inst20|lpm_clshift:lpm_clshift_component|lpm_clshift_ukb:auto_generated|sbit_w[95]~224  ; out0             ;
; |ALU|lpm_clshift1:inst20|lpm_clshift:lpm_clshift_component|lpm_clshift_ukb:auto_generated|sbit_w[94]~225  ; |ALU|lpm_clshift1:inst20|lpm_clshift:lpm_clshift_component|lpm_clshift_ukb:auto_generated|sbit_w[94]~225  ; out0             ;
; |ALU|lpm_clshift1:inst20|lpm_clshift:lpm_clshift_component|lpm_clshift_ukb:auto_generated|sbit_w[93]~226  ; |ALU|lpm_clshift1:inst20|lpm_clshift:lpm_clshift_component|lpm_clshift_ukb:auto_generated|sbit_w[93]~226  ; out0             ;
; |ALU|lpm_clshift1:inst20|lpm_clshift:lpm_clshift_component|lpm_clshift_ukb:auto_generated|sbit_w[92]~227  ; |ALU|lpm_clshift1:inst20|lpm_clshift:lpm_clshift_component|lpm_clshift_ukb:auto_generated|sbit_w[92]~227  ; out0             ;
; |ALU|lpm_clshift1:inst20|lpm_clshift:lpm_clshift_component|lpm_clshift_ukb:auto_generated|sbit_w[91]~228  ; |ALU|lpm_clshift1:inst20|lpm_clshift:lpm_clshift_component|lpm_clshift_ukb:auto_generated|sbit_w[91]~228  ; out0             ;
; |ALU|lpm_clshift1:inst20|lpm_clshift:lpm_clshift_component|lpm_clshift_ukb:auto_generated|sbit_w[90]~229  ; |ALU|lpm_clshift1:inst20|lpm_clshift:lpm_clshift_component|lpm_clshift_ukb:auto_generated|sbit_w[90]~229  ; out0             ;
; |ALU|lpm_clshift1:inst20|lpm_clshift:lpm_clshift_component|lpm_clshift_ukb:auto_generated|sbit_w[89]~230  ; |ALU|lpm_clshift1:inst20|lpm_clshift:lpm_clshift_component|lpm_clshift_ukb:auto_generated|sbit_w[89]~230  ; out0             ;
; |ALU|lpm_clshift1:inst20|lpm_clshift:lpm_clshift_component|lpm_clshift_ukb:auto_generated|sbit_w[88]~231  ; |ALU|lpm_clshift1:inst20|lpm_clshift:lpm_clshift_component|lpm_clshift_ukb:auto_generated|sbit_w[88]~231  ; out0             ;
; |ALU|lpm_clshift1:inst20|lpm_clshift:lpm_clshift_component|lpm_clshift_ukb:auto_generated|sbit_w[87]~232  ; |ALU|lpm_clshift1:inst20|lpm_clshift:lpm_clshift_component|lpm_clshift_ukb:auto_generated|sbit_w[87]~232  ; out0             ;
; |ALU|lpm_clshift1:inst20|lpm_clshift:lpm_clshift_component|lpm_clshift_ukb:auto_generated|sbit_w[86]~233  ; |ALU|lpm_clshift1:inst20|lpm_clshift:lpm_clshift_component|lpm_clshift_ukb:auto_generated|sbit_w[86]~233  ; out0             ;
; |ALU|lpm_clshift1:inst20|lpm_clshift:lpm_clshift_component|lpm_clshift_ukb:auto_generated|sbit_w[85]~234  ; |ALU|lpm_clshift1:inst20|lpm_clshift:lpm_clshift_component|lpm_clshift_ukb:auto_generated|sbit_w[85]~234  ; out0             ;
; |ALU|lpm_clshift1:inst20|lpm_clshift:lpm_clshift_component|lpm_clshift_ukb:auto_generated|sbit_w[84]~235  ; |ALU|lpm_clshift1:inst20|lpm_clshift:lpm_clshift_component|lpm_clshift_ukb:auto_generated|sbit_w[84]~235  ; out0             ;
; |ALU|lpm_clshift1:inst20|lpm_clshift:lpm_clshift_component|lpm_clshift_ukb:auto_generated|sbit_w[83]~236  ; |ALU|lpm_clshift1:inst20|lpm_clshift:lpm_clshift_component|lpm_clshift_ukb:auto_generated|sbit_w[83]~236  ; out0             ;
; |ALU|lpm_clshift1:inst20|lpm_clshift:lpm_clshift_component|lpm_clshift_ukb:auto_generated|sbit_w[82]~237  ; |ALU|lpm_clshift1:inst20|lpm_clshift:lpm_clshift_component|lpm_clshift_ukb:auto_generated|sbit_w[82]~237  ; out0             ;
; |ALU|lpm_clshift1:inst20|lpm_clshift:lpm_clshift_component|lpm_clshift_ukb:auto_generated|sbit_w[81]~238  ; |ALU|lpm_clshift1:inst20|lpm_clshift:lpm_clshift_component|lpm_clshift_ukb:auto_generated|sbit_w[81]~238  ; out0             ;
; |ALU|lpm_clshift1:inst20|lpm_clshift:lpm_clshift_component|lpm_clshift_ukb:auto_generated|sbit_w[80]~239  ; |ALU|lpm_clshift1:inst20|lpm_clshift:lpm_clshift_component|lpm_clshift_ukb:auto_generated|sbit_w[80]~239  ; out0             ;
; |ALU|lpm_clshift1:inst20|lpm_clshift:lpm_clshift_component|lpm_clshift_ukb:auto_generated|sbit_w[79]~240  ; |ALU|lpm_clshift1:inst20|lpm_clshift:lpm_clshift_component|lpm_clshift_ukb:auto_generated|sbit_w[79]~240  ; out0             ;
; |ALU|lpm_clshift1:inst20|lpm_clshift:lpm_clshift_component|lpm_clshift_ukb:auto_generated|sbit_w[78]~241  ; |ALU|lpm_clshift1:inst20|lpm_clshift:lpm_clshift_component|lpm_clshift_ukb:auto_generated|sbit_w[78]~241  ; out0             ;
; |ALU|lpm_clshift1:inst20|lpm_clshift:lpm_clshift_component|lpm_clshift_ukb:auto_generated|sbit_w[77]~242  ; |ALU|lpm_clshift1:inst20|lpm_clshift:lpm_clshift_component|lpm_clshift_ukb:auto_generated|sbit_w[77]~242  ; out0             ;
; |ALU|lpm_clshift1:inst20|lpm_clshift:lpm_clshift_component|lpm_clshift_ukb:auto_generated|sbit_w[76]~243  ; |ALU|lpm_clshift1:inst20|lpm_clshift:lpm_clshift_component|lpm_clshift_ukb:auto_generated|sbit_w[76]~243  ; out0             ;
; |ALU|lpm_clshift1:inst20|lpm_clshift:lpm_clshift_component|lpm_clshift_ukb:auto_generated|sbit_w[75]~244  ; |ALU|lpm_clshift1:inst20|lpm_clshift:lpm_clshift_component|lpm_clshift_ukb:auto_generated|sbit_w[75]~244  ; out0             ;
; |ALU|lpm_clshift1:inst20|lpm_clshift:lpm_clshift_component|lpm_clshift_ukb:auto_generated|sbit_w[74]~245  ; |ALU|lpm_clshift1:inst20|lpm_clshift:lpm_clshift_component|lpm_clshift_ukb:auto_generated|sbit_w[74]~245  ; out0             ;
; |ALU|lpm_clshift1:inst20|lpm_clshift:lpm_clshift_component|lpm_clshift_ukb:auto_generated|sbit_w[73]~246  ; |ALU|lpm_clshift1:inst20|lpm_clshift:lpm_clshift_component|lpm_clshift_ukb:auto_generated|sbit_w[73]~246  ; out0             ;
; |ALU|lpm_clshift1:inst20|lpm_clshift:lpm_clshift_component|lpm_clshift_ukb:auto_generated|sbit_w[72]~247  ; |ALU|lpm_clshift1:inst20|lpm_clshift:lpm_clshift_component|lpm_clshift_ukb:auto_generated|sbit_w[72]~247  ; out0             ;
; |ALU|lpm_clshift1:inst20|lpm_clshift:lpm_clshift_component|lpm_clshift_ukb:auto_generated|sbit_w[71]~248  ; |ALU|lpm_clshift1:inst20|lpm_clshift:lpm_clshift_component|lpm_clshift_ukb:auto_generated|sbit_w[71]~248  ; out0             ;
; |ALU|lpm_clshift1:inst20|lpm_clshift:lpm_clshift_component|lpm_clshift_ukb:auto_generated|sbit_w[70]~249  ; |ALU|lpm_clshift1:inst20|lpm_clshift:lpm_clshift_component|lpm_clshift_ukb:auto_generated|sbit_w[70]~249  ; out0             ;
; |ALU|lpm_clshift1:inst20|lpm_clshift:lpm_clshift_component|lpm_clshift_ukb:auto_generated|sbit_w[69]~250  ; |ALU|lpm_clshift1:inst20|lpm_clshift:lpm_clshift_component|lpm_clshift_ukb:auto_generated|sbit_w[69]~250  ; out0             ;
; |ALU|lpm_clshift1:inst20|lpm_clshift:lpm_clshift_component|lpm_clshift_ukb:auto_generated|sbit_w[68]~251  ; |ALU|lpm_clshift1:inst20|lpm_clshift:lpm_clshift_component|lpm_clshift_ukb:auto_generated|sbit_w[68]~251  ; out0             ;
; |ALU|lpm_clshift1:inst20|lpm_clshift:lpm_clshift_component|lpm_clshift_ukb:auto_generated|sbit_w[67]~252  ; |ALU|lpm_clshift1:inst20|lpm_clshift:lpm_clshift_component|lpm_clshift_ukb:auto_generated|sbit_w[67]~252  ; out0             ;
; |ALU|lpm_clshift1:inst20|lpm_clshift:lpm_clshift_component|lpm_clshift_ukb:auto_generated|sbit_w[66]~253  ; |ALU|lpm_clshift1:inst20|lpm_clshift:lpm_clshift_component|lpm_clshift_ukb:auto_generated|sbit_w[66]~253  ; out0             ;
; |ALU|lpm_clshift1:inst20|lpm_clshift:lpm_clshift_component|lpm_clshift_ukb:auto_generated|sbit_w[65]~254  ; |ALU|lpm_clshift1:inst20|lpm_clshift:lpm_clshift_component|lpm_clshift_ukb:auto_generated|sbit_w[65]~254  ; out0             ;
; |ALU|lpm_clshift1:inst20|lpm_clshift:lpm_clshift_component|lpm_clshift_ukb:auto_generated|sbit_w[64]~255  ; |ALU|lpm_clshift1:inst20|lpm_clshift:lpm_clshift_component|lpm_clshift_ukb:auto_generated|sbit_w[64]~255  ; out0             ;
; |ALU|lpm_clshift1:inst20|lpm_clshift:lpm_clshift_component|lpm_clshift_ukb:auto_generated|sbit_w[95]      ; |ALU|lpm_clshift1:inst20|lpm_clshift:lpm_clshift_component|lpm_clshift_ukb:auto_generated|sbit_w[95]      ; out0             ;
; |ALU|lpm_clshift1:inst20|lpm_clshift:lpm_clshift_component|lpm_clshift_ukb:auto_generated|sbit_w[94]      ; |ALU|lpm_clshift1:inst20|lpm_clshift:lpm_clshift_component|lpm_clshift_ukb:auto_generated|sbit_w[94]      ; out0             ;
; |ALU|lpm_clshift1:inst20|lpm_clshift:lpm_clshift_component|lpm_clshift_ukb:auto_generated|sbit_w[93]      ; |ALU|lpm_clshift1:inst20|lpm_clshift:lpm_clshift_component|lpm_clshift_ukb:auto_generated|sbit_w[93]      ; out0             ;
; |ALU|lpm_clshift1:inst20|lpm_clshift:lpm_clshift_component|lpm_clshift_ukb:auto_generated|sbit_w[92]      ; |ALU|lpm_clshift1:inst20|lpm_clshift:lpm_clshift_component|lpm_clshift_ukb:auto_generated|sbit_w[92]      ; out0             ;
; |ALU|lpm_clshift1:inst20|lpm_clshift:lpm_clshift_component|lpm_clshift_ukb:auto_generated|sbit_w[91]      ; |ALU|lpm_clshift1:inst20|lpm_clshift:lpm_clshift_component|lpm_clshift_ukb:auto_generated|sbit_w[91]      ; out0             ;
; |ALU|lpm_clshift1:inst20|lpm_clshift:lpm_clshift_component|lpm_clshift_ukb:auto_generated|sbit_w[90]      ; |ALU|lpm_clshift1:inst20|lpm_clshift:lpm_clshift_component|lpm_clshift_ukb:auto_generated|sbit_w[90]      ; out0             ;
; |ALU|lpm_clshift1:inst20|lpm_clshift:lpm_clshift_component|lpm_clshift_ukb:auto_generated|sbit_w[89]      ; |ALU|lpm_clshift1:inst20|lpm_clshift:lpm_clshift_component|lpm_clshift_ukb:auto_generated|sbit_w[89]      ; out0             ;
; |ALU|lpm_clshift1:inst20|lpm_clshift:lpm_clshift_component|lpm_clshift_ukb:auto_generated|sbit_w[88]      ; |ALU|lpm_clshift1:inst20|lpm_clshift:lpm_clshift_component|lpm_clshift_ukb:auto_generated|sbit_w[88]      ; out0             ;
; |ALU|lpm_clshift1:inst20|lpm_clshift:lpm_clshift_component|lpm_clshift_ukb:auto_generated|sbit_w[87]      ; |ALU|lpm_clshift1:inst20|lpm_clshift:lpm_clshift_component|lpm_clshift_ukb:auto_generated|sbit_w[87]      ; out0             ;
; |ALU|lpm_clshift1:inst20|lpm_clshift:lpm_clshift_component|lpm_clshift_ukb:auto_generated|sbit_w[86]      ; |ALU|lpm_clshift1:inst20|lpm_clshift:lpm_clshift_component|lpm_clshift_ukb:auto_generated|sbit_w[86]      ; out0             ;
; |ALU|lpm_clshift1:inst20|lpm_clshift:lpm_clshift_component|lpm_clshift_ukb:auto_generated|sbit_w[85]      ; |ALU|lpm_clshift1:inst20|lpm_clshift:lpm_clshift_component|lpm_clshift_ukb:auto_generated|sbit_w[85]      ; out0             ;
; |ALU|lpm_clshift1:inst20|lpm_clshift:lpm_clshift_component|lpm_clshift_ukb:auto_generated|sbit_w[84]      ; |ALU|lpm_clshift1:inst20|lpm_clshift:lpm_clshift_component|lpm_clshift_ukb:auto_generated|sbit_w[84]      ; out0             ;
; |ALU|lpm_clshift1:inst20|lpm_clshift:lpm_clshift_component|lpm_clshift_ukb:auto_generated|sbit_w[83]      ; |ALU|lpm_clshift1:inst20|lpm_clshift:lpm_clshift_component|lpm_clshift_ukb:auto_generated|sbit_w[83]      ; out0             ;
; |ALU|lpm_clshift1:inst20|lpm_clshift:lpm_clshift_component|lpm_clshift_ukb:auto_generated|sbit_w[82]      ; |ALU|lpm_clshift1:inst20|lpm_clshift:lpm_clshift_component|lpm_clshift_ukb:auto_generated|sbit_w[82]      ; out0             ;
; |ALU|lpm_clshift1:inst20|lpm_clshift:lpm_clshift_component|lpm_clshift_ukb:auto_generated|sbit_w[81]      ; |ALU|lpm_clshift1:inst20|lpm_clshift:lpm_clshift_component|lpm_clshift_ukb:auto_generated|sbit_w[81]      ; out0             ;
; |ALU|lpm_clshift1:inst20|lpm_clshift:lpm_clshift_component|lpm_clshift_ukb:auto_generated|sbit_w[80]      ; |ALU|lpm_clshift1:inst20|lpm_clshift:lpm_clshift_component|lpm_clshift_ukb:auto_generated|sbit_w[80]      ; out0             ;
; |ALU|lpm_clshift1:inst20|lpm_clshift:lpm_clshift_component|lpm_clshift_ukb:auto_generated|sbit_w[79]      ; |ALU|lpm_clshift1:inst20|lpm_clshift:lpm_clshift_component|lpm_clshift_ukb:auto_generated|sbit_w[79]      ; out0             ;
; |ALU|lpm_clshift1:inst20|lpm_clshift:lpm_clshift_component|lpm_clshift_ukb:auto_generated|sbit_w[78]      ; |ALU|lpm_clshift1:inst20|lpm_clshift:lpm_clshift_component|lpm_clshift_ukb:auto_generated|sbit_w[78]      ; out0             ;
; |ALU|lpm_clshift1:inst20|lpm_clshift:lpm_clshift_component|lpm_clshift_ukb:auto_generated|sbit_w[77]      ; |ALU|lpm_clshift1:inst20|lpm_clshift:lpm_clshift_component|lpm_clshift_ukb:auto_generated|sbit_w[77]      ; out0             ;
; |ALU|lpm_clshift1:inst20|lpm_clshift:lpm_clshift_component|lpm_clshift_ukb:auto_generated|sbit_w[76]      ; |ALU|lpm_clshift1:inst20|lpm_clshift:lpm_clshift_component|lpm_clshift_ukb:auto_generated|sbit_w[76]      ; out0             ;
; |ALU|lpm_clshift1:inst20|lpm_clshift:lpm_clshift_component|lpm_clshift_ukb:auto_generated|sbit_w[75]      ; |ALU|lpm_clshift1:inst20|lpm_clshift:lpm_clshift_component|lpm_clshift_ukb:auto_generated|sbit_w[75]      ; out0             ;
; |ALU|lpm_clshift1:inst20|lpm_clshift:lpm_clshift_component|lpm_clshift_ukb:auto_generated|sbit_w[74]      ; |ALU|lpm_clshift1:inst20|lpm_clshift:lpm_clshift_component|lpm_clshift_ukb:auto_generated|sbit_w[74]      ; out0             ;
; |ALU|lpm_clshift1:inst20|lpm_clshift:lpm_clshift_component|lpm_clshift_ukb:auto_generated|sbit_w[73]      ; |ALU|lpm_clshift1:inst20|lpm_clshift:lpm_clshift_component|lpm_clshift_ukb:auto_generated|sbit_w[73]      ; out0             ;
; |ALU|lpm_clshift1:inst20|lpm_clshift:lpm_clshift_component|lpm_clshift_ukb:auto_generated|sbit_w[72]      ; |ALU|lpm_clshift1:inst20|lpm_clshift:lpm_clshift_component|lpm_clshift_ukb:auto_generated|sbit_w[72]      ; out0             ;
; |ALU|lpm_clshift1:inst20|lpm_clshift:lpm_clshift_component|lpm_clshift_ukb:auto_generated|sbit_w[71]      ; |ALU|lpm_clshift1:inst20|lpm_clshift:lpm_clshift_component|lpm_clshift_ukb:auto_generated|sbit_w[71]      ; out0             ;
; |ALU|lpm_clshift1:inst20|lpm_clshift:lpm_clshift_component|lpm_clshift_ukb:auto_generated|sbit_w[70]      ; |ALU|lpm_clshift1:inst20|lpm_clshift:lpm_clshift_component|lpm_clshift_ukb:auto_generated|sbit_w[70]      ; out0             ;
; |ALU|lpm_clshift1:inst20|lpm_clshift:lpm_clshift_component|lpm_clshift_ukb:auto_generated|sbit_w[69]      ; |ALU|lpm_clshift1:inst20|lpm_clshift:lpm_clshift_component|lpm_clshift_ukb:auto_generated|sbit_w[69]      ; out0             ;
; |ALU|lpm_clshift1:inst20|lpm_clshift:lpm_clshift_component|lpm_clshift_ukb:auto_generated|sbit_w[68]      ; |ALU|lpm_clshift1:inst20|lpm_clshift:lpm_clshift_component|lpm_clshift_ukb:auto_generated|sbit_w[68]      ; out0             ;
; |ALU|lpm_clshift1:inst20|lpm_clshift:lpm_clshift_component|lpm_clshift_ukb:auto_generated|sbit_w[67]      ; |ALU|lpm_clshift1:inst20|lpm_clshift:lpm_clshift_component|lpm_clshift_ukb:auto_generated|sbit_w[67]      ; out0             ;
; |ALU|lpm_clshift1:inst20|lpm_clshift:lpm_clshift_component|lpm_clshift_ukb:auto_generated|sbit_w[66]      ; |ALU|lpm_clshift1:inst20|lpm_clshift:lpm_clshift_component|lpm_clshift_ukb:auto_generated|sbit_w[66]      ; out0             ;
; |ALU|lpm_clshift1:inst20|lpm_clshift:lpm_clshift_component|lpm_clshift_ukb:auto_generated|_~275           ; |ALU|lpm_clshift1:inst20|lpm_clshift:lpm_clshift_component|lpm_clshift_ukb:auto_generated|_~275           ; out0             ;
; |ALU|lpm_clshift1:inst20|lpm_clshift:lpm_clshift_component|lpm_clshift_ukb:auto_generated|_~276           ; |ALU|lpm_clshift1:inst20|lpm_clshift:lpm_clshift_component|lpm_clshift_ukb:auto_generated|_~276           ; out0             ;
; |ALU|lpm_clshift1:inst20|lpm_clshift:lpm_clshift_component|lpm_clshift_ukb:auto_generated|_~277           ; |ALU|lpm_clshift1:inst20|lpm_clshift:lpm_clshift_component|lpm_clshift_ukb:auto_generated|_~277           ; out0             ;
; |ALU|lpm_clshift1:inst20|lpm_clshift:lpm_clshift_component|lpm_clshift_ukb:auto_generated|_~278           ; |ALU|lpm_clshift1:inst20|lpm_clshift:lpm_clshift_component|lpm_clshift_ukb:auto_generated|_~278           ; out0             ;
; |ALU|lpm_clshift1:inst20|lpm_clshift:lpm_clshift_component|lpm_clshift_ukb:auto_generated|_~279           ; |ALU|lpm_clshift1:inst20|lpm_clshift:lpm_clshift_component|lpm_clshift_ukb:auto_generated|_~279           ; out0             ;
; |ALU|lpm_clshift1:inst20|lpm_clshift:lpm_clshift_component|lpm_clshift_ukb:auto_generated|_~280           ; |ALU|lpm_clshift1:inst20|lpm_clshift:lpm_clshift_component|lpm_clshift_ukb:auto_generated|_~280           ; out0             ;
; |ALU|lpm_clshift1:inst20|lpm_clshift:lpm_clshift_component|lpm_clshift_ukb:auto_generated|_~281           ; |ALU|lpm_clshift1:inst20|lpm_clshift:lpm_clshift_component|lpm_clshift_ukb:auto_generated|_~281           ; out0             ;
; |ALU|lpm_clshift1:inst20|lpm_clshift:lpm_clshift_component|lpm_clshift_ukb:auto_generated|_~282           ; |ALU|lpm_clshift1:inst20|lpm_clshift:lpm_clshift_component|lpm_clshift_ukb:auto_generated|_~282           ; out0             ;
; |ALU|lpm_clshift1:inst20|lpm_clshift:lpm_clshift_component|lpm_clshift_ukb:auto_generated|_~283           ; |ALU|lpm_clshift1:inst20|lpm_clshift:lpm_clshift_component|lpm_clshift_ukb:auto_generated|_~283           ; out0             ;
; |ALU|lpm_clshift1:inst20|lpm_clshift:lpm_clshift_component|lpm_clshift_ukb:auto_generated|_~284           ; |ALU|lpm_clshift1:inst20|lpm_clshift:lpm_clshift_component|lpm_clshift_ukb:auto_generated|_~284           ; out0             ;
; |ALU|lpm_clshift1:inst20|lpm_clshift:lpm_clshift_component|lpm_clshift_ukb:auto_generated|_~285           ; |ALU|lpm_clshift1:inst20|lpm_clshift:lpm_clshift_component|lpm_clshift_ukb:auto_generated|_~285           ; out0             ;
; |ALU|lpm_clshift1:inst20|lpm_clshift:lpm_clshift_component|lpm_clshift_ukb:auto_generated|_~286           ; |ALU|lpm_clshift1:inst20|lpm_clshift:lpm_clshift_component|lpm_clshift_ukb:auto_generated|_~286           ; out0             ;
; |ALU|lpm_clshift1:inst20|lpm_clshift:lpm_clshift_component|lpm_clshift_ukb:auto_generated|_~287           ; |ALU|lpm_clshift1:inst20|lpm_clshift:lpm_clshift_component|lpm_clshift_ukb:auto_generated|_~287           ; out0             ;
; |ALU|lpm_clshift1:inst20|lpm_clshift:lpm_clshift_component|lpm_clshift_ukb:auto_generated|_~288           ; |ALU|lpm_clshift1:inst20|lpm_clshift:lpm_clshift_component|lpm_clshift_ukb:auto_generated|_~288           ; out0             ;
; |ALU|lpm_clshift1:inst20|lpm_clshift:lpm_clshift_component|lpm_clshift_ukb:auto_generated|_~289           ; |ALU|lpm_clshift1:inst20|lpm_clshift:lpm_clshift_component|lpm_clshift_ukb:auto_generated|_~289           ; out0             ;
; |ALU|lpm_clshift1:inst20|lpm_clshift:lpm_clshift_component|lpm_clshift_ukb:auto_generated|_~290           ; |ALU|lpm_clshift1:inst20|lpm_clshift:lpm_clshift_component|lpm_clshift_ukb:auto_generated|_~290           ; out0             ;
; |ALU|lpm_clshift1:inst20|lpm_clshift:lpm_clshift_component|lpm_clshift_ukb:auto_generated|_~291           ; |ALU|lpm_clshift1:inst20|lpm_clshift:lpm_clshift_component|lpm_clshift_ukb:auto_generated|_~291           ; out0             ;
; |ALU|lpm_clshift1:inst20|lpm_clshift:lpm_clshift_component|lpm_clshift_ukb:auto_generated|_~292           ; |ALU|lpm_clshift1:inst20|lpm_clshift:lpm_clshift_component|lpm_clshift_ukb:auto_generated|_~292           ; out0             ;
; |ALU|lpm_clshift1:inst20|lpm_clshift:lpm_clshift_component|lpm_clshift_ukb:auto_generated|_~293           ; |ALU|lpm_clshift1:inst20|lpm_clshift:lpm_clshift_component|lpm_clshift_ukb:auto_generated|_~293           ; out0             ;
; |ALU|lpm_clshift1:inst20|lpm_clshift:lpm_clshift_component|lpm_clshift_ukb:auto_generated|_~294           ; |ALU|lpm_clshift1:inst20|lpm_clshift:lpm_clshift_component|lpm_clshift_ukb:auto_generated|_~294           ; out0             ;
; |ALU|lpm_clshift1:inst20|lpm_clshift:lpm_clshift_component|lpm_clshift_ukb:auto_generated|_~295           ; |ALU|lpm_clshift1:inst20|lpm_clshift:lpm_clshift_component|lpm_clshift_ukb:auto_generated|_~295           ; out0             ;
; |ALU|lpm_clshift1:inst20|lpm_clshift:lpm_clshift_component|lpm_clshift_ukb:auto_generated|_~296           ; |ALU|lpm_clshift1:inst20|lpm_clshift:lpm_clshift_component|lpm_clshift_ukb:auto_generated|_~296           ; out0             ;
; |ALU|lpm_clshift1:inst20|lpm_clshift:lpm_clshift_component|lpm_clshift_ukb:auto_generated|_~297           ; |ALU|lpm_clshift1:inst20|lpm_clshift:lpm_clshift_component|lpm_clshift_ukb:auto_generated|_~297           ; out0             ;
; |ALU|lpm_clshift1:inst20|lpm_clshift:lpm_clshift_component|lpm_clshift_ukb:auto_generated|_~298           ; |ALU|lpm_clshift1:inst20|lpm_clshift:lpm_clshift_component|lpm_clshift_ukb:auto_generated|_~298           ; out0             ;
; |ALU|lpm_clshift1:inst20|lpm_clshift:lpm_clshift_component|lpm_clshift_ukb:auto_generated|_~299           ; |ALU|lpm_clshift1:inst20|lpm_clshift:lpm_clshift_component|lpm_clshift_ukb:auto_generated|_~299           ; out0             ;
; |ALU|lpm_clshift1:inst20|lpm_clshift:lpm_clshift_component|lpm_clshift_ukb:auto_generated|_~300           ; |ALU|lpm_clshift1:inst20|lpm_clshift:lpm_clshift_component|lpm_clshift_ukb:auto_generated|_~300           ; out0             ;
; |ALU|lpm_clshift1:inst20|lpm_clshift:lpm_clshift_component|lpm_clshift_ukb:auto_generated|_~301           ; |ALU|lpm_clshift1:inst20|lpm_clshift:lpm_clshift_component|lpm_clshift_ukb:auto_generated|_~301           ; out0             ;
; |ALU|lpm_clshift1:inst20|lpm_clshift:lpm_clshift_component|lpm_clshift_ukb:auto_generated|_~302           ; |ALU|lpm_clshift1:inst20|lpm_clshift:lpm_clshift_component|lpm_clshift_ukb:auto_generated|_~302           ; out0             ;
; |ALU|lpm_clshift1:inst20|lpm_clshift:lpm_clshift_component|lpm_clshift_ukb:auto_generated|_~303           ; |ALU|lpm_clshift1:inst20|lpm_clshift:lpm_clshift_component|lpm_clshift_ukb:auto_generated|_~303           ; out0             ;
; |ALU|lpm_clshift1:inst20|lpm_clshift:lpm_clshift_component|lpm_clshift_ukb:auto_generated|_~304           ; |ALU|lpm_clshift1:inst20|lpm_clshift:lpm_clshift_component|lpm_clshift_ukb:auto_generated|_~304           ; out0             ;
; |ALU|lpm_clshift1:inst20|lpm_clshift:lpm_clshift_component|lpm_clshift_ukb:auto_generated|_~305           ; |ALU|lpm_clshift1:inst20|lpm_clshift:lpm_clshift_component|lpm_clshift_ukb:auto_generated|_~305           ; out0             ;
; |ALU|lpm_clshift1:inst20|lpm_clshift:lpm_clshift_component|lpm_clshift_ukb:auto_generated|sbit_w[63]~288  ; |ALU|lpm_clshift1:inst20|lpm_clshift:lpm_clshift_component|lpm_clshift_ukb:auto_generated|sbit_w[63]~288  ; out0             ;
; |ALU|lpm_clshift1:inst20|lpm_clshift:lpm_clshift_component|lpm_clshift_ukb:auto_generated|sbit_w[62]~289  ; |ALU|lpm_clshift1:inst20|lpm_clshift:lpm_clshift_component|lpm_clshift_ukb:auto_generated|sbit_w[62]~289  ; out0             ;
; |ALU|lpm_clshift1:inst20|lpm_clshift:lpm_clshift_component|lpm_clshift_ukb:auto_generated|sbit_w[61]~290  ; |ALU|lpm_clshift1:inst20|lpm_clshift:lpm_clshift_component|lpm_clshift_ukb:auto_generated|sbit_w[61]~290  ; out0             ;
; |ALU|lpm_clshift1:inst20|lpm_clshift:lpm_clshift_component|lpm_clshift_ukb:auto_generated|sbit_w[60]~291  ; |ALU|lpm_clshift1:inst20|lpm_clshift:lpm_clshift_component|lpm_clshift_ukb:auto_generated|sbit_w[60]~291  ; out0             ;
; |ALU|lpm_clshift1:inst20|lpm_clshift:lpm_clshift_component|lpm_clshift_ukb:auto_generated|sbit_w[59]~292  ; |ALU|lpm_clshift1:inst20|lpm_clshift:lpm_clshift_component|lpm_clshift_ukb:auto_generated|sbit_w[59]~292  ; out0             ;
; |ALU|lpm_clshift1:inst20|lpm_clshift:lpm_clshift_component|lpm_clshift_ukb:auto_generated|sbit_w[58]~293  ; |ALU|lpm_clshift1:inst20|lpm_clshift:lpm_clshift_component|lpm_clshift_ukb:auto_generated|sbit_w[58]~293  ; out0             ;
; |ALU|lpm_clshift1:inst20|lpm_clshift:lpm_clshift_component|lpm_clshift_ukb:auto_generated|sbit_w[57]~294  ; |ALU|lpm_clshift1:inst20|lpm_clshift:lpm_clshift_component|lpm_clshift_ukb:auto_generated|sbit_w[57]~294  ; out0             ;
; |ALU|lpm_clshift1:inst20|lpm_clshift:lpm_clshift_component|lpm_clshift_ukb:auto_generated|sbit_w[56]~295  ; |ALU|lpm_clshift1:inst20|lpm_clshift:lpm_clshift_component|lpm_clshift_ukb:auto_generated|sbit_w[56]~295  ; out0             ;
; |ALU|lpm_clshift1:inst20|lpm_clshift:lpm_clshift_component|lpm_clshift_ukb:auto_generated|sbit_w[55]~296  ; |ALU|lpm_clshift1:inst20|lpm_clshift:lpm_clshift_component|lpm_clshift_ukb:auto_generated|sbit_w[55]~296  ; out0             ;
; |ALU|lpm_clshift1:inst20|lpm_clshift:lpm_clshift_component|lpm_clshift_ukb:auto_generated|sbit_w[54]~297  ; |ALU|lpm_clshift1:inst20|lpm_clshift:lpm_clshift_component|lpm_clshift_ukb:auto_generated|sbit_w[54]~297  ; out0             ;
; |ALU|lpm_clshift1:inst20|lpm_clshift:lpm_clshift_component|lpm_clshift_ukb:auto_generated|sbit_w[53]~298  ; |ALU|lpm_clshift1:inst20|lpm_clshift:lpm_clshift_component|lpm_clshift_ukb:auto_generated|sbit_w[53]~298  ; out0             ;
; |ALU|lpm_clshift1:inst20|lpm_clshift:lpm_clshift_component|lpm_clshift_ukb:auto_generated|sbit_w[52]~299  ; |ALU|lpm_clshift1:inst20|lpm_clshift:lpm_clshift_component|lpm_clshift_ukb:auto_generated|sbit_w[52]~299  ; out0             ;
; |ALU|lpm_clshift1:inst20|lpm_clshift:lpm_clshift_component|lpm_clshift_ukb:auto_generated|sbit_w[51]~300  ; |ALU|lpm_clshift1:inst20|lpm_clshift:lpm_clshift_component|lpm_clshift_ukb:auto_generated|sbit_w[51]~300  ; out0             ;
; |ALU|lpm_clshift1:inst20|lpm_clshift:lpm_clshift_component|lpm_clshift_ukb:auto_generated|sbit_w[50]~301  ; |ALU|lpm_clshift1:inst20|lpm_clshift:lpm_clshift_component|lpm_clshift_ukb:auto_generated|sbit_w[50]~301  ; out0             ;
; |ALU|lpm_clshift1:inst20|lpm_clshift:lpm_clshift_component|lpm_clshift_ukb:auto_generated|sbit_w[49]~302  ; |ALU|lpm_clshift1:inst20|lpm_clshift:lpm_clshift_component|lpm_clshift_ukb:auto_generated|sbit_w[49]~302  ; out0             ;
; |ALU|lpm_clshift1:inst20|lpm_clshift:lpm_clshift_component|lpm_clshift_ukb:auto_generated|sbit_w[48]~303  ; |ALU|lpm_clshift1:inst20|lpm_clshift:lpm_clshift_component|lpm_clshift_ukb:auto_generated|sbit_w[48]~303  ; out0             ;
; |ALU|lpm_clshift1:inst20|lpm_clshift:lpm_clshift_component|lpm_clshift_ukb:auto_generated|sbit_w[47]~304  ; |ALU|lpm_clshift1:inst20|lpm_clshift:lpm_clshift_component|lpm_clshift_ukb:auto_generated|sbit_w[47]~304  ; out0             ;
; |ALU|lpm_clshift1:inst20|lpm_clshift:lpm_clshift_component|lpm_clshift_ukb:auto_generated|sbit_w[46]~305  ; |ALU|lpm_clshift1:inst20|lpm_clshift:lpm_clshift_component|lpm_clshift_ukb:auto_generated|sbit_w[46]~305  ; out0             ;
; |ALU|lpm_clshift1:inst20|lpm_clshift:lpm_clshift_component|lpm_clshift_ukb:auto_generated|sbit_w[45]~306  ; |ALU|lpm_clshift1:inst20|lpm_clshift:lpm_clshift_component|lpm_clshift_ukb:auto_generated|sbit_w[45]~306  ; out0             ;
; |ALU|lpm_clshift1:inst20|lpm_clshift:lpm_clshift_component|lpm_clshift_ukb:auto_generated|sbit_w[44]~307  ; |ALU|lpm_clshift1:inst20|lpm_clshift:lpm_clshift_component|lpm_clshift_ukb:auto_generated|sbit_w[44]~307  ; out0             ;
; |ALU|lpm_clshift1:inst20|lpm_clshift:lpm_clshift_component|lpm_clshift_ukb:auto_generated|sbit_w[43]~308  ; |ALU|lpm_clshift1:inst20|lpm_clshift:lpm_clshift_component|lpm_clshift_ukb:auto_generated|sbit_w[43]~308  ; out0             ;
; |ALU|lpm_clshift1:inst20|lpm_clshift:lpm_clshift_component|lpm_clshift_ukb:auto_generated|sbit_w[42]~309  ; |ALU|lpm_clshift1:inst20|lpm_clshift:lpm_clshift_component|lpm_clshift_ukb:auto_generated|sbit_w[42]~309  ; out0             ;
; |ALU|lpm_clshift1:inst20|lpm_clshift:lpm_clshift_component|lpm_clshift_ukb:auto_generated|sbit_w[41]~310  ; |ALU|lpm_clshift1:inst20|lpm_clshift:lpm_clshift_component|lpm_clshift_ukb:auto_generated|sbit_w[41]~310  ; out0             ;
; |ALU|lpm_clshift1:inst20|lpm_clshift:lpm_clshift_component|lpm_clshift_ukb:auto_generated|sbit_w[40]~311  ; |ALU|lpm_clshift1:inst20|lpm_clshift:lpm_clshift_component|lpm_clshift_ukb:auto_generated|sbit_w[40]~311  ; out0             ;
; |ALU|lpm_clshift1:inst20|lpm_clshift:lpm_clshift_component|lpm_clshift_ukb:auto_generated|sbit_w[39]~312  ; |ALU|lpm_clshift1:inst20|lpm_clshift:lpm_clshift_component|lpm_clshift_ukb:auto_generated|sbit_w[39]~312  ; out0             ;
; |ALU|lpm_clshift1:inst20|lpm_clshift:lpm_clshift_component|lpm_clshift_ukb:auto_generated|sbit_w[38]~313  ; |ALU|lpm_clshift1:inst20|lpm_clshift:lpm_clshift_component|lpm_clshift_ukb:auto_generated|sbit_w[38]~313  ; out0             ;
; |ALU|lpm_clshift1:inst20|lpm_clshift:lpm_clshift_component|lpm_clshift_ukb:auto_generated|sbit_w[37]~314  ; |ALU|lpm_clshift1:inst20|lpm_clshift:lpm_clshift_component|lpm_clshift_ukb:auto_generated|sbit_w[37]~314  ; out0             ;
; |ALU|lpm_clshift1:inst20|lpm_clshift:lpm_clshift_component|lpm_clshift_ukb:auto_generated|sbit_w[36]~315  ; |ALU|lpm_clshift1:inst20|lpm_clshift:lpm_clshift_component|lpm_clshift_ukb:auto_generated|sbit_w[36]~315  ; out0             ;
; |ALU|lpm_clshift1:inst20|lpm_clshift:lpm_clshift_component|lpm_clshift_ukb:auto_generated|sbit_w[35]~316  ; |ALU|lpm_clshift1:inst20|lpm_clshift:lpm_clshift_component|lpm_clshift_ukb:auto_generated|sbit_w[35]~316  ; out0             ;
; |ALU|lpm_clshift1:inst20|lpm_clshift:lpm_clshift_component|lpm_clshift_ukb:auto_generated|sbit_w[34]~317  ; |ALU|lpm_clshift1:inst20|lpm_clshift:lpm_clshift_component|lpm_clshift_ukb:auto_generated|sbit_w[34]~317  ; out0             ;
; |ALU|lpm_clshift1:inst20|lpm_clshift:lpm_clshift_component|lpm_clshift_ukb:auto_generated|sbit_w[33]~318  ; |ALU|lpm_clshift1:inst20|lpm_clshift:lpm_clshift_component|lpm_clshift_ukb:auto_generated|sbit_w[33]~318  ; out0             ;
; |ALU|lpm_clshift1:inst20|lpm_clshift:lpm_clshift_component|lpm_clshift_ukb:auto_generated|sbit_w[32]~319  ; |ALU|lpm_clshift1:inst20|lpm_clshift:lpm_clshift_component|lpm_clshift_ukb:auto_generated|sbit_w[32]~319  ; out0             ;
; |ALU|lpm_clshift1:inst20|lpm_clshift:lpm_clshift_component|lpm_clshift_ukb:auto_generated|sbit_w[63]      ; |ALU|lpm_clshift1:inst20|lpm_clshift:lpm_clshift_component|lpm_clshift_ukb:auto_generated|sbit_w[63]      ; out0             ;
; |ALU|lpm_clshift1:inst20|lpm_clshift:lpm_clshift_component|lpm_clshift_ukb:auto_generated|sbit_w[62]      ; |ALU|lpm_clshift1:inst20|lpm_clshift:lpm_clshift_component|lpm_clshift_ukb:auto_generated|sbit_w[62]      ; out0             ;
; |ALU|lpm_clshift1:inst20|lpm_clshift:lpm_clshift_component|lpm_clshift_ukb:auto_generated|sbit_w[61]      ; |ALU|lpm_clshift1:inst20|lpm_clshift:lpm_clshift_component|lpm_clshift_ukb:auto_generated|sbit_w[61]      ; out0             ;
; |ALU|lpm_clshift1:inst20|lpm_clshift:lpm_clshift_component|lpm_clshift_ukb:auto_generated|sbit_w[60]      ; |ALU|lpm_clshift1:inst20|lpm_clshift:lpm_clshift_component|lpm_clshift_ukb:auto_generated|sbit_w[60]      ; out0             ;
; |ALU|lpm_clshift1:inst20|lpm_clshift:lpm_clshift_component|lpm_clshift_ukb:auto_generated|sbit_w[59]      ; |ALU|lpm_clshift1:inst20|lpm_clshift:lpm_clshift_component|lpm_clshift_ukb:auto_generated|sbit_w[59]      ; out0             ;
; |ALU|lpm_clshift1:inst20|lpm_clshift:lpm_clshift_component|lpm_clshift_ukb:auto_generated|sbit_w[58]      ; |ALU|lpm_clshift1:inst20|lpm_clshift:lpm_clshift_component|lpm_clshift_ukb:auto_generated|sbit_w[58]      ; out0             ;
; |ALU|lpm_clshift1:inst20|lpm_clshift:lpm_clshift_component|lpm_clshift_ukb:auto_generated|sbit_w[57]      ; |ALU|lpm_clshift1:inst20|lpm_clshift:lpm_clshift_component|lpm_clshift_ukb:auto_generated|sbit_w[57]      ; out0             ;
; |ALU|lpm_clshift1:inst20|lpm_clshift:lpm_clshift_component|lpm_clshift_ukb:auto_generated|sbit_w[56]      ; |ALU|lpm_clshift1:inst20|lpm_clshift:lpm_clshift_component|lpm_clshift_ukb:auto_generated|sbit_w[56]      ; out0             ;
; |ALU|lpm_clshift1:inst20|lpm_clshift:lpm_clshift_component|lpm_clshift_ukb:auto_generated|sbit_w[55]      ; |ALU|lpm_clshift1:inst20|lpm_clshift:lpm_clshift_component|lpm_clshift_ukb:auto_generated|sbit_w[55]      ; out0             ;
; |ALU|lpm_clshift1:inst20|lpm_clshift:lpm_clshift_component|lpm_clshift_ukb:auto_generated|sbit_w[54]      ; |ALU|lpm_clshift1:inst20|lpm_clshift:lpm_clshift_component|lpm_clshift_ukb:auto_generated|sbit_w[54]      ; out0             ;
; |ALU|lpm_clshift1:inst20|lpm_clshift:lpm_clshift_component|lpm_clshift_ukb:auto_generated|sbit_w[53]      ; |ALU|lpm_clshift1:inst20|lpm_clshift:lpm_clshift_component|lpm_clshift_ukb:auto_generated|sbit_w[53]      ; out0             ;
; |ALU|lpm_clshift1:inst20|lpm_clshift:lpm_clshift_component|lpm_clshift_ukb:auto_generated|sbit_w[52]      ; |ALU|lpm_clshift1:inst20|lpm_clshift:lpm_clshift_component|lpm_clshift_ukb:auto_generated|sbit_w[52]      ; out0             ;
; |ALU|lpm_clshift1:inst20|lpm_clshift:lpm_clshift_component|lpm_clshift_ukb:auto_generated|sbit_w[51]      ; |ALU|lpm_clshift1:inst20|lpm_clshift:lpm_clshift_component|lpm_clshift_ukb:auto_generated|sbit_w[51]      ; out0             ;
; |ALU|lpm_clshift1:inst20|lpm_clshift:lpm_clshift_component|lpm_clshift_ukb:auto_generated|sbit_w[50]      ; |ALU|lpm_clshift1:inst20|lpm_clshift:lpm_clshift_component|lpm_clshift_ukb:auto_generated|sbit_w[50]      ; out0             ;
; |ALU|lpm_clshift1:inst20|lpm_clshift:lpm_clshift_component|lpm_clshift_ukb:auto_generated|sbit_w[49]      ; |ALU|lpm_clshift1:inst20|lpm_clshift:lpm_clshift_component|lpm_clshift_ukb:auto_generated|sbit_w[49]      ; out0             ;
; |ALU|lpm_clshift1:inst20|lpm_clshift:lpm_clshift_component|lpm_clshift_ukb:auto_generated|sbit_w[48]      ; |ALU|lpm_clshift1:inst20|lpm_clshift:lpm_clshift_component|lpm_clshift_ukb:auto_generated|sbit_w[48]      ; out0             ;
; |ALU|lpm_clshift1:inst20|lpm_clshift:lpm_clshift_component|lpm_clshift_ukb:auto_generated|sbit_w[47]      ; |ALU|lpm_clshift1:inst20|lpm_clshift:lpm_clshift_component|lpm_clshift_ukb:auto_generated|sbit_w[47]      ; out0             ;
; |ALU|lpm_clshift1:inst20|lpm_clshift:lpm_clshift_component|lpm_clshift_ukb:auto_generated|sbit_w[46]      ; |ALU|lpm_clshift1:inst20|lpm_clshift:lpm_clshift_component|lpm_clshift_ukb:auto_generated|sbit_w[46]      ; out0             ;
; |ALU|lpm_clshift1:inst20|lpm_clshift:lpm_clshift_component|lpm_clshift_ukb:auto_generated|sbit_w[45]      ; |ALU|lpm_clshift1:inst20|lpm_clshift:lpm_clshift_component|lpm_clshift_ukb:auto_generated|sbit_w[45]      ; out0             ;
; |ALU|lpm_clshift1:inst20|lpm_clshift:lpm_clshift_component|lpm_clshift_ukb:auto_generated|sbit_w[44]      ; |ALU|lpm_clshift1:inst20|lpm_clshift:lpm_clshift_component|lpm_clshift_ukb:auto_generated|sbit_w[44]      ; out0             ;
; |ALU|lpm_clshift1:inst20|lpm_clshift:lpm_clshift_component|lpm_clshift_ukb:auto_generated|sbit_w[43]      ; |ALU|lpm_clshift1:inst20|lpm_clshift:lpm_clshift_component|lpm_clshift_ukb:auto_generated|sbit_w[43]      ; out0             ;
; |ALU|lpm_clshift1:inst20|lpm_clshift:lpm_clshift_component|lpm_clshift_ukb:auto_generated|sbit_w[42]      ; |ALU|lpm_clshift1:inst20|lpm_clshift:lpm_clshift_component|lpm_clshift_ukb:auto_generated|sbit_w[42]      ; out0             ;
; |ALU|lpm_clshift1:inst20|lpm_clshift:lpm_clshift_component|lpm_clshift_ukb:auto_generated|sbit_w[41]      ; |ALU|lpm_clshift1:inst20|lpm_clshift:lpm_clshift_component|lpm_clshift_ukb:auto_generated|sbit_w[41]      ; out0             ;
; |ALU|lpm_clshift1:inst20|lpm_clshift:lpm_clshift_component|lpm_clshift_ukb:auto_generated|sbit_w[40]      ; |ALU|lpm_clshift1:inst20|lpm_clshift:lpm_clshift_component|lpm_clshift_ukb:auto_generated|sbit_w[40]      ; out0             ;
; |ALU|lpm_clshift1:inst20|lpm_clshift:lpm_clshift_component|lpm_clshift_ukb:auto_generated|sbit_w[39]      ; |ALU|lpm_clshift1:inst20|lpm_clshift:lpm_clshift_component|lpm_clshift_ukb:auto_generated|sbit_w[39]      ; out0             ;
; |ALU|lpm_clshift1:inst20|lpm_clshift:lpm_clshift_component|lpm_clshift_ukb:auto_generated|sbit_w[38]      ; |ALU|lpm_clshift1:inst20|lpm_clshift:lpm_clshift_component|lpm_clshift_ukb:auto_generated|sbit_w[38]      ; out0             ;
; |ALU|lpm_clshift1:inst20|lpm_clshift:lpm_clshift_component|lpm_clshift_ukb:auto_generated|sbit_w[37]      ; |ALU|lpm_clshift1:inst20|lpm_clshift:lpm_clshift_component|lpm_clshift_ukb:auto_generated|sbit_w[37]      ; out0             ;
; |ALU|lpm_clshift1:inst20|lpm_clshift:lpm_clshift_component|lpm_clshift_ukb:auto_generated|sbit_w[36]      ; |ALU|lpm_clshift1:inst20|lpm_clshift:lpm_clshift_component|lpm_clshift_ukb:auto_generated|sbit_w[36]      ; out0             ;
; |ALU|lpm_clshift1:inst20|lpm_clshift:lpm_clshift_component|lpm_clshift_ukb:auto_generated|sbit_w[35]      ; |ALU|lpm_clshift1:inst20|lpm_clshift:lpm_clshift_component|lpm_clshift_ukb:auto_generated|sbit_w[35]      ; out0             ;
; |ALU|lpm_clshift1:inst20|lpm_clshift:lpm_clshift_component|lpm_clshift_ukb:auto_generated|sbit_w[34]      ; |ALU|lpm_clshift1:inst20|lpm_clshift:lpm_clshift_component|lpm_clshift_ukb:auto_generated|sbit_w[34]      ; out0             ;
; |ALU|lpm_clshift1:inst20|lpm_clshift:lpm_clshift_component|lpm_clshift_ukb:auto_generated|sbit_w[33]      ; |ALU|lpm_clshift1:inst20|lpm_clshift:lpm_clshift_component|lpm_clshift_ukb:auto_generated|sbit_w[33]      ; out0             ;
; |ALU|lpm_or1:inst27|lpm_or:lpm_or_component|or_node[0][1]                                                 ; |ALU|lpm_or1:inst27|lpm_or:lpm_or_component|or_node[0][1]                                                 ; out0             ;
; |ALU|lpm_or1:inst27|lpm_or:lpm_or_component|or_node[0][2]                                                 ; |ALU|lpm_or1:inst27|lpm_or:lpm_or_component|or_node[0][2]                                                 ; out0             ;
; |ALU|lpm_or1:inst27|lpm_or:lpm_or_component|or_node[0][3]                                                 ; |ALU|lpm_or1:inst27|lpm_or:lpm_or_component|or_node[0][3]                                                 ; out0             ;
; |ALU|lpm_or1:inst27|lpm_or:lpm_or_component|or_node[0][4]                                                 ; |ALU|lpm_or1:inst27|lpm_or:lpm_or_component|or_node[0][4]                                                 ; out0             ;
; |ALU|lpm_or1:inst27|lpm_or:lpm_or_component|or_node[0][5]                                                 ; |ALU|lpm_or1:inst27|lpm_or:lpm_or_component|or_node[0][5]                                                 ; out0             ;
; |ALU|lpm_or1:inst27|lpm_or:lpm_or_component|or_node[0][6]                                                 ; |ALU|lpm_or1:inst27|lpm_or:lpm_or_component|or_node[0][6]                                                 ; out0             ;
; |ALU|lpm_or1:inst27|lpm_or:lpm_or_component|or_node[0][7]                                                 ; |ALU|lpm_or1:inst27|lpm_or:lpm_or_component|or_node[0][7]                                                 ; out0             ;
; |ALU|lpm_or1:inst27|lpm_or:lpm_or_component|or_node[0][8]                                                 ; |ALU|lpm_or1:inst27|lpm_or:lpm_or_component|or_node[0][8]                                                 ; out0             ;
; |ALU|lpm_or1:inst27|lpm_or:lpm_or_component|or_node[0][9]                                                 ; |ALU|lpm_or1:inst27|lpm_or:lpm_or_component|or_node[0][9]                                                 ; out0             ;
; |ALU|lpm_or1:inst27|lpm_or:lpm_or_component|or_node[0][10]                                                ; |ALU|lpm_or1:inst27|lpm_or:lpm_or_component|or_node[0][10]                                                ; out0             ;
; |ALU|lpm_or1:inst27|lpm_or:lpm_or_component|or_node[0][11]                                                ; |ALU|lpm_or1:inst27|lpm_or:lpm_or_component|or_node[0][11]                                                ; out0             ;
; |ALU|lpm_or1:inst27|lpm_or:lpm_or_component|or_node[0][12]                                                ; |ALU|lpm_or1:inst27|lpm_or:lpm_or_component|or_node[0][12]                                                ; out0             ;
; |ALU|lpm_or1:inst27|lpm_or:lpm_or_component|or_node[0][13]                                                ; |ALU|lpm_or1:inst27|lpm_or:lpm_or_component|or_node[0][13]                                                ; out0             ;
; |ALU|lpm_or1:inst27|lpm_or:lpm_or_component|or_node[0][14]                                                ; |ALU|lpm_or1:inst27|lpm_or:lpm_or_component|or_node[0][14]                                                ; out0             ;
; |ALU|lpm_or1:inst27|lpm_or:lpm_or_component|or_node[0][15]                                                ; |ALU|lpm_or1:inst27|lpm_or:lpm_or_component|or_node[0][15]                                                ; out0             ;
; |ALU|lpm_or1:inst27|lpm_or:lpm_or_component|or_node[0][16]                                                ; |ALU|lpm_or1:inst27|lpm_or:lpm_or_component|or_node[0][16]                                                ; out0             ;
; |ALU|lpm_or1:inst27|lpm_or:lpm_or_component|or_node[0][17]                                                ; |ALU|lpm_or1:inst27|lpm_or:lpm_or_component|or_node[0][17]                                                ; out0             ;
; |ALU|lpm_or1:inst27|lpm_or:lpm_or_component|or_node[0][18]                                                ; |ALU|lpm_or1:inst27|lpm_or:lpm_or_component|or_node[0][18]                                                ; out0             ;
; |ALU|lpm_or1:inst27|lpm_or:lpm_or_component|or_node[0][19]                                                ; |ALU|lpm_or1:inst27|lpm_or:lpm_or_component|or_node[0][19]                                                ; out0             ;
; |ALU|lpm_or1:inst27|lpm_or:lpm_or_component|or_node[0][20]                                                ; |ALU|lpm_or1:inst27|lpm_or:lpm_or_component|or_node[0][20]                                                ; out0             ;
; |ALU|lpm_or1:inst27|lpm_or:lpm_or_component|or_node[0][21]                                                ; |ALU|lpm_or1:inst27|lpm_or:lpm_or_component|or_node[0][21]                                                ; out0             ;
; |ALU|lpm_or1:inst27|lpm_or:lpm_or_component|or_node[0][22]                                                ; |ALU|lpm_or1:inst27|lpm_or:lpm_or_component|or_node[0][22]                                                ; out0             ;
; |ALU|lpm_or1:inst27|lpm_or:lpm_or_component|or_node[0][23]                                                ; |ALU|lpm_or1:inst27|lpm_or:lpm_or_component|or_node[0][23]                                                ; out0             ;
; |ALU|lpm_or1:inst27|lpm_or:lpm_or_component|or_node[0][24]                                                ; |ALU|lpm_or1:inst27|lpm_or:lpm_or_component|or_node[0][24]                                                ; out0             ;
; |ALU|lpm_or1:inst27|lpm_or:lpm_or_component|or_node[0][25]                                                ; |ALU|lpm_or1:inst27|lpm_or:lpm_or_component|or_node[0][25]                                                ; out0             ;
; |ALU|lpm_or1:inst27|lpm_or:lpm_or_component|or_node[0][26]                                                ; |ALU|lpm_or1:inst27|lpm_or:lpm_or_component|or_node[0][26]                                                ; out0             ;
; |ALU|lpm_or1:inst27|lpm_or:lpm_or_component|or_node[0][27]                                                ; |ALU|lpm_or1:inst27|lpm_or:lpm_or_component|or_node[0][27]                                                ; out0             ;
; |ALU|lpm_or1:inst27|lpm_or:lpm_or_component|or_node[0][28]                                                ; |ALU|lpm_or1:inst27|lpm_or:lpm_or_component|or_node[0][28]                                                ; out0             ;
; |ALU|lpm_or1:inst27|lpm_or:lpm_or_component|or_node[0][29]                                                ; |ALU|lpm_or1:inst27|lpm_or:lpm_or_component|or_node[0][29]                                                ; out0             ;
; |ALU|lpm_or1:inst27|lpm_or:lpm_or_component|or_node[0][30]                                                ; |ALU|lpm_or1:inst27|lpm_or:lpm_or_component|or_node[0][30]                                                ; out0             ;
; |ALU|lpm_or1:inst27|lpm_or:lpm_or_component|or_node[0][31]                                                ; |ALU|lpm_or1:inst27|lpm_or:lpm_or_component|or_node[0][31]                                                ; out0             ;
; |ALU|lpm_mux0:inst28|lpm_mux:lpm_mux_component|mux_0qc:auto_generated|data0_wire[0]                       ; |ALU|lpm_mux0:inst28|lpm_mux:lpm_mux_component|mux_0qc:auto_generated|data0_wire[0]                       ; out0             ;
; |ALU|lpm_mux0:inst28|lpm_mux:lpm_mux_component|mux_0qc:auto_generated|data1_wire[0]                       ; |ALU|lpm_mux0:inst28|lpm_mux:lpm_mux_component|mux_0qc:auto_generated|data1_wire[0]                       ; out0             ;
; |ALU|lpm_mux0:inst28|lpm_mux:lpm_mux_component|mux_0qc:auto_generated|data2_wire[0]                       ; |ALU|lpm_mux0:inst28|lpm_mux:lpm_mux_component|mux_0qc:auto_generated|data2_wire[0]                       ; out0             ;
; |ALU|lpm_mux0:inst28|lpm_mux:lpm_mux_component|mux_0qc:auto_generated|_~0                                 ; |ALU|lpm_mux0:inst28|lpm_mux:lpm_mux_component|mux_0qc:auto_generated|_~0                                 ; out0             ;
; |ALU|lpm_mux0:inst28|lpm_mux:lpm_mux_component|mux_0qc:auto_generated|result_node[0]~0                    ; |ALU|lpm_mux0:inst28|lpm_mux:lpm_mux_component|mux_0qc:auto_generated|result_node[0]~0                    ; out0             ;
; |ALU|lpm_mux0:inst28|lpm_mux:lpm_mux_component|mux_0qc:auto_generated|result_node[0]                      ; |ALU|lpm_mux0:inst28|lpm_mux:lpm_mux_component|mux_0qc:auto_generated|result_node[0]                      ; out0             ;
; |ALU|lpm_or0:inst21|lpm_or:lpm_or_component|or_node[31][1]                                                ; |ALU|lpm_or0:inst21|lpm_or:lpm_or_component|or_node[31][1]                                                ; out0             ;
; |ALU|lpm_or0:inst21|lpm_or:lpm_or_component|or_node[30][1]                                                ; |ALU|lpm_or0:inst21|lpm_or:lpm_or_component|or_node[30][1]                                                ; out0             ;
; |ALU|lpm_or0:inst21|lpm_or:lpm_or_component|or_node[29][1]                                                ; |ALU|lpm_or0:inst21|lpm_or:lpm_or_component|or_node[29][1]                                                ; out0             ;
; |ALU|lpm_or0:inst21|lpm_or:lpm_or_component|or_node[28][1]                                                ; |ALU|lpm_or0:inst21|lpm_or:lpm_or_component|or_node[28][1]                                                ; out0             ;
; |ALU|lpm_or0:inst21|lpm_or:lpm_or_component|or_node[27][1]                                                ; |ALU|lpm_or0:inst21|lpm_or:lpm_or_component|or_node[27][1]                                                ; out0             ;
; |ALU|lpm_or0:inst21|lpm_or:lpm_or_component|or_node[26][1]                                                ; |ALU|lpm_or0:inst21|lpm_or:lpm_or_component|or_node[26][1]                                                ; out0             ;
; |ALU|lpm_or0:inst21|lpm_or:lpm_or_component|or_node[25][1]                                                ; |ALU|lpm_or0:inst21|lpm_or:lpm_or_component|or_node[25][1]                                                ; out0             ;
; |ALU|lpm_or0:inst21|lpm_or:lpm_or_component|or_node[24][1]                                                ; |ALU|lpm_or0:inst21|lpm_or:lpm_or_component|or_node[24][1]                                                ; out0             ;
; |ALU|lpm_or0:inst21|lpm_or:lpm_or_component|or_node[23][1]                                                ; |ALU|lpm_or0:inst21|lpm_or:lpm_or_component|or_node[23][1]                                                ; out0             ;
; |ALU|lpm_or0:inst21|lpm_or:lpm_or_component|or_node[22][1]                                                ; |ALU|lpm_or0:inst21|lpm_or:lpm_or_component|or_node[22][1]                                                ; out0             ;
; |ALU|lpm_or0:inst21|lpm_or:lpm_or_component|or_node[21][1]                                                ; |ALU|lpm_or0:inst21|lpm_or:lpm_or_component|or_node[21][1]                                                ; out0             ;
; |ALU|lpm_or0:inst21|lpm_or:lpm_or_component|or_node[20][1]                                                ; |ALU|lpm_or0:inst21|lpm_or:lpm_or_component|or_node[20][1]                                                ; out0             ;
; |ALU|lpm_or0:inst21|lpm_or:lpm_or_component|or_node[19][1]                                                ; |ALU|lpm_or0:inst21|lpm_or:lpm_or_component|or_node[19][1]                                                ; out0             ;
; |ALU|lpm_or0:inst21|lpm_or:lpm_or_component|or_node[18][1]                                                ; |ALU|lpm_or0:inst21|lpm_or:lpm_or_component|or_node[18][1]                                                ; out0             ;
; |ALU|lpm_or0:inst21|lpm_or:lpm_or_component|or_node[17][1]                                                ; |ALU|lpm_or0:inst21|lpm_or:lpm_or_component|or_node[17][1]                                                ; out0             ;
; |ALU|lpm_or0:inst21|lpm_or:lpm_or_component|or_node[16][1]                                                ; |ALU|lpm_or0:inst21|lpm_or:lpm_or_component|or_node[16][1]                                                ; out0             ;
; |ALU|lpm_or0:inst21|lpm_or:lpm_or_component|or_node[15][1]                                                ; |ALU|lpm_or0:inst21|lpm_or:lpm_or_component|or_node[15][1]                                                ; out0             ;
; |ALU|lpm_or0:inst21|lpm_or:lpm_or_component|or_node[14][1]                                                ; |ALU|lpm_or0:inst21|lpm_or:lpm_or_component|or_node[14][1]                                                ; out0             ;
; |ALU|lpm_or0:inst21|lpm_or:lpm_or_component|or_node[13][1]                                                ; |ALU|lpm_or0:inst21|lpm_or:lpm_or_component|or_node[13][1]                                                ; out0             ;
; |ALU|lpm_or0:inst21|lpm_or:lpm_or_component|or_node[12][1]                                                ; |ALU|lpm_or0:inst21|lpm_or:lpm_or_component|or_node[12][1]                                                ; out0             ;
; |ALU|lpm_or0:inst21|lpm_or:lpm_or_component|or_node[11][1]                                                ; |ALU|lpm_or0:inst21|lpm_or:lpm_or_component|or_node[11][1]                                                ; out0             ;
; |ALU|lpm_or0:inst21|lpm_or:lpm_or_component|or_node[10][1]                                                ; |ALU|lpm_or0:inst21|lpm_or:lpm_or_component|or_node[10][1]                                                ; out0             ;
; |ALU|lpm_or0:inst21|lpm_or:lpm_or_component|or_node[9][1]                                                 ; |ALU|lpm_or0:inst21|lpm_or:lpm_or_component|or_node[9][1]                                                 ; out0             ;
; |ALU|lpm_or0:inst21|lpm_or:lpm_or_component|or_node[8][1]                                                 ; |ALU|lpm_or0:inst21|lpm_or:lpm_or_component|or_node[8][1]                                                 ; out0             ;
; |ALU|lpm_or0:inst21|lpm_or:lpm_or_component|or_node[7][1]                                                 ; |ALU|lpm_or0:inst21|lpm_or:lpm_or_component|or_node[7][1]                                                 ; out0             ;
; |ALU|lpm_or0:inst21|lpm_or:lpm_or_component|or_node[6][1]                                                 ; |ALU|lpm_or0:inst21|lpm_or:lpm_or_component|or_node[6][1]                                                 ; out0             ;
; |ALU|lpm_or0:inst21|lpm_or:lpm_or_component|or_node[5][1]                                                 ; |ALU|lpm_or0:inst21|lpm_or:lpm_or_component|or_node[5][1]                                                 ; out0             ;
; |ALU|lpm_or0:inst21|lpm_or:lpm_or_component|or_node[4][1]                                                 ; |ALU|lpm_or0:inst21|lpm_or:lpm_or_component|or_node[4][1]                                                 ; out0             ;
; |ALU|lpm_or0:inst21|lpm_or:lpm_or_component|or_node[3][1]                                                 ; |ALU|lpm_or0:inst21|lpm_or:lpm_or_component|or_node[3][1]                                                 ; out0             ;
; |ALU|lpm_or0:inst21|lpm_or:lpm_or_component|or_node[2][1]                                                 ; |ALU|lpm_or0:inst21|lpm_or:lpm_or_component|or_node[2][1]                                                 ; out0             ;
; |ALU|lpm_or0:inst21|lpm_or:lpm_or_component|or_node[1][1]                                                 ; |ALU|lpm_or0:inst21|lpm_or:lpm_or_component|or_node[1][1]                                                 ; out0             ;
; |ALU|lpm_or0:inst21|lpm_or:lpm_or_component|or_node[0][1]                                                 ; |ALU|lpm_or0:inst21|lpm_or:lpm_or_component|or_node[0][1]                                                 ; out0             ;
; |ALU|lpm_add_sub0:inst|lpm_add_sub:lpm_add_sub_component|add_sub_76i:auto_generated|_~2                   ; |ALU|lpm_add_sub0:inst|lpm_add_sub:lpm_add_sub_component|add_sub_76i:auto_generated|_~2                   ; out0             ;
; |ALU|lpm_add_sub0:inst|lpm_add_sub:lpm_add_sub_component|add_sub_76i:auto_generated|_~3                   ; |ALU|lpm_add_sub0:inst|lpm_add_sub:lpm_add_sub_component|add_sub_76i:auto_generated|_~3                   ; out0             ;
; |ALU|lpm_add_sub0:inst|lpm_add_sub:lpm_add_sub_component|add_sub_76i:auto_generated|_~4                   ; |ALU|lpm_add_sub0:inst|lpm_add_sub:lpm_add_sub_component|add_sub_76i:auto_generated|_~4                   ; out0             ;
; |ALU|lpm_add_sub0:inst|lpm_add_sub:lpm_add_sub_component|add_sub_76i:auto_generated|_~5                   ; |ALU|lpm_add_sub0:inst|lpm_add_sub:lpm_add_sub_component|add_sub_76i:auto_generated|_~5                   ; out0             ;
; |ALU|lpm_add_sub0:inst|lpm_add_sub:lpm_add_sub_component|add_sub_76i:auto_generated|_~6                   ; |ALU|lpm_add_sub0:inst|lpm_add_sub:lpm_add_sub_component|add_sub_76i:auto_generated|_~6                   ; out0             ;
; |ALU|lpm_add_sub0:inst|lpm_add_sub:lpm_add_sub_component|add_sub_76i:auto_generated|_~7                   ; |ALU|lpm_add_sub0:inst|lpm_add_sub:lpm_add_sub_component|add_sub_76i:auto_generated|_~7                   ; out0             ;
; |ALU|lpm_add_sub0:inst|lpm_add_sub:lpm_add_sub_component|add_sub_76i:auto_generated|_~8                   ; |ALU|lpm_add_sub0:inst|lpm_add_sub:lpm_add_sub_component|add_sub_76i:auto_generated|_~8                   ; out0             ;
; |ALU|lpm_add_sub0:inst|lpm_add_sub:lpm_add_sub_component|add_sub_76i:auto_generated|_~9                   ; |ALU|lpm_add_sub0:inst|lpm_add_sub:lpm_add_sub_component|add_sub_76i:auto_generated|_~9                   ; out0             ;
; |ALU|lpm_add_sub0:inst|lpm_add_sub:lpm_add_sub_component|add_sub_76i:auto_generated|_~10                  ; |ALU|lpm_add_sub0:inst|lpm_add_sub:lpm_add_sub_component|add_sub_76i:auto_generated|_~10                  ; out0             ;
; |ALU|lpm_add_sub0:inst|lpm_add_sub:lpm_add_sub_component|add_sub_76i:auto_generated|_~11                  ; |ALU|lpm_add_sub0:inst|lpm_add_sub:lpm_add_sub_component|add_sub_76i:auto_generated|_~11                  ; out0             ;
; |ALU|lpm_add_sub0:inst|lpm_add_sub:lpm_add_sub_component|add_sub_76i:auto_generated|_~12                  ; |ALU|lpm_add_sub0:inst|lpm_add_sub:lpm_add_sub_component|add_sub_76i:auto_generated|_~12                  ; out0             ;
; |ALU|lpm_add_sub0:inst|lpm_add_sub:lpm_add_sub_component|add_sub_76i:auto_generated|_~13                  ; |ALU|lpm_add_sub0:inst|lpm_add_sub:lpm_add_sub_component|add_sub_76i:auto_generated|_~13                  ; out0             ;
; |ALU|lpm_add_sub0:inst|lpm_add_sub:lpm_add_sub_component|add_sub_76i:auto_generated|_~14                  ; |ALU|lpm_add_sub0:inst|lpm_add_sub:lpm_add_sub_component|add_sub_76i:auto_generated|_~14                  ; out0             ;
; |ALU|lpm_add_sub0:inst|lpm_add_sub:lpm_add_sub_component|add_sub_76i:auto_generated|_~15                  ; |ALU|lpm_add_sub0:inst|lpm_add_sub:lpm_add_sub_component|add_sub_76i:auto_generated|_~15                  ; out0             ;
; |ALU|lpm_add_sub0:inst|lpm_add_sub:lpm_add_sub_component|add_sub_76i:auto_generated|_~16                  ; |ALU|lpm_add_sub0:inst|lpm_add_sub:lpm_add_sub_component|add_sub_76i:auto_generated|_~16                  ; out0             ;
; |ALU|lpm_add_sub0:inst|lpm_add_sub:lpm_add_sub_component|add_sub_76i:auto_generated|_~17                  ; |ALU|lpm_add_sub0:inst|lpm_add_sub:lpm_add_sub_component|add_sub_76i:auto_generated|_~17                  ; out0             ;
; |ALU|lpm_add_sub0:inst|lpm_add_sub:lpm_add_sub_component|add_sub_76i:auto_generated|_~18                  ; |ALU|lpm_add_sub0:inst|lpm_add_sub:lpm_add_sub_component|add_sub_76i:auto_generated|_~18                  ; out0             ;
; |ALU|lpm_add_sub0:inst|lpm_add_sub:lpm_add_sub_component|add_sub_76i:auto_generated|_~19                  ; |ALU|lpm_add_sub0:inst|lpm_add_sub:lpm_add_sub_component|add_sub_76i:auto_generated|_~19                  ; out0             ;
; |ALU|lpm_add_sub0:inst|lpm_add_sub:lpm_add_sub_component|add_sub_76i:auto_generated|_~20                  ; |ALU|lpm_add_sub0:inst|lpm_add_sub:lpm_add_sub_component|add_sub_76i:auto_generated|_~20                  ; out0             ;
; |ALU|lpm_add_sub0:inst|lpm_add_sub:lpm_add_sub_component|add_sub_76i:auto_generated|_~21                  ; |ALU|lpm_add_sub0:inst|lpm_add_sub:lpm_add_sub_component|add_sub_76i:auto_generated|_~21                  ; out0             ;
; |ALU|lpm_add_sub0:inst|lpm_add_sub:lpm_add_sub_component|add_sub_76i:auto_generated|_~22                  ; |ALU|lpm_add_sub0:inst|lpm_add_sub:lpm_add_sub_component|add_sub_76i:auto_generated|_~22                  ; out0             ;
; |ALU|lpm_add_sub0:inst|lpm_add_sub:lpm_add_sub_component|add_sub_76i:auto_generated|_~23                  ; |ALU|lpm_add_sub0:inst|lpm_add_sub:lpm_add_sub_component|add_sub_76i:auto_generated|_~23                  ; out0             ;
; |ALU|lpm_add_sub0:inst|lpm_add_sub:lpm_add_sub_component|add_sub_76i:auto_generated|_~24                  ; |ALU|lpm_add_sub0:inst|lpm_add_sub:lpm_add_sub_component|add_sub_76i:auto_generated|_~24                  ; out0             ;
; |ALU|lpm_add_sub0:inst|lpm_add_sub:lpm_add_sub_component|add_sub_76i:auto_generated|_~25                  ; |ALU|lpm_add_sub0:inst|lpm_add_sub:lpm_add_sub_component|add_sub_76i:auto_generated|_~25                  ; out0             ;
; |ALU|lpm_add_sub0:inst|lpm_add_sub:lpm_add_sub_component|add_sub_76i:auto_generated|_~26                  ; |ALU|lpm_add_sub0:inst|lpm_add_sub:lpm_add_sub_component|add_sub_76i:auto_generated|_~26                  ; out0             ;
; |ALU|lpm_add_sub0:inst|lpm_add_sub:lpm_add_sub_component|add_sub_76i:auto_generated|_~27                  ; |ALU|lpm_add_sub0:inst|lpm_add_sub:lpm_add_sub_component|add_sub_76i:auto_generated|_~27                  ; out0             ;
; |ALU|lpm_add_sub0:inst|lpm_add_sub:lpm_add_sub_component|add_sub_76i:auto_generated|_~28                  ; |ALU|lpm_add_sub0:inst|lpm_add_sub:lpm_add_sub_component|add_sub_76i:auto_generated|_~28                  ; out0             ;
; |ALU|lpm_add_sub0:inst|lpm_add_sub:lpm_add_sub_component|add_sub_76i:auto_generated|_~29                  ; |ALU|lpm_add_sub0:inst|lpm_add_sub:lpm_add_sub_component|add_sub_76i:auto_generated|_~29                  ; out0             ;
; |ALU|lpm_add_sub0:inst|lpm_add_sub:lpm_add_sub_component|add_sub_76i:auto_generated|_~30                  ; |ALU|lpm_add_sub0:inst|lpm_add_sub:lpm_add_sub_component|add_sub_76i:auto_generated|_~30                  ; out0             ;
; |ALU|lpm_add_sub0:inst|lpm_add_sub:lpm_add_sub_component|add_sub_76i:auto_generated|_~31                  ; |ALU|lpm_add_sub0:inst|lpm_add_sub:lpm_add_sub_component|add_sub_76i:auto_generated|_~31                  ; out0             ;
; |ALU|lpm_add_sub0:inst|lpm_add_sub:lpm_add_sub_component|add_sub_76i:auto_generated|_~32                  ; |ALU|lpm_add_sub0:inst|lpm_add_sub:lpm_add_sub_component|add_sub_76i:auto_generated|_~32                  ; out0             ;
; |ALU|lpm_add_sub0:inst|lpm_add_sub:lpm_add_sub_component|add_sub_76i:auto_generated|_~33                  ; |ALU|lpm_add_sub0:inst|lpm_add_sub:lpm_add_sub_component|add_sub_76i:auto_generated|_~33                  ; out0             ;
; |ALU|lpm_add_sub0:inst|lpm_add_sub:lpm_add_sub_component|add_sub_76i:auto_generated|_~34                  ; |ALU|lpm_add_sub0:inst|lpm_add_sub:lpm_add_sub_component|add_sub_76i:auto_generated|_~34                  ; out0             ;
; |ALU|lpm_add_sub0:inst|lpm_add_sub:lpm_add_sub_component|add_sub_76i:auto_generated|_~37                  ; |ALU|lpm_add_sub0:inst|lpm_add_sub:lpm_add_sub_component|add_sub_76i:auto_generated|_~37                  ; out0             ;
; |ALU|lpm_add_sub0:inst|lpm_add_sub:lpm_add_sub_component|add_sub_76i:auto_generated|_~38                  ; |ALU|lpm_add_sub0:inst|lpm_add_sub:lpm_add_sub_component|add_sub_76i:auto_generated|_~38                  ; out0             ;
; |ALU|lpm_add_sub0:inst|lpm_add_sub:lpm_add_sub_component|add_sub_76i:auto_generated|overflow              ; |ALU|lpm_add_sub0:inst|lpm_add_sub:lpm_add_sub_component|add_sub_76i:auto_generated|overflow              ; out0             ;
; |ALU|lpm_mux1:inst31|lpm_mux:lpm_mux_component|mux_prc:auto_generated|_~2                                 ; |ALU|lpm_mux1:inst31|lpm_mux:lpm_mux_component|mux_prc:auto_generated|_~2                                 ; out0             ;
; |ALU|lpm_mux1:inst31|lpm_mux:lpm_mux_component|mux_prc:auto_generated|_~4                                 ; |ALU|lpm_mux1:inst31|lpm_mux:lpm_mux_component|mux_prc:auto_generated|_~4                                 ; out0             ;
; |ALU|lpm_mux1:inst31|lpm_mux:lpm_mux_component|mux_prc:auto_generated|_~5                                 ; |ALU|lpm_mux1:inst31|lpm_mux:lpm_mux_component|mux_prc:auto_generated|_~5                                 ; out0             ;
; |ALU|lpm_mux1:inst31|lpm_mux:lpm_mux_component|mux_prc:auto_generated|_~6                                 ; |ALU|lpm_mux1:inst31|lpm_mux:lpm_mux_component|mux_prc:auto_generated|_~6                                 ; out0             ;
; |ALU|lpm_mux1:inst31|lpm_mux:lpm_mux_component|mux_prc:auto_generated|_~7                                 ; |ALU|lpm_mux1:inst31|lpm_mux:lpm_mux_component|mux_prc:auto_generated|_~7                                 ; out0             ;
; |ALU|lpm_mux1:inst31|lpm_mux:lpm_mux_component|mux_prc:auto_generated|_~11                                ; |ALU|lpm_mux1:inst31|lpm_mux:lpm_mux_component|mux_prc:auto_generated|_~11                                ; out0             ;
; |ALU|lpm_mux1:inst31|lpm_mux:lpm_mux_component|mux_prc:auto_generated|_~13                                ; |ALU|lpm_mux1:inst31|lpm_mux:lpm_mux_component|mux_prc:auto_generated|_~13                                ; out0             ;
; |ALU|lpm_mux1:inst31|lpm_mux:lpm_mux_component|mux_prc:auto_generated|_~14                                ; |ALU|lpm_mux1:inst31|lpm_mux:lpm_mux_component|mux_prc:auto_generated|_~14                                ; out0             ;
; |ALU|lpm_mux1:inst31|lpm_mux:lpm_mux_component|mux_prc:auto_generated|_~15                                ; |ALU|lpm_mux1:inst31|lpm_mux:lpm_mux_component|mux_prc:auto_generated|_~15                                ; out0             ;
; |ALU|lpm_mux1:inst31|lpm_mux:lpm_mux_component|mux_prc:auto_generated|_~16                                ; |ALU|lpm_mux1:inst31|lpm_mux:lpm_mux_component|mux_prc:auto_generated|_~16                                ; out0             ;
; |ALU|lpm_mux1:inst31|lpm_mux:lpm_mux_component|mux_prc:auto_generated|_~19                                ; |ALU|lpm_mux1:inst31|lpm_mux:lpm_mux_component|mux_prc:auto_generated|_~19                                ; out0             ;
; |ALU|lpm_mux1:inst31|lpm_mux:lpm_mux_component|mux_prc:auto_generated|_~20                                ; |ALU|lpm_mux1:inst31|lpm_mux:lpm_mux_component|mux_prc:auto_generated|_~20                                ; out0             ;
; |ALU|lpm_mux1:inst31|lpm_mux:lpm_mux_component|mux_prc:auto_generated|result_node[31]~0                   ; |ALU|lpm_mux1:inst31|lpm_mux:lpm_mux_component|mux_prc:auto_generated|result_node[31]~0                   ; out0             ;
; |ALU|lpm_mux1:inst31|lpm_mux:lpm_mux_component|mux_prc:auto_generated|_~22                                ; |ALU|lpm_mux1:inst31|lpm_mux:lpm_mux_component|mux_prc:auto_generated|_~22                                ; out0             ;
; |ALU|lpm_mux1:inst31|lpm_mux:lpm_mux_component|mux_prc:auto_generated|_~24                                ; |ALU|lpm_mux1:inst31|lpm_mux:lpm_mux_component|mux_prc:auto_generated|_~24                                ; out0             ;
; |ALU|lpm_mux1:inst31|lpm_mux:lpm_mux_component|mux_prc:auto_generated|_~26                                ; |ALU|lpm_mux1:inst31|lpm_mux:lpm_mux_component|mux_prc:auto_generated|_~26                                ; out0             ;
; |ALU|lpm_mux1:inst31|lpm_mux:lpm_mux_component|mux_prc:auto_generated|_~28                                ; |ALU|lpm_mux1:inst31|lpm_mux:lpm_mux_component|mux_prc:auto_generated|_~28                                ; out0             ;
; |ALU|lpm_mux1:inst31|lpm_mux:lpm_mux_component|mux_prc:auto_generated|_~29                                ; |ALU|lpm_mux1:inst31|lpm_mux:lpm_mux_component|mux_prc:auto_generated|_~29                                ; out0             ;
; |ALU|lpm_mux1:inst31|lpm_mux:lpm_mux_component|mux_prc:auto_generated|_~31                                ; |ALU|lpm_mux1:inst31|lpm_mux:lpm_mux_component|mux_prc:auto_generated|_~31                                ; out0             ;
; |ALU|lpm_mux1:inst31|lpm_mux:lpm_mux_component|mux_prc:auto_generated|_~33                                ; |ALU|lpm_mux1:inst31|lpm_mux:lpm_mux_component|mux_prc:auto_generated|_~33                                ; out0             ;
; |ALU|lpm_mux1:inst31|lpm_mux:lpm_mux_component|mux_prc:auto_generated|_~35                                ; |ALU|lpm_mux1:inst31|lpm_mux:lpm_mux_component|mux_prc:auto_generated|_~35                                ; out0             ;
; |ALU|lpm_mux1:inst31|lpm_mux:lpm_mux_component|mux_prc:auto_generated|_~37                                ; |ALU|lpm_mux1:inst31|lpm_mux:lpm_mux_component|mux_prc:auto_generated|_~37                                ; out0             ;
; |ALU|lpm_mux1:inst31|lpm_mux:lpm_mux_component|mux_prc:auto_generated|_~38                                ; |ALU|lpm_mux1:inst31|lpm_mux:lpm_mux_component|mux_prc:auto_generated|_~38                                ; out0             ;
; |ALU|lpm_mux1:inst31|lpm_mux:lpm_mux_component|mux_prc:auto_generated|_~40                                ; |ALU|lpm_mux1:inst31|lpm_mux:lpm_mux_component|mux_prc:auto_generated|_~40                                ; out0             ;
; |ALU|lpm_mux1:inst31|lpm_mux:lpm_mux_component|mux_prc:auto_generated|_~41                                ; |ALU|lpm_mux1:inst31|lpm_mux:lpm_mux_component|mux_prc:auto_generated|_~41                                ; out0             ;
; |ALU|lpm_mux1:inst31|lpm_mux:lpm_mux_component|mux_prc:auto_generated|_~42                                ; |ALU|lpm_mux1:inst31|lpm_mux:lpm_mux_component|mux_prc:auto_generated|_~42                                ; out0             ;
; |ALU|lpm_mux1:inst31|lpm_mux:lpm_mux_component|mux_prc:auto_generated|result_node[31]~1                   ; |ALU|lpm_mux1:inst31|lpm_mux:lpm_mux_component|mux_prc:auto_generated|result_node[31]~1                   ; out0             ;
; |ALU|lpm_mux1:inst31|lpm_mux:lpm_mux_component|mux_prc:auto_generated|result_node[31]                     ; |ALU|lpm_mux1:inst31|lpm_mux:lpm_mux_component|mux_prc:auto_generated|result_node[31]                     ; out0             ;
; |ALU|lpm_mux1:inst31|lpm_mux:lpm_mux_component|mux_prc:auto_generated|_~45                                ; |ALU|lpm_mux1:inst31|lpm_mux:lpm_mux_component|mux_prc:auto_generated|_~45                                ; out0             ;
; |ALU|lpm_mux1:inst31|lpm_mux:lpm_mux_component|mux_prc:auto_generated|_~47                                ; |ALU|lpm_mux1:inst31|lpm_mux:lpm_mux_component|mux_prc:auto_generated|_~47                                ; out0             ;
; |ALU|lpm_mux1:inst31|lpm_mux:lpm_mux_component|mux_prc:auto_generated|_~48                                ; |ALU|lpm_mux1:inst31|lpm_mux:lpm_mux_component|mux_prc:auto_generated|_~48                                ; out0             ;
; |ALU|lpm_mux1:inst31|lpm_mux:lpm_mux_component|mux_prc:auto_generated|_~49                                ; |ALU|lpm_mux1:inst31|lpm_mux:lpm_mux_component|mux_prc:auto_generated|_~49                                ; out0             ;
; |ALU|lpm_mux1:inst31|lpm_mux:lpm_mux_component|mux_prc:auto_generated|_~50                                ; |ALU|lpm_mux1:inst31|lpm_mux:lpm_mux_component|mux_prc:auto_generated|_~50                                ; out0             ;
; |ALU|lpm_mux1:inst31|lpm_mux:lpm_mux_component|mux_prc:auto_generated|_~54                                ; |ALU|lpm_mux1:inst31|lpm_mux:lpm_mux_component|mux_prc:auto_generated|_~54                                ; out0             ;
; |ALU|lpm_mux1:inst31|lpm_mux:lpm_mux_component|mux_prc:auto_generated|_~56                                ; |ALU|lpm_mux1:inst31|lpm_mux:lpm_mux_component|mux_prc:auto_generated|_~56                                ; out0             ;
; |ALU|lpm_mux1:inst31|lpm_mux:lpm_mux_component|mux_prc:auto_generated|_~57                                ; |ALU|lpm_mux1:inst31|lpm_mux:lpm_mux_component|mux_prc:auto_generated|_~57                                ; out0             ;
; |ALU|lpm_mux1:inst31|lpm_mux:lpm_mux_component|mux_prc:auto_generated|_~58                                ; |ALU|lpm_mux1:inst31|lpm_mux:lpm_mux_component|mux_prc:auto_generated|_~58                                ; out0             ;
; |ALU|lpm_mux1:inst31|lpm_mux:lpm_mux_component|mux_prc:auto_generated|_~59                                ; |ALU|lpm_mux1:inst31|lpm_mux:lpm_mux_component|mux_prc:auto_generated|_~59                                ; out0             ;
; |ALU|lpm_mux1:inst31|lpm_mux:lpm_mux_component|mux_prc:auto_generated|_~62                                ; |ALU|lpm_mux1:inst31|lpm_mux:lpm_mux_component|mux_prc:auto_generated|_~62                                ; out0             ;
; |ALU|lpm_mux1:inst31|lpm_mux:lpm_mux_component|mux_prc:auto_generated|_~63                                ; |ALU|lpm_mux1:inst31|lpm_mux:lpm_mux_component|mux_prc:auto_generated|_~63                                ; out0             ;
; |ALU|lpm_mux1:inst31|lpm_mux:lpm_mux_component|mux_prc:auto_generated|result_node[30]~2                   ; |ALU|lpm_mux1:inst31|lpm_mux:lpm_mux_component|mux_prc:auto_generated|result_node[30]~2                   ; out0             ;
; |ALU|lpm_mux1:inst31|lpm_mux:lpm_mux_component|mux_prc:auto_generated|_~65                                ; |ALU|lpm_mux1:inst31|lpm_mux:lpm_mux_component|mux_prc:auto_generated|_~65                                ; out0             ;
; |ALU|lpm_mux1:inst31|lpm_mux:lpm_mux_component|mux_prc:auto_generated|_~67                                ; |ALU|lpm_mux1:inst31|lpm_mux:lpm_mux_component|mux_prc:auto_generated|_~67                                ; out0             ;
; |ALU|lpm_mux1:inst31|lpm_mux:lpm_mux_component|mux_prc:auto_generated|_~69                                ; |ALU|lpm_mux1:inst31|lpm_mux:lpm_mux_component|mux_prc:auto_generated|_~69                                ; out0             ;
; |ALU|lpm_mux1:inst31|lpm_mux:lpm_mux_component|mux_prc:auto_generated|_~71                                ; |ALU|lpm_mux1:inst31|lpm_mux:lpm_mux_component|mux_prc:auto_generated|_~71                                ; out0             ;
; |ALU|lpm_mux1:inst31|lpm_mux:lpm_mux_component|mux_prc:auto_generated|_~72                                ; |ALU|lpm_mux1:inst31|lpm_mux:lpm_mux_component|mux_prc:auto_generated|_~72                                ; out0             ;
; |ALU|lpm_mux1:inst31|lpm_mux:lpm_mux_component|mux_prc:auto_generated|_~74                                ; |ALU|lpm_mux1:inst31|lpm_mux:lpm_mux_component|mux_prc:auto_generated|_~74                                ; out0             ;
; |ALU|lpm_mux1:inst31|lpm_mux:lpm_mux_component|mux_prc:auto_generated|_~76                                ; |ALU|lpm_mux1:inst31|lpm_mux:lpm_mux_component|mux_prc:auto_generated|_~76                                ; out0             ;
; |ALU|lpm_mux1:inst31|lpm_mux:lpm_mux_component|mux_prc:auto_generated|_~78                                ; |ALU|lpm_mux1:inst31|lpm_mux:lpm_mux_component|mux_prc:auto_generated|_~78                                ; out0             ;
; |ALU|lpm_mux1:inst31|lpm_mux:lpm_mux_component|mux_prc:auto_generated|_~80                                ; |ALU|lpm_mux1:inst31|lpm_mux:lpm_mux_component|mux_prc:auto_generated|_~80                                ; out0             ;
; |ALU|lpm_mux1:inst31|lpm_mux:lpm_mux_component|mux_prc:auto_generated|_~81                                ; |ALU|lpm_mux1:inst31|lpm_mux:lpm_mux_component|mux_prc:auto_generated|_~81                                ; out0             ;
; |ALU|lpm_mux1:inst31|lpm_mux:lpm_mux_component|mux_prc:auto_generated|_~83                                ; |ALU|lpm_mux1:inst31|lpm_mux:lpm_mux_component|mux_prc:auto_generated|_~83                                ; out0             ;
; |ALU|lpm_mux1:inst31|lpm_mux:lpm_mux_component|mux_prc:auto_generated|_~84                                ; |ALU|lpm_mux1:inst31|lpm_mux:lpm_mux_component|mux_prc:auto_generated|_~84                                ; out0             ;
; |ALU|lpm_mux1:inst31|lpm_mux:lpm_mux_component|mux_prc:auto_generated|_~85                                ; |ALU|lpm_mux1:inst31|lpm_mux:lpm_mux_component|mux_prc:auto_generated|_~85                                ; out0             ;
; |ALU|lpm_mux1:inst31|lpm_mux:lpm_mux_component|mux_prc:auto_generated|result_node[30]~3                   ; |ALU|lpm_mux1:inst31|lpm_mux:lpm_mux_component|mux_prc:auto_generated|result_node[30]~3                   ; out0             ;
; |ALU|lpm_mux1:inst31|lpm_mux:lpm_mux_component|mux_prc:auto_generated|result_node[30]                     ; |ALU|lpm_mux1:inst31|lpm_mux:lpm_mux_component|mux_prc:auto_generated|result_node[30]                     ; out0             ;
; |ALU|lpm_mux1:inst31|lpm_mux:lpm_mux_component|mux_prc:auto_generated|_~88                                ; |ALU|lpm_mux1:inst31|lpm_mux:lpm_mux_component|mux_prc:auto_generated|_~88                                ; out0             ;
; |ALU|lpm_mux1:inst31|lpm_mux:lpm_mux_component|mux_prc:auto_generated|_~90                                ; |ALU|lpm_mux1:inst31|lpm_mux:lpm_mux_component|mux_prc:auto_generated|_~90                                ; out0             ;
; |ALU|lpm_mux1:inst31|lpm_mux:lpm_mux_component|mux_prc:auto_generated|_~91                                ; |ALU|lpm_mux1:inst31|lpm_mux:lpm_mux_component|mux_prc:auto_generated|_~91                                ; out0             ;
; |ALU|lpm_mux1:inst31|lpm_mux:lpm_mux_component|mux_prc:auto_generated|_~92                                ; |ALU|lpm_mux1:inst31|lpm_mux:lpm_mux_component|mux_prc:auto_generated|_~92                                ; out0             ;
; |ALU|lpm_mux1:inst31|lpm_mux:lpm_mux_component|mux_prc:auto_generated|_~93                                ; |ALU|lpm_mux1:inst31|lpm_mux:lpm_mux_component|mux_prc:auto_generated|_~93                                ; out0             ;
; |ALU|lpm_mux1:inst31|lpm_mux:lpm_mux_component|mux_prc:auto_generated|_~97                                ; |ALU|lpm_mux1:inst31|lpm_mux:lpm_mux_component|mux_prc:auto_generated|_~97                                ; out0             ;
; |ALU|lpm_mux1:inst31|lpm_mux:lpm_mux_component|mux_prc:auto_generated|_~99                                ; |ALU|lpm_mux1:inst31|lpm_mux:lpm_mux_component|mux_prc:auto_generated|_~99                                ; out0             ;
; |ALU|lpm_mux1:inst31|lpm_mux:lpm_mux_component|mux_prc:auto_generated|_~100                               ; |ALU|lpm_mux1:inst31|lpm_mux:lpm_mux_component|mux_prc:auto_generated|_~100                               ; out0             ;
; |ALU|lpm_mux1:inst31|lpm_mux:lpm_mux_component|mux_prc:auto_generated|_~101                               ; |ALU|lpm_mux1:inst31|lpm_mux:lpm_mux_component|mux_prc:auto_generated|_~101                               ; out0             ;
; |ALU|lpm_mux1:inst31|lpm_mux:lpm_mux_component|mux_prc:auto_generated|_~102                               ; |ALU|lpm_mux1:inst31|lpm_mux:lpm_mux_component|mux_prc:auto_generated|_~102                               ; out0             ;
; |ALU|lpm_mux1:inst31|lpm_mux:lpm_mux_component|mux_prc:auto_generated|_~105                               ; |ALU|lpm_mux1:inst31|lpm_mux:lpm_mux_component|mux_prc:auto_generated|_~105                               ; out0             ;
; |ALU|lpm_mux1:inst31|lpm_mux:lpm_mux_component|mux_prc:auto_generated|_~106                               ; |ALU|lpm_mux1:inst31|lpm_mux:lpm_mux_component|mux_prc:auto_generated|_~106                               ; out0             ;
; |ALU|lpm_mux1:inst31|lpm_mux:lpm_mux_component|mux_prc:auto_generated|result_node[29]~4                   ; |ALU|lpm_mux1:inst31|lpm_mux:lpm_mux_component|mux_prc:auto_generated|result_node[29]~4                   ; out0             ;
; |ALU|lpm_mux1:inst31|lpm_mux:lpm_mux_component|mux_prc:auto_generated|_~108                               ; |ALU|lpm_mux1:inst31|lpm_mux:lpm_mux_component|mux_prc:auto_generated|_~108                               ; out0             ;
; |ALU|lpm_mux1:inst31|lpm_mux:lpm_mux_component|mux_prc:auto_generated|_~110                               ; |ALU|lpm_mux1:inst31|lpm_mux:lpm_mux_component|mux_prc:auto_generated|_~110                               ; out0             ;
; |ALU|lpm_mux1:inst31|lpm_mux:lpm_mux_component|mux_prc:auto_generated|_~112                               ; |ALU|lpm_mux1:inst31|lpm_mux:lpm_mux_component|mux_prc:auto_generated|_~112                               ; out0             ;
; |ALU|lpm_mux1:inst31|lpm_mux:lpm_mux_component|mux_prc:auto_generated|_~114                               ; |ALU|lpm_mux1:inst31|lpm_mux:lpm_mux_component|mux_prc:auto_generated|_~114                               ; out0             ;
; |ALU|lpm_mux1:inst31|lpm_mux:lpm_mux_component|mux_prc:auto_generated|_~115                               ; |ALU|lpm_mux1:inst31|lpm_mux:lpm_mux_component|mux_prc:auto_generated|_~115                               ; out0             ;
; |ALU|lpm_mux1:inst31|lpm_mux:lpm_mux_component|mux_prc:auto_generated|_~117                               ; |ALU|lpm_mux1:inst31|lpm_mux:lpm_mux_component|mux_prc:auto_generated|_~117                               ; out0             ;
; |ALU|lpm_mux1:inst31|lpm_mux:lpm_mux_component|mux_prc:auto_generated|_~119                               ; |ALU|lpm_mux1:inst31|lpm_mux:lpm_mux_component|mux_prc:auto_generated|_~119                               ; out0             ;
; |ALU|lpm_mux1:inst31|lpm_mux:lpm_mux_component|mux_prc:auto_generated|_~121                               ; |ALU|lpm_mux1:inst31|lpm_mux:lpm_mux_component|mux_prc:auto_generated|_~121                               ; out0             ;
; |ALU|lpm_mux1:inst31|lpm_mux:lpm_mux_component|mux_prc:auto_generated|_~123                               ; |ALU|lpm_mux1:inst31|lpm_mux:lpm_mux_component|mux_prc:auto_generated|_~123                               ; out0             ;
; |ALU|lpm_mux1:inst31|lpm_mux:lpm_mux_component|mux_prc:auto_generated|_~124                               ; |ALU|lpm_mux1:inst31|lpm_mux:lpm_mux_component|mux_prc:auto_generated|_~124                               ; out0             ;
; |ALU|lpm_mux1:inst31|lpm_mux:lpm_mux_component|mux_prc:auto_generated|_~126                               ; |ALU|lpm_mux1:inst31|lpm_mux:lpm_mux_component|mux_prc:auto_generated|_~126                               ; out0             ;
; |ALU|lpm_mux1:inst31|lpm_mux:lpm_mux_component|mux_prc:auto_generated|_~127                               ; |ALU|lpm_mux1:inst31|lpm_mux:lpm_mux_component|mux_prc:auto_generated|_~127                               ; out0             ;
; |ALU|lpm_mux1:inst31|lpm_mux:lpm_mux_component|mux_prc:auto_generated|_~128                               ; |ALU|lpm_mux1:inst31|lpm_mux:lpm_mux_component|mux_prc:auto_generated|_~128                               ; out0             ;
; |ALU|lpm_mux1:inst31|lpm_mux:lpm_mux_component|mux_prc:auto_generated|result_node[29]~5                   ; |ALU|lpm_mux1:inst31|lpm_mux:lpm_mux_component|mux_prc:auto_generated|result_node[29]~5                   ; out0             ;
; |ALU|lpm_mux1:inst31|lpm_mux:lpm_mux_component|mux_prc:auto_generated|result_node[29]                     ; |ALU|lpm_mux1:inst31|lpm_mux:lpm_mux_component|mux_prc:auto_generated|result_node[29]                     ; out0             ;
; |ALU|lpm_mux1:inst31|lpm_mux:lpm_mux_component|mux_prc:auto_generated|_~131                               ; |ALU|lpm_mux1:inst31|lpm_mux:lpm_mux_component|mux_prc:auto_generated|_~131                               ; out0             ;
; |ALU|lpm_mux1:inst31|lpm_mux:lpm_mux_component|mux_prc:auto_generated|_~133                               ; |ALU|lpm_mux1:inst31|lpm_mux:lpm_mux_component|mux_prc:auto_generated|_~133                               ; out0             ;
; |ALU|lpm_mux1:inst31|lpm_mux:lpm_mux_component|mux_prc:auto_generated|_~134                               ; |ALU|lpm_mux1:inst31|lpm_mux:lpm_mux_component|mux_prc:auto_generated|_~134                               ; out0             ;
; |ALU|lpm_mux1:inst31|lpm_mux:lpm_mux_component|mux_prc:auto_generated|_~135                               ; |ALU|lpm_mux1:inst31|lpm_mux:lpm_mux_component|mux_prc:auto_generated|_~135                               ; out0             ;
; |ALU|lpm_mux1:inst31|lpm_mux:lpm_mux_component|mux_prc:auto_generated|_~136                               ; |ALU|lpm_mux1:inst31|lpm_mux:lpm_mux_component|mux_prc:auto_generated|_~136                               ; out0             ;
; |ALU|lpm_mux1:inst31|lpm_mux:lpm_mux_component|mux_prc:auto_generated|_~140                               ; |ALU|lpm_mux1:inst31|lpm_mux:lpm_mux_component|mux_prc:auto_generated|_~140                               ; out0             ;
; |ALU|lpm_mux1:inst31|lpm_mux:lpm_mux_component|mux_prc:auto_generated|_~142                               ; |ALU|lpm_mux1:inst31|lpm_mux:lpm_mux_component|mux_prc:auto_generated|_~142                               ; out0             ;
; |ALU|lpm_mux1:inst31|lpm_mux:lpm_mux_component|mux_prc:auto_generated|_~143                               ; |ALU|lpm_mux1:inst31|lpm_mux:lpm_mux_component|mux_prc:auto_generated|_~143                               ; out0             ;
; |ALU|lpm_mux1:inst31|lpm_mux:lpm_mux_component|mux_prc:auto_generated|_~144                               ; |ALU|lpm_mux1:inst31|lpm_mux:lpm_mux_component|mux_prc:auto_generated|_~144                               ; out0             ;
; |ALU|lpm_mux1:inst31|lpm_mux:lpm_mux_component|mux_prc:auto_generated|_~145                               ; |ALU|lpm_mux1:inst31|lpm_mux:lpm_mux_component|mux_prc:auto_generated|_~145                               ; out0             ;
; |ALU|lpm_mux1:inst31|lpm_mux:lpm_mux_component|mux_prc:auto_generated|_~148                               ; |ALU|lpm_mux1:inst31|lpm_mux:lpm_mux_component|mux_prc:auto_generated|_~148                               ; out0             ;
; |ALU|lpm_mux1:inst31|lpm_mux:lpm_mux_component|mux_prc:auto_generated|_~149                               ; |ALU|lpm_mux1:inst31|lpm_mux:lpm_mux_component|mux_prc:auto_generated|_~149                               ; out0             ;
; |ALU|lpm_mux1:inst31|lpm_mux:lpm_mux_component|mux_prc:auto_generated|result_node[28]~6                   ; |ALU|lpm_mux1:inst31|lpm_mux:lpm_mux_component|mux_prc:auto_generated|result_node[28]~6                   ; out0             ;
; |ALU|lpm_mux1:inst31|lpm_mux:lpm_mux_component|mux_prc:auto_generated|_~151                               ; |ALU|lpm_mux1:inst31|lpm_mux:lpm_mux_component|mux_prc:auto_generated|_~151                               ; out0             ;
; |ALU|lpm_mux1:inst31|lpm_mux:lpm_mux_component|mux_prc:auto_generated|_~153                               ; |ALU|lpm_mux1:inst31|lpm_mux:lpm_mux_component|mux_prc:auto_generated|_~153                               ; out0             ;
; |ALU|lpm_mux1:inst31|lpm_mux:lpm_mux_component|mux_prc:auto_generated|_~155                               ; |ALU|lpm_mux1:inst31|lpm_mux:lpm_mux_component|mux_prc:auto_generated|_~155                               ; out0             ;
; |ALU|lpm_mux1:inst31|lpm_mux:lpm_mux_component|mux_prc:auto_generated|_~157                               ; |ALU|lpm_mux1:inst31|lpm_mux:lpm_mux_component|mux_prc:auto_generated|_~157                               ; out0             ;
; |ALU|lpm_mux1:inst31|lpm_mux:lpm_mux_component|mux_prc:auto_generated|_~158                               ; |ALU|lpm_mux1:inst31|lpm_mux:lpm_mux_component|mux_prc:auto_generated|_~158                               ; out0             ;
; |ALU|lpm_mux1:inst31|lpm_mux:lpm_mux_component|mux_prc:auto_generated|_~160                               ; |ALU|lpm_mux1:inst31|lpm_mux:lpm_mux_component|mux_prc:auto_generated|_~160                               ; out0             ;
; |ALU|lpm_mux1:inst31|lpm_mux:lpm_mux_component|mux_prc:auto_generated|_~162                               ; |ALU|lpm_mux1:inst31|lpm_mux:lpm_mux_component|mux_prc:auto_generated|_~162                               ; out0             ;
; |ALU|lpm_mux1:inst31|lpm_mux:lpm_mux_component|mux_prc:auto_generated|_~164                               ; |ALU|lpm_mux1:inst31|lpm_mux:lpm_mux_component|mux_prc:auto_generated|_~164                               ; out0             ;
; |ALU|lpm_mux1:inst31|lpm_mux:lpm_mux_component|mux_prc:auto_generated|_~166                               ; |ALU|lpm_mux1:inst31|lpm_mux:lpm_mux_component|mux_prc:auto_generated|_~166                               ; out0             ;
; |ALU|lpm_mux1:inst31|lpm_mux:lpm_mux_component|mux_prc:auto_generated|_~167                               ; |ALU|lpm_mux1:inst31|lpm_mux:lpm_mux_component|mux_prc:auto_generated|_~167                               ; out0             ;
; |ALU|lpm_mux1:inst31|lpm_mux:lpm_mux_component|mux_prc:auto_generated|_~169                               ; |ALU|lpm_mux1:inst31|lpm_mux:lpm_mux_component|mux_prc:auto_generated|_~169                               ; out0             ;
; |ALU|lpm_mux1:inst31|lpm_mux:lpm_mux_component|mux_prc:auto_generated|_~170                               ; |ALU|lpm_mux1:inst31|lpm_mux:lpm_mux_component|mux_prc:auto_generated|_~170                               ; out0             ;
; |ALU|lpm_mux1:inst31|lpm_mux:lpm_mux_component|mux_prc:auto_generated|_~171                               ; |ALU|lpm_mux1:inst31|lpm_mux:lpm_mux_component|mux_prc:auto_generated|_~171                               ; out0             ;
; |ALU|lpm_mux1:inst31|lpm_mux:lpm_mux_component|mux_prc:auto_generated|result_node[28]~7                   ; |ALU|lpm_mux1:inst31|lpm_mux:lpm_mux_component|mux_prc:auto_generated|result_node[28]~7                   ; out0             ;
; |ALU|lpm_mux1:inst31|lpm_mux:lpm_mux_component|mux_prc:auto_generated|result_node[28]                     ; |ALU|lpm_mux1:inst31|lpm_mux:lpm_mux_component|mux_prc:auto_generated|result_node[28]                     ; out0             ;
; |ALU|lpm_mux1:inst31|lpm_mux:lpm_mux_component|mux_prc:auto_generated|_~174                               ; |ALU|lpm_mux1:inst31|lpm_mux:lpm_mux_component|mux_prc:auto_generated|_~174                               ; out0             ;
; |ALU|lpm_mux1:inst31|lpm_mux:lpm_mux_component|mux_prc:auto_generated|_~176                               ; |ALU|lpm_mux1:inst31|lpm_mux:lpm_mux_component|mux_prc:auto_generated|_~176                               ; out0             ;
; |ALU|lpm_mux1:inst31|lpm_mux:lpm_mux_component|mux_prc:auto_generated|_~177                               ; |ALU|lpm_mux1:inst31|lpm_mux:lpm_mux_component|mux_prc:auto_generated|_~177                               ; out0             ;
; |ALU|lpm_mux1:inst31|lpm_mux:lpm_mux_component|mux_prc:auto_generated|_~178                               ; |ALU|lpm_mux1:inst31|lpm_mux:lpm_mux_component|mux_prc:auto_generated|_~178                               ; out0             ;
; |ALU|lpm_mux1:inst31|lpm_mux:lpm_mux_component|mux_prc:auto_generated|_~179                               ; |ALU|lpm_mux1:inst31|lpm_mux:lpm_mux_component|mux_prc:auto_generated|_~179                               ; out0             ;
; |ALU|lpm_mux1:inst31|lpm_mux:lpm_mux_component|mux_prc:auto_generated|_~183                               ; |ALU|lpm_mux1:inst31|lpm_mux:lpm_mux_component|mux_prc:auto_generated|_~183                               ; out0             ;
; |ALU|lpm_mux1:inst31|lpm_mux:lpm_mux_component|mux_prc:auto_generated|_~185                               ; |ALU|lpm_mux1:inst31|lpm_mux:lpm_mux_component|mux_prc:auto_generated|_~185                               ; out0             ;
; |ALU|lpm_mux1:inst31|lpm_mux:lpm_mux_component|mux_prc:auto_generated|_~186                               ; |ALU|lpm_mux1:inst31|lpm_mux:lpm_mux_component|mux_prc:auto_generated|_~186                               ; out0             ;
; |ALU|lpm_mux1:inst31|lpm_mux:lpm_mux_component|mux_prc:auto_generated|_~187                               ; |ALU|lpm_mux1:inst31|lpm_mux:lpm_mux_component|mux_prc:auto_generated|_~187                               ; out0             ;
; |ALU|lpm_mux1:inst31|lpm_mux:lpm_mux_component|mux_prc:auto_generated|_~188                               ; |ALU|lpm_mux1:inst31|lpm_mux:lpm_mux_component|mux_prc:auto_generated|_~188                               ; out0             ;
; |ALU|lpm_mux1:inst31|lpm_mux:lpm_mux_component|mux_prc:auto_generated|_~191                               ; |ALU|lpm_mux1:inst31|lpm_mux:lpm_mux_component|mux_prc:auto_generated|_~191                               ; out0             ;
; |ALU|lpm_mux1:inst31|lpm_mux:lpm_mux_component|mux_prc:auto_generated|_~192                               ; |ALU|lpm_mux1:inst31|lpm_mux:lpm_mux_component|mux_prc:auto_generated|_~192                               ; out0             ;
; |ALU|lpm_mux1:inst31|lpm_mux:lpm_mux_component|mux_prc:auto_generated|result_node[27]~8                   ; |ALU|lpm_mux1:inst31|lpm_mux:lpm_mux_component|mux_prc:auto_generated|result_node[27]~8                   ; out0             ;
; |ALU|lpm_mux1:inst31|lpm_mux:lpm_mux_component|mux_prc:auto_generated|_~194                               ; |ALU|lpm_mux1:inst31|lpm_mux:lpm_mux_component|mux_prc:auto_generated|_~194                               ; out0             ;
; |ALU|lpm_mux1:inst31|lpm_mux:lpm_mux_component|mux_prc:auto_generated|_~196                               ; |ALU|lpm_mux1:inst31|lpm_mux:lpm_mux_component|mux_prc:auto_generated|_~196                               ; out0             ;
; |ALU|lpm_mux1:inst31|lpm_mux:lpm_mux_component|mux_prc:auto_generated|_~198                               ; |ALU|lpm_mux1:inst31|lpm_mux:lpm_mux_component|mux_prc:auto_generated|_~198                               ; out0             ;
; |ALU|lpm_mux1:inst31|lpm_mux:lpm_mux_component|mux_prc:auto_generated|_~200                               ; |ALU|lpm_mux1:inst31|lpm_mux:lpm_mux_component|mux_prc:auto_generated|_~200                               ; out0             ;
; |ALU|lpm_mux1:inst31|lpm_mux:lpm_mux_component|mux_prc:auto_generated|_~201                               ; |ALU|lpm_mux1:inst31|lpm_mux:lpm_mux_component|mux_prc:auto_generated|_~201                               ; out0             ;
; |ALU|lpm_mux1:inst31|lpm_mux:lpm_mux_component|mux_prc:auto_generated|_~203                               ; |ALU|lpm_mux1:inst31|lpm_mux:lpm_mux_component|mux_prc:auto_generated|_~203                               ; out0             ;
; |ALU|lpm_mux1:inst31|lpm_mux:lpm_mux_component|mux_prc:auto_generated|_~205                               ; |ALU|lpm_mux1:inst31|lpm_mux:lpm_mux_component|mux_prc:auto_generated|_~205                               ; out0             ;
; |ALU|lpm_mux1:inst31|lpm_mux:lpm_mux_component|mux_prc:auto_generated|_~207                               ; |ALU|lpm_mux1:inst31|lpm_mux:lpm_mux_component|mux_prc:auto_generated|_~207                               ; out0             ;
; |ALU|lpm_mux1:inst31|lpm_mux:lpm_mux_component|mux_prc:auto_generated|_~209                               ; |ALU|lpm_mux1:inst31|lpm_mux:lpm_mux_component|mux_prc:auto_generated|_~209                               ; out0             ;
; |ALU|lpm_mux1:inst31|lpm_mux:lpm_mux_component|mux_prc:auto_generated|_~210                               ; |ALU|lpm_mux1:inst31|lpm_mux:lpm_mux_component|mux_prc:auto_generated|_~210                               ; out0             ;
; |ALU|lpm_mux1:inst31|lpm_mux:lpm_mux_component|mux_prc:auto_generated|_~212                               ; |ALU|lpm_mux1:inst31|lpm_mux:lpm_mux_component|mux_prc:auto_generated|_~212                               ; out0             ;
; |ALU|lpm_mux1:inst31|lpm_mux:lpm_mux_component|mux_prc:auto_generated|_~213                               ; |ALU|lpm_mux1:inst31|lpm_mux:lpm_mux_component|mux_prc:auto_generated|_~213                               ; out0             ;
; |ALU|lpm_mux1:inst31|lpm_mux:lpm_mux_component|mux_prc:auto_generated|_~214                               ; |ALU|lpm_mux1:inst31|lpm_mux:lpm_mux_component|mux_prc:auto_generated|_~214                               ; out0             ;
; |ALU|lpm_mux1:inst31|lpm_mux:lpm_mux_component|mux_prc:auto_generated|result_node[27]~9                   ; |ALU|lpm_mux1:inst31|lpm_mux:lpm_mux_component|mux_prc:auto_generated|result_node[27]~9                   ; out0             ;
; |ALU|lpm_mux1:inst31|lpm_mux:lpm_mux_component|mux_prc:auto_generated|result_node[27]                     ; |ALU|lpm_mux1:inst31|lpm_mux:lpm_mux_component|mux_prc:auto_generated|result_node[27]                     ; out0             ;
; |ALU|lpm_mux1:inst31|lpm_mux:lpm_mux_component|mux_prc:auto_generated|_~217                               ; |ALU|lpm_mux1:inst31|lpm_mux:lpm_mux_component|mux_prc:auto_generated|_~217                               ; out0             ;
; |ALU|lpm_mux1:inst31|lpm_mux:lpm_mux_component|mux_prc:auto_generated|_~219                               ; |ALU|lpm_mux1:inst31|lpm_mux:lpm_mux_component|mux_prc:auto_generated|_~219                               ; out0             ;
; |ALU|lpm_mux1:inst31|lpm_mux:lpm_mux_component|mux_prc:auto_generated|_~220                               ; |ALU|lpm_mux1:inst31|lpm_mux:lpm_mux_component|mux_prc:auto_generated|_~220                               ; out0             ;
; |ALU|lpm_mux1:inst31|lpm_mux:lpm_mux_component|mux_prc:auto_generated|_~221                               ; |ALU|lpm_mux1:inst31|lpm_mux:lpm_mux_component|mux_prc:auto_generated|_~221                               ; out0             ;
; |ALU|lpm_mux1:inst31|lpm_mux:lpm_mux_component|mux_prc:auto_generated|_~222                               ; |ALU|lpm_mux1:inst31|lpm_mux:lpm_mux_component|mux_prc:auto_generated|_~222                               ; out0             ;
; |ALU|lpm_mux1:inst31|lpm_mux:lpm_mux_component|mux_prc:auto_generated|_~226                               ; |ALU|lpm_mux1:inst31|lpm_mux:lpm_mux_component|mux_prc:auto_generated|_~226                               ; out0             ;
; |ALU|lpm_mux1:inst31|lpm_mux:lpm_mux_component|mux_prc:auto_generated|_~228                               ; |ALU|lpm_mux1:inst31|lpm_mux:lpm_mux_component|mux_prc:auto_generated|_~228                               ; out0             ;
; |ALU|lpm_mux1:inst31|lpm_mux:lpm_mux_component|mux_prc:auto_generated|_~229                               ; |ALU|lpm_mux1:inst31|lpm_mux:lpm_mux_component|mux_prc:auto_generated|_~229                               ; out0             ;
; |ALU|lpm_mux1:inst31|lpm_mux:lpm_mux_component|mux_prc:auto_generated|_~230                               ; |ALU|lpm_mux1:inst31|lpm_mux:lpm_mux_component|mux_prc:auto_generated|_~230                               ; out0             ;
; |ALU|lpm_mux1:inst31|lpm_mux:lpm_mux_component|mux_prc:auto_generated|_~231                               ; |ALU|lpm_mux1:inst31|lpm_mux:lpm_mux_component|mux_prc:auto_generated|_~231                               ; out0             ;
; |ALU|lpm_mux1:inst31|lpm_mux:lpm_mux_component|mux_prc:auto_generated|_~234                               ; |ALU|lpm_mux1:inst31|lpm_mux:lpm_mux_component|mux_prc:auto_generated|_~234                               ; out0             ;
; |ALU|lpm_mux1:inst31|lpm_mux:lpm_mux_component|mux_prc:auto_generated|_~235                               ; |ALU|lpm_mux1:inst31|lpm_mux:lpm_mux_component|mux_prc:auto_generated|_~235                               ; out0             ;
; |ALU|lpm_mux1:inst31|lpm_mux:lpm_mux_component|mux_prc:auto_generated|result_node[26]~10                  ; |ALU|lpm_mux1:inst31|lpm_mux:lpm_mux_component|mux_prc:auto_generated|result_node[26]~10                  ; out0             ;
; |ALU|lpm_mux1:inst31|lpm_mux:lpm_mux_component|mux_prc:auto_generated|_~237                               ; |ALU|lpm_mux1:inst31|lpm_mux:lpm_mux_component|mux_prc:auto_generated|_~237                               ; out0             ;
; |ALU|lpm_mux1:inst31|lpm_mux:lpm_mux_component|mux_prc:auto_generated|_~239                               ; |ALU|lpm_mux1:inst31|lpm_mux:lpm_mux_component|mux_prc:auto_generated|_~239                               ; out0             ;
; |ALU|lpm_mux1:inst31|lpm_mux:lpm_mux_component|mux_prc:auto_generated|_~241                               ; |ALU|lpm_mux1:inst31|lpm_mux:lpm_mux_component|mux_prc:auto_generated|_~241                               ; out0             ;
; |ALU|lpm_mux1:inst31|lpm_mux:lpm_mux_component|mux_prc:auto_generated|_~243                               ; |ALU|lpm_mux1:inst31|lpm_mux:lpm_mux_component|mux_prc:auto_generated|_~243                               ; out0             ;
; |ALU|lpm_mux1:inst31|lpm_mux:lpm_mux_component|mux_prc:auto_generated|_~244                               ; |ALU|lpm_mux1:inst31|lpm_mux:lpm_mux_component|mux_prc:auto_generated|_~244                               ; out0             ;
; |ALU|lpm_mux1:inst31|lpm_mux:lpm_mux_component|mux_prc:auto_generated|_~246                               ; |ALU|lpm_mux1:inst31|lpm_mux:lpm_mux_component|mux_prc:auto_generated|_~246                               ; out0             ;
; |ALU|lpm_mux1:inst31|lpm_mux:lpm_mux_component|mux_prc:auto_generated|_~248                               ; |ALU|lpm_mux1:inst31|lpm_mux:lpm_mux_component|mux_prc:auto_generated|_~248                               ; out0             ;
; |ALU|lpm_mux1:inst31|lpm_mux:lpm_mux_component|mux_prc:auto_generated|_~250                               ; |ALU|lpm_mux1:inst31|lpm_mux:lpm_mux_component|mux_prc:auto_generated|_~250                               ; out0             ;
; |ALU|lpm_mux1:inst31|lpm_mux:lpm_mux_component|mux_prc:auto_generated|_~252                               ; |ALU|lpm_mux1:inst31|lpm_mux:lpm_mux_component|mux_prc:auto_generated|_~252                               ; out0             ;
; |ALU|lpm_mux1:inst31|lpm_mux:lpm_mux_component|mux_prc:auto_generated|_~253                               ; |ALU|lpm_mux1:inst31|lpm_mux:lpm_mux_component|mux_prc:auto_generated|_~253                               ; out0             ;
; |ALU|lpm_mux1:inst31|lpm_mux:lpm_mux_component|mux_prc:auto_generated|_~255                               ; |ALU|lpm_mux1:inst31|lpm_mux:lpm_mux_component|mux_prc:auto_generated|_~255                               ; out0             ;
; |ALU|lpm_mux1:inst31|lpm_mux:lpm_mux_component|mux_prc:auto_generated|_~256                               ; |ALU|lpm_mux1:inst31|lpm_mux:lpm_mux_component|mux_prc:auto_generated|_~256                               ; out0             ;
; |ALU|lpm_mux1:inst31|lpm_mux:lpm_mux_component|mux_prc:auto_generated|_~257                               ; |ALU|lpm_mux1:inst31|lpm_mux:lpm_mux_component|mux_prc:auto_generated|_~257                               ; out0             ;
; |ALU|lpm_mux1:inst31|lpm_mux:lpm_mux_component|mux_prc:auto_generated|result_node[26]~11                  ; |ALU|lpm_mux1:inst31|lpm_mux:lpm_mux_component|mux_prc:auto_generated|result_node[26]~11                  ; out0             ;
; |ALU|lpm_mux1:inst31|lpm_mux:lpm_mux_component|mux_prc:auto_generated|result_node[26]                     ; |ALU|lpm_mux1:inst31|lpm_mux:lpm_mux_component|mux_prc:auto_generated|result_node[26]                     ; out0             ;
; |ALU|lpm_mux1:inst31|lpm_mux:lpm_mux_component|mux_prc:auto_generated|_~260                               ; |ALU|lpm_mux1:inst31|lpm_mux:lpm_mux_component|mux_prc:auto_generated|_~260                               ; out0             ;
; |ALU|lpm_mux1:inst31|lpm_mux:lpm_mux_component|mux_prc:auto_generated|_~262                               ; |ALU|lpm_mux1:inst31|lpm_mux:lpm_mux_component|mux_prc:auto_generated|_~262                               ; out0             ;
; |ALU|lpm_mux1:inst31|lpm_mux:lpm_mux_component|mux_prc:auto_generated|_~263                               ; |ALU|lpm_mux1:inst31|lpm_mux:lpm_mux_component|mux_prc:auto_generated|_~263                               ; out0             ;
; |ALU|lpm_mux1:inst31|lpm_mux:lpm_mux_component|mux_prc:auto_generated|_~264                               ; |ALU|lpm_mux1:inst31|lpm_mux:lpm_mux_component|mux_prc:auto_generated|_~264                               ; out0             ;
; |ALU|lpm_mux1:inst31|lpm_mux:lpm_mux_component|mux_prc:auto_generated|_~265                               ; |ALU|lpm_mux1:inst31|lpm_mux:lpm_mux_component|mux_prc:auto_generated|_~265                               ; out0             ;
; |ALU|lpm_mux1:inst31|lpm_mux:lpm_mux_component|mux_prc:auto_generated|_~269                               ; |ALU|lpm_mux1:inst31|lpm_mux:lpm_mux_component|mux_prc:auto_generated|_~269                               ; out0             ;
; |ALU|lpm_mux1:inst31|lpm_mux:lpm_mux_component|mux_prc:auto_generated|_~271                               ; |ALU|lpm_mux1:inst31|lpm_mux:lpm_mux_component|mux_prc:auto_generated|_~271                               ; out0             ;
; |ALU|lpm_mux1:inst31|lpm_mux:lpm_mux_component|mux_prc:auto_generated|_~272                               ; |ALU|lpm_mux1:inst31|lpm_mux:lpm_mux_component|mux_prc:auto_generated|_~272                               ; out0             ;
; |ALU|lpm_mux1:inst31|lpm_mux:lpm_mux_component|mux_prc:auto_generated|_~273                               ; |ALU|lpm_mux1:inst31|lpm_mux:lpm_mux_component|mux_prc:auto_generated|_~273                               ; out0             ;
; |ALU|lpm_mux1:inst31|lpm_mux:lpm_mux_component|mux_prc:auto_generated|_~274                               ; |ALU|lpm_mux1:inst31|lpm_mux:lpm_mux_component|mux_prc:auto_generated|_~274                               ; out0             ;
; |ALU|lpm_mux1:inst31|lpm_mux:lpm_mux_component|mux_prc:auto_generated|_~277                               ; |ALU|lpm_mux1:inst31|lpm_mux:lpm_mux_component|mux_prc:auto_generated|_~277                               ; out0             ;
; |ALU|lpm_mux1:inst31|lpm_mux:lpm_mux_component|mux_prc:auto_generated|_~278                               ; |ALU|lpm_mux1:inst31|lpm_mux:lpm_mux_component|mux_prc:auto_generated|_~278                               ; out0             ;
; |ALU|lpm_mux1:inst31|lpm_mux:lpm_mux_component|mux_prc:auto_generated|result_node[25]~12                  ; |ALU|lpm_mux1:inst31|lpm_mux:lpm_mux_component|mux_prc:auto_generated|result_node[25]~12                  ; out0             ;
; |ALU|lpm_mux1:inst31|lpm_mux:lpm_mux_component|mux_prc:auto_generated|_~280                               ; |ALU|lpm_mux1:inst31|lpm_mux:lpm_mux_component|mux_prc:auto_generated|_~280                               ; out0             ;
; |ALU|lpm_mux1:inst31|lpm_mux:lpm_mux_component|mux_prc:auto_generated|_~282                               ; |ALU|lpm_mux1:inst31|lpm_mux:lpm_mux_component|mux_prc:auto_generated|_~282                               ; out0             ;
; |ALU|lpm_mux1:inst31|lpm_mux:lpm_mux_component|mux_prc:auto_generated|_~284                               ; |ALU|lpm_mux1:inst31|lpm_mux:lpm_mux_component|mux_prc:auto_generated|_~284                               ; out0             ;
; |ALU|lpm_mux1:inst31|lpm_mux:lpm_mux_component|mux_prc:auto_generated|_~286                               ; |ALU|lpm_mux1:inst31|lpm_mux:lpm_mux_component|mux_prc:auto_generated|_~286                               ; out0             ;
; |ALU|lpm_mux1:inst31|lpm_mux:lpm_mux_component|mux_prc:auto_generated|_~287                               ; |ALU|lpm_mux1:inst31|lpm_mux:lpm_mux_component|mux_prc:auto_generated|_~287                               ; out0             ;
; |ALU|lpm_mux1:inst31|lpm_mux:lpm_mux_component|mux_prc:auto_generated|_~289                               ; |ALU|lpm_mux1:inst31|lpm_mux:lpm_mux_component|mux_prc:auto_generated|_~289                               ; out0             ;
; |ALU|lpm_mux1:inst31|lpm_mux:lpm_mux_component|mux_prc:auto_generated|_~291                               ; |ALU|lpm_mux1:inst31|lpm_mux:lpm_mux_component|mux_prc:auto_generated|_~291                               ; out0             ;
; |ALU|lpm_mux1:inst31|lpm_mux:lpm_mux_component|mux_prc:auto_generated|_~293                               ; |ALU|lpm_mux1:inst31|lpm_mux:lpm_mux_component|mux_prc:auto_generated|_~293                               ; out0             ;
; |ALU|lpm_mux1:inst31|lpm_mux:lpm_mux_component|mux_prc:auto_generated|_~295                               ; |ALU|lpm_mux1:inst31|lpm_mux:lpm_mux_component|mux_prc:auto_generated|_~295                               ; out0             ;
; |ALU|lpm_mux1:inst31|lpm_mux:lpm_mux_component|mux_prc:auto_generated|_~296                               ; |ALU|lpm_mux1:inst31|lpm_mux:lpm_mux_component|mux_prc:auto_generated|_~296                               ; out0             ;
; |ALU|lpm_mux1:inst31|lpm_mux:lpm_mux_component|mux_prc:auto_generated|_~298                               ; |ALU|lpm_mux1:inst31|lpm_mux:lpm_mux_component|mux_prc:auto_generated|_~298                               ; out0             ;
; |ALU|lpm_mux1:inst31|lpm_mux:lpm_mux_component|mux_prc:auto_generated|_~299                               ; |ALU|lpm_mux1:inst31|lpm_mux:lpm_mux_component|mux_prc:auto_generated|_~299                               ; out0             ;
; |ALU|lpm_mux1:inst31|lpm_mux:lpm_mux_component|mux_prc:auto_generated|_~300                               ; |ALU|lpm_mux1:inst31|lpm_mux:lpm_mux_component|mux_prc:auto_generated|_~300                               ; out0             ;
; |ALU|lpm_mux1:inst31|lpm_mux:lpm_mux_component|mux_prc:auto_generated|result_node[25]~13                  ; |ALU|lpm_mux1:inst31|lpm_mux:lpm_mux_component|mux_prc:auto_generated|result_node[25]~13                  ; out0             ;
; |ALU|lpm_mux1:inst31|lpm_mux:lpm_mux_component|mux_prc:auto_generated|result_node[25]                     ; |ALU|lpm_mux1:inst31|lpm_mux:lpm_mux_component|mux_prc:auto_generated|result_node[25]                     ; out0             ;
; |ALU|lpm_mux1:inst31|lpm_mux:lpm_mux_component|mux_prc:auto_generated|_~303                               ; |ALU|lpm_mux1:inst31|lpm_mux:lpm_mux_component|mux_prc:auto_generated|_~303                               ; out0             ;
; |ALU|lpm_mux1:inst31|lpm_mux:lpm_mux_component|mux_prc:auto_generated|_~305                               ; |ALU|lpm_mux1:inst31|lpm_mux:lpm_mux_component|mux_prc:auto_generated|_~305                               ; out0             ;
; |ALU|lpm_mux1:inst31|lpm_mux:lpm_mux_component|mux_prc:auto_generated|_~306                               ; |ALU|lpm_mux1:inst31|lpm_mux:lpm_mux_component|mux_prc:auto_generated|_~306                               ; out0             ;
; |ALU|lpm_mux1:inst31|lpm_mux:lpm_mux_component|mux_prc:auto_generated|_~307                               ; |ALU|lpm_mux1:inst31|lpm_mux:lpm_mux_component|mux_prc:auto_generated|_~307                               ; out0             ;
; |ALU|lpm_mux1:inst31|lpm_mux:lpm_mux_component|mux_prc:auto_generated|_~308                               ; |ALU|lpm_mux1:inst31|lpm_mux:lpm_mux_component|mux_prc:auto_generated|_~308                               ; out0             ;
; |ALU|lpm_mux1:inst31|lpm_mux:lpm_mux_component|mux_prc:auto_generated|_~312                               ; |ALU|lpm_mux1:inst31|lpm_mux:lpm_mux_component|mux_prc:auto_generated|_~312                               ; out0             ;
; |ALU|lpm_mux1:inst31|lpm_mux:lpm_mux_component|mux_prc:auto_generated|_~314                               ; |ALU|lpm_mux1:inst31|lpm_mux:lpm_mux_component|mux_prc:auto_generated|_~314                               ; out0             ;
; |ALU|lpm_mux1:inst31|lpm_mux:lpm_mux_component|mux_prc:auto_generated|_~315                               ; |ALU|lpm_mux1:inst31|lpm_mux:lpm_mux_component|mux_prc:auto_generated|_~315                               ; out0             ;
; |ALU|lpm_mux1:inst31|lpm_mux:lpm_mux_component|mux_prc:auto_generated|_~316                               ; |ALU|lpm_mux1:inst31|lpm_mux:lpm_mux_component|mux_prc:auto_generated|_~316                               ; out0             ;
; |ALU|lpm_mux1:inst31|lpm_mux:lpm_mux_component|mux_prc:auto_generated|_~317                               ; |ALU|lpm_mux1:inst31|lpm_mux:lpm_mux_component|mux_prc:auto_generated|_~317                               ; out0             ;
; |ALU|lpm_mux1:inst31|lpm_mux:lpm_mux_component|mux_prc:auto_generated|_~320                               ; |ALU|lpm_mux1:inst31|lpm_mux:lpm_mux_component|mux_prc:auto_generated|_~320                               ; out0             ;
; |ALU|lpm_mux1:inst31|lpm_mux:lpm_mux_component|mux_prc:auto_generated|_~321                               ; |ALU|lpm_mux1:inst31|lpm_mux:lpm_mux_component|mux_prc:auto_generated|_~321                               ; out0             ;
; |ALU|lpm_mux1:inst31|lpm_mux:lpm_mux_component|mux_prc:auto_generated|result_node[24]~14                  ; |ALU|lpm_mux1:inst31|lpm_mux:lpm_mux_component|mux_prc:auto_generated|result_node[24]~14                  ; out0             ;
; |ALU|lpm_mux1:inst31|lpm_mux:lpm_mux_component|mux_prc:auto_generated|_~323                               ; |ALU|lpm_mux1:inst31|lpm_mux:lpm_mux_component|mux_prc:auto_generated|_~323                               ; out0             ;
; |ALU|lpm_mux1:inst31|lpm_mux:lpm_mux_component|mux_prc:auto_generated|_~325                               ; |ALU|lpm_mux1:inst31|lpm_mux:lpm_mux_component|mux_prc:auto_generated|_~325                               ; out0             ;
; |ALU|lpm_mux1:inst31|lpm_mux:lpm_mux_component|mux_prc:auto_generated|_~327                               ; |ALU|lpm_mux1:inst31|lpm_mux:lpm_mux_component|mux_prc:auto_generated|_~327                               ; out0             ;
; |ALU|lpm_mux1:inst31|lpm_mux:lpm_mux_component|mux_prc:auto_generated|_~329                               ; |ALU|lpm_mux1:inst31|lpm_mux:lpm_mux_component|mux_prc:auto_generated|_~329                               ; out0             ;
; |ALU|lpm_mux1:inst31|lpm_mux:lpm_mux_component|mux_prc:auto_generated|_~330                               ; |ALU|lpm_mux1:inst31|lpm_mux:lpm_mux_component|mux_prc:auto_generated|_~330                               ; out0             ;
; |ALU|lpm_mux1:inst31|lpm_mux:lpm_mux_component|mux_prc:auto_generated|_~332                               ; |ALU|lpm_mux1:inst31|lpm_mux:lpm_mux_component|mux_prc:auto_generated|_~332                               ; out0             ;
; |ALU|lpm_mux1:inst31|lpm_mux:lpm_mux_component|mux_prc:auto_generated|_~334                               ; |ALU|lpm_mux1:inst31|lpm_mux:lpm_mux_component|mux_prc:auto_generated|_~334                               ; out0             ;
; |ALU|lpm_mux1:inst31|lpm_mux:lpm_mux_component|mux_prc:auto_generated|_~336                               ; |ALU|lpm_mux1:inst31|lpm_mux:lpm_mux_component|mux_prc:auto_generated|_~336                               ; out0             ;
; |ALU|lpm_mux1:inst31|lpm_mux:lpm_mux_component|mux_prc:auto_generated|_~338                               ; |ALU|lpm_mux1:inst31|lpm_mux:lpm_mux_component|mux_prc:auto_generated|_~338                               ; out0             ;
; |ALU|lpm_mux1:inst31|lpm_mux:lpm_mux_component|mux_prc:auto_generated|_~339                               ; |ALU|lpm_mux1:inst31|lpm_mux:lpm_mux_component|mux_prc:auto_generated|_~339                               ; out0             ;
; |ALU|lpm_mux1:inst31|lpm_mux:lpm_mux_component|mux_prc:auto_generated|_~341                               ; |ALU|lpm_mux1:inst31|lpm_mux:lpm_mux_component|mux_prc:auto_generated|_~341                               ; out0             ;
; |ALU|lpm_mux1:inst31|lpm_mux:lpm_mux_component|mux_prc:auto_generated|_~342                               ; |ALU|lpm_mux1:inst31|lpm_mux:lpm_mux_component|mux_prc:auto_generated|_~342                               ; out0             ;
; |ALU|lpm_mux1:inst31|lpm_mux:lpm_mux_component|mux_prc:auto_generated|_~343                               ; |ALU|lpm_mux1:inst31|lpm_mux:lpm_mux_component|mux_prc:auto_generated|_~343                               ; out0             ;
; |ALU|lpm_mux1:inst31|lpm_mux:lpm_mux_component|mux_prc:auto_generated|result_node[24]~15                  ; |ALU|lpm_mux1:inst31|lpm_mux:lpm_mux_component|mux_prc:auto_generated|result_node[24]~15                  ; out0             ;
; |ALU|lpm_mux1:inst31|lpm_mux:lpm_mux_component|mux_prc:auto_generated|result_node[24]                     ; |ALU|lpm_mux1:inst31|lpm_mux:lpm_mux_component|mux_prc:auto_generated|result_node[24]                     ; out0             ;
; |ALU|lpm_mux1:inst31|lpm_mux:lpm_mux_component|mux_prc:auto_generated|_~346                               ; |ALU|lpm_mux1:inst31|lpm_mux:lpm_mux_component|mux_prc:auto_generated|_~346                               ; out0             ;
; |ALU|lpm_mux1:inst31|lpm_mux:lpm_mux_component|mux_prc:auto_generated|_~348                               ; |ALU|lpm_mux1:inst31|lpm_mux:lpm_mux_component|mux_prc:auto_generated|_~348                               ; out0             ;
; |ALU|lpm_mux1:inst31|lpm_mux:lpm_mux_component|mux_prc:auto_generated|_~349                               ; |ALU|lpm_mux1:inst31|lpm_mux:lpm_mux_component|mux_prc:auto_generated|_~349                               ; out0             ;
; |ALU|lpm_mux1:inst31|lpm_mux:lpm_mux_component|mux_prc:auto_generated|_~350                               ; |ALU|lpm_mux1:inst31|lpm_mux:lpm_mux_component|mux_prc:auto_generated|_~350                               ; out0             ;
; |ALU|lpm_mux1:inst31|lpm_mux:lpm_mux_component|mux_prc:auto_generated|_~351                               ; |ALU|lpm_mux1:inst31|lpm_mux:lpm_mux_component|mux_prc:auto_generated|_~351                               ; out0             ;
; |ALU|lpm_mux1:inst31|lpm_mux:lpm_mux_component|mux_prc:auto_generated|_~355                               ; |ALU|lpm_mux1:inst31|lpm_mux:lpm_mux_component|mux_prc:auto_generated|_~355                               ; out0             ;
; |ALU|lpm_mux1:inst31|lpm_mux:lpm_mux_component|mux_prc:auto_generated|_~357                               ; |ALU|lpm_mux1:inst31|lpm_mux:lpm_mux_component|mux_prc:auto_generated|_~357                               ; out0             ;
; |ALU|lpm_mux1:inst31|lpm_mux:lpm_mux_component|mux_prc:auto_generated|_~358                               ; |ALU|lpm_mux1:inst31|lpm_mux:lpm_mux_component|mux_prc:auto_generated|_~358                               ; out0             ;
; |ALU|lpm_mux1:inst31|lpm_mux:lpm_mux_component|mux_prc:auto_generated|_~359                               ; |ALU|lpm_mux1:inst31|lpm_mux:lpm_mux_component|mux_prc:auto_generated|_~359                               ; out0             ;
; |ALU|lpm_mux1:inst31|lpm_mux:lpm_mux_component|mux_prc:auto_generated|_~360                               ; |ALU|lpm_mux1:inst31|lpm_mux:lpm_mux_component|mux_prc:auto_generated|_~360                               ; out0             ;
; |ALU|lpm_mux1:inst31|lpm_mux:lpm_mux_component|mux_prc:auto_generated|_~363                               ; |ALU|lpm_mux1:inst31|lpm_mux:lpm_mux_component|mux_prc:auto_generated|_~363                               ; out0             ;
; |ALU|lpm_mux1:inst31|lpm_mux:lpm_mux_component|mux_prc:auto_generated|_~364                               ; |ALU|lpm_mux1:inst31|lpm_mux:lpm_mux_component|mux_prc:auto_generated|_~364                               ; out0             ;
; |ALU|lpm_mux1:inst31|lpm_mux:lpm_mux_component|mux_prc:auto_generated|result_node[23]~16                  ; |ALU|lpm_mux1:inst31|lpm_mux:lpm_mux_component|mux_prc:auto_generated|result_node[23]~16                  ; out0             ;
; |ALU|lpm_mux1:inst31|lpm_mux:lpm_mux_component|mux_prc:auto_generated|_~366                               ; |ALU|lpm_mux1:inst31|lpm_mux:lpm_mux_component|mux_prc:auto_generated|_~366                               ; out0             ;
; |ALU|lpm_mux1:inst31|lpm_mux:lpm_mux_component|mux_prc:auto_generated|_~368                               ; |ALU|lpm_mux1:inst31|lpm_mux:lpm_mux_component|mux_prc:auto_generated|_~368                               ; out0             ;
; |ALU|lpm_mux1:inst31|lpm_mux:lpm_mux_component|mux_prc:auto_generated|_~370                               ; |ALU|lpm_mux1:inst31|lpm_mux:lpm_mux_component|mux_prc:auto_generated|_~370                               ; out0             ;
; |ALU|lpm_mux1:inst31|lpm_mux:lpm_mux_component|mux_prc:auto_generated|_~372                               ; |ALU|lpm_mux1:inst31|lpm_mux:lpm_mux_component|mux_prc:auto_generated|_~372                               ; out0             ;
; |ALU|lpm_mux1:inst31|lpm_mux:lpm_mux_component|mux_prc:auto_generated|_~373                               ; |ALU|lpm_mux1:inst31|lpm_mux:lpm_mux_component|mux_prc:auto_generated|_~373                               ; out0             ;
; |ALU|lpm_mux1:inst31|lpm_mux:lpm_mux_component|mux_prc:auto_generated|_~375                               ; |ALU|lpm_mux1:inst31|lpm_mux:lpm_mux_component|mux_prc:auto_generated|_~375                               ; out0             ;
; |ALU|lpm_mux1:inst31|lpm_mux:lpm_mux_component|mux_prc:auto_generated|_~377                               ; |ALU|lpm_mux1:inst31|lpm_mux:lpm_mux_component|mux_prc:auto_generated|_~377                               ; out0             ;
; |ALU|lpm_mux1:inst31|lpm_mux:lpm_mux_component|mux_prc:auto_generated|_~379                               ; |ALU|lpm_mux1:inst31|lpm_mux:lpm_mux_component|mux_prc:auto_generated|_~379                               ; out0             ;
; |ALU|lpm_mux1:inst31|lpm_mux:lpm_mux_component|mux_prc:auto_generated|_~381                               ; |ALU|lpm_mux1:inst31|lpm_mux:lpm_mux_component|mux_prc:auto_generated|_~381                               ; out0             ;
; |ALU|lpm_mux1:inst31|lpm_mux:lpm_mux_component|mux_prc:auto_generated|_~382                               ; |ALU|lpm_mux1:inst31|lpm_mux:lpm_mux_component|mux_prc:auto_generated|_~382                               ; out0             ;
; |ALU|lpm_mux1:inst31|lpm_mux:lpm_mux_component|mux_prc:auto_generated|_~384                               ; |ALU|lpm_mux1:inst31|lpm_mux:lpm_mux_component|mux_prc:auto_generated|_~384                               ; out0             ;
; |ALU|lpm_mux1:inst31|lpm_mux:lpm_mux_component|mux_prc:auto_generated|_~385                               ; |ALU|lpm_mux1:inst31|lpm_mux:lpm_mux_component|mux_prc:auto_generated|_~385                               ; out0             ;
; |ALU|lpm_mux1:inst31|lpm_mux:lpm_mux_component|mux_prc:auto_generated|_~386                               ; |ALU|lpm_mux1:inst31|lpm_mux:lpm_mux_component|mux_prc:auto_generated|_~386                               ; out0             ;
; |ALU|lpm_mux1:inst31|lpm_mux:lpm_mux_component|mux_prc:auto_generated|result_node[23]~17                  ; |ALU|lpm_mux1:inst31|lpm_mux:lpm_mux_component|mux_prc:auto_generated|result_node[23]~17                  ; out0             ;
; |ALU|lpm_mux1:inst31|lpm_mux:lpm_mux_component|mux_prc:auto_generated|result_node[23]                     ; |ALU|lpm_mux1:inst31|lpm_mux:lpm_mux_component|mux_prc:auto_generated|result_node[23]                     ; out0             ;
; |ALU|lpm_mux1:inst31|lpm_mux:lpm_mux_component|mux_prc:auto_generated|_~389                               ; |ALU|lpm_mux1:inst31|lpm_mux:lpm_mux_component|mux_prc:auto_generated|_~389                               ; out0             ;
; |ALU|lpm_mux1:inst31|lpm_mux:lpm_mux_component|mux_prc:auto_generated|_~391                               ; |ALU|lpm_mux1:inst31|lpm_mux:lpm_mux_component|mux_prc:auto_generated|_~391                               ; out0             ;
; |ALU|lpm_mux1:inst31|lpm_mux:lpm_mux_component|mux_prc:auto_generated|_~392                               ; |ALU|lpm_mux1:inst31|lpm_mux:lpm_mux_component|mux_prc:auto_generated|_~392                               ; out0             ;
; |ALU|lpm_mux1:inst31|lpm_mux:lpm_mux_component|mux_prc:auto_generated|_~393                               ; |ALU|lpm_mux1:inst31|lpm_mux:lpm_mux_component|mux_prc:auto_generated|_~393                               ; out0             ;
; |ALU|lpm_mux1:inst31|lpm_mux:lpm_mux_component|mux_prc:auto_generated|_~394                               ; |ALU|lpm_mux1:inst31|lpm_mux:lpm_mux_component|mux_prc:auto_generated|_~394                               ; out0             ;
; |ALU|lpm_mux1:inst31|lpm_mux:lpm_mux_component|mux_prc:auto_generated|_~398                               ; |ALU|lpm_mux1:inst31|lpm_mux:lpm_mux_component|mux_prc:auto_generated|_~398                               ; out0             ;
; |ALU|lpm_mux1:inst31|lpm_mux:lpm_mux_component|mux_prc:auto_generated|_~400                               ; |ALU|lpm_mux1:inst31|lpm_mux:lpm_mux_component|mux_prc:auto_generated|_~400                               ; out0             ;
; |ALU|lpm_mux1:inst31|lpm_mux:lpm_mux_component|mux_prc:auto_generated|_~401                               ; |ALU|lpm_mux1:inst31|lpm_mux:lpm_mux_component|mux_prc:auto_generated|_~401                               ; out0             ;
; |ALU|lpm_mux1:inst31|lpm_mux:lpm_mux_component|mux_prc:auto_generated|_~402                               ; |ALU|lpm_mux1:inst31|lpm_mux:lpm_mux_component|mux_prc:auto_generated|_~402                               ; out0             ;
; |ALU|lpm_mux1:inst31|lpm_mux:lpm_mux_component|mux_prc:auto_generated|_~403                               ; |ALU|lpm_mux1:inst31|lpm_mux:lpm_mux_component|mux_prc:auto_generated|_~403                               ; out0             ;
; |ALU|lpm_mux1:inst31|lpm_mux:lpm_mux_component|mux_prc:auto_generated|_~406                               ; |ALU|lpm_mux1:inst31|lpm_mux:lpm_mux_component|mux_prc:auto_generated|_~406                               ; out0             ;
; |ALU|lpm_mux1:inst31|lpm_mux:lpm_mux_component|mux_prc:auto_generated|_~407                               ; |ALU|lpm_mux1:inst31|lpm_mux:lpm_mux_component|mux_prc:auto_generated|_~407                               ; out0             ;
; |ALU|lpm_mux1:inst31|lpm_mux:lpm_mux_component|mux_prc:auto_generated|result_node[22]~18                  ; |ALU|lpm_mux1:inst31|lpm_mux:lpm_mux_component|mux_prc:auto_generated|result_node[22]~18                  ; out0             ;
; |ALU|lpm_mux1:inst31|lpm_mux:lpm_mux_component|mux_prc:auto_generated|_~409                               ; |ALU|lpm_mux1:inst31|lpm_mux:lpm_mux_component|mux_prc:auto_generated|_~409                               ; out0             ;
; |ALU|lpm_mux1:inst31|lpm_mux:lpm_mux_component|mux_prc:auto_generated|_~411                               ; |ALU|lpm_mux1:inst31|lpm_mux:lpm_mux_component|mux_prc:auto_generated|_~411                               ; out0             ;
; |ALU|lpm_mux1:inst31|lpm_mux:lpm_mux_component|mux_prc:auto_generated|_~413                               ; |ALU|lpm_mux1:inst31|lpm_mux:lpm_mux_component|mux_prc:auto_generated|_~413                               ; out0             ;
; |ALU|lpm_mux1:inst31|lpm_mux:lpm_mux_component|mux_prc:auto_generated|_~415                               ; |ALU|lpm_mux1:inst31|lpm_mux:lpm_mux_component|mux_prc:auto_generated|_~415                               ; out0             ;
; |ALU|lpm_mux1:inst31|lpm_mux:lpm_mux_component|mux_prc:auto_generated|_~416                               ; |ALU|lpm_mux1:inst31|lpm_mux:lpm_mux_component|mux_prc:auto_generated|_~416                               ; out0             ;
; |ALU|lpm_mux1:inst31|lpm_mux:lpm_mux_component|mux_prc:auto_generated|_~418                               ; |ALU|lpm_mux1:inst31|lpm_mux:lpm_mux_component|mux_prc:auto_generated|_~418                               ; out0             ;
; |ALU|lpm_mux1:inst31|lpm_mux:lpm_mux_component|mux_prc:auto_generated|_~420                               ; |ALU|lpm_mux1:inst31|lpm_mux:lpm_mux_component|mux_prc:auto_generated|_~420                               ; out0             ;
; |ALU|lpm_mux1:inst31|lpm_mux:lpm_mux_component|mux_prc:auto_generated|_~422                               ; |ALU|lpm_mux1:inst31|lpm_mux:lpm_mux_component|mux_prc:auto_generated|_~422                               ; out0             ;
; |ALU|lpm_mux1:inst31|lpm_mux:lpm_mux_component|mux_prc:auto_generated|_~424                               ; |ALU|lpm_mux1:inst31|lpm_mux:lpm_mux_component|mux_prc:auto_generated|_~424                               ; out0             ;
; |ALU|lpm_mux1:inst31|lpm_mux:lpm_mux_component|mux_prc:auto_generated|_~425                               ; |ALU|lpm_mux1:inst31|lpm_mux:lpm_mux_component|mux_prc:auto_generated|_~425                               ; out0             ;
; |ALU|lpm_mux1:inst31|lpm_mux:lpm_mux_component|mux_prc:auto_generated|_~427                               ; |ALU|lpm_mux1:inst31|lpm_mux:lpm_mux_component|mux_prc:auto_generated|_~427                               ; out0             ;
; |ALU|lpm_mux1:inst31|lpm_mux:lpm_mux_component|mux_prc:auto_generated|_~428                               ; |ALU|lpm_mux1:inst31|lpm_mux:lpm_mux_component|mux_prc:auto_generated|_~428                               ; out0             ;
; |ALU|lpm_mux1:inst31|lpm_mux:lpm_mux_component|mux_prc:auto_generated|_~429                               ; |ALU|lpm_mux1:inst31|lpm_mux:lpm_mux_component|mux_prc:auto_generated|_~429                               ; out0             ;
; |ALU|lpm_mux1:inst31|lpm_mux:lpm_mux_component|mux_prc:auto_generated|result_node[22]~19                  ; |ALU|lpm_mux1:inst31|lpm_mux:lpm_mux_component|mux_prc:auto_generated|result_node[22]~19                  ; out0             ;
; |ALU|lpm_mux1:inst31|lpm_mux:lpm_mux_component|mux_prc:auto_generated|result_node[22]                     ; |ALU|lpm_mux1:inst31|lpm_mux:lpm_mux_component|mux_prc:auto_generated|result_node[22]                     ; out0             ;
; |ALU|lpm_mux1:inst31|lpm_mux:lpm_mux_component|mux_prc:auto_generated|_~432                               ; |ALU|lpm_mux1:inst31|lpm_mux:lpm_mux_component|mux_prc:auto_generated|_~432                               ; out0             ;
; |ALU|lpm_mux1:inst31|lpm_mux:lpm_mux_component|mux_prc:auto_generated|_~434                               ; |ALU|lpm_mux1:inst31|lpm_mux:lpm_mux_component|mux_prc:auto_generated|_~434                               ; out0             ;
; |ALU|lpm_mux1:inst31|lpm_mux:lpm_mux_component|mux_prc:auto_generated|_~435                               ; |ALU|lpm_mux1:inst31|lpm_mux:lpm_mux_component|mux_prc:auto_generated|_~435                               ; out0             ;
; |ALU|lpm_mux1:inst31|lpm_mux:lpm_mux_component|mux_prc:auto_generated|_~436                               ; |ALU|lpm_mux1:inst31|lpm_mux:lpm_mux_component|mux_prc:auto_generated|_~436                               ; out0             ;
; |ALU|lpm_mux1:inst31|lpm_mux:lpm_mux_component|mux_prc:auto_generated|_~437                               ; |ALU|lpm_mux1:inst31|lpm_mux:lpm_mux_component|mux_prc:auto_generated|_~437                               ; out0             ;
; |ALU|lpm_mux1:inst31|lpm_mux:lpm_mux_component|mux_prc:auto_generated|_~441                               ; |ALU|lpm_mux1:inst31|lpm_mux:lpm_mux_component|mux_prc:auto_generated|_~441                               ; out0             ;
; |ALU|lpm_mux1:inst31|lpm_mux:lpm_mux_component|mux_prc:auto_generated|_~443                               ; |ALU|lpm_mux1:inst31|lpm_mux:lpm_mux_component|mux_prc:auto_generated|_~443                               ; out0             ;
; |ALU|lpm_mux1:inst31|lpm_mux:lpm_mux_component|mux_prc:auto_generated|_~444                               ; |ALU|lpm_mux1:inst31|lpm_mux:lpm_mux_component|mux_prc:auto_generated|_~444                               ; out0             ;
; |ALU|lpm_mux1:inst31|lpm_mux:lpm_mux_component|mux_prc:auto_generated|_~445                               ; |ALU|lpm_mux1:inst31|lpm_mux:lpm_mux_component|mux_prc:auto_generated|_~445                               ; out0             ;
; |ALU|lpm_mux1:inst31|lpm_mux:lpm_mux_component|mux_prc:auto_generated|_~446                               ; |ALU|lpm_mux1:inst31|lpm_mux:lpm_mux_component|mux_prc:auto_generated|_~446                               ; out0             ;
; |ALU|lpm_mux1:inst31|lpm_mux:lpm_mux_component|mux_prc:auto_generated|_~449                               ; |ALU|lpm_mux1:inst31|lpm_mux:lpm_mux_component|mux_prc:auto_generated|_~449                               ; out0             ;
; |ALU|lpm_mux1:inst31|lpm_mux:lpm_mux_component|mux_prc:auto_generated|_~450                               ; |ALU|lpm_mux1:inst31|lpm_mux:lpm_mux_component|mux_prc:auto_generated|_~450                               ; out0             ;
; |ALU|lpm_mux1:inst31|lpm_mux:lpm_mux_component|mux_prc:auto_generated|result_node[21]~20                  ; |ALU|lpm_mux1:inst31|lpm_mux:lpm_mux_component|mux_prc:auto_generated|result_node[21]~20                  ; out0             ;
; |ALU|lpm_mux1:inst31|lpm_mux:lpm_mux_component|mux_prc:auto_generated|_~452                               ; |ALU|lpm_mux1:inst31|lpm_mux:lpm_mux_component|mux_prc:auto_generated|_~452                               ; out0             ;
; |ALU|lpm_mux1:inst31|lpm_mux:lpm_mux_component|mux_prc:auto_generated|_~454                               ; |ALU|lpm_mux1:inst31|lpm_mux:lpm_mux_component|mux_prc:auto_generated|_~454                               ; out0             ;
; |ALU|lpm_mux1:inst31|lpm_mux:lpm_mux_component|mux_prc:auto_generated|_~456                               ; |ALU|lpm_mux1:inst31|lpm_mux:lpm_mux_component|mux_prc:auto_generated|_~456                               ; out0             ;
; |ALU|lpm_mux1:inst31|lpm_mux:lpm_mux_component|mux_prc:auto_generated|_~458                               ; |ALU|lpm_mux1:inst31|lpm_mux:lpm_mux_component|mux_prc:auto_generated|_~458                               ; out0             ;
; |ALU|lpm_mux1:inst31|lpm_mux:lpm_mux_component|mux_prc:auto_generated|_~459                               ; |ALU|lpm_mux1:inst31|lpm_mux:lpm_mux_component|mux_prc:auto_generated|_~459                               ; out0             ;
; |ALU|lpm_mux1:inst31|lpm_mux:lpm_mux_component|mux_prc:auto_generated|_~461                               ; |ALU|lpm_mux1:inst31|lpm_mux:lpm_mux_component|mux_prc:auto_generated|_~461                               ; out0             ;
; |ALU|lpm_mux1:inst31|lpm_mux:lpm_mux_component|mux_prc:auto_generated|_~463                               ; |ALU|lpm_mux1:inst31|lpm_mux:lpm_mux_component|mux_prc:auto_generated|_~463                               ; out0             ;
; |ALU|lpm_mux1:inst31|lpm_mux:lpm_mux_component|mux_prc:auto_generated|_~465                               ; |ALU|lpm_mux1:inst31|lpm_mux:lpm_mux_component|mux_prc:auto_generated|_~465                               ; out0             ;
; |ALU|lpm_mux1:inst31|lpm_mux:lpm_mux_component|mux_prc:auto_generated|_~467                               ; |ALU|lpm_mux1:inst31|lpm_mux:lpm_mux_component|mux_prc:auto_generated|_~467                               ; out0             ;
; |ALU|lpm_mux1:inst31|lpm_mux:lpm_mux_component|mux_prc:auto_generated|_~468                               ; |ALU|lpm_mux1:inst31|lpm_mux:lpm_mux_component|mux_prc:auto_generated|_~468                               ; out0             ;
; |ALU|lpm_mux1:inst31|lpm_mux:lpm_mux_component|mux_prc:auto_generated|_~470                               ; |ALU|lpm_mux1:inst31|lpm_mux:lpm_mux_component|mux_prc:auto_generated|_~470                               ; out0             ;
; |ALU|lpm_mux1:inst31|lpm_mux:lpm_mux_component|mux_prc:auto_generated|_~471                               ; |ALU|lpm_mux1:inst31|lpm_mux:lpm_mux_component|mux_prc:auto_generated|_~471                               ; out0             ;
; |ALU|lpm_mux1:inst31|lpm_mux:lpm_mux_component|mux_prc:auto_generated|_~472                               ; |ALU|lpm_mux1:inst31|lpm_mux:lpm_mux_component|mux_prc:auto_generated|_~472                               ; out0             ;
; |ALU|lpm_mux1:inst31|lpm_mux:lpm_mux_component|mux_prc:auto_generated|result_node[21]~21                  ; |ALU|lpm_mux1:inst31|lpm_mux:lpm_mux_component|mux_prc:auto_generated|result_node[21]~21                  ; out0             ;
; |ALU|lpm_mux1:inst31|lpm_mux:lpm_mux_component|mux_prc:auto_generated|result_node[21]                     ; |ALU|lpm_mux1:inst31|lpm_mux:lpm_mux_component|mux_prc:auto_generated|result_node[21]                     ; out0             ;
; |ALU|lpm_mux1:inst31|lpm_mux:lpm_mux_component|mux_prc:auto_generated|_~475                               ; |ALU|lpm_mux1:inst31|lpm_mux:lpm_mux_component|mux_prc:auto_generated|_~475                               ; out0             ;
; |ALU|lpm_mux1:inst31|lpm_mux:lpm_mux_component|mux_prc:auto_generated|_~477                               ; |ALU|lpm_mux1:inst31|lpm_mux:lpm_mux_component|mux_prc:auto_generated|_~477                               ; out0             ;
; |ALU|lpm_mux1:inst31|lpm_mux:lpm_mux_component|mux_prc:auto_generated|_~478                               ; |ALU|lpm_mux1:inst31|lpm_mux:lpm_mux_component|mux_prc:auto_generated|_~478                               ; out0             ;
; |ALU|lpm_mux1:inst31|lpm_mux:lpm_mux_component|mux_prc:auto_generated|_~479                               ; |ALU|lpm_mux1:inst31|lpm_mux:lpm_mux_component|mux_prc:auto_generated|_~479                               ; out0             ;
; |ALU|lpm_mux1:inst31|lpm_mux:lpm_mux_component|mux_prc:auto_generated|_~480                               ; |ALU|lpm_mux1:inst31|lpm_mux:lpm_mux_component|mux_prc:auto_generated|_~480                               ; out0             ;
; |ALU|lpm_mux1:inst31|lpm_mux:lpm_mux_component|mux_prc:auto_generated|_~484                               ; |ALU|lpm_mux1:inst31|lpm_mux:lpm_mux_component|mux_prc:auto_generated|_~484                               ; out0             ;
; |ALU|lpm_mux1:inst31|lpm_mux:lpm_mux_component|mux_prc:auto_generated|_~486                               ; |ALU|lpm_mux1:inst31|lpm_mux:lpm_mux_component|mux_prc:auto_generated|_~486                               ; out0             ;
; |ALU|lpm_mux1:inst31|lpm_mux:lpm_mux_component|mux_prc:auto_generated|_~487                               ; |ALU|lpm_mux1:inst31|lpm_mux:lpm_mux_component|mux_prc:auto_generated|_~487                               ; out0             ;
; |ALU|lpm_mux1:inst31|lpm_mux:lpm_mux_component|mux_prc:auto_generated|_~488                               ; |ALU|lpm_mux1:inst31|lpm_mux:lpm_mux_component|mux_prc:auto_generated|_~488                               ; out0             ;
; |ALU|lpm_mux1:inst31|lpm_mux:lpm_mux_component|mux_prc:auto_generated|_~489                               ; |ALU|lpm_mux1:inst31|lpm_mux:lpm_mux_component|mux_prc:auto_generated|_~489                               ; out0             ;
; |ALU|lpm_mux1:inst31|lpm_mux:lpm_mux_component|mux_prc:auto_generated|_~492                               ; |ALU|lpm_mux1:inst31|lpm_mux:lpm_mux_component|mux_prc:auto_generated|_~492                               ; out0             ;
; |ALU|lpm_mux1:inst31|lpm_mux:lpm_mux_component|mux_prc:auto_generated|_~493                               ; |ALU|lpm_mux1:inst31|lpm_mux:lpm_mux_component|mux_prc:auto_generated|_~493                               ; out0             ;
; |ALU|lpm_mux1:inst31|lpm_mux:lpm_mux_component|mux_prc:auto_generated|result_node[20]~22                  ; |ALU|lpm_mux1:inst31|lpm_mux:lpm_mux_component|mux_prc:auto_generated|result_node[20]~22                  ; out0             ;
; |ALU|lpm_mux1:inst31|lpm_mux:lpm_mux_component|mux_prc:auto_generated|_~495                               ; |ALU|lpm_mux1:inst31|lpm_mux:lpm_mux_component|mux_prc:auto_generated|_~495                               ; out0             ;
; |ALU|lpm_mux1:inst31|lpm_mux:lpm_mux_component|mux_prc:auto_generated|_~497                               ; |ALU|lpm_mux1:inst31|lpm_mux:lpm_mux_component|mux_prc:auto_generated|_~497                               ; out0             ;
; |ALU|lpm_mux1:inst31|lpm_mux:lpm_mux_component|mux_prc:auto_generated|_~499                               ; |ALU|lpm_mux1:inst31|lpm_mux:lpm_mux_component|mux_prc:auto_generated|_~499                               ; out0             ;
; |ALU|lpm_mux1:inst31|lpm_mux:lpm_mux_component|mux_prc:auto_generated|_~501                               ; |ALU|lpm_mux1:inst31|lpm_mux:lpm_mux_component|mux_prc:auto_generated|_~501                               ; out0             ;
; |ALU|lpm_mux1:inst31|lpm_mux:lpm_mux_component|mux_prc:auto_generated|_~502                               ; |ALU|lpm_mux1:inst31|lpm_mux:lpm_mux_component|mux_prc:auto_generated|_~502                               ; out0             ;
; |ALU|lpm_mux1:inst31|lpm_mux:lpm_mux_component|mux_prc:auto_generated|_~504                               ; |ALU|lpm_mux1:inst31|lpm_mux:lpm_mux_component|mux_prc:auto_generated|_~504                               ; out0             ;
; |ALU|lpm_mux1:inst31|lpm_mux:lpm_mux_component|mux_prc:auto_generated|_~506                               ; |ALU|lpm_mux1:inst31|lpm_mux:lpm_mux_component|mux_prc:auto_generated|_~506                               ; out0             ;
; |ALU|lpm_mux1:inst31|lpm_mux:lpm_mux_component|mux_prc:auto_generated|_~508                               ; |ALU|lpm_mux1:inst31|lpm_mux:lpm_mux_component|mux_prc:auto_generated|_~508                               ; out0             ;
; |ALU|lpm_mux1:inst31|lpm_mux:lpm_mux_component|mux_prc:auto_generated|_~510                               ; |ALU|lpm_mux1:inst31|lpm_mux:lpm_mux_component|mux_prc:auto_generated|_~510                               ; out0             ;
; |ALU|lpm_mux1:inst31|lpm_mux:lpm_mux_component|mux_prc:auto_generated|_~511                               ; |ALU|lpm_mux1:inst31|lpm_mux:lpm_mux_component|mux_prc:auto_generated|_~511                               ; out0             ;
; |ALU|lpm_mux1:inst31|lpm_mux:lpm_mux_component|mux_prc:auto_generated|_~513                               ; |ALU|lpm_mux1:inst31|lpm_mux:lpm_mux_component|mux_prc:auto_generated|_~513                               ; out0             ;
; |ALU|lpm_mux1:inst31|lpm_mux:lpm_mux_component|mux_prc:auto_generated|_~514                               ; |ALU|lpm_mux1:inst31|lpm_mux:lpm_mux_component|mux_prc:auto_generated|_~514                               ; out0             ;
; |ALU|lpm_mux1:inst31|lpm_mux:lpm_mux_component|mux_prc:auto_generated|_~515                               ; |ALU|lpm_mux1:inst31|lpm_mux:lpm_mux_component|mux_prc:auto_generated|_~515                               ; out0             ;
; |ALU|lpm_mux1:inst31|lpm_mux:lpm_mux_component|mux_prc:auto_generated|result_node[20]~23                  ; |ALU|lpm_mux1:inst31|lpm_mux:lpm_mux_component|mux_prc:auto_generated|result_node[20]~23                  ; out0             ;
; |ALU|lpm_mux1:inst31|lpm_mux:lpm_mux_component|mux_prc:auto_generated|result_node[20]                     ; |ALU|lpm_mux1:inst31|lpm_mux:lpm_mux_component|mux_prc:auto_generated|result_node[20]                     ; out0             ;
; |ALU|lpm_mux1:inst31|lpm_mux:lpm_mux_component|mux_prc:auto_generated|_~518                               ; |ALU|lpm_mux1:inst31|lpm_mux:lpm_mux_component|mux_prc:auto_generated|_~518                               ; out0             ;
; |ALU|lpm_mux1:inst31|lpm_mux:lpm_mux_component|mux_prc:auto_generated|_~520                               ; |ALU|lpm_mux1:inst31|lpm_mux:lpm_mux_component|mux_prc:auto_generated|_~520                               ; out0             ;
; |ALU|lpm_mux1:inst31|lpm_mux:lpm_mux_component|mux_prc:auto_generated|_~521                               ; |ALU|lpm_mux1:inst31|lpm_mux:lpm_mux_component|mux_prc:auto_generated|_~521                               ; out0             ;
; |ALU|lpm_mux1:inst31|lpm_mux:lpm_mux_component|mux_prc:auto_generated|_~522                               ; |ALU|lpm_mux1:inst31|lpm_mux:lpm_mux_component|mux_prc:auto_generated|_~522                               ; out0             ;
; |ALU|lpm_mux1:inst31|lpm_mux:lpm_mux_component|mux_prc:auto_generated|_~523                               ; |ALU|lpm_mux1:inst31|lpm_mux:lpm_mux_component|mux_prc:auto_generated|_~523                               ; out0             ;
; |ALU|lpm_mux1:inst31|lpm_mux:lpm_mux_component|mux_prc:auto_generated|_~527                               ; |ALU|lpm_mux1:inst31|lpm_mux:lpm_mux_component|mux_prc:auto_generated|_~527                               ; out0             ;
; |ALU|lpm_mux1:inst31|lpm_mux:lpm_mux_component|mux_prc:auto_generated|_~529                               ; |ALU|lpm_mux1:inst31|lpm_mux:lpm_mux_component|mux_prc:auto_generated|_~529                               ; out0             ;
; |ALU|lpm_mux1:inst31|lpm_mux:lpm_mux_component|mux_prc:auto_generated|_~530                               ; |ALU|lpm_mux1:inst31|lpm_mux:lpm_mux_component|mux_prc:auto_generated|_~530                               ; out0             ;
; |ALU|lpm_mux1:inst31|lpm_mux:lpm_mux_component|mux_prc:auto_generated|_~531                               ; |ALU|lpm_mux1:inst31|lpm_mux:lpm_mux_component|mux_prc:auto_generated|_~531                               ; out0             ;
; |ALU|lpm_mux1:inst31|lpm_mux:lpm_mux_component|mux_prc:auto_generated|_~532                               ; |ALU|lpm_mux1:inst31|lpm_mux:lpm_mux_component|mux_prc:auto_generated|_~532                               ; out0             ;
; |ALU|lpm_mux1:inst31|lpm_mux:lpm_mux_component|mux_prc:auto_generated|_~535                               ; |ALU|lpm_mux1:inst31|lpm_mux:lpm_mux_component|mux_prc:auto_generated|_~535                               ; out0             ;
; |ALU|lpm_mux1:inst31|lpm_mux:lpm_mux_component|mux_prc:auto_generated|_~536                               ; |ALU|lpm_mux1:inst31|lpm_mux:lpm_mux_component|mux_prc:auto_generated|_~536                               ; out0             ;
; |ALU|lpm_mux1:inst31|lpm_mux:lpm_mux_component|mux_prc:auto_generated|result_node[19]~24                  ; |ALU|lpm_mux1:inst31|lpm_mux:lpm_mux_component|mux_prc:auto_generated|result_node[19]~24                  ; out0             ;
; |ALU|lpm_mux1:inst31|lpm_mux:lpm_mux_component|mux_prc:auto_generated|_~538                               ; |ALU|lpm_mux1:inst31|lpm_mux:lpm_mux_component|mux_prc:auto_generated|_~538                               ; out0             ;
; |ALU|lpm_mux1:inst31|lpm_mux:lpm_mux_component|mux_prc:auto_generated|_~540                               ; |ALU|lpm_mux1:inst31|lpm_mux:lpm_mux_component|mux_prc:auto_generated|_~540                               ; out0             ;
; |ALU|lpm_mux1:inst31|lpm_mux:lpm_mux_component|mux_prc:auto_generated|_~542                               ; |ALU|lpm_mux1:inst31|lpm_mux:lpm_mux_component|mux_prc:auto_generated|_~542                               ; out0             ;
; |ALU|lpm_mux1:inst31|lpm_mux:lpm_mux_component|mux_prc:auto_generated|_~544                               ; |ALU|lpm_mux1:inst31|lpm_mux:lpm_mux_component|mux_prc:auto_generated|_~544                               ; out0             ;
; |ALU|lpm_mux1:inst31|lpm_mux:lpm_mux_component|mux_prc:auto_generated|_~545                               ; |ALU|lpm_mux1:inst31|lpm_mux:lpm_mux_component|mux_prc:auto_generated|_~545                               ; out0             ;
; |ALU|lpm_mux1:inst31|lpm_mux:lpm_mux_component|mux_prc:auto_generated|_~547                               ; |ALU|lpm_mux1:inst31|lpm_mux:lpm_mux_component|mux_prc:auto_generated|_~547                               ; out0             ;
; |ALU|lpm_mux1:inst31|lpm_mux:lpm_mux_component|mux_prc:auto_generated|_~549                               ; |ALU|lpm_mux1:inst31|lpm_mux:lpm_mux_component|mux_prc:auto_generated|_~549                               ; out0             ;
; |ALU|lpm_mux1:inst31|lpm_mux:lpm_mux_component|mux_prc:auto_generated|_~551                               ; |ALU|lpm_mux1:inst31|lpm_mux:lpm_mux_component|mux_prc:auto_generated|_~551                               ; out0             ;
; |ALU|lpm_mux1:inst31|lpm_mux:lpm_mux_component|mux_prc:auto_generated|_~553                               ; |ALU|lpm_mux1:inst31|lpm_mux:lpm_mux_component|mux_prc:auto_generated|_~553                               ; out0             ;
; |ALU|lpm_mux1:inst31|lpm_mux:lpm_mux_component|mux_prc:auto_generated|_~554                               ; |ALU|lpm_mux1:inst31|lpm_mux:lpm_mux_component|mux_prc:auto_generated|_~554                               ; out0             ;
; |ALU|lpm_mux1:inst31|lpm_mux:lpm_mux_component|mux_prc:auto_generated|_~556                               ; |ALU|lpm_mux1:inst31|lpm_mux:lpm_mux_component|mux_prc:auto_generated|_~556                               ; out0             ;
; |ALU|lpm_mux1:inst31|lpm_mux:lpm_mux_component|mux_prc:auto_generated|_~557                               ; |ALU|lpm_mux1:inst31|lpm_mux:lpm_mux_component|mux_prc:auto_generated|_~557                               ; out0             ;
; |ALU|lpm_mux1:inst31|lpm_mux:lpm_mux_component|mux_prc:auto_generated|_~558                               ; |ALU|lpm_mux1:inst31|lpm_mux:lpm_mux_component|mux_prc:auto_generated|_~558                               ; out0             ;
; |ALU|lpm_mux1:inst31|lpm_mux:lpm_mux_component|mux_prc:auto_generated|result_node[19]~25                  ; |ALU|lpm_mux1:inst31|lpm_mux:lpm_mux_component|mux_prc:auto_generated|result_node[19]~25                  ; out0             ;
; |ALU|lpm_mux1:inst31|lpm_mux:lpm_mux_component|mux_prc:auto_generated|result_node[19]                     ; |ALU|lpm_mux1:inst31|lpm_mux:lpm_mux_component|mux_prc:auto_generated|result_node[19]                     ; out0             ;
; |ALU|lpm_mux1:inst31|lpm_mux:lpm_mux_component|mux_prc:auto_generated|_~561                               ; |ALU|lpm_mux1:inst31|lpm_mux:lpm_mux_component|mux_prc:auto_generated|_~561                               ; out0             ;
; |ALU|lpm_mux1:inst31|lpm_mux:lpm_mux_component|mux_prc:auto_generated|_~563                               ; |ALU|lpm_mux1:inst31|lpm_mux:lpm_mux_component|mux_prc:auto_generated|_~563                               ; out0             ;
; |ALU|lpm_mux1:inst31|lpm_mux:lpm_mux_component|mux_prc:auto_generated|_~564                               ; |ALU|lpm_mux1:inst31|lpm_mux:lpm_mux_component|mux_prc:auto_generated|_~564                               ; out0             ;
; |ALU|lpm_mux1:inst31|lpm_mux:lpm_mux_component|mux_prc:auto_generated|_~565                               ; |ALU|lpm_mux1:inst31|lpm_mux:lpm_mux_component|mux_prc:auto_generated|_~565                               ; out0             ;
; |ALU|lpm_mux1:inst31|lpm_mux:lpm_mux_component|mux_prc:auto_generated|_~566                               ; |ALU|lpm_mux1:inst31|lpm_mux:lpm_mux_component|mux_prc:auto_generated|_~566                               ; out0             ;
; |ALU|lpm_mux1:inst31|lpm_mux:lpm_mux_component|mux_prc:auto_generated|_~570                               ; |ALU|lpm_mux1:inst31|lpm_mux:lpm_mux_component|mux_prc:auto_generated|_~570                               ; out0             ;
; |ALU|lpm_mux1:inst31|lpm_mux:lpm_mux_component|mux_prc:auto_generated|_~572                               ; |ALU|lpm_mux1:inst31|lpm_mux:lpm_mux_component|mux_prc:auto_generated|_~572                               ; out0             ;
; |ALU|lpm_mux1:inst31|lpm_mux:lpm_mux_component|mux_prc:auto_generated|_~573                               ; |ALU|lpm_mux1:inst31|lpm_mux:lpm_mux_component|mux_prc:auto_generated|_~573                               ; out0             ;
; |ALU|lpm_mux1:inst31|lpm_mux:lpm_mux_component|mux_prc:auto_generated|_~574                               ; |ALU|lpm_mux1:inst31|lpm_mux:lpm_mux_component|mux_prc:auto_generated|_~574                               ; out0             ;
; |ALU|lpm_mux1:inst31|lpm_mux:lpm_mux_component|mux_prc:auto_generated|_~575                               ; |ALU|lpm_mux1:inst31|lpm_mux:lpm_mux_component|mux_prc:auto_generated|_~575                               ; out0             ;
; |ALU|lpm_mux1:inst31|lpm_mux:lpm_mux_component|mux_prc:auto_generated|_~578                               ; |ALU|lpm_mux1:inst31|lpm_mux:lpm_mux_component|mux_prc:auto_generated|_~578                               ; out0             ;
; |ALU|lpm_mux1:inst31|lpm_mux:lpm_mux_component|mux_prc:auto_generated|_~579                               ; |ALU|lpm_mux1:inst31|lpm_mux:lpm_mux_component|mux_prc:auto_generated|_~579                               ; out0             ;
; |ALU|lpm_mux1:inst31|lpm_mux:lpm_mux_component|mux_prc:auto_generated|result_node[18]~26                  ; |ALU|lpm_mux1:inst31|lpm_mux:lpm_mux_component|mux_prc:auto_generated|result_node[18]~26                  ; out0             ;
; |ALU|lpm_mux1:inst31|lpm_mux:lpm_mux_component|mux_prc:auto_generated|_~581                               ; |ALU|lpm_mux1:inst31|lpm_mux:lpm_mux_component|mux_prc:auto_generated|_~581                               ; out0             ;
; |ALU|lpm_mux1:inst31|lpm_mux:lpm_mux_component|mux_prc:auto_generated|_~583                               ; |ALU|lpm_mux1:inst31|lpm_mux:lpm_mux_component|mux_prc:auto_generated|_~583                               ; out0             ;
; |ALU|lpm_mux1:inst31|lpm_mux:lpm_mux_component|mux_prc:auto_generated|_~585                               ; |ALU|lpm_mux1:inst31|lpm_mux:lpm_mux_component|mux_prc:auto_generated|_~585                               ; out0             ;
; |ALU|lpm_mux1:inst31|lpm_mux:lpm_mux_component|mux_prc:auto_generated|_~587                               ; |ALU|lpm_mux1:inst31|lpm_mux:lpm_mux_component|mux_prc:auto_generated|_~587                               ; out0             ;
; |ALU|lpm_mux1:inst31|lpm_mux:lpm_mux_component|mux_prc:auto_generated|_~588                               ; |ALU|lpm_mux1:inst31|lpm_mux:lpm_mux_component|mux_prc:auto_generated|_~588                               ; out0             ;
; |ALU|lpm_mux1:inst31|lpm_mux:lpm_mux_component|mux_prc:auto_generated|_~590                               ; |ALU|lpm_mux1:inst31|lpm_mux:lpm_mux_component|mux_prc:auto_generated|_~590                               ; out0             ;
; |ALU|lpm_mux1:inst31|lpm_mux:lpm_mux_component|mux_prc:auto_generated|_~592                               ; |ALU|lpm_mux1:inst31|lpm_mux:lpm_mux_component|mux_prc:auto_generated|_~592                               ; out0             ;
; |ALU|lpm_mux1:inst31|lpm_mux:lpm_mux_component|mux_prc:auto_generated|_~594                               ; |ALU|lpm_mux1:inst31|lpm_mux:lpm_mux_component|mux_prc:auto_generated|_~594                               ; out0             ;
; |ALU|lpm_mux1:inst31|lpm_mux:lpm_mux_component|mux_prc:auto_generated|_~596                               ; |ALU|lpm_mux1:inst31|lpm_mux:lpm_mux_component|mux_prc:auto_generated|_~596                               ; out0             ;
; |ALU|lpm_mux1:inst31|lpm_mux:lpm_mux_component|mux_prc:auto_generated|_~597                               ; |ALU|lpm_mux1:inst31|lpm_mux:lpm_mux_component|mux_prc:auto_generated|_~597                               ; out0             ;
; |ALU|lpm_mux1:inst31|lpm_mux:lpm_mux_component|mux_prc:auto_generated|_~599                               ; |ALU|lpm_mux1:inst31|lpm_mux:lpm_mux_component|mux_prc:auto_generated|_~599                               ; out0             ;
; |ALU|lpm_mux1:inst31|lpm_mux:lpm_mux_component|mux_prc:auto_generated|_~600                               ; |ALU|lpm_mux1:inst31|lpm_mux:lpm_mux_component|mux_prc:auto_generated|_~600                               ; out0             ;
; |ALU|lpm_mux1:inst31|lpm_mux:lpm_mux_component|mux_prc:auto_generated|_~601                               ; |ALU|lpm_mux1:inst31|lpm_mux:lpm_mux_component|mux_prc:auto_generated|_~601                               ; out0             ;
; |ALU|lpm_mux1:inst31|lpm_mux:lpm_mux_component|mux_prc:auto_generated|result_node[18]~27                  ; |ALU|lpm_mux1:inst31|lpm_mux:lpm_mux_component|mux_prc:auto_generated|result_node[18]~27                  ; out0             ;
; |ALU|lpm_mux1:inst31|lpm_mux:lpm_mux_component|mux_prc:auto_generated|result_node[18]                     ; |ALU|lpm_mux1:inst31|lpm_mux:lpm_mux_component|mux_prc:auto_generated|result_node[18]                     ; out0             ;
; |ALU|lpm_mux1:inst31|lpm_mux:lpm_mux_component|mux_prc:auto_generated|_~604                               ; |ALU|lpm_mux1:inst31|lpm_mux:lpm_mux_component|mux_prc:auto_generated|_~604                               ; out0             ;
; |ALU|lpm_mux1:inst31|lpm_mux:lpm_mux_component|mux_prc:auto_generated|_~606                               ; |ALU|lpm_mux1:inst31|lpm_mux:lpm_mux_component|mux_prc:auto_generated|_~606                               ; out0             ;
; |ALU|lpm_mux1:inst31|lpm_mux:lpm_mux_component|mux_prc:auto_generated|_~607                               ; |ALU|lpm_mux1:inst31|lpm_mux:lpm_mux_component|mux_prc:auto_generated|_~607                               ; out0             ;
; |ALU|lpm_mux1:inst31|lpm_mux:lpm_mux_component|mux_prc:auto_generated|_~608                               ; |ALU|lpm_mux1:inst31|lpm_mux:lpm_mux_component|mux_prc:auto_generated|_~608                               ; out0             ;
; |ALU|lpm_mux1:inst31|lpm_mux:lpm_mux_component|mux_prc:auto_generated|_~609                               ; |ALU|lpm_mux1:inst31|lpm_mux:lpm_mux_component|mux_prc:auto_generated|_~609                               ; out0             ;
; |ALU|lpm_mux1:inst31|lpm_mux:lpm_mux_component|mux_prc:auto_generated|_~613                               ; |ALU|lpm_mux1:inst31|lpm_mux:lpm_mux_component|mux_prc:auto_generated|_~613                               ; out0             ;
; |ALU|lpm_mux1:inst31|lpm_mux:lpm_mux_component|mux_prc:auto_generated|_~615                               ; |ALU|lpm_mux1:inst31|lpm_mux:lpm_mux_component|mux_prc:auto_generated|_~615                               ; out0             ;
; |ALU|lpm_mux1:inst31|lpm_mux:lpm_mux_component|mux_prc:auto_generated|_~616                               ; |ALU|lpm_mux1:inst31|lpm_mux:lpm_mux_component|mux_prc:auto_generated|_~616                               ; out0             ;
; |ALU|lpm_mux1:inst31|lpm_mux:lpm_mux_component|mux_prc:auto_generated|_~617                               ; |ALU|lpm_mux1:inst31|lpm_mux:lpm_mux_component|mux_prc:auto_generated|_~617                               ; out0             ;
; |ALU|lpm_mux1:inst31|lpm_mux:lpm_mux_component|mux_prc:auto_generated|_~618                               ; |ALU|lpm_mux1:inst31|lpm_mux:lpm_mux_component|mux_prc:auto_generated|_~618                               ; out0             ;
; |ALU|lpm_mux1:inst31|lpm_mux:lpm_mux_component|mux_prc:auto_generated|_~621                               ; |ALU|lpm_mux1:inst31|lpm_mux:lpm_mux_component|mux_prc:auto_generated|_~621                               ; out0             ;
; |ALU|lpm_mux1:inst31|lpm_mux:lpm_mux_component|mux_prc:auto_generated|_~622                               ; |ALU|lpm_mux1:inst31|lpm_mux:lpm_mux_component|mux_prc:auto_generated|_~622                               ; out0             ;
; |ALU|lpm_mux1:inst31|lpm_mux:lpm_mux_component|mux_prc:auto_generated|result_node[17]~28                  ; |ALU|lpm_mux1:inst31|lpm_mux:lpm_mux_component|mux_prc:auto_generated|result_node[17]~28                  ; out0             ;
; |ALU|lpm_mux1:inst31|lpm_mux:lpm_mux_component|mux_prc:auto_generated|_~624                               ; |ALU|lpm_mux1:inst31|lpm_mux:lpm_mux_component|mux_prc:auto_generated|_~624                               ; out0             ;
; |ALU|lpm_mux1:inst31|lpm_mux:lpm_mux_component|mux_prc:auto_generated|_~626                               ; |ALU|lpm_mux1:inst31|lpm_mux:lpm_mux_component|mux_prc:auto_generated|_~626                               ; out0             ;
; |ALU|lpm_mux1:inst31|lpm_mux:lpm_mux_component|mux_prc:auto_generated|_~628                               ; |ALU|lpm_mux1:inst31|lpm_mux:lpm_mux_component|mux_prc:auto_generated|_~628                               ; out0             ;
; |ALU|lpm_mux1:inst31|lpm_mux:lpm_mux_component|mux_prc:auto_generated|_~630                               ; |ALU|lpm_mux1:inst31|lpm_mux:lpm_mux_component|mux_prc:auto_generated|_~630                               ; out0             ;
; |ALU|lpm_mux1:inst31|lpm_mux:lpm_mux_component|mux_prc:auto_generated|_~631                               ; |ALU|lpm_mux1:inst31|lpm_mux:lpm_mux_component|mux_prc:auto_generated|_~631                               ; out0             ;
; |ALU|lpm_mux1:inst31|lpm_mux:lpm_mux_component|mux_prc:auto_generated|_~633                               ; |ALU|lpm_mux1:inst31|lpm_mux:lpm_mux_component|mux_prc:auto_generated|_~633                               ; out0             ;
; |ALU|lpm_mux1:inst31|lpm_mux:lpm_mux_component|mux_prc:auto_generated|_~635                               ; |ALU|lpm_mux1:inst31|lpm_mux:lpm_mux_component|mux_prc:auto_generated|_~635                               ; out0             ;
; |ALU|lpm_mux1:inst31|lpm_mux:lpm_mux_component|mux_prc:auto_generated|_~637                               ; |ALU|lpm_mux1:inst31|lpm_mux:lpm_mux_component|mux_prc:auto_generated|_~637                               ; out0             ;
; |ALU|lpm_mux1:inst31|lpm_mux:lpm_mux_component|mux_prc:auto_generated|_~639                               ; |ALU|lpm_mux1:inst31|lpm_mux:lpm_mux_component|mux_prc:auto_generated|_~639                               ; out0             ;
; |ALU|lpm_mux1:inst31|lpm_mux:lpm_mux_component|mux_prc:auto_generated|_~640                               ; |ALU|lpm_mux1:inst31|lpm_mux:lpm_mux_component|mux_prc:auto_generated|_~640                               ; out0             ;
; |ALU|lpm_mux1:inst31|lpm_mux:lpm_mux_component|mux_prc:auto_generated|_~642                               ; |ALU|lpm_mux1:inst31|lpm_mux:lpm_mux_component|mux_prc:auto_generated|_~642                               ; out0             ;
; |ALU|lpm_mux1:inst31|lpm_mux:lpm_mux_component|mux_prc:auto_generated|_~643                               ; |ALU|lpm_mux1:inst31|lpm_mux:lpm_mux_component|mux_prc:auto_generated|_~643                               ; out0             ;
; |ALU|lpm_mux1:inst31|lpm_mux:lpm_mux_component|mux_prc:auto_generated|_~644                               ; |ALU|lpm_mux1:inst31|lpm_mux:lpm_mux_component|mux_prc:auto_generated|_~644                               ; out0             ;
; |ALU|lpm_mux1:inst31|lpm_mux:lpm_mux_component|mux_prc:auto_generated|result_node[17]~29                  ; |ALU|lpm_mux1:inst31|lpm_mux:lpm_mux_component|mux_prc:auto_generated|result_node[17]~29                  ; out0             ;
; |ALU|lpm_mux1:inst31|lpm_mux:lpm_mux_component|mux_prc:auto_generated|result_node[17]                     ; |ALU|lpm_mux1:inst31|lpm_mux:lpm_mux_component|mux_prc:auto_generated|result_node[17]                     ; out0             ;
; |ALU|lpm_mux1:inst31|lpm_mux:lpm_mux_component|mux_prc:auto_generated|_~647                               ; |ALU|lpm_mux1:inst31|lpm_mux:lpm_mux_component|mux_prc:auto_generated|_~647                               ; out0             ;
; |ALU|lpm_mux1:inst31|lpm_mux:lpm_mux_component|mux_prc:auto_generated|_~649                               ; |ALU|lpm_mux1:inst31|lpm_mux:lpm_mux_component|mux_prc:auto_generated|_~649                               ; out0             ;
; |ALU|lpm_mux1:inst31|lpm_mux:lpm_mux_component|mux_prc:auto_generated|_~650                               ; |ALU|lpm_mux1:inst31|lpm_mux:lpm_mux_component|mux_prc:auto_generated|_~650                               ; out0             ;
; |ALU|lpm_mux1:inst31|lpm_mux:lpm_mux_component|mux_prc:auto_generated|_~651                               ; |ALU|lpm_mux1:inst31|lpm_mux:lpm_mux_component|mux_prc:auto_generated|_~651                               ; out0             ;
; |ALU|lpm_mux1:inst31|lpm_mux:lpm_mux_component|mux_prc:auto_generated|_~652                               ; |ALU|lpm_mux1:inst31|lpm_mux:lpm_mux_component|mux_prc:auto_generated|_~652                               ; out0             ;
; |ALU|lpm_mux1:inst31|lpm_mux:lpm_mux_component|mux_prc:auto_generated|_~656                               ; |ALU|lpm_mux1:inst31|lpm_mux:lpm_mux_component|mux_prc:auto_generated|_~656                               ; out0             ;
; |ALU|lpm_mux1:inst31|lpm_mux:lpm_mux_component|mux_prc:auto_generated|_~658                               ; |ALU|lpm_mux1:inst31|lpm_mux:lpm_mux_component|mux_prc:auto_generated|_~658                               ; out0             ;
; |ALU|lpm_mux1:inst31|lpm_mux:lpm_mux_component|mux_prc:auto_generated|_~659                               ; |ALU|lpm_mux1:inst31|lpm_mux:lpm_mux_component|mux_prc:auto_generated|_~659                               ; out0             ;
; |ALU|lpm_mux1:inst31|lpm_mux:lpm_mux_component|mux_prc:auto_generated|_~660                               ; |ALU|lpm_mux1:inst31|lpm_mux:lpm_mux_component|mux_prc:auto_generated|_~660                               ; out0             ;
; |ALU|lpm_mux1:inst31|lpm_mux:lpm_mux_component|mux_prc:auto_generated|_~661                               ; |ALU|lpm_mux1:inst31|lpm_mux:lpm_mux_component|mux_prc:auto_generated|_~661                               ; out0             ;
; |ALU|lpm_mux1:inst31|lpm_mux:lpm_mux_component|mux_prc:auto_generated|_~664                               ; |ALU|lpm_mux1:inst31|lpm_mux:lpm_mux_component|mux_prc:auto_generated|_~664                               ; out0             ;
; |ALU|lpm_mux1:inst31|lpm_mux:lpm_mux_component|mux_prc:auto_generated|_~665                               ; |ALU|lpm_mux1:inst31|lpm_mux:lpm_mux_component|mux_prc:auto_generated|_~665                               ; out0             ;
; |ALU|lpm_mux1:inst31|lpm_mux:lpm_mux_component|mux_prc:auto_generated|result_node[16]~30                  ; |ALU|lpm_mux1:inst31|lpm_mux:lpm_mux_component|mux_prc:auto_generated|result_node[16]~30                  ; out0             ;
; |ALU|lpm_mux1:inst31|lpm_mux:lpm_mux_component|mux_prc:auto_generated|_~667                               ; |ALU|lpm_mux1:inst31|lpm_mux:lpm_mux_component|mux_prc:auto_generated|_~667                               ; out0             ;
; |ALU|lpm_mux1:inst31|lpm_mux:lpm_mux_component|mux_prc:auto_generated|_~669                               ; |ALU|lpm_mux1:inst31|lpm_mux:lpm_mux_component|mux_prc:auto_generated|_~669                               ; out0             ;
; |ALU|lpm_mux1:inst31|lpm_mux:lpm_mux_component|mux_prc:auto_generated|_~671                               ; |ALU|lpm_mux1:inst31|lpm_mux:lpm_mux_component|mux_prc:auto_generated|_~671                               ; out0             ;
; |ALU|lpm_mux1:inst31|lpm_mux:lpm_mux_component|mux_prc:auto_generated|_~673                               ; |ALU|lpm_mux1:inst31|lpm_mux:lpm_mux_component|mux_prc:auto_generated|_~673                               ; out0             ;
; |ALU|lpm_mux1:inst31|lpm_mux:lpm_mux_component|mux_prc:auto_generated|_~674                               ; |ALU|lpm_mux1:inst31|lpm_mux:lpm_mux_component|mux_prc:auto_generated|_~674                               ; out0             ;
; |ALU|lpm_mux1:inst31|lpm_mux:lpm_mux_component|mux_prc:auto_generated|_~676                               ; |ALU|lpm_mux1:inst31|lpm_mux:lpm_mux_component|mux_prc:auto_generated|_~676                               ; out0             ;
; |ALU|lpm_mux1:inst31|lpm_mux:lpm_mux_component|mux_prc:auto_generated|_~678                               ; |ALU|lpm_mux1:inst31|lpm_mux:lpm_mux_component|mux_prc:auto_generated|_~678                               ; out0             ;
; |ALU|lpm_mux1:inst31|lpm_mux:lpm_mux_component|mux_prc:auto_generated|_~680                               ; |ALU|lpm_mux1:inst31|lpm_mux:lpm_mux_component|mux_prc:auto_generated|_~680                               ; out0             ;
; |ALU|lpm_mux1:inst31|lpm_mux:lpm_mux_component|mux_prc:auto_generated|_~682                               ; |ALU|lpm_mux1:inst31|lpm_mux:lpm_mux_component|mux_prc:auto_generated|_~682                               ; out0             ;
; |ALU|lpm_mux1:inst31|lpm_mux:lpm_mux_component|mux_prc:auto_generated|_~683                               ; |ALU|lpm_mux1:inst31|lpm_mux:lpm_mux_component|mux_prc:auto_generated|_~683                               ; out0             ;
; |ALU|lpm_mux1:inst31|lpm_mux:lpm_mux_component|mux_prc:auto_generated|_~685                               ; |ALU|lpm_mux1:inst31|lpm_mux:lpm_mux_component|mux_prc:auto_generated|_~685                               ; out0             ;
; |ALU|lpm_mux1:inst31|lpm_mux:lpm_mux_component|mux_prc:auto_generated|_~686                               ; |ALU|lpm_mux1:inst31|lpm_mux:lpm_mux_component|mux_prc:auto_generated|_~686                               ; out0             ;
; |ALU|lpm_mux1:inst31|lpm_mux:lpm_mux_component|mux_prc:auto_generated|_~687                               ; |ALU|lpm_mux1:inst31|lpm_mux:lpm_mux_component|mux_prc:auto_generated|_~687                               ; out0             ;
; |ALU|lpm_mux1:inst31|lpm_mux:lpm_mux_component|mux_prc:auto_generated|result_node[16]~31                  ; |ALU|lpm_mux1:inst31|lpm_mux:lpm_mux_component|mux_prc:auto_generated|result_node[16]~31                  ; out0             ;
; |ALU|lpm_mux1:inst31|lpm_mux:lpm_mux_component|mux_prc:auto_generated|result_node[16]                     ; |ALU|lpm_mux1:inst31|lpm_mux:lpm_mux_component|mux_prc:auto_generated|result_node[16]                     ; out0             ;
; |ALU|lpm_mux1:inst31|lpm_mux:lpm_mux_component|mux_prc:auto_generated|_~690                               ; |ALU|lpm_mux1:inst31|lpm_mux:lpm_mux_component|mux_prc:auto_generated|_~690                               ; out0             ;
; |ALU|lpm_mux1:inst31|lpm_mux:lpm_mux_component|mux_prc:auto_generated|_~692                               ; |ALU|lpm_mux1:inst31|lpm_mux:lpm_mux_component|mux_prc:auto_generated|_~692                               ; out0             ;
; |ALU|lpm_mux1:inst31|lpm_mux:lpm_mux_component|mux_prc:auto_generated|_~693                               ; |ALU|lpm_mux1:inst31|lpm_mux:lpm_mux_component|mux_prc:auto_generated|_~693                               ; out0             ;
; |ALU|lpm_mux1:inst31|lpm_mux:lpm_mux_component|mux_prc:auto_generated|_~694                               ; |ALU|lpm_mux1:inst31|lpm_mux:lpm_mux_component|mux_prc:auto_generated|_~694                               ; out0             ;
; |ALU|lpm_mux1:inst31|lpm_mux:lpm_mux_component|mux_prc:auto_generated|_~695                               ; |ALU|lpm_mux1:inst31|lpm_mux:lpm_mux_component|mux_prc:auto_generated|_~695                               ; out0             ;
; |ALU|lpm_mux1:inst31|lpm_mux:lpm_mux_component|mux_prc:auto_generated|_~699                               ; |ALU|lpm_mux1:inst31|lpm_mux:lpm_mux_component|mux_prc:auto_generated|_~699                               ; out0             ;
; |ALU|lpm_mux1:inst31|lpm_mux:lpm_mux_component|mux_prc:auto_generated|_~701                               ; |ALU|lpm_mux1:inst31|lpm_mux:lpm_mux_component|mux_prc:auto_generated|_~701                               ; out0             ;
; |ALU|lpm_mux1:inst31|lpm_mux:lpm_mux_component|mux_prc:auto_generated|_~702                               ; |ALU|lpm_mux1:inst31|lpm_mux:lpm_mux_component|mux_prc:auto_generated|_~702                               ; out0             ;
; |ALU|lpm_mux1:inst31|lpm_mux:lpm_mux_component|mux_prc:auto_generated|_~703                               ; |ALU|lpm_mux1:inst31|lpm_mux:lpm_mux_component|mux_prc:auto_generated|_~703                               ; out0             ;
; |ALU|lpm_mux1:inst31|lpm_mux:lpm_mux_component|mux_prc:auto_generated|_~704                               ; |ALU|lpm_mux1:inst31|lpm_mux:lpm_mux_component|mux_prc:auto_generated|_~704                               ; out0             ;
; |ALU|lpm_mux1:inst31|lpm_mux:lpm_mux_component|mux_prc:auto_generated|_~707                               ; |ALU|lpm_mux1:inst31|lpm_mux:lpm_mux_component|mux_prc:auto_generated|_~707                               ; out0             ;
; |ALU|lpm_mux1:inst31|lpm_mux:lpm_mux_component|mux_prc:auto_generated|_~708                               ; |ALU|lpm_mux1:inst31|lpm_mux:lpm_mux_component|mux_prc:auto_generated|_~708                               ; out0             ;
; |ALU|lpm_mux1:inst31|lpm_mux:lpm_mux_component|mux_prc:auto_generated|result_node[15]~32                  ; |ALU|lpm_mux1:inst31|lpm_mux:lpm_mux_component|mux_prc:auto_generated|result_node[15]~32                  ; out0             ;
; |ALU|lpm_mux1:inst31|lpm_mux:lpm_mux_component|mux_prc:auto_generated|_~710                               ; |ALU|lpm_mux1:inst31|lpm_mux:lpm_mux_component|mux_prc:auto_generated|_~710                               ; out0             ;
; |ALU|lpm_mux1:inst31|lpm_mux:lpm_mux_component|mux_prc:auto_generated|_~712                               ; |ALU|lpm_mux1:inst31|lpm_mux:lpm_mux_component|mux_prc:auto_generated|_~712                               ; out0             ;
; |ALU|lpm_mux1:inst31|lpm_mux:lpm_mux_component|mux_prc:auto_generated|_~714                               ; |ALU|lpm_mux1:inst31|lpm_mux:lpm_mux_component|mux_prc:auto_generated|_~714                               ; out0             ;
; |ALU|lpm_mux1:inst31|lpm_mux:lpm_mux_component|mux_prc:auto_generated|_~716                               ; |ALU|lpm_mux1:inst31|lpm_mux:lpm_mux_component|mux_prc:auto_generated|_~716                               ; out0             ;
; |ALU|lpm_mux1:inst31|lpm_mux:lpm_mux_component|mux_prc:auto_generated|_~717                               ; |ALU|lpm_mux1:inst31|lpm_mux:lpm_mux_component|mux_prc:auto_generated|_~717                               ; out0             ;
; |ALU|lpm_mux1:inst31|lpm_mux:lpm_mux_component|mux_prc:auto_generated|_~719                               ; |ALU|lpm_mux1:inst31|lpm_mux:lpm_mux_component|mux_prc:auto_generated|_~719                               ; out0             ;
; |ALU|lpm_mux1:inst31|lpm_mux:lpm_mux_component|mux_prc:auto_generated|_~721                               ; |ALU|lpm_mux1:inst31|lpm_mux:lpm_mux_component|mux_prc:auto_generated|_~721                               ; out0             ;
; |ALU|lpm_mux1:inst31|lpm_mux:lpm_mux_component|mux_prc:auto_generated|_~723                               ; |ALU|lpm_mux1:inst31|lpm_mux:lpm_mux_component|mux_prc:auto_generated|_~723                               ; out0             ;
; |ALU|lpm_mux1:inst31|lpm_mux:lpm_mux_component|mux_prc:auto_generated|_~725                               ; |ALU|lpm_mux1:inst31|lpm_mux:lpm_mux_component|mux_prc:auto_generated|_~725                               ; out0             ;
; |ALU|lpm_mux1:inst31|lpm_mux:lpm_mux_component|mux_prc:auto_generated|_~726                               ; |ALU|lpm_mux1:inst31|lpm_mux:lpm_mux_component|mux_prc:auto_generated|_~726                               ; out0             ;
; |ALU|lpm_mux1:inst31|lpm_mux:lpm_mux_component|mux_prc:auto_generated|_~728                               ; |ALU|lpm_mux1:inst31|lpm_mux:lpm_mux_component|mux_prc:auto_generated|_~728                               ; out0             ;
; |ALU|lpm_mux1:inst31|lpm_mux:lpm_mux_component|mux_prc:auto_generated|_~729                               ; |ALU|lpm_mux1:inst31|lpm_mux:lpm_mux_component|mux_prc:auto_generated|_~729                               ; out0             ;
; |ALU|lpm_mux1:inst31|lpm_mux:lpm_mux_component|mux_prc:auto_generated|_~730                               ; |ALU|lpm_mux1:inst31|lpm_mux:lpm_mux_component|mux_prc:auto_generated|_~730                               ; out0             ;
; |ALU|lpm_mux1:inst31|lpm_mux:lpm_mux_component|mux_prc:auto_generated|result_node[15]~33                  ; |ALU|lpm_mux1:inst31|lpm_mux:lpm_mux_component|mux_prc:auto_generated|result_node[15]~33                  ; out0             ;
; |ALU|lpm_mux1:inst31|lpm_mux:lpm_mux_component|mux_prc:auto_generated|result_node[15]                     ; |ALU|lpm_mux1:inst31|lpm_mux:lpm_mux_component|mux_prc:auto_generated|result_node[15]                     ; out0             ;
; |ALU|lpm_mux1:inst31|lpm_mux:lpm_mux_component|mux_prc:auto_generated|_~733                               ; |ALU|lpm_mux1:inst31|lpm_mux:lpm_mux_component|mux_prc:auto_generated|_~733                               ; out0             ;
; |ALU|lpm_mux1:inst31|lpm_mux:lpm_mux_component|mux_prc:auto_generated|_~735                               ; |ALU|lpm_mux1:inst31|lpm_mux:lpm_mux_component|mux_prc:auto_generated|_~735                               ; out0             ;
; |ALU|lpm_mux1:inst31|lpm_mux:lpm_mux_component|mux_prc:auto_generated|_~736                               ; |ALU|lpm_mux1:inst31|lpm_mux:lpm_mux_component|mux_prc:auto_generated|_~736                               ; out0             ;
; |ALU|lpm_mux1:inst31|lpm_mux:lpm_mux_component|mux_prc:auto_generated|_~737                               ; |ALU|lpm_mux1:inst31|lpm_mux:lpm_mux_component|mux_prc:auto_generated|_~737                               ; out0             ;
; |ALU|lpm_mux1:inst31|lpm_mux:lpm_mux_component|mux_prc:auto_generated|_~738                               ; |ALU|lpm_mux1:inst31|lpm_mux:lpm_mux_component|mux_prc:auto_generated|_~738                               ; out0             ;
; |ALU|lpm_mux1:inst31|lpm_mux:lpm_mux_component|mux_prc:auto_generated|_~742                               ; |ALU|lpm_mux1:inst31|lpm_mux:lpm_mux_component|mux_prc:auto_generated|_~742                               ; out0             ;
; |ALU|lpm_mux1:inst31|lpm_mux:lpm_mux_component|mux_prc:auto_generated|_~744                               ; |ALU|lpm_mux1:inst31|lpm_mux:lpm_mux_component|mux_prc:auto_generated|_~744                               ; out0             ;
; |ALU|lpm_mux1:inst31|lpm_mux:lpm_mux_component|mux_prc:auto_generated|_~745                               ; |ALU|lpm_mux1:inst31|lpm_mux:lpm_mux_component|mux_prc:auto_generated|_~745                               ; out0             ;
; |ALU|lpm_mux1:inst31|lpm_mux:lpm_mux_component|mux_prc:auto_generated|_~746                               ; |ALU|lpm_mux1:inst31|lpm_mux:lpm_mux_component|mux_prc:auto_generated|_~746                               ; out0             ;
; |ALU|lpm_mux1:inst31|lpm_mux:lpm_mux_component|mux_prc:auto_generated|_~747                               ; |ALU|lpm_mux1:inst31|lpm_mux:lpm_mux_component|mux_prc:auto_generated|_~747                               ; out0             ;
; |ALU|lpm_mux1:inst31|lpm_mux:lpm_mux_component|mux_prc:auto_generated|_~750                               ; |ALU|lpm_mux1:inst31|lpm_mux:lpm_mux_component|mux_prc:auto_generated|_~750                               ; out0             ;
; |ALU|lpm_mux1:inst31|lpm_mux:lpm_mux_component|mux_prc:auto_generated|_~751                               ; |ALU|lpm_mux1:inst31|lpm_mux:lpm_mux_component|mux_prc:auto_generated|_~751                               ; out0             ;
; |ALU|lpm_mux1:inst31|lpm_mux:lpm_mux_component|mux_prc:auto_generated|result_node[14]~34                  ; |ALU|lpm_mux1:inst31|lpm_mux:lpm_mux_component|mux_prc:auto_generated|result_node[14]~34                  ; out0             ;
; |ALU|lpm_mux1:inst31|lpm_mux:lpm_mux_component|mux_prc:auto_generated|_~753                               ; |ALU|lpm_mux1:inst31|lpm_mux:lpm_mux_component|mux_prc:auto_generated|_~753                               ; out0             ;
; |ALU|lpm_mux1:inst31|lpm_mux:lpm_mux_component|mux_prc:auto_generated|_~755                               ; |ALU|lpm_mux1:inst31|lpm_mux:lpm_mux_component|mux_prc:auto_generated|_~755                               ; out0             ;
; |ALU|lpm_mux1:inst31|lpm_mux:lpm_mux_component|mux_prc:auto_generated|_~757                               ; |ALU|lpm_mux1:inst31|lpm_mux:lpm_mux_component|mux_prc:auto_generated|_~757                               ; out0             ;
; |ALU|lpm_mux1:inst31|lpm_mux:lpm_mux_component|mux_prc:auto_generated|_~759                               ; |ALU|lpm_mux1:inst31|lpm_mux:lpm_mux_component|mux_prc:auto_generated|_~759                               ; out0             ;
; |ALU|lpm_mux1:inst31|lpm_mux:lpm_mux_component|mux_prc:auto_generated|_~760                               ; |ALU|lpm_mux1:inst31|lpm_mux:lpm_mux_component|mux_prc:auto_generated|_~760                               ; out0             ;
; |ALU|lpm_mux1:inst31|lpm_mux:lpm_mux_component|mux_prc:auto_generated|_~762                               ; |ALU|lpm_mux1:inst31|lpm_mux:lpm_mux_component|mux_prc:auto_generated|_~762                               ; out0             ;
; |ALU|lpm_mux1:inst31|lpm_mux:lpm_mux_component|mux_prc:auto_generated|_~764                               ; |ALU|lpm_mux1:inst31|lpm_mux:lpm_mux_component|mux_prc:auto_generated|_~764                               ; out0             ;
; |ALU|lpm_mux1:inst31|lpm_mux:lpm_mux_component|mux_prc:auto_generated|_~766                               ; |ALU|lpm_mux1:inst31|lpm_mux:lpm_mux_component|mux_prc:auto_generated|_~766                               ; out0             ;
; |ALU|lpm_mux1:inst31|lpm_mux:lpm_mux_component|mux_prc:auto_generated|_~768                               ; |ALU|lpm_mux1:inst31|lpm_mux:lpm_mux_component|mux_prc:auto_generated|_~768                               ; out0             ;
; |ALU|lpm_mux1:inst31|lpm_mux:lpm_mux_component|mux_prc:auto_generated|_~769                               ; |ALU|lpm_mux1:inst31|lpm_mux:lpm_mux_component|mux_prc:auto_generated|_~769                               ; out0             ;
; |ALU|lpm_mux1:inst31|lpm_mux:lpm_mux_component|mux_prc:auto_generated|_~771                               ; |ALU|lpm_mux1:inst31|lpm_mux:lpm_mux_component|mux_prc:auto_generated|_~771                               ; out0             ;
; |ALU|lpm_mux1:inst31|lpm_mux:lpm_mux_component|mux_prc:auto_generated|_~772                               ; |ALU|lpm_mux1:inst31|lpm_mux:lpm_mux_component|mux_prc:auto_generated|_~772                               ; out0             ;
; |ALU|lpm_mux1:inst31|lpm_mux:lpm_mux_component|mux_prc:auto_generated|_~773                               ; |ALU|lpm_mux1:inst31|lpm_mux:lpm_mux_component|mux_prc:auto_generated|_~773                               ; out0             ;
; |ALU|lpm_mux1:inst31|lpm_mux:lpm_mux_component|mux_prc:auto_generated|result_node[14]~35                  ; |ALU|lpm_mux1:inst31|lpm_mux:lpm_mux_component|mux_prc:auto_generated|result_node[14]~35                  ; out0             ;
; |ALU|lpm_mux1:inst31|lpm_mux:lpm_mux_component|mux_prc:auto_generated|result_node[14]                     ; |ALU|lpm_mux1:inst31|lpm_mux:lpm_mux_component|mux_prc:auto_generated|result_node[14]                     ; out0             ;
; |ALU|lpm_mux1:inst31|lpm_mux:lpm_mux_component|mux_prc:auto_generated|_~776                               ; |ALU|lpm_mux1:inst31|lpm_mux:lpm_mux_component|mux_prc:auto_generated|_~776                               ; out0             ;
; |ALU|lpm_mux1:inst31|lpm_mux:lpm_mux_component|mux_prc:auto_generated|_~778                               ; |ALU|lpm_mux1:inst31|lpm_mux:lpm_mux_component|mux_prc:auto_generated|_~778                               ; out0             ;
; |ALU|lpm_mux1:inst31|lpm_mux:lpm_mux_component|mux_prc:auto_generated|_~779                               ; |ALU|lpm_mux1:inst31|lpm_mux:lpm_mux_component|mux_prc:auto_generated|_~779                               ; out0             ;
; |ALU|lpm_mux1:inst31|lpm_mux:lpm_mux_component|mux_prc:auto_generated|_~780                               ; |ALU|lpm_mux1:inst31|lpm_mux:lpm_mux_component|mux_prc:auto_generated|_~780                               ; out0             ;
; |ALU|lpm_mux1:inst31|lpm_mux:lpm_mux_component|mux_prc:auto_generated|_~781                               ; |ALU|lpm_mux1:inst31|lpm_mux:lpm_mux_component|mux_prc:auto_generated|_~781                               ; out0             ;
; |ALU|lpm_mux1:inst31|lpm_mux:lpm_mux_component|mux_prc:auto_generated|_~785                               ; |ALU|lpm_mux1:inst31|lpm_mux:lpm_mux_component|mux_prc:auto_generated|_~785                               ; out0             ;
; |ALU|lpm_mux1:inst31|lpm_mux:lpm_mux_component|mux_prc:auto_generated|_~787                               ; |ALU|lpm_mux1:inst31|lpm_mux:lpm_mux_component|mux_prc:auto_generated|_~787                               ; out0             ;
; |ALU|lpm_mux1:inst31|lpm_mux:lpm_mux_component|mux_prc:auto_generated|_~788                               ; |ALU|lpm_mux1:inst31|lpm_mux:lpm_mux_component|mux_prc:auto_generated|_~788                               ; out0             ;
; |ALU|lpm_mux1:inst31|lpm_mux:lpm_mux_component|mux_prc:auto_generated|_~789                               ; |ALU|lpm_mux1:inst31|lpm_mux:lpm_mux_component|mux_prc:auto_generated|_~789                               ; out0             ;
; |ALU|lpm_mux1:inst31|lpm_mux:lpm_mux_component|mux_prc:auto_generated|_~790                               ; |ALU|lpm_mux1:inst31|lpm_mux:lpm_mux_component|mux_prc:auto_generated|_~790                               ; out0             ;
; |ALU|lpm_mux1:inst31|lpm_mux:lpm_mux_component|mux_prc:auto_generated|_~793                               ; |ALU|lpm_mux1:inst31|lpm_mux:lpm_mux_component|mux_prc:auto_generated|_~793                               ; out0             ;
; |ALU|lpm_mux1:inst31|lpm_mux:lpm_mux_component|mux_prc:auto_generated|_~794                               ; |ALU|lpm_mux1:inst31|lpm_mux:lpm_mux_component|mux_prc:auto_generated|_~794                               ; out0             ;
; |ALU|lpm_mux1:inst31|lpm_mux:lpm_mux_component|mux_prc:auto_generated|result_node[13]~36                  ; |ALU|lpm_mux1:inst31|lpm_mux:lpm_mux_component|mux_prc:auto_generated|result_node[13]~36                  ; out0             ;
; |ALU|lpm_mux1:inst31|lpm_mux:lpm_mux_component|mux_prc:auto_generated|_~796                               ; |ALU|lpm_mux1:inst31|lpm_mux:lpm_mux_component|mux_prc:auto_generated|_~796                               ; out0             ;
; |ALU|lpm_mux1:inst31|lpm_mux:lpm_mux_component|mux_prc:auto_generated|_~798                               ; |ALU|lpm_mux1:inst31|lpm_mux:lpm_mux_component|mux_prc:auto_generated|_~798                               ; out0             ;
; |ALU|lpm_mux1:inst31|lpm_mux:lpm_mux_component|mux_prc:auto_generated|_~800                               ; |ALU|lpm_mux1:inst31|lpm_mux:lpm_mux_component|mux_prc:auto_generated|_~800                               ; out0             ;
; |ALU|lpm_mux1:inst31|lpm_mux:lpm_mux_component|mux_prc:auto_generated|_~802                               ; |ALU|lpm_mux1:inst31|lpm_mux:lpm_mux_component|mux_prc:auto_generated|_~802                               ; out0             ;
; |ALU|lpm_mux1:inst31|lpm_mux:lpm_mux_component|mux_prc:auto_generated|_~803                               ; |ALU|lpm_mux1:inst31|lpm_mux:lpm_mux_component|mux_prc:auto_generated|_~803                               ; out0             ;
; |ALU|lpm_mux1:inst31|lpm_mux:lpm_mux_component|mux_prc:auto_generated|_~805                               ; |ALU|lpm_mux1:inst31|lpm_mux:lpm_mux_component|mux_prc:auto_generated|_~805                               ; out0             ;
; |ALU|lpm_mux1:inst31|lpm_mux:lpm_mux_component|mux_prc:auto_generated|_~807                               ; |ALU|lpm_mux1:inst31|lpm_mux:lpm_mux_component|mux_prc:auto_generated|_~807                               ; out0             ;
; |ALU|lpm_mux1:inst31|lpm_mux:lpm_mux_component|mux_prc:auto_generated|_~809                               ; |ALU|lpm_mux1:inst31|lpm_mux:lpm_mux_component|mux_prc:auto_generated|_~809                               ; out0             ;
; |ALU|lpm_mux1:inst31|lpm_mux:lpm_mux_component|mux_prc:auto_generated|_~811                               ; |ALU|lpm_mux1:inst31|lpm_mux:lpm_mux_component|mux_prc:auto_generated|_~811                               ; out0             ;
; |ALU|lpm_mux1:inst31|lpm_mux:lpm_mux_component|mux_prc:auto_generated|_~812                               ; |ALU|lpm_mux1:inst31|lpm_mux:lpm_mux_component|mux_prc:auto_generated|_~812                               ; out0             ;
; |ALU|lpm_mux1:inst31|lpm_mux:lpm_mux_component|mux_prc:auto_generated|_~814                               ; |ALU|lpm_mux1:inst31|lpm_mux:lpm_mux_component|mux_prc:auto_generated|_~814                               ; out0             ;
; |ALU|lpm_mux1:inst31|lpm_mux:lpm_mux_component|mux_prc:auto_generated|_~815                               ; |ALU|lpm_mux1:inst31|lpm_mux:lpm_mux_component|mux_prc:auto_generated|_~815                               ; out0             ;
; |ALU|lpm_mux1:inst31|lpm_mux:lpm_mux_component|mux_prc:auto_generated|_~816                               ; |ALU|lpm_mux1:inst31|lpm_mux:lpm_mux_component|mux_prc:auto_generated|_~816                               ; out0             ;
; |ALU|lpm_mux1:inst31|lpm_mux:lpm_mux_component|mux_prc:auto_generated|result_node[13]~37                  ; |ALU|lpm_mux1:inst31|lpm_mux:lpm_mux_component|mux_prc:auto_generated|result_node[13]~37                  ; out0             ;
; |ALU|lpm_mux1:inst31|lpm_mux:lpm_mux_component|mux_prc:auto_generated|result_node[13]                     ; |ALU|lpm_mux1:inst31|lpm_mux:lpm_mux_component|mux_prc:auto_generated|result_node[13]                     ; out0             ;
; |ALU|lpm_mux1:inst31|lpm_mux:lpm_mux_component|mux_prc:auto_generated|_~819                               ; |ALU|lpm_mux1:inst31|lpm_mux:lpm_mux_component|mux_prc:auto_generated|_~819                               ; out0             ;
; |ALU|lpm_mux1:inst31|lpm_mux:lpm_mux_component|mux_prc:auto_generated|_~821                               ; |ALU|lpm_mux1:inst31|lpm_mux:lpm_mux_component|mux_prc:auto_generated|_~821                               ; out0             ;
; |ALU|lpm_mux1:inst31|lpm_mux:lpm_mux_component|mux_prc:auto_generated|_~822                               ; |ALU|lpm_mux1:inst31|lpm_mux:lpm_mux_component|mux_prc:auto_generated|_~822                               ; out0             ;
; |ALU|lpm_mux1:inst31|lpm_mux:lpm_mux_component|mux_prc:auto_generated|_~823                               ; |ALU|lpm_mux1:inst31|lpm_mux:lpm_mux_component|mux_prc:auto_generated|_~823                               ; out0             ;
; |ALU|lpm_mux1:inst31|lpm_mux:lpm_mux_component|mux_prc:auto_generated|_~824                               ; |ALU|lpm_mux1:inst31|lpm_mux:lpm_mux_component|mux_prc:auto_generated|_~824                               ; out0             ;
; |ALU|lpm_mux1:inst31|lpm_mux:lpm_mux_component|mux_prc:auto_generated|_~828                               ; |ALU|lpm_mux1:inst31|lpm_mux:lpm_mux_component|mux_prc:auto_generated|_~828                               ; out0             ;
; |ALU|lpm_mux1:inst31|lpm_mux:lpm_mux_component|mux_prc:auto_generated|_~830                               ; |ALU|lpm_mux1:inst31|lpm_mux:lpm_mux_component|mux_prc:auto_generated|_~830                               ; out0             ;
; |ALU|lpm_mux1:inst31|lpm_mux:lpm_mux_component|mux_prc:auto_generated|_~831                               ; |ALU|lpm_mux1:inst31|lpm_mux:lpm_mux_component|mux_prc:auto_generated|_~831                               ; out0             ;
; |ALU|lpm_mux1:inst31|lpm_mux:lpm_mux_component|mux_prc:auto_generated|_~832                               ; |ALU|lpm_mux1:inst31|lpm_mux:lpm_mux_component|mux_prc:auto_generated|_~832                               ; out0             ;
; |ALU|lpm_mux1:inst31|lpm_mux:lpm_mux_component|mux_prc:auto_generated|_~833                               ; |ALU|lpm_mux1:inst31|lpm_mux:lpm_mux_component|mux_prc:auto_generated|_~833                               ; out0             ;
; |ALU|lpm_mux1:inst31|lpm_mux:lpm_mux_component|mux_prc:auto_generated|_~836                               ; |ALU|lpm_mux1:inst31|lpm_mux:lpm_mux_component|mux_prc:auto_generated|_~836                               ; out0             ;
; |ALU|lpm_mux1:inst31|lpm_mux:lpm_mux_component|mux_prc:auto_generated|_~837                               ; |ALU|lpm_mux1:inst31|lpm_mux:lpm_mux_component|mux_prc:auto_generated|_~837                               ; out0             ;
; |ALU|lpm_mux1:inst31|lpm_mux:lpm_mux_component|mux_prc:auto_generated|result_node[12]~38                  ; |ALU|lpm_mux1:inst31|lpm_mux:lpm_mux_component|mux_prc:auto_generated|result_node[12]~38                  ; out0             ;
; |ALU|lpm_mux1:inst31|lpm_mux:lpm_mux_component|mux_prc:auto_generated|_~839                               ; |ALU|lpm_mux1:inst31|lpm_mux:lpm_mux_component|mux_prc:auto_generated|_~839                               ; out0             ;
; |ALU|lpm_mux1:inst31|lpm_mux:lpm_mux_component|mux_prc:auto_generated|_~841                               ; |ALU|lpm_mux1:inst31|lpm_mux:lpm_mux_component|mux_prc:auto_generated|_~841                               ; out0             ;
; |ALU|lpm_mux1:inst31|lpm_mux:lpm_mux_component|mux_prc:auto_generated|_~843                               ; |ALU|lpm_mux1:inst31|lpm_mux:lpm_mux_component|mux_prc:auto_generated|_~843                               ; out0             ;
; |ALU|lpm_mux1:inst31|lpm_mux:lpm_mux_component|mux_prc:auto_generated|_~845                               ; |ALU|lpm_mux1:inst31|lpm_mux:lpm_mux_component|mux_prc:auto_generated|_~845                               ; out0             ;
; |ALU|lpm_mux1:inst31|lpm_mux:lpm_mux_component|mux_prc:auto_generated|_~846                               ; |ALU|lpm_mux1:inst31|lpm_mux:lpm_mux_component|mux_prc:auto_generated|_~846                               ; out0             ;
; |ALU|lpm_mux1:inst31|lpm_mux:lpm_mux_component|mux_prc:auto_generated|_~848                               ; |ALU|lpm_mux1:inst31|lpm_mux:lpm_mux_component|mux_prc:auto_generated|_~848                               ; out0             ;
; |ALU|lpm_mux1:inst31|lpm_mux:lpm_mux_component|mux_prc:auto_generated|_~850                               ; |ALU|lpm_mux1:inst31|lpm_mux:lpm_mux_component|mux_prc:auto_generated|_~850                               ; out0             ;
; |ALU|lpm_mux1:inst31|lpm_mux:lpm_mux_component|mux_prc:auto_generated|_~852                               ; |ALU|lpm_mux1:inst31|lpm_mux:lpm_mux_component|mux_prc:auto_generated|_~852                               ; out0             ;
; |ALU|lpm_mux1:inst31|lpm_mux:lpm_mux_component|mux_prc:auto_generated|_~854                               ; |ALU|lpm_mux1:inst31|lpm_mux:lpm_mux_component|mux_prc:auto_generated|_~854                               ; out0             ;
; |ALU|lpm_mux1:inst31|lpm_mux:lpm_mux_component|mux_prc:auto_generated|_~855                               ; |ALU|lpm_mux1:inst31|lpm_mux:lpm_mux_component|mux_prc:auto_generated|_~855                               ; out0             ;
; |ALU|lpm_mux1:inst31|lpm_mux:lpm_mux_component|mux_prc:auto_generated|_~857                               ; |ALU|lpm_mux1:inst31|lpm_mux:lpm_mux_component|mux_prc:auto_generated|_~857                               ; out0             ;
; |ALU|lpm_mux1:inst31|lpm_mux:lpm_mux_component|mux_prc:auto_generated|_~858                               ; |ALU|lpm_mux1:inst31|lpm_mux:lpm_mux_component|mux_prc:auto_generated|_~858                               ; out0             ;
; |ALU|lpm_mux1:inst31|lpm_mux:lpm_mux_component|mux_prc:auto_generated|_~859                               ; |ALU|lpm_mux1:inst31|lpm_mux:lpm_mux_component|mux_prc:auto_generated|_~859                               ; out0             ;
; |ALU|lpm_mux1:inst31|lpm_mux:lpm_mux_component|mux_prc:auto_generated|result_node[12]~39                  ; |ALU|lpm_mux1:inst31|lpm_mux:lpm_mux_component|mux_prc:auto_generated|result_node[12]~39                  ; out0             ;
; |ALU|lpm_mux1:inst31|lpm_mux:lpm_mux_component|mux_prc:auto_generated|result_node[12]                     ; |ALU|lpm_mux1:inst31|lpm_mux:lpm_mux_component|mux_prc:auto_generated|result_node[12]                     ; out0             ;
; |ALU|lpm_mux1:inst31|lpm_mux:lpm_mux_component|mux_prc:auto_generated|_~862                               ; |ALU|lpm_mux1:inst31|lpm_mux:lpm_mux_component|mux_prc:auto_generated|_~862                               ; out0             ;
; |ALU|lpm_mux1:inst31|lpm_mux:lpm_mux_component|mux_prc:auto_generated|_~864                               ; |ALU|lpm_mux1:inst31|lpm_mux:lpm_mux_component|mux_prc:auto_generated|_~864                               ; out0             ;
; |ALU|lpm_mux1:inst31|lpm_mux:lpm_mux_component|mux_prc:auto_generated|_~865                               ; |ALU|lpm_mux1:inst31|lpm_mux:lpm_mux_component|mux_prc:auto_generated|_~865                               ; out0             ;
; |ALU|lpm_mux1:inst31|lpm_mux:lpm_mux_component|mux_prc:auto_generated|_~866                               ; |ALU|lpm_mux1:inst31|lpm_mux:lpm_mux_component|mux_prc:auto_generated|_~866                               ; out0             ;
; |ALU|lpm_mux1:inst31|lpm_mux:lpm_mux_component|mux_prc:auto_generated|_~867                               ; |ALU|lpm_mux1:inst31|lpm_mux:lpm_mux_component|mux_prc:auto_generated|_~867                               ; out0             ;
; |ALU|lpm_mux1:inst31|lpm_mux:lpm_mux_component|mux_prc:auto_generated|_~871                               ; |ALU|lpm_mux1:inst31|lpm_mux:lpm_mux_component|mux_prc:auto_generated|_~871                               ; out0             ;
; |ALU|lpm_mux1:inst31|lpm_mux:lpm_mux_component|mux_prc:auto_generated|_~873                               ; |ALU|lpm_mux1:inst31|lpm_mux:lpm_mux_component|mux_prc:auto_generated|_~873                               ; out0             ;
; |ALU|lpm_mux1:inst31|lpm_mux:lpm_mux_component|mux_prc:auto_generated|_~874                               ; |ALU|lpm_mux1:inst31|lpm_mux:lpm_mux_component|mux_prc:auto_generated|_~874                               ; out0             ;
; |ALU|lpm_mux1:inst31|lpm_mux:lpm_mux_component|mux_prc:auto_generated|_~875                               ; |ALU|lpm_mux1:inst31|lpm_mux:lpm_mux_component|mux_prc:auto_generated|_~875                               ; out0             ;
; |ALU|lpm_mux1:inst31|lpm_mux:lpm_mux_component|mux_prc:auto_generated|_~876                               ; |ALU|lpm_mux1:inst31|lpm_mux:lpm_mux_component|mux_prc:auto_generated|_~876                               ; out0             ;
; |ALU|lpm_mux1:inst31|lpm_mux:lpm_mux_component|mux_prc:auto_generated|_~879                               ; |ALU|lpm_mux1:inst31|lpm_mux:lpm_mux_component|mux_prc:auto_generated|_~879                               ; out0             ;
; |ALU|lpm_mux1:inst31|lpm_mux:lpm_mux_component|mux_prc:auto_generated|_~880                               ; |ALU|lpm_mux1:inst31|lpm_mux:lpm_mux_component|mux_prc:auto_generated|_~880                               ; out0             ;
; |ALU|lpm_mux1:inst31|lpm_mux:lpm_mux_component|mux_prc:auto_generated|result_node[11]~40                  ; |ALU|lpm_mux1:inst31|lpm_mux:lpm_mux_component|mux_prc:auto_generated|result_node[11]~40                  ; out0             ;
; |ALU|lpm_mux1:inst31|lpm_mux:lpm_mux_component|mux_prc:auto_generated|_~882                               ; |ALU|lpm_mux1:inst31|lpm_mux:lpm_mux_component|mux_prc:auto_generated|_~882                               ; out0             ;
; |ALU|lpm_mux1:inst31|lpm_mux:lpm_mux_component|mux_prc:auto_generated|_~884                               ; |ALU|lpm_mux1:inst31|lpm_mux:lpm_mux_component|mux_prc:auto_generated|_~884                               ; out0             ;
; |ALU|lpm_mux1:inst31|lpm_mux:lpm_mux_component|mux_prc:auto_generated|_~886                               ; |ALU|lpm_mux1:inst31|lpm_mux:lpm_mux_component|mux_prc:auto_generated|_~886                               ; out0             ;
; |ALU|lpm_mux1:inst31|lpm_mux:lpm_mux_component|mux_prc:auto_generated|_~888                               ; |ALU|lpm_mux1:inst31|lpm_mux:lpm_mux_component|mux_prc:auto_generated|_~888                               ; out0             ;
; |ALU|lpm_mux1:inst31|lpm_mux:lpm_mux_component|mux_prc:auto_generated|_~889                               ; |ALU|lpm_mux1:inst31|lpm_mux:lpm_mux_component|mux_prc:auto_generated|_~889                               ; out0             ;
; |ALU|lpm_mux1:inst31|lpm_mux:lpm_mux_component|mux_prc:auto_generated|_~891                               ; |ALU|lpm_mux1:inst31|lpm_mux:lpm_mux_component|mux_prc:auto_generated|_~891                               ; out0             ;
; |ALU|lpm_mux1:inst31|lpm_mux:lpm_mux_component|mux_prc:auto_generated|_~893                               ; |ALU|lpm_mux1:inst31|lpm_mux:lpm_mux_component|mux_prc:auto_generated|_~893                               ; out0             ;
; |ALU|lpm_mux1:inst31|lpm_mux:lpm_mux_component|mux_prc:auto_generated|_~895                               ; |ALU|lpm_mux1:inst31|lpm_mux:lpm_mux_component|mux_prc:auto_generated|_~895                               ; out0             ;
; |ALU|lpm_mux1:inst31|lpm_mux:lpm_mux_component|mux_prc:auto_generated|_~897                               ; |ALU|lpm_mux1:inst31|lpm_mux:lpm_mux_component|mux_prc:auto_generated|_~897                               ; out0             ;
; |ALU|lpm_mux1:inst31|lpm_mux:lpm_mux_component|mux_prc:auto_generated|_~898                               ; |ALU|lpm_mux1:inst31|lpm_mux:lpm_mux_component|mux_prc:auto_generated|_~898                               ; out0             ;
; |ALU|lpm_mux1:inst31|lpm_mux:lpm_mux_component|mux_prc:auto_generated|_~900                               ; |ALU|lpm_mux1:inst31|lpm_mux:lpm_mux_component|mux_prc:auto_generated|_~900                               ; out0             ;
; |ALU|lpm_mux1:inst31|lpm_mux:lpm_mux_component|mux_prc:auto_generated|_~901                               ; |ALU|lpm_mux1:inst31|lpm_mux:lpm_mux_component|mux_prc:auto_generated|_~901                               ; out0             ;
; |ALU|lpm_mux1:inst31|lpm_mux:lpm_mux_component|mux_prc:auto_generated|_~902                               ; |ALU|lpm_mux1:inst31|lpm_mux:lpm_mux_component|mux_prc:auto_generated|_~902                               ; out0             ;
; |ALU|lpm_mux1:inst31|lpm_mux:lpm_mux_component|mux_prc:auto_generated|result_node[11]~41                  ; |ALU|lpm_mux1:inst31|lpm_mux:lpm_mux_component|mux_prc:auto_generated|result_node[11]~41                  ; out0             ;
; |ALU|lpm_mux1:inst31|lpm_mux:lpm_mux_component|mux_prc:auto_generated|result_node[11]                     ; |ALU|lpm_mux1:inst31|lpm_mux:lpm_mux_component|mux_prc:auto_generated|result_node[11]                     ; out0             ;
; |ALU|lpm_mux1:inst31|lpm_mux:lpm_mux_component|mux_prc:auto_generated|_~905                               ; |ALU|lpm_mux1:inst31|lpm_mux:lpm_mux_component|mux_prc:auto_generated|_~905                               ; out0             ;
; |ALU|lpm_mux1:inst31|lpm_mux:lpm_mux_component|mux_prc:auto_generated|_~907                               ; |ALU|lpm_mux1:inst31|lpm_mux:lpm_mux_component|mux_prc:auto_generated|_~907                               ; out0             ;
; |ALU|lpm_mux1:inst31|lpm_mux:lpm_mux_component|mux_prc:auto_generated|_~908                               ; |ALU|lpm_mux1:inst31|lpm_mux:lpm_mux_component|mux_prc:auto_generated|_~908                               ; out0             ;
; |ALU|lpm_mux1:inst31|lpm_mux:lpm_mux_component|mux_prc:auto_generated|_~909                               ; |ALU|lpm_mux1:inst31|lpm_mux:lpm_mux_component|mux_prc:auto_generated|_~909                               ; out0             ;
; |ALU|lpm_mux1:inst31|lpm_mux:lpm_mux_component|mux_prc:auto_generated|_~910                               ; |ALU|lpm_mux1:inst31|lpm_mux:lpm_mux_component|mux_prc:auto_generated|_~910                               ; out0             ;
; |ALU|lpm_mux1:inst31|lpm_mux:lpm_mux_component|mux_prc:auto_generated|_~914                               ; |ALU|lpm_mux1:inst31|lpm_mux:lpm_mux_component|mux_prc:auto_generated|_~914                               ; out0             ;
; |ALU|lpm_mux1:inst31|lpm_mux:lpm_mux_component|mux_prc:auto_generated|_~916                               ; |ALU|lpm_mux1:inst31|lpm_mux:lpm_mux_component|mux_prc:auto_generated|_~916                               ; out0             ;
; |ALU|lpm_mux1:inst31|lpm_mux:lpm_mux_component|mux_prc:auto_generated|_~917                               ; |ALU|lpm_mux1:inst31|lpm_mux:lpm_mux_component|mux_prc:auto_generated|_~917                               ; out0             ;
; |ALU|lpm_mux1:inst31|lpm_mux:lpm_mux_component|mux_prc:auto_generated|_~918                               ; |ALU|lpm_mux1:inst31|lpm_mux:lpm_mux_component|mux_prc:auto_generated|_~918                               ; out0             ;
; |ALU|lpm_mux1:inst31|lpm_mux:lpm_mux_component|mux_prc:auto_generated|_~919                               ; |ALU|lpm_mux1:inst31|lpm_mux:lpm_mux_component|mux_prc:auto_generated|_~919                               ; out0             ;
; |ALU|lpm_mux1:inst31|lpm_mux:lpm_mux_component|mux_prc:auto_generated|_~922                               ; |ALU|lpm_mux1:inst31|lpm_mux:lpm_mux_component|mux_prc:auto_generated|_~922                               ; out0             ;
; |ALU|lpm_mux1:inst31|lpm_mux:lpm_mux_component|mux_prc:auto_generated|_~923                               ; |ALU|lpm_mux1:inst31|lpm_mux:lpm_mux_component|mux_prc:auto_generated|_~923                               ; out0             ;
; |ALU|lpm_mux1:inst31|lpm_mux:lpm_mux_component|mux_prc:auto_generated|result_node[10]~42                  ; |ALU|lpm_mux1:inst31|lpm_mux:lpm_mux_component|mux_prc:auto_generated|result_node[10]~42                  ; out0             ;
; |ALU|lpm_mux1:inst31|lpm_mux:lpm_mux_component|mux_prc:auto_generated|_~925                               ; |ALU|lpm_mux1:inst31|lpm_mux:lpm_mux_component|mux_prc:auto_generated|_~925                               ; out0             ;
; |ALU|lpm_mux1:inst31|lpm_mux:lpm_mux_component|mux_prc:auto_generated|_~927                               ; |ALU|lpm_mux1:inst31|lpm_mux:lpm_mux_component|mux_prc:auto_generated|_~927                               ; out0             ;
; |ALU|lpm_mux1:inst31|lpm_mux:lpm_mux_component|mux_prc:auto_generated|_~929                               ; |ALU|lpm_mux1:inst31|lpm_mux:lpm_mux_component|mux_prc:auto_generated|_~929                               ; out0             ;
; |ALU|lpm_mux1:inst31|lpm_mux:lpm_mux_component|mux_prc:auto_generated|_~931                               ; |ALU|lpm_mux1:inst31|lpm_mux:lpm_mux_component|mux_prc:auto_generated|_~931                               ; out0             ;
; |ALU|lpm_mux1:inst31|lpm_mux:lpm_mux_component|mux_prc:auto_generated|_~932                               ; |ALU|lpm_mux1:inst31|lpm_mux:lpm_mux_component|mux_prc:auto_generated|_~932                               ; out0             ;
; |ALU|lpm_mux1:inst31|lpm_mux:lpm_mux_component|mux_prc:auto_generated|_~934                               ; |ALU|lpm_mux1:inst31|lpm_mux:lpm_mux_component|mux_prc:auto_generated|_~934                               ; out0             ;
; |ALU|lpm_mux1:inst31|lpm_mux:lpm_mux_component|mux_prc:auto_generated|_~936                               ; |ALU|lpm_mux1:inst31|lpm_mux:lpm_mux_component|mux_prc:auto_generated|_~936                               ; out0             ;
; |ALU|lpm_mux1:inst31|lpm_mux:lpm_mux_component|mux_prc:auto_generated|_~938                               ; |ALU|lpm_mux1:inst31|lpm_mux:lpm_mux_component|mux_prc:auto_generated|_~938                               ; out0             ;
; |ALU|lpm_mux1:inst31|lpm_mux:lpm_mux_component|mux_prc:auto_generated|_~940                               ; |ALU|lpm_mux1:inst31|lpm_mux:lpm_mux_component|mux_prc:auto_generated|_~940                               ; out0             ;
; |ALU|lpm_mux1:inst31|lpm_mux:lpm_mux_component|mux_prc:auto_generated|_~941                               ; |ALU|lpm_mux1:inst31|lpm_mux:lpm_mux_component|mux_prc:auto_generated|_~941                               ; out0             ;
; |ALU|lpm_mux1:inst31|lpm_mux:lpm_mux_component|mux_prc:auto_generated|_~943                               ; |ALU|lpm_mux1:inst31|lpm_mux:lpm_mux_component|mux_prc:auto_generated|_~943                               ; out0             ;
; |ALU|lpm_mux1:inst31|lpm_mux:lpm_mux_component|mux_prc:auto_generated|_~944                               ; |ALU|lpm_mux1:inst31|lpm_mux:lpm_mux_component|mux_prc:auto_generated|_~944                               ; out0             ;
; |ALU|lpm_mux1:inst31|lpm_mux:lpm_mux_component|mux_prc:auto_generated|_~945                               ; |ALU|lpm_mux1:inst31|lpm_mux:lpm_mux_component|mux_prc:auto_generated|_~945                               ; out0             ;
; |ALU|lpm_mux1:inst31|lpm_mux:lpm_mux_component|mux_prc:auto_generated|result_node[10]~43                  ; |ALU|lpm_mux1:inst31|lpm_mux:lpm_mux_component|mux_prc:auto_generated|result_node[10]~43                  ; out0             ;
; |ALU|lpm_mux1:inst31|lpm_mux:lpm_mux_component|mux_prc:auto_generated|result_node[10]                     ; |ALU|lpm_mux1:inst31|lpm_mux:lpm_mux_component|mux_prc:auto_generated|result_node[10]                     ; out0             ;
; |ALU|lpm_mux1:inst31|lpm_mux:lpm_mux_component|mux_prc:auto_generated|_~948                               ; |ALU|lpm_mux1:inst31|lpm_mux:lpm_mux_component|mux_prc:auto_generated|_~948                               ; out0             ;
; |ALU|lpm_mux1:inst31|lpm_mux:lpm_mux_component|mux_prc:auto_generated|_~950                               ; |ALU|lpm_mux1:inst31|lpm_mux:lpm_mux_component|mux_prc:auto_generated|_~950                               ; out0             ;
; |ALU|lpm_mux1:inst31|lpm_mux:lpm_mux_component|mux_prc:auto_generated|_~951                               ; |ALU|lpm_mux1:inst31|lpm_mux:lpm_mux_component|mux_prc:auto_generated|_~951                               ; out0             ;
; |ALU|lpm_mux1:inst31|lpm_mux:lpm_mux_component|mux_prc:auto_generated|_~952                               ; |ALU|lpm_mux1:inst31|lpm_mux:lpm_mux_component|mux_prc:auto_generated|_~952                               ; out0             ;
; |ALU|lpm_mux1:inst31|lpm_mux:lpm_mux_component|mux_prc:auto_generated|_~953                               ; |ALU|lpm_mux1:inst31|lpm_mux:lpm_mux_component|mux_prc:auto_generated|_~953                               ; out0             ;
; |ALU|lpm_mux1:inst31|lpm_mux:lpm_mux_component|mux_prc:auto_generated|_~957                               ; |ALU|lpm_mux1:inst31|lpm_mux:lpm_mux_component|mux_prc:auto_generated|_~957                               ; out0             ;
; |ALU|lpm_mux1:inst31|lpm_mux:lpm_mux_component|mux_prc:auto_generated|_~959                               ; |ALU|lpm_mux1:inst31|lpm_mux:lpm_mux_component|mux_prc:auto_generated|_~959                               ; out0             ;
; |ALU|lpm_mux1:inst31|lpm_mux:lpm_mux_component|mux_prc:auto_generated|_~960                               ; |ALU|lpm_mux1:inst31|lpm_mux:lpm_mux_component|mux_prc:auto_generated|_~960                               ; out0             ;
; |ALU|lpm_mux1:inst31|lpm_mux:lpm_mux_component|mux_prc:auto_generated|_~961                               ; |ALU|lpm_mux1:inst31|lpm_mux:lpm_mux_component|mux_prc:auto_generated|_~961                               ; out0             ;
; |ALU|lpm_mux1:inst31|lpm_mux:lpm_mux_component|mux_prc:auto_generated|_~962                               ; |ALU|lpm_mux1:inst31|lpm_mux:lpm_mux_component|mux_prc:auto_generated|_~962                               ; out0             ;
; |ALU|lpm_mux1:inst31|lpm_mux:lpm_mux_component|mux_prc:auto_generated|_~965                               ; |ALU|lpm_mux1:inst31|lpm_mux:lpm_mux_component|mux_prc:auto_generated|_~965                               ; out0             ;
; |ALU|lpm_mux1:inst31|lpm_mux:lpm_mux_component|mux_prc:auto_generated|_~966                               ; |ALU|lpm_mux1:inst31|lpm_mux:lpm_mux_component|mux_prc:auto_generated|_~966                               ; out0             ;
; |ALU|lpm_mux1:inst31|lpm_mux:lpm_mux_component|mux_prc:auto_generated|result_node[9]~44                   ; |ALU|lpm_mux1:inst31|lpm_mux:lpm_mux_component|mux_prc:auto_generated|result_node[9]~44                   ; out0             ;
; |ALU|lpm_mux1:inst31|lpm_mux:lpm_mux_component|mux_prc:auto_generated|_~968                               ; |ALU|lpm_mux1:inst31|lpm_mux:lpm_mux_component|mux_prc:auto_generated|_~968                               ; out0             ;
; |ALU|lpm_mux1:inst31|lpm_mux:lpm_mux_component|mux_prc:auto_generated|_~970                               ; |ALU|lpm_mux1:inst31|lpm_mux:lpm_mux_component|mux_prc:auto_generated|_~970                               ; out0             ;
; |ALU|lpm_mux1:inst31|lpm_mux:lpm_mux_component|mux_prc:auto_generated|_~972                               ; |ALU|lpm_mux1:inst31|lpm_mux:lpm_mux_component|mux_prc:auto_generated|_~972                               ; out0             ;
; |ALU|lpm_mux1:inst31|lpm_mux:lpm_mux_component|mux_prc:auto_generated|_~974                               ; |ALU|lpm_mux1:inst31|lpm_mux:lpm_mux_component|mux_prc:auto_generated|_~974                               ; out0             ;
; |ALU|lpm_mux1:inst31|lpm_mux:lpm_mux_component|mux_prc:auto_generated|_~975                               ; |ALU|lpm_mux1:inst31|lpm_mux:lpm_mux_component|mux_prc:auto_generated|_~975                               ; out0             ;
; |ALU|lpm_mux1:inst31|lpm_mux:lpm_mux_component|mux_prc:auto_generated|_~977                               ; |ALU|lpm_mux1:inst31|lpm_mux:lpm_mux_component|mux_prc:auto_generated|_~977                               ; out0             ;
; |ALU|lpm_mux1:inst31|lpm_mux:lpm_mux_component|mux_prc:auto_generated|_~979                               ; |ALU|lpm_mux1:inst31|lpm_mux:lpm_mux_component|mux_prc:auto_generated|_~979                               ; out0             ;
; |ALU|lpm_mux1:inst31|lpm_mux:lpm_mux_component|mux_prc:auto_generated|_~981                               ; |ALU|lpm_mux1:inst31|lpm_mux:lpm_mux_component|mux_prc:auto_generated|_~981                               ; out0             ;
; |ALU|lpm_mux1:inst31|lpm_mux:lpm_mux_component|mux_prc:auto_generated|_~983                               ; |ALU|lpm_mux1:inst31|lpm_mux:lpm_mux_component|mux_prc:auto_generated|_~983                               ; out0             ;
; |ALU|lpm_mux1:inst31|lpm_mux:lpm_mux_component|mux_prc:auto_generated|_~984                               ; |ALU|lpm_mux1:inst31|lpm_mux:lpm_mux_component|mux_prc:auto_generated|_~984                               ; out0             ;
; |ALU|lpm_mux1:inst31|lpm_mux:lpm_mux_component|mux_prc:auto_generated|_~986                               ; |ALU|lpm_mux1:inst31|lpm_mux:lpm_mux_component|mux_prc:auto_generated|_~986                               ; out0             ;
; |ALU|lpm_mux1:inst31|lpm_mux:lpm_mux_component|mux_prc:auto_generated|_~987                               ; |ALU|lpm_mux1:inst31|lpm_mux:lpm_mux_component|mux_prc:auto_generated|_~987                               ; out0             ;
; |ALU|lpm_mux1:inst31|lpm_mux:lpm_mux_component|mux_prc:auto_generated|_~988                               ; |ALU|lpm_mux1:inst31|lpm_mux:lpm_mux_component|mux_prc:auto_generated|_~988                               ; out0             ;
; |ALU|lpm_mux1:inst31|lpm_mux:lpm_mux_component|mux_prc:auto_generated|result_node[9]~45                   ; |ALU|lpm_mux1:inst31|lpm_mux:lpm_mux_component|mux_prc:auto_generated|result_node[9]~45                   ; out0             ;
; |ALU|lpm_mux1:inst31|lpm_mux:lpm_mux_component|mux_prc:auto_generated|result_node[9]                      ; |ALU|lpm_mux1:inst31|lpm_mux:lpm_mux_component|mux_prc:auto_generated|result_node[9]                      ; out0             ;
; |ALU|lpm_mux1:inst31|lpm_mux:lpm_mux_component|mux_prc:auto_generated|_~991                               ; |ALU|lpm_mux1:inst31|lpm_mux:lpm_mux_component|mux_prc:auto_generated|_~991                               ; out0             ;
; |ALU|lpm_mux1:inst31|lpm_mux:lpm_mux_component|mux_prc:auto_generated|_~993                               ; |ALU|lpm_mux1:inst31|lpm_mux:lpm_mux_component|mux_prc:auto_generated|_~993                               ; out0             ;
; |ALU|lpm_mux1:inst31|lpm_mux:lpm_mux_component|mux_prc:auto_generated|_~994                               ; |ALU|lpm_mux1:inst31|lpm_mux:lpm_mux_component|mux_prc:auto_generated|_~994                               ; out0             ;
; |ALU|lpm_mux1:inst31|lpm_mux:lpm_mux_component|mux_prc:auto_generated|_~995                               ; |ALU|lpm_mux1:inst31|lpm_mux:lpm_mux_component|mux_prc:auto_generated|_~995                               ; out0             ;
; |ALU|lpm_mux1:inst31|lpm_mux:lpm_mux_component|mux_prc:auto_generated|_~996                               ; |ALU|lpm_mux1:inst31|lpm_mux:lpm_mux_component|mux_prc:auto_generated|_~996                               ; out0             ;
; |ALU|lpm_mux1:inst31|lpm_mux:lpm_mux_component|mux_prc:auto_generated|_~1000                              ; |ALU|lpm_mux1:inst31|lpm_mux:lpm_mux_component|mux_prc:auto_generated|_~1000                              ; out0             ;
; |ALU|lpm_mux1:inst31|lpm_mux:lpm_mux_component|mux_prc:auto_generated|_~1002                              ; |ALU|lpm_mux1:inst31|lpm_mux:lpm_mux_component|mux_prc:auto_generated|_~1002                              ; out0             ;
; |ALU|lpm_mux1:inst31|lpm_mux:lpm_mux_component|mux_prc:auto_generated|_~1003                              ; |ALU|lpm_mux1:inst31|lpm_mux:lpm_mux_component|mux_prc:auto_generated|_~1003                              ; out0             ;
; |ALU|lpm_mux1:inst31|lpm_mux:lpm_mux_component|mux_prc:auto_generated|_~1004                              ; |ALU|lpm_mux1:inst31|lpm_mux:lpm_mux_component|mux_prc:auto_generated|_~1004                              ; out0             ;
; |ALU|lpm_mux1:inst31|lpm_mux:lpm_mux_component|mux_prc:auto_generated|_~1005                              ; |ALU|lpm_mux1:inst31|lpm_mux:lpm_mux_component|mux_prc:auto_generated|_~1005                              ; out0             ;
; |ALU|lpm_mux1:inst31|lpm_mux:lpm_mux_component|mux_prc:auto_generated|_~1008                              ; |ALU|lpm_mux1:inst31|lpm_mux:lpm_mux_component|mux_prc:auto_generated|_~1008                              ; out0             ;
; |ALU|lpm_mux1:inst31|lpm_mux:lpm_mux_component|mux_prc:auto_generated|_~1009                              ; |ALU|lpm_mux1:inst31|lpm_mux:lpm_mux_component|mux_prc:auto_generated|_~1009                              ; out0             ;
; |ALU|lpm_mux1:inst31|lpm_mux:lpm_mux_component|mux_prc:auto_generated|result_node[8]~46                   ; |ALU|lpm_mux1:inst31|lpm_mux:lpm_mux_component|mux_prc:auto_generated|result_node[8]~46                   ; out0             ;
; |ALU|lpm_mux1:inst31|lpm_mux:lpm_mux_component|mux_prc:auto_generated|_~1011                              ; |ALU|lpm_mux1:inst31|lpm_mux:lpm_mux_component|mux_prc:auto_generated|_~1011                              ; out0             ;
; |ALU|lpm_mux1:inst31|lpm_mux:lpm_mux_component|mux_prc:auto_generated|_~1013                              ; |ALU|lpm_mux1:inst31|lpm_mux:lpm_mux_component|mux_prc:auto_generated|_~1013                              ; out0             ;
; |ALU|lpm_mux1:inst31|lpm_mux:lpm_mux_component|mux_prc:auto_generated|_~1015                              ; |ALU|lpm_mux1:inst31|lpm_mux:lpm_mux_component|mux_prc:auto_generated|_~1015                              ; out0             ;
; |ALU|lpm_mux1:inst31|lpm_mux:lpm_mux_component|mux_prc:auto_generated|_~1017                              ; |ALU|lpm_mux1:inst31|lpm_mux:lpm_mux_component|mux_prc:auto_generated|_~1017                              ; out0             ;
; |ALU|lpm_mux1:inst31|lpm_mux:lpm_mux_component|mux_prc:auto_generated|_~1018                              ; |ALU|lpm_mux1:inst31|lpm_mux:lpm_mux_component|mux_prc:auto_generated|_~1018                              ; out0             ;
; |ALU|lpm_mux1:inst31|lpm_mux:lpm_mux_component|mux_prc:auto_generated|_~1020                              ; |ALU|lpm_mux1:inst31|lpm_mux:lpm_mux_component|mux_prc:auto_generated|_~1020                              ; out0             ;
; |ALU|lpm_mux1:inst31|lpm_mux:lpm_mux_component|mux_prc:auto_generated|_~1022                              ; |ALU|lpm_mux1:inst31|lpm_mux:lpm_mux_component|mux_prc:auto_generated|_~1022                              ; out0             ;
; |ALU|lpm_mux1:inst31|lpm_mux:lpm_mux_component|mux_prc:auto_generated|_~1024                              ; |ALU|lpm_mux1:inst31|lpm_mux:lpm_mux_component|mux_prc:auto_generated|_~1024                              ; out0             ;
; |ALU|lpm_mux1:inst31|lpm_mux:lpm_mux_component|mux_prc:auto_generated|_~1026                              ; |ALU|lpm_mux1:inst31|lpm_mux:lpm_mux_component|mux_prc:auto_generated|_~1026                              ; out0             ;
; |ALU|lpm_mux1:inst31|lpm_mux:lpm_mux_component|mux_prc:auto_generated|_~1027                              ; |ALU|lpm_mux1:inst31|lpm_mux:lpm_mux_component|mux_prc:auto_generated|_~1027                              ; out0             ;
; |ALU|lpm_mux1:inst31|lpm_mux:lpm_mux_component|mux_prc:auto_generated|_~1029                              ; |ALU|lpm_mux1:inst31|lpm_mux:lpm_mux_component|mux_prc:auto_generated|_~1029                              ; out0             ;
; |ALU|lpm_mux1:inst31|lpm_mux:lpm_mux_component|mux_prc:auto_generated|_~1030                              ; |ALU|lpm_mux1:inst31|lpm_mux:lpm_mux_component|mux_prc:auto_generated|_~1030                              ; out0             ;
; |ALU|lpm_mux1:inst31|lpm_mux:lpm_mux_component|mux_prc:auto_generated|_~1031                              ; |ALU|lpm_mux1:inst31|lpm_mux:lpm_mux_component|mux_prc:auto_generated|_~1031                              ; out0             ;
; |ALU|lpm_mux1:inst31|lpm_mux:lpm_mux_component|mux_prc:auto_generated|result_node[8]~47                   ; |ALU|lpm_mux1:inst31|lpm_mux:lpm_mux_component|mux_prc:auto_generated|result_node[8]~47                   ; out0             ;
; |ALU|lpm_mux1:inst31|lpm_mux:lpm_mux_component|mux_prc:auto_generated|result_node[8]                      ; |ALU|lpm_mux1:inst31|lpm_mux:lpm_mux_component|mux_prc:auto_generated|result_node[8]                      ; out0             ;
; |ALU|lpm_mux1:inst31|lpm_mux:lpm_mux_component|mux_prc:auto_generated|_~1034                              ; |ALU|lpm_mux1:inst31|lpm_mux:lpm_mux_component|mux_prc:auto_generated|_~1034                              ; out0             ;
; |ALU|lpm_mux1:inst31|lpm_mux:lpm_mux_component|mux_prc:auto_generated|_~1036                              ; |ALU|lpm_mux1:inst31|lpm_mux:lpm_mux_component|mux_prc:auto_generated|_~1036                              ; out0             ;
; |ALU|lpm_mux1:inst31|lpm_mux:lpm_mux_component|mux_prc:auto_generated|_~1037                              ; |ALU|lpm_mux1:inst31|lpm_mux:lpm_mux_component|mux_prc:auto_generated|_~1037                              ; out0             ;
; |ALU|lpm_mux1:inst31|lpm_mux:lpm_mux_component|mux_prc:auto_generated|_~1038                              ; |ALU|lpm_mux1:inst31|lpm_mux:lpm_mux_component|mux_prc:auto_generated|_~1038                              ; out0             ;
; |ALU|lpm_mux1:inst31|lpm_mux:lpm_mux_component|mux_prc:auto_generated|_~1039                              ; |ALU|lpm_mux1:inst31|lpm_mux:lpm_mux_component|mux_prc:auto_generated|_~1039                              ; out0             ;
; |ALU|lpm_mux1:inst31|lpm_mux:lpm_mux_component|mux_prc:auto_generated|_~1043                              ; |ALU|lpm_mux1:inst31|lpm_mux:lpm_mux_component|mux_prc:auto_generated|_~1043                              ; out0             ;
; |ALU|lpm_mux1:inst31|lpm_mux:lpm_mux_component|mux_prc:auto_generated|_~1045                              ; |ALU|lpm_mux1:inst31|lpm_mux:lpm_mux_component|mux_prc:auto_generated|_~1045                              ; out0             ;
; |ALU|lpm_mux1:inst31|lpm_mux:lpm_mux_component|mux_prc:auto_generated|_~1046                              ; |ALU|lpm_mux1:inst31|lpm_mux:lpm_mux_component|mux_prc:auto_generated|_~1046                              ; out0             ;
; |ALU|lpm_mux1:inst31|lpm_mux:lpm_mux_component|mux_prc:auto_generated|_~1047                              ; |ALU|lpm_mux1:inst31|lpm_mux:lpm_mux_component|mux_prc:auto_generated|_~1047                              ; out0             ;
; |ALU|lpm_mux1:inst31|lpm_mux:lpm_mux_component|mux_prc:auto_generated|_~1048                              ; |ALU|lpm_mux1:inst31|lpm_mux:lpm_mux_component|mux_prc:auto_generated|_~1048                              ; out0             ;
; |ALU|lpm_mux1:inst31|lpm_mux:lpm_mux_component|mux_prc:auto_generated|_~1051                              ; |ALU|lpm_mux1:inst31|lpm_mux:lpm_mux_component|mux_prc:auto_generated|_~1051                              ; out0             ;
; |ALU|lpm_mux1:inst31|lpm_mux:lpm_mux_component|mux_prc:auto_generated|_~1052                              ; |ALU|lpm_mux1:inst31|lpm_mux:lpm_mux_component|mux_prc:auto_generated|_~1052                              ; out0             ;
; |ALU|lpm_mux1:inst31|lpm_mux:lpm_mux_component|mux_prc:auto_generated|result_node[7]~48                   ; |ALU|lpm_mux1:inst31|lpm_mux:lpm_mux_component|mux_prc:auto_generated|result_node[7]~48                   ; out0             ;
; |ALU|lpm_mux1:inst31|lpm_mux:lpm_mux_component|mux_prc:auto_generated|_~1054                              ; |ALU|lpm_mux1:inst31|lpm_mux:lpm_mux_component|mux_prc:auto_generated|_~1054                              ; out0             ;
; |ALU|lpm_mux1:inst31|lpm_mux:lpm_mux_component|mux_prc:auto_generated|_~1056                              ; |ALU|lpm_mux1:inst31|lpm_mux:lpm_mux_component|mux_prc:auto_generated|_~1056                              ; out0             ;
; |ALU|lpm_mux1:inst31|lpm_mux:lpm_mux_component|mux_prc:auto_generated|_~1058                              ; |ALU|lpm_mux1:inst31|lpm_mux:lpm_mux_component|mux_prc:auto_generated|_~1058                              ; out0             ;
; |ALU|lpm_mux1:inst31|lpm_mux:lpm_mux_component|mux_prc:auto_generated|_~1060                              ; |ALU|lpm_mux1:inst31|lpm_mux:lpm_mux_component|mux_prc:auto_generated|_~1060                              ; out0             ;
; |ALU|lpm_mux1:inst31|lpm_mux:lpm_mux_component|mux_prc:auto_generated|_~1061                              ; |ALU|lpm_mux1:inst31|lpm_mux:lpm_mux_component|mux_prc:auto_generated|_~1061                              ; out0             ;
; |ALU|lpm_mux1:inst31|lpm_mux:lpm_mux_component|mux_prc:auto_generated|_~1063                              ; |ALU|lpm_mux1:inst31|lpm_mux:lpm_mux_component|mux_prc:auto_generated|_~1063                              ; out0             ;
; |ALU|lpm_mux1:inst31|lpm_mux:lpm_mux_component|mux_prc:auto_generated|_~1065                              ; |ALU|lpm_mux1:inst31|lpm_mux:lpm_mux_component|mux_prc:auto_generated|_~1065                              ; out0             ;
; |ALU|lpm_mux1:inst31|lpm_mux:lpm_mux_component|mux_prc:auto_generated|_~1067                              ; |ALU|lpm_mux1:inst31|lpm_mux:lpm_mux_component|mux_prc:auto_generated|_~1067                              ; out0             ;
; |ALU|lpm_mux1:inst31|lpm_mux:lpm_mux_component|mux_prc:auto_generated|_~1069                              ; |ALU|lpm_mux1:inst31|lpm_mux:lpm_mux_component|mux_prc:auto_generated|_~1069                              ; out0             ;
; |ALU|lpm_mux1:inst31|lpm_mux:lpm_mux_component|mux_prc:auto_generated|_~1070                              ; |ALU|lpm_mux1:inst31|lpm_mux:lpm_mux_component|mux_prc:auto_generated|_~1070                              ; out0             ;
; |ALU|lpm_mux1:inst31|lpm_mux:lpm_mux_component|mux_prc:auto_generated|_~1072                              ; |ALU|lpm_mux1:inst31|lpm_mux:lpm_mux_component|mux_prc:auto_generated|_~1072                              ; out0             ;
; |ALU|lpm_mux1:inst31|lpm_mux:lpm_mux_component|mux_prc:auto_generated|_~1073                              ; |ALU|lpm_mux1:inst31|lpm_mux:lpm_mux_component|mux_prc:auto_generated|_~1073                              ; out0             ;
; |ALU|lpm_mux1:inst31|lpm_mux:lpm_mux_component|mux_prc:auto_generated|_~1074                              ; |ALU|lpm_mux1:inst31|lpm_mux:lpm_mux_component|mux_prc:auto_generated|_~1074                              ; out0             ;
; |ALU|lpm_mux1:inst31|lpm_mux:lpm_mux_component|mux_prc:auto_generated|result_node[7]~49                   ; |ALU|lpm_mux1:inst31|lpm_mux:lpm_mux_component|mux_prc:auto_generated|result_node[7]~49                   ; out0             ;
; |ALU|lpm_mux1:inst31|lpm_mux:lpm_mux_component|mux_prc:auto_generated|result_node[7]                      ; |ALU|lpm_mux1:inst31|lpm_mux:lpm_mux_component|mux_prc:auto_generated|result_node[7]                      ; out0             ;
; |ALU|lpm_mux1:inst31|lpm_mux:lpm_mux_component|mux_prc:auto_generated|_~1077                              ; |ALU|lpm_mux1:inst31|lpm_mux:lpm_mux_component|mux_prc:auto_generated|_~1077                              ; out0             ;
; |ALU|lpm_mux1:inst31|lpm_mux:lpm_mux_component|mux_prc:auto_generated|_~1079                              ; |ALU|lpm_mux1:inst31|lpm_mux:lpm_mux_component|mux_prc:auto_generated|_~1079                              ; out0             ;
; |ALU|lpm_mux1:inst31|lpm_mux:lpm_mux_component|mux_prc:auto_generated|_~1080                              ; |ALU|lpm_mux1:inst31|lpm_mux:lpm_mux_component|mux_prc:auto_generated|_~1080                              ; out0             ;
; |ALU|lpm_mux1:inst31|lpm_mux:lpm_mux_component|mux_prc:auto_generated|_~1081                              ; |ALU|lpm_mux1:inst31|lpm_mux:lpm_mux_component|mux_prc:auto_generated|_~1081                              ; out0             ;
; |ALU|lpm_mux1:inst31|lpm_mux:lpm_mux_component|mux_prc:auto_generated|_~1082                              ; |ALU|lpm_mux1:inst31|lpm_mux:lpm_mux_component|mux_prc:auto_generated|_~1082                              ; out0             ;
; |ALU|lpm_mux1:inst31|lpm_mux:lpm_mux_component|mux_prc:auto_generated|_~1086                              ; |ALU|lpm_mux1:inst31|lpm_mux:lpm_mux_component|mux_prc:auto_generated|_~1086                              ; out0             ;
; |ALU|lpm_mux1:inst31|lpm_mux:lpm_mux_component|mux_prc:auto_generated|_~1088                              ; |ALU|lpm_mux1:inst31|lpm_mux:lpm_mux_component|mux_prc:auto_generated|_~1088                              ; out0             ;
; |ALU|lpm_mux1:inst31|lpm_mux:lpm_mux_component|mux_prc:auto_generated|_~1089                              ; |ALU|lpm_mux1:inst31|lpm_mux:lpm_mux_component|mux_prc:auto_generated|_~1089                              ; out0             ;
; |ALU|lpm_mux1:inst31|lpm_mux:lpm_mux_component|mux_prc:auto_generated|_~1090                              ; |ALU|lpm_mux1:inst31|lpm_mux:lpm_mux_component|mux_prc:auto_generated|_~1090                              ; out0             ;
; |ALU|lpm_mux1:inst31|lpm_mux:lpm_mux_component|mux_prc:auto_generated|_~1091                              ; |ALU|lpm_mux1:inst31|lpm_mux:lpm_mux_component|mux_prc:auto_generated|_~1091                              ; out0             ;
; |ALU|lpm_mux1:inst31|lpm_mux:lpm_mux_component|mux_prc:auto_generated|_~1094                              ; |ALU|lpm_mux1:inst31|lpm_mux:lpm_mux_component|mux_prc:auto_generated|_~1094                              ; out0             ;
; |ALU|lpm_mux1:inst31|lpm_mux:lpm_mux_component|mux_prc:auto_generated|_~1095                              ; |ALU|lpm_mux1:inst31|lpm_mux:lpm_mux_component|mux_prc:auto_generated|_~1095                              ; out0             ;
; |ALU|lpm_mux1:inst31|lpm_mux:lpm_mux_component|mux_prc:auto_generated|result_node[6]~50                   ; |ALU|lpm_mux1:inst31|lpm_mux:lpm_mux_component|mux_prc:auto_generated|result_node[6]~50                   ; out0             ;
; |ALU|lpm_mux1:inst31|lpm_mux:lpm_mux_component|mux_prc:auto_generated|_~1097                              ; |ALU|lpm_mux1:inst31|lpm_mux:lpm_mux_component|mux_prc:auto_generated|_~1097                              ; out0             ;
; |ALU|lpm_mux1:inst31|lpm_mux:lpm_mux_component|mux_prc:auto_generated|_~1099                              ; |ALU|lpm_mux1:inst31|lpm_mux:lpm_mux_component|mux_prc:auto_generated|_~1099                              ; out0             ;
; |ALU|lpm_mux1:inst31|lpm_mux:lpm_mux_component|mux_prc:auto_generated|_~1101                              ; |ALU|lpm_mux1:inst31|lpm_mux:lpm_mux_component|mux_prc:auto_generated|_~1101                              ; out0             ;
; |ALU|lpm_mux1:inst31|lpm_mux:lpm_mux_component|mux_prc:auto_generated|_~1103                              ; |ALU|lpm_mux1:inst31|lpm_mux:lpm_mux_component|mux_prc:auto_generated|_~1103                              ; out0             ;
; |ALU|lpm_mux1:inst31|lpm_mux:lpm_mux_component|mux_prc:auto_generated|_~1104                              ; |ALU|lpm_mux1:inst31|lpm_mux:lpm_mux_component|mux_prc:auto_generated|_~1104                              ; out0             ;
; |ALU|lpm_mux1:inst31|lpm_mux:lpm_mux_component|mux_prc:auto_generated|_~1106                              ; |ALU|lpm_mux1:inst31|lpm_mux:lpm_mux_component|mux_prc:auto_generated|_~1106                              ; out0             ;
; |ALU|lpm_mux1:inst31|lpm_mux:lpm_mux_component|mux_prc:auto_generated|_~1108                              ; |ALU|lpm_mux1:inst31|lpm_mux:lpm_mux_component|mux_prc:auto_generated|_~1108                              ; out0             ;
; |ALU|lpm_mux1:inst31|lpm_mux:lpm_mux_component|mux_prc:auto_generated|_~1110                              ; |ALU|lpm_mux1:inst31|lpm_mux:lpm_mux_component|mux_prc:auto_generated|_~1110                              ; out0             ;
; |ALU|lpm_mux1:inst31|lpm_mux:lpm_mux_component|mux_prc:auto_generated|_~1112                              ; |ALU|lpm_mux1:inst31|lpm_mux:lpm_mux_component|mux_prc:auto_generated|_~1112                              ; out0             ;
; |ALU|lpm_mux1:inst31|lpm_mux:lpm_mux_component|mux_prc:auto_generated|_~1113                              ; |ALU|lpm_mux1:inst31|lpm_mux:lpm_mux_component|mux_prc:auto_generated|_~1113                              ; out0             ;
; |ALU|lpm_mux1:inst31|lpm_mux:lpm_mux_component|mux_prc:auto_generated|_~1115                              ; |ALU|lpm_mux1:inst31|lpm_mux:lpm_mux_component|mux_prc:auto_generated|_~1115                              ; out0             ;
; |ALU|lpm_mux1:inst31|lpm_mux:lpm_mux_component|mux_prc:auto_generated|_~1116                              ; |ALU|lpm_mux1:inst31|lpm_mux:lpm_mux_component|mux_prc:auto_generated|_~1116                              ; out0             ;
; |ALU|lpm_mux1:inst31|lpm_mux:lpm_mux_component|mux_prc:auto_generated|_~1117                              ; |ALU|lpm_mux1:inst31|lpm_mux:lpm_mux_component|mux_prc:auto_generated|_~1117                              ; out0             ;
; |ALU|lpm_mux1:inst31|lpm_mux:lpm_mux_component|mux_prc:auto_generated|result_node[6]~51                   ; |ALU|lpm_mux1:inst31|lpm_mux:lpm_mux_component|mux_prc:auto_generated|result_node[6]~51                   ; out0             ;
; |ALU|lpm_mux1:inst31|lpm_mux:lpm_mux_component|mux_prc:auto_generated|result_node[6]                      ; |ALU|lpm_mux1:inst31|lpm_mux:lpm_mux_component|mux_prc:auto_generated|result_node[6]                      ; out0             ;
; |ALU|lpm_mux1:inst31|lpm_mux:lpm_mux_component|mux_prc:auto_generated|_~1118                              ; |ALU|lpm_mux1:inst31|lpm_mux:lpm_mux_component|mux_prc:auto_generated|_~1118                              ; out0             ;
; |ALU|lpm_mux1:inst31|lpm_mux:lpm_mux_component|mux_prc:auto_generated|_~1120                              ; |ALU|lpm_mux1:inst31|lpm_mux:lpm_mux_component|mux_prc:auto_generated|_~1120                              ; out0             ;
; |ALU|lpm_mux1:inst31|lpm_mux:lpm_mux_component|mux_prc:auto_generated|_~1122                              ; |ALU|lpm_mux1:inst31|lpm_mux:lpm_mux_component|mux_prc:auto_generated|_~1122                              ; out0             ;
; |ALU|lpm_mux1:inst31|lpm_mux:lpm_mux_component|mux_prc:auto_generated|_~1123                              ; |ALU|lpm_mux1:inst31|lpm_mux:lpm_mux_component|mux_prc:auto_generated|_~1123                              ; out0             ;
; |ALU|lpm_mux1:inst31|lpm_mux:lpm_mux_component|mux_prc:auto_generated|_~1124                              ; |ALU|lpm_mux1:inst31|lpm_mux:lpm_mux_component|mux_prc:auto_generated|_~1124                              ; out0             ;
; |ALU|lpm_mux1:inst31|lpm_mux:lpm_mux_component|mux_prc:auto_generated|_~1125                              ; |ALU|lpm_mux1:inst31|lpm_mux:lpm_mux_component|mux_prc:auto_generated|_~1125                              ; out0             ;
; |ALU|lpm_mux1:inst31|lpm_mux:lpm_mux_component|mux_prc:auto_generated|_~1127                              ; |ALU|lpm_mux1:inst31|lpm_mux:lpm_mux_component|mux_prc:auto_generated|_~1127                              ; out0             ;
; |ALU|lpm_mux1:inst31|lpm_mux:lpm_mux_component|mux_prc:auto_generated|_~1129                              ; |ALU|lpm_mux1:inst31|lpm_mux:lpm_mux_component|mux_prc:auto_generated|_~1129                              ; out0             ;
; |ALU|lpm_mux1:inst31|lpm_mux:lpm_mux_component|mux_prc:auto_generated|_~1131                              ; |ALU|lpm_mux1:inst31|lpm_mux:lpm_mux_component|mux_prc:auto_generated|_~1131                              ; out0             ;
; |ALU|lpm_mux1:inst31|lpm_mux:lpm_mux_component|mux_prc:auto_generated|_~1132                              ; |ALU|lpm_mux1:inst31|lpm_mux:lpm_mux_component|mux_prc:auto_generated|_~1132                              ; out0             ;
; |ALU|lpm_mux1:inst31|lpm_mux:lpm_mux_component|mux_prc:auto_generated|_~1133                              ; |ALU|lpm_mux1:inst31|lpm_mux:lpm_mux_component|mux_prc:auto_generated|_~1133                              ; out0             ;
; |ALU|lpm_mux1:inst31|lpm_mux:lpm_mux_component|mux_prc:auto_generated|_~1134                              ; |ALU|lpm_mux1:inst31|lpm_mux:lpm_mux_component|mux_prc:auto_generated|_~1134                              ; out0             ;
; |ALU|lpm_mux1:inst31|lpm_mux:lpm_mux_component|mux_prc:auto_generated|_~1137                              ; |ALU|lpm_mux1:inst31|lpm_mux:lpm_mux_component|mux_prc:auto_generated|_~1137                              ; out0             ;
; |ALU|lpm_mux1:inst31|lpm_mux:lpm_mux_component|mux_prc:auto_generated|_~1138                              ; |ALU|lpm_mux1:inst31|lpm_mux:lpm_mux_component|mux_prc:auto_generated|_~1138                              ; out0             ;
; |ALU|lpm_mux1:inst31|lpm_mux:lpm_mux_component|mux_prc:auto_generated|result_node[5]~52                   ; |ALU|lpm_mux1:inst31|lpm_mux:lpm_mux_component|mux_prc:auto_generated|result_node[5]~52                   ; out0             ;
; |ALU|lpm_mux1:inst31|lpm_mux:lpm_mux_component|mux_prc:auto_generated|_~1140                              ; |ALU|lpm_mux1:inst31|lpm_mux:lpm_mux_component|mux_prc:auto_generated|_~1140                              ; out0             ;
; |ALU|lpm_mux1:inst31|lpm_mux:lpm_mux_component|mux_prc:auto_generated|_~1142                              ; |ALU|lpm_mux1:inst31|lpm_mux:lpm_mux_component|mux_prc:auto_generated|_~1142                              ; out0             ;
; |ALU|lpm_mux1:inst31|lpm_mux:lpm_mux_component|mux_prc:auto_generated|_~1144                              ; |ALU|lpm_mux1:inst31|lpm_mux:lpm_mux_component|mux_prc:auto_generated|_~1144                              ; out0             ;
; |ALU|lpm_mux1:inst31|lpm_mux:lpm_mux_component|mux_prc:auto_generated|_~1146                              ; |ALU|lpm_mux1:inst31|lpm_mux:lpm_mux_component|mux_prc:auto_generated|_~1146                              ; out0             ;
; |ALU|lpm_mux1:inst31|lpm_mux:lpm_mux_component|mux_prc:auto_generated|_~1147                              ; |ALU|lpm_mux1:inst31|lpm_mux:lpm_mux_component|mux_prc:auto_generated|_~1147                              ; out0             ;
; |ALU|lpm_mux1:inst31|lpm_mux:lpm_mux_component|mux_prc:auto_generated|_~1149                              ; |ALU|lpm_mux1:inst31|lpm_mux:lpm_mux_component|mux_prc:auto_generated|_~1149                              ; out0             ;
; |ALU|lpm_mux1:inst31|lpm_mux:lpm_mux_component|mux_prc:auto_generated|_~1151                              ; |ALU|lpm_mux1:inst31|lpm_mux:lpm_mux_component|mux_prc:auto_generated|_~1151                              ; out0             ;
; |ALU|lpm_mux1:inst31|lpm_mux:lpm_mux_component|mux_prc:auto_generated|_~1153                              ; |ALU|lpm_mux1:inst31|lpm_mux:lpm_mux_component|mux_prc:auto_generated|_~1153                              ; out0             ;
; |ALU|lpm_mux1:inst31|lpm_mux:lpm_mux_component|mux_prc:auto_generated|_~1155                              ; |ALU|lpm_mux1:inst31|lpm_mux:lpm_mux_component|mux_prc:auto_generated|_~1155                              ; out0             ;
; |ALU|lpm_mux1:inst31|lpm_mux:lpm_mux_component|mux_prc:auto_generated|_~1156                              ; |ALU|lpm_mux1:inst31|lpm_mux:lpm_mux_component|mux_prc:auto_generated|_~1156                              ; out0             ;
; |ALU|lpm_mux1:inst31|lpm_mux:lpm_mux_component|mux_prc:auto_generated|_~1158                              ; |ALU|lpm_mux1:inst31|lpm_mux:lpm_mux_component|mux_prc:auto_generated|_~1158                              ; out0             ;
; |ALU|lpm_mux1:inst31|lpm_mux:lpm_mux_component|mux_prc:auto_generated|_~1159                              ; |ALU|lpm_mux1:inst31|lpm_mux:lpm_mux_component|mux_prc:auto_generated|_~1159                              ; out0             ;
; |ALU|lpm_mux1:inst31|lpm_mux:lpm_mux_component|mux_prc:auto_generated|_~1160                              ; |ALU|lpm_mux1:inst31|lpm_mux:lpm_mux_component|mux_prc:auto_generated|_~1160                              ; out0             ;
; |ALU|lpm_mux1:inst31|lpm_mux:lpm_mux_component|mux_prc:auto_generated|result_node[5]~53                   ; |ALU|lpm_mux1:inst31|lpm_mux:lpm_mux_component|mux_prc:auto_generated|result_node[5]~53                   ; out0             ;
; |ALU|lpm_mux1:inst31|lpm_mux:lpm_mux_component|mux_prc:auto_generated|result_node[5]                      ; |ALU|lpm_mux1:inst31|lpm_mux:lpm_mux_component|mux_prc:auto_generated|result_node[5]                      ; out0             ;
; |ALU|lpm_mux1:inst31|lpm_mux:lpm_mux_component|mux_prc:auto_generated|_~1163                              ; |ALU|lpm_mux1:inst31|lpm_mux:lpm_mux_component|mux_prc:auto_generated|_~1163                              ; out0             ;
; |ALU|lpm_mux1:inst31|lpm_mux:lpm_mux_component|mux_prc:auto_generated|_~1165                              ; |ALU|lpm_mux1:inst31|lpm_mux:lpm_mux_component|mux_prc:auto_generated|_~1165                              ; out0             ;
; |ALU|lpm_mux1:inst31|lpm_mux:lpm_mux_component|mux_prc:auto_generated|_~1166                              ; |ALU|lpm_mux1:inst31|lpm_mux:lpm_mux_component|mux_prc:auto_generated|_~1166                              ; out0             ;
; |ALU|lpm_mux1:inst31|lpm_mux:lpm_mux_component|mux_prc:auto_generated|_~1167                              ; |ALU|lpm_mux1:inst31|lpm_mux:lpm_mux_component|mux_prc:auto_generated|_~1167                              ; out0             ;
; |ALU|lpm_mux1:inst31|lpm_mux:lpm_mux_component|mux_prc:auto_generated|_~1168                              ; |ALU|lpm_mux1:inst31|lpm_mux:lpm_mux_component|mux_prc:auto_generated|_~1168                              ; out0             ;
; |ALU|lpm_mux1:inst31|lpm_mux:lpm_mux_component|mux_prc:auto_generated|_~1172                              ; |ALU|lpm_mux1:inst31|lpm_mux:lpm_mux_component|mux_prc:auto_generated|_~1172                              ; out0             ;
; |ALU|lpm_mux1:inst31|lpm_mux:lpm_mux_component|mux_prc:auto_generated|_~1174                              ; |ALU|lpm_mux1:inst31|lpm_mux:lpm_mux_component|mux_prc:auto_generated|_~1174                              ; out0             ;
; |ALU|lpm_mux1:inst31|lpm_mux:lpm_mux_component|mux_prc:auto_generated|_~1175                              ; |ALU|lpm_mux1:inst31|lpm_mux:lpm_mux_component|mux_prc:auto_generated|_~1175                              ; out0             ;
; |ALU|lpm_mux1:inst31|lpm_mux:lpm_mux_component|mux_prc:auto_generated|_~1176                              ; |ALU|lpm_mux1:inst31|lpm_mux:lpm_mux_component|mux_prc:auto_generated|_~1176                              ; out0             ;
; |ALU|lpm_mux1:inst31|lpm_mux:lpm_mux_component|mux_prc:auto_generated|_~1177                              ; |ALU|lpm_mux1:inst31|lpm_mux:lpm_mux_component|mux_prc:auto_generated|_~1177                              ; out0             ;
; |ALU|lpm_mux1:inst31|lpm_mux:lpm_mux_component|mux_prc:auto_generated|_~1180                              ; |ALU|lpm_mux1:inst31|lpm_mux:lpm_mux_component|mux_prc:auto_generated|_~1180                              ; out0             ;
; |ALU|lpm_mux1:inst31|lpm_mux:lpm_mux_component|mux_prc:auto_generated|_~1181                              ; |ALU|lpm_mux1:inst31|lpm_mux:lpm_mux_component|mux_prc:auto_generated|_~1181                              ; out0             ;
; |ALU|lpm_mux1:inst31|lpm_mux:lpm_mux_component|mux_prc:auto_generated|result_node[4]~54                   ; |ALU|lpm_mux1:inst31|lpm_mux:lpm_mux_component|mux_prc:auto_generated|result_node[4]~54                   ; out0             ;
; |ALU|lpm_mux1:inst31|lpm_mux:lpm_mux_component|mux_prc:auto_generated|_~1183                              ; |ALU|lpm_mux1:inst31|lpm_mux:lpm_mux_component|mux_prc:auto_generated|_~1183                              ; out0             ;
; |ALU|lpm_mux1:inst31|lpm_mux:lpm_mux_component|mux_prc:auto_generated|_~1185                              ; |ALU|lpm_mux1:inst31|lpm_mux:lpm_mux_component|mux_prc:auto_generated|_~1185                              ; out0             ;
; |ALU|lpm_mux1:inst31|lpm_mux:lpm_mux_component|mux_prc:auto_generated|_~1187                              ; |ALU|lpm_mux1:inst31|lpm_mux:lpm_mux_component|mux_prc:auto_generated|_~1187                              ; out0             ;
; |ALU|lpm_mux1:inst31|lpm_mux:lpm_mux_component|mux_prc:auto_generated|_~1189                              ; |ALU|lpm_mux1:inst31|lpm_mux:lpm_mux_component|mux_prc:auto_generated|_~1189                              ; out0             ;
; |ALU|lpm_mux1:inst31|lpm_mux:lpm_mux_component|mux_prc:auto_generated|_~1190                              ; |ALU|lpm_mux1:inst31|lpm_mux:lpm_mux_component|mux_prc:auto_generated|_~1190                              ; out0             ;
; |ALU|lpm_mux1:inst31|lpm_mux:lpm_mux_component|mux_prc:auto_generated|_~1192                              ; |ALU|lpm_mux1:inst31|lpm_mux:lpm_mux_component|mux_prc:auto_generated|_~1192                              ; out0             ;
; |ALU|lpm_mux1:inst31|lpm_mux:lpm_mux_component|mux_prc:auto_generated|_~1194                              ; |ALU|lpm_mux1:inst31|lpm_mux:lpm_mux_component|mux_prc:auto_generated|_~1194                              ; out0             ;
; |ALU|lpm_mux1:inst31|lpm_mux:lpm_mux_component|mux_prc:auto_generated|_~1196                              ; |ALU|lpm_mux1:inst31|lpm_mux:lpm_mux_component|mux_prc:auto_generated|_~1196                              ; out0             ;
; |ALU|lpm_mux1:inst31|lpm_mux:lpm_mux_component|mux_prc:auto_generated|_~1198                              ; |ALU|lpm_mux1:inst31|lpm_mux:lpm_mux_component|mux_prc:auto_generated|_~1198                              ; out0             ;
; |ALU|lpm_mux1:inst31|lpm_mux:lpm_mux_component|mux_prc:auto_generated|_~1199                              ; |ALU|lpm_mux1:inst31|lpm_mux:lpm_mux_component|mux_prc:auto_generated|_~1199                              ; out0             ;
; |ALU|lpm_mux1:inst31|lpm_mux:lpm_mux_component|mux_prc:auto_generated|_~1201                              ; |ALU|lpm_mux1:inst31|lpm_mux:lpm_mux_component|mux_prc:auto_generated|_~1201                              ; out0             ;
; |ALU|lpm_mux1:inst31|lpm_mux:lpm_mux_component|mux_prc:auto_generated|_~1202                              ; |ALU|lpm_mux1:inst31|lpm_mux:lpm_mux_component|mux_prc:auto_generated|_~1202                              ; out0             ;
; |ALU|lpm_mux1:inst31|lpm_mux:lpm_mux_component|mux_prc:auto_generated|_~1203                              ; |ALU|lpm_mux1:inst31|lpm_mux:lpm_mux_component|mux_prc:auto_generated|_~1203                              ; out0             ;
; |ALU|lpm_mux1:inst31|lpm_mux:lpm_mux_component|mux_prc:auto_generated|result_node[4]~55                   ; |ALU|lpm_mux1:inst31|lpm_mux:lpm_mux_component|mux_prc:auto_generated|result_node[4]~55                   ; out0             ;
; |ALU|lpm_mux1:inst31|lpm_mux:lpm_mux_component|mux_prc:auto_generated|result_node[4]                      ; |ALU|lpm_mux1:inst31|lpm_mux:lpm_mux_component|mux_prc:auto_generated|result_node[4]                      ; out0             ;
; |ALU|lpm_mux1:inst31|lpm_mux:lpm_mux_component|mux_prc:auto_generated|_~1204                              ; |ALU|lpm_mux1:inst31|lpm_mux:lpm_mux_component|mux_prc:auto_generated|_~1204                              ; out0             ;
; |ALU|lpm_mux1:inst31|lpm_mux:lpm_mux_component|mux_prc:auto_generated|_~1206                              ; |ALU|lpm_mux1:inst31|lpm_mux:lpm_mux_component|mux_prc:auto_generated|_~1206                              ; out0             ;
; |ALU|lpm_mux1:inst31|lpm_mux:lpm_mux_component|mux_prc:auto_generated|_~1208                              ; |ALU|lpm_mux1:inst31|lpm_mux:lpm_mux_component|mux_prc:auto_generated|_~1208                              ; out0             ;
; |ALU|lpm_mux1:inst31|lpm_mux:lpm_mux_component|mux_prc:auto_generated|_~1209                              ; |ALU|lpm_mux1:inst31|lpm_mux:lpm_mux_component|mux_prc:auto_generated|_~1209                              ; out0             ;
; |ALU|lpm_mux1:inst31|lpm_mux:lpm_mux_component|mux_prc:auto_generated|_~1210                              ; |ALU|lpm_mux1:inst31|lpm_mux:lpm_mux_component|mux_prc:auto_generated|_~1210                              ; out0             ;
; |ALU|lpm_mux1:inst31|lpm_mux:lpm_mux_component|mux_prc:auto_generated|_~1211                              ; |ALU|lpm_mux1:inst31|lpm_mux:lpm_mux_component|mux_prc:auto_generated|_~1211                              ; out0             ;
; |ALU|lpm_mux1:inst31|lpm_mux:lpm_mux_component|mux_prc:auto_generated|_~1213                              ; |ALU|lpm_mux1:inst31|lpm_mux:lpm_mux_component|mux_prc:auto_generated|_~1213                              ; out0             ;
; |ALU|lpm_mux1:inst31|lpm_mux:lpm_mux_component|mux_prc:auto_generated|_~1215                              ; |ALU|lpm_mux1:inst31|lpm_mux:lpm_mux_component|mux_prc:auto_generated|_~1215                              ; out0             ;
; |ALU|lpm_mux1:inst31|lpm_mux:lpm_mux_component|mux_prc:auto_generated|_~1217                              ; |ALU|lpm_mux1:inst31|lpm_mux:lpm_mux_component|mux_prc:auto_generated|_~1217                              ; out0             ;
; |ALU|lpm_mux1:inst31|lpm_mux:lpm_mux_component|mux_prc:auto_generated|_~1218                              ; |ALU|lpm_mux1:inst31|lpm_mux:lpm_mux_component|mux_prc:auto_generated|_~1218                              ; out0             ;
; |ALU|lpm_mux1:inst31|lpm_mux:lpm_mux_component|mux_prc:auto_generated|_~1219                              ; |ALU|lpm_mux1:inst31|lpm_mux:lpm_mux_component|mux_prc:auto_generated|_~1219                              ; out0             ;
; |ALU|lpm_mux1:inst31|lpm_mux:lpm_mux_component|mux_prc:auto_generated|_~1220                              ; |ALU|lpm_mux1:inst31|lpm_mux:lpm_mux_component|mux_prc:auto_generated|_~1220                              ; out0             ;
; |ALU|lpm_mux1:inst31|lpm_mux:lpm_mux_component|mux_prc:auto_generated|_~1223                              ; |ALU|lpm_mux1:inst31|lpm_mux:lpm_mux_component|mux_prc:auto_generated|_~1223                              ; out0             ;
; |ALU|lpm_mux1:inst31|lpm_mux:lpm_mux_component|mux_prc:auto_generated|_~1224                              ; |ALU|lpm_mux1:inst31|lpm_mux:lpm_mux_component|mux_prc:auto_generated|_~1224                              ; out0             ;
; |ALU|lpm_mux1:inst31|lpm_mux:lpm_mux_component|mux_prc:auto_generated|result_node[3]~56                   ; |ALU|lpm_mux1:inst31|lpm_mux:lpm_mux_component|mux_prc:auto_generated|result_node[3]~56                   ; out0             ;
; |ALU|lpm_mux1:inst31|lpm_mux:lpm_mux_component|mux_prc:auto_generated|_~1226                              ; |ALU|lpm_mux1:inst31|lpm_mux:lpm_mux_component|mux_prc:auto_generated|_~1226                              ; out0             ;
; |ALU|lpm_mux1:inst31|lpm_mux:lpm_mux_component|mux_prc:auto_generated|_~1228                              ; |ALU|lpm_mux1:inst31|lpm_mux:lpm_mux_component|mux_prc:auto_generated|_~1228                              ; out0             ;
; |ALU|lpm_mux1:inst31|lpm_mux:lpm_mux_component|mux_prc:auto_generated|_~1230                              ; |ALU|lpm_mux1:inst31|lpm_mux:lpm_mux_component|mux_prc:auto_generated|_~1230                              ; out0             ;
; |ALU|lpm_mux1:inst31|lpm_mux:lpm_mux_component|mux_prc:auto_generated|_~1232                              ; |ALU|lpm_mux1:inst31|lpm_mux:lpm_mux_component|mux_prc:auto_generated|_~1232                              ; out0             ;
; |ALU|lpm_mux1:inst31|lpm_mux:lpm_mux_component|mux_prc:auto_generated|_~1233                              ; |ALU|lpm_mux1:inst31|lpm_mux:lpm_mux_component|mux_prc:auto_generated|_~1233                              ; out0             ;
; |ALU|lpm_mux1:inst31|lpm_mux:lpm_mux_component|mux_prc:auto_generated|_~1235                              ; |ALU|lpm_mux1:inst31|lpm_mux:lpm_mux_component|mux_prc:auto_generated|_~1235                              ; out0             ;
; |ALU|lpm_mux1:inst31|lpm_mux:lpm_mux_component|mux_prc:auto_generated|_~1237                              ; |ALU|lpm_mux1:inst31|lpm_mux:lpm_mux_component|mux_prc:auto_generated|_~1237                              ; out0             ;
; |ALU|lpm_mux1:inst31|lpm_mux:lpm_mux_component|mux_prc:auto_generated|_~1239                              ; |ALU|lpm_mux1:inst31|lpm_mux:lpm_mux_component|mux_prc:auto_generated|_~1239                              ; out0             ;
; |ALU|lpm_mux1:inst31|lpm_mux:lpm_mux_component|mux_prc:auto_generated|_~1241                              ; |ALU|lpm_mux1:inst31|lpm_mux:lpm_mux_component|mux_prc:auto_generated|_~1241                              ; out0             ;
; |ALU|lpm_mux1:inst31|lpm_mux:lpm_mux_component|mux_prc:auto_generated|_~1242                              ; |ALU|lpm_mux1:inst31|lpm_mux:lpm_mux_component|mux_prc:auto_generated|_~1242                              ; out0             ;
; |ALU|lpm_mux1:inst31|lpm_mux:lpm_mux_component|mux_prc:auto_generated|_~1244                              ; |ALU|lpm_mux1:inst31|lpm_mux:lpm_mux_component|mux_prc:auto_generated|_~1244                              ; out0             ;
; |ALU|lpm_mux1:inst31|lpm_mux:lpm_mux_component|mux_prc:auto_generated|_~1245                              ; |ALU|lpm_mux1:inst31|lpm_mux:lpm_mux_component|mux_prc:auto_generated|_~1245                              ; out0             ;
; |ALU|lpm_mux1:inst31|lpm_mux:lpm_mux_component|mux_prc:auto_generated|_~1246                              ; |ALU|lpm_mux1:inst31|lpm_mux:lpm_mux_component|mux_prc:auto_generated|_~1246                              ; out0             ;
; |ALU|lpm_mux1:inst31|lpm_mux:lpm_mux_component|mux_prc:auto_generated|result_node[3]~57                   ; |ALU|lpm_mux1:inst31|lpm_mux:lpm_mux_component|mux_prc:auto_generated|result_node[3]~57                   ; out0             ;
; |ALU|lpm_mux1:inst31|lpm_mux:lpm_mux_component|mux_prc:auto_generated|result_node[3]                      ; |ALU|lpm_mux1:inst31|lpm_mux:lpm_mux_component|mux_prc:auto_generated|result_node[3]                      ; out0             ;
; |ALU|lpm_mux1:inst31|lpm_mux:lpm_mux_component|mux_prc:auto_generated|_~1247                              ; |ALU|lpm_mux1:inst31|lpm_mux:lpm_mux_component|mux_prc:auto_generated|_~1247                              ; out0             ;
; |ALU|lpm_mux1:inst31|lpm_mux:lpm_mux_component|mux_prc:auto_generated|_~1249                              ; |ALU|lpm_mux1:inst31|lpm_mux:lpm_mux_component|mux_prc:auto_generated|_~1249                              ; out0             ;
; |ALU|lpm_mux1:inst31|lpm_mux:lpm_mux_component|mux_prc:auto_generated|_~1251                              ; |ALU|lpm_mux1:inst31|lpm_mux:lpm_mux_component|mux_prc:auto_generated|_~1251                              ; out0             ;
; |ALU|lpm_mux1:inst31|lpm_mux:lpm_mux_component|mux_prc:auto_generated|_~1252                              ; |ALU|lpm_mux1:inst31|lpm_mux:lpm_mux_component|mux_prc:auto_generated|_~1252                              ; out0             ;
; |ALU|lpm_mux1:inst31|lpm_mux:lpm_mux_component|mux_prc:auto_generated|_~1253                              ; |ALU|lpm_mux1:inst31|lpm_mux:lpm_mux_component|mux_prc:auto_generated|_~1253                              ; out0             ;
; |ALU|lpm_mux1:inst31|lpm_mux:lpm_mux_component|mux_prc:auto_generated|_~1254                              ; |ALU|lpm_mux1:inst31|lpm_mux:lpm_mux_component|mux_prc:auto_generated|_~1254                              ; out0             ;
; |ALU|lpm_mux1:inst31|lpm_mux:lpm_mux_component|mux_prc:auto_generated|_~1256                              ; |ALU|lpm_mux1:inst31|lpm_mux:lpm_mux_component|mux_prc:auto_generated|_~1256                              ; out0             ;
; |ALU|lpm_mux1:inst31|lpm_mux:lpm_mux_component|mux_prc:auto_generated|_~1258                              ; |ALU|lpm_mux1:inst31|lpm_mux:lpm_mux_component|mux_prc:auto_generated|_~1258                              ; out0             ;
; |ALU|lpm_mux1:inst31|lpm_mux:lpm_mux_component|mux_prc:auto_generated|_~1260                              ; |ALU|lpm_mux1:inst31|lpm_mux:lpm_mux_component|mux_prc:auto_generated|_~1260                              ; out0             ;
; |ALU|lpm_mux1:inst31|lpm_mux:lpm_mux_component|mux_prc:auto_generated|_~1261                              ; |ALU|lpm_mux1:inst31|lpm_mux:lpm_mux_component|mux_prc:auto_generated|_~1261                              ; out0             ;
; |ALU|lpm_mux1:inst31|lpm_mux:lpm_mux_component|mux_prc:auto_generated|_~1262                              ; |ALU|lpm_mux1:inst31|lpm_mux:lpm_mux_component|mux_prc:auto_generated|_~1262                              ; out0             ;
; |ALU|lpm_mux1:inst31|lpm_mux:lpm_mux_component|mux_prc:auto_generated|_~1263                              ; |ALU|lpm_mux1:inst31|lpm_mux:lpm_mux_component|mux_prc:auto_generated|_~1263                              ; out0             ;
; |ALU|lpm_mux1:inst31|lpm_mux:lpm_mux_component|mux_prc:auto_generated|_~1266                              ; |ALU|lpm_mux1:inst31|lpm_mux:lpm_mux_component|mux_prc:auto_generated|_~1266                              ; out0             ;
; |ALU|lpm_mux1:inst31|lpm_mux:lpm_mux_component|mux_prc:auto_generated|_~1267                              ; |ALU|lpm_mux1:inst31|lpm_mux:lpm_mux_component|mux_prc:auto_generated|_~1267                              ; out0             ;
; |ALU|lpm_mux1:inst31|lpm_mux:lpm_mux_component|mux_prc:auto_generated|result_node[2]~58                   ; |ALU|lpm_mux1:inst31|lpm_mux:lpm_mux_component|mux_prc:auto_generated|result_node[2]~58                   ; out0             ;
; |ALU|lpm_mux1:inst31|lpm_mux:lpm_mux_component|mux_prc:auto_generated|_~1269                              ; |ALU|lpm_mux1:inst31|lpm_mux:lpm_mux_component|mux_prc:auto_generated|_~1269                              ; out0             ;
; |ALU|lpm_mux1:inst31|lpm_mux:lpm_mux_component|mux_prc:auto_generated|_~1271                              ; |ALU|lpm_mux1:inst31|lpm_mux:lpm_mux_component|mux_prc:auto_generated|_~1271                              ; out0             ;
; |ALU|lpm_mux1:inst31|lpm_mux:lpm_mux_component|mux_prc:auto_generated|_~1273                              ; |ALU|lpm_mux1:inst31|lpm_mux:lpm_mux_component|mux_prc:auto_generated|_~1273                              ; out0             ;
; |ALU|lpm_mux1:inst31|lpm_mux:lpm_mux_component|mux_prc:auto_generated|_~1275                              ; |ALU|lpm_mux1:inst31|lpm_mux:lpm_mux_component|mux_prc:auto_generated|_~1275                              ; out0             ;
; |ALU|lpm_mux1:inst31|lpm_mux:lpm_mux_component|mux_prc:auto_generated|_~1276                              ; |ALU|lpm_mux1:inst31|lpm_mux:lpm_mux_component|mux_prc:auto_generated|_~1276                              ; out0             ;
; |ALU|lpm_mux1:inst31|lpm_mux:lpm_mux_component|mux_prc:auto_generated|_~1278                              ; |ALU|lpm_mux1:inst31|lpm_mux:lpm_mux_component|mux_prc:auto_generated|_~1278                              ; out0             ;
; |ALU|lpm_mux1:inst31|lpm_mux:lpm_mux_component|mux_prc:auto_generated|_~1280                              ; |ALU|lpm_mux1:inst31|lpm_mux:lpm_mux_component|mux_prc:auto_generated|_~1280                              ; out0             ;
; |ALU|lpm_mux1:inst31|lpm_mux:lpm_mux_component|mux_prc:auto_generated|_~1282                              ; |ALU|lpm_mux1:inst31|lpm_mux:lpm_mux_component|mux_prc:auto_generated|_~1282                              ; out0             ;
; |ALU|lpm_mux1:inst31|lpm_mux:lpm_mux_component|mux_prc:auto_generated|_~1284                              ; |ALU|lpm_mux1:inst31|lpm_mux:lpm_mux_component|mux_prc:auto_generated|_~1284                              ; out0             ;
; |ALU|lpm_mux1:inst31|lpm_mux:lpm_mux_component|mux_prc:auto_generated|_~1285                              ; |ALU|lpm_mux1:inst31|lpm_mux:lpm_mux_component|mux_prc:auto_generated|_~1285                              ; out0             ;
; |ALU|lpm_mux1:inst31|lpm_mux:lpm_mux_component|mux_prc:auto_generated|_~1287                              ; |ALU|lpm_mux1:inst31|lpm_mux:lpm_mux_component|mux_prc:auto_generated|_~1287                              ; out0             ;
; |ALU|lpm_mux1:inst31|lpm_mux:lpm_mux_component|mux_prc:auto_generated|_~1288                              ; |ALU|lpm_mux1:inst31|lpm_mux:lpm_mux_component|mux_prc:auto_generated|_~1288                              ; out0             ;
; |ALU|lpm_mux1:inst31|lpm_mux:lpm_mux_component|mux_prc:auto_generated|_~1289                              ; |ALU|lpm_mux1:inst31|lpm_mux:lpm_mux_component|mux_prc:auto_generated|_~1289                              ; out0             ;
; |ALU|lpm_mux1:inst31|lpm_mux:lpm_mux_component|mux_prc:auto_generated|result_node[2]~59                   ; |ALU|lpm_mux1:inst31|lpm_mux:lpm_mux_component|mux_prc:auto_generated|result_node[2]~59                   ; out0             ;
; |ALU|lpm_mux1:inst31|lpm_mux:lpm_mux_component|mux_prc:auto_generated|result_node[2]                      ; |ALU|lpm_mux1:inst31|lpm_mux:lpm_mux_component|mux_prc:auto_generated|result_node[2]                      ; out0             ;
; |ALU|lpm_mux1:inst31|lpm_mux:lpm_mux_component|mux_prc:auto_generated|_~1290                              ; |ALU|lpm_mux1:inst31|lpm_mux:lpm_mux_component|mux_prc:auto_generated|_~1290                              ; out0             ;
; |ALU|lpm_mux1:inst31|lpm_mux:lpm_mux_component|mux_prc:auto_generated|_~1292                              ; |ALU|lpm_mux1:inst31|lpm_mux:lpm_mux_component|mux_prc:auto_generated|_~1292                              ; out0             ;
; |ALU|lpm_mux1:inst31|lpm_mux:lpm_mux_component|mux_prc:auto_generated|_~1294                              ; |ALU|lpm_mux1:inst31|lpm_mux:lpm_mux_component|mux_prc:auto_generated|_~1294                              ; out0             ;
; |ALU|lpm_mux1:inst31|lpm_mux:lpm_mux_component|mux_prc:auto_generated|_~1295                              ; |ALU|lpm_mux1:inst31|lpm_mux:lpm_mux_component|mux_prc:auto_generated|_~1295                              ; out0             ;
; |ALU|lpm_mux1:inst31|lpm_mux:lpm_mux_component|mux_prc:auto_generated|_~1296                              ; |ALU|lpm_mux1:inst31|lpm_mux:lpm_mux_component|mux_prc:auto_generated|_~1296                              ; out0             ;
; |ALU|lpm_mux1:inst31|lpm_mux:lpm_mux_component|mux_prc:auto_generated|_~1297                              ; |ALU|lpm_mux1:inst31|lpm_mux:lpm_mux_component|mux_prc:auto_generated|_~1297                              ; out0             ;
; |ALU|lpm_mux1:inst31|lpm_mux:lpm_mux_component|mux_prc:auto_generated|_~1299                              ; |ALU|lpm_mux1:inst31|lpm_mux:lpm_mux_component|mux_prc:auto_generated|_~1299                              ; out0             ;
; |ALU|lpm_mux1:inst31|lpm_mux:lpm_mux_component|mux_prc:auto_generated|_~1301                              ; |ALU|lpm_mux1:inst31|lpm_mux:lpm_mux_component|mux_prc:auto_generated|_~1301                              ; out0             ;
; |ALU|lpm_mux1:inst31|lpm_mux:lpm_mux_component|mux_prc:auto_generated|_~1303                              ; |ALU|lpm_mux1:inst31|lpm_mux:lpm_mux_component|mux_prc:auto_generated|_~1303                              ; out0             ;
; |ALU|lpm_mux1:inst31|lpm_mux:lpm_mux_component|mux_prc:auto_generated|_~1304                              ; |ALU|lpm_mux1:inst31|lpm_mux:lpm_mux_component|mux_prc:auto_generated|_~1304                              ; out0             ;
; |ALU|lpm_mux1:inst31|lpm_mux:lpm_mux_component|mux_prc:auto_generated|_~1305                              ; |ALU|lpm_mux1:inst31|lpm_mux:lpm_mux_component|mux_prc:auto_generated|_~1305                              ; out0             ;
; |ALU|lpm_mux1:inst31|lpm_mux:lpm_mux_component|mux_prc:auto_generated|_~1306                              ; |ALU|lpm_mux1:inst31|lpm_mux:lpm_mux_component|mux_prc:auto_generated|_~1306                              ; out0             ;
; |ALU|lpm_mux1:inst31|lpm_mux:lpm_mux_component|mux_prc:auto_generated|_~1309                              ; |ALU|lpm_mux1:inst31|lpm_mux:lpm_mux_component|mux_prc:auto_generated|_~1309                              ; out0             ;
; |ALU|lpm_mux1:inst31|lpm_mux:lpm_mux_component|mux_prc:auto_generated|_~1310                              ; |ALU|lpm_mux1:inst31|lpm_mux:lpm_mux_component|mux_prc:auto_generated|_~1310                              ; out0             ;
; |ALU|lpm_mux1:inst31|lpm_mux:lpm_mux_component|mux_prc:auto_generated|result_node[1]~60                   ; |ALU|lpm_mux1:inst31|lpm_mux:lpm_mux_component|mux_prc:auto_generated|result_node[1]~60                   ; out0             ;
; |ALU|lpm_mux1:inst31|lpm_mux:lpm_mux_component|mux_prc:auto_generated|_~1312                              ; |ALU|lpm_mux1:inst31|lpm_mux:lpm_mux_component|mux_prc:auto_generated|_~1312                              ; out0             ;
; |ALU|lpm_mux1:inst31|lpm_mux:lpm_mux_component|mux_prc:auto_generated|_~1314                              ; |ALU|lpm_mux1:inst31|lpm_mux:lpm_mux_component|mux_prc:auto_generated|_~1314                              ; out0             ;
; |ALU|lpm_mux1:inst31|lpm_mux:lpm_mux_component|mux_prc:auto_generated|_~1316                              ; |ALU|lpm_mux1:inst31|lpm_mux:lpm_mux_component|mux_prc:auto_generated|_~1316                              ; out0             ;
; |ALU|lpm_mux1:inst31|lpm_mux:lpm_mux_component|mux_prc:auto_generated|_~1318                              ; |ALU|lpm_mux1:inst31|lpm_mux:lpm_mux_component|mux_prc:auto_generated|_~1318                              ; out0             ;
; |ALU|lpm_mux1:inst31|lpm_mux:lpm_mux_component|mux_prc:auto_generated|_~1319                              ; |ALU|lpm_mux1:inst31|lpm_mux:lpm_mux_component|mux_prc:auto_generated|_~1319                              ; out0             ;
; |ALU|lpm_mux1:inst31|lpm_mux:lpm_mux_component|mux_prc:auto_generated|_~1321                              ; |ALU|lpm_mux1:inst31|lpm_mux:lpm_mux_component|mux_prc:auto_generated|_~1321                              ; out0             ;
; |ALU|lpm_mux1:inst31|lpm_mux:lpm_mux_component|mux_prc:auto_generated|_~1323                              ; |ALU|lpm_mux1:inst31|lpm_mux:lpm_mux_component|mux_prc:auto_generated|_~1323                              ; out0             ;
; |ALU|lpm_mux1:inst31|lpm_mux:lpm_mux_component|mux_prc:auto_generated|_~1325                              ; |ALU|lpm_mux1:inst31|lpm_mux:lpm_mux_component|mux_prc:auto_generated|_~1325                              ; out0             ;
; |ALU|lpm_mux1:inst31|lpm_mux:lpm_mux_component|mux_prc:auto_generated|_~1327                              ; |ALU|lpm_mux1:inst31|lpm_mux:lpm_mux_component|mux_prc:auto_generated|_~1327                              ; out0             ;
; |ALU|lpm_mux1:inst31|lpm_mux:lpm_mux_component|mux_prc:auto_generated|_~1328                              ; |ALU|lpm_mux1:inst31|lpm_mux:lpm_mux_component|mux_prc:auto_generated|_~1328                              ; out0             ;
; |ALU|lpm_mux1:inst31|lpm_mux:lpm_mux_component|mux_prc:auto_generated|_~1330                              ; |ALU|lpm_mux1:inst31|lpm_mux:lpm_mux_component|mux_prc:auto_generated|_~1330                              ; out0             ;
; |ALU|lpm_mux1:inst31|lpm_mux:lpm_mux_component|mux_prc:auto_generated|_~1331                              ; |ALU|lpm_mux1:inst31|lpm_mux:lpm_mux_component|mux_prc:auto_generated|_~1331                              ; out0             ;
; |ALU|lpm_mux1:inst31|lpm_mux:lpm_mux_component|mux_prc:auto_generated|_~1332                              ; |ALU|lpm_mux1:inst31|lpm_mux:lpm_mux_component|mux_prc:auto_generated|_~1332                              ; out0             ;
; |ALU|lpm_mux1:inst31|lpm_mux:lpm_mux_component|mux_prc:auto_generated|result_node[1]~61                   ; |ALU|lpm_mux1:inst31|lpm_mux:lpm_mux_component|mux_prc:auto_generated|result_node[1]~61                   ; out0             ;
; |ALU|lpm_mux1:inst31|lpm_mux:lpm_mux_component|mux_prc:auto_generated|result_node[1]                      ; |ALU|lpm_mux1:inst31|lpm_mux:lpm_mux_component|mux_prc:auto_generated|result_node[1]                      ; out0             ;
; |ALU|lpm_mux1:inst31|lpm_mux:lpm_mux_component|mux_prc:auto_generated|_~1333                              ; |ALU|lpm_mux1:inst31|lpm_mux:lpm_mux_component|mux_prc:auto_generated|_~1333                              ; out0             ;
; |ALU|lpm_mux1:inst31|lpm_mux:lpm_mux_component|mux_prc:auto_generated|_~1335                              ; |ALU|lpm_mux1:inst31|lpm_mux:lpm_mux_component|mux_prc:auto_generated|_~1335                              ; out0             ;
; |ALU|lpm_mux1:inst31|lpm_mux:lpm_mux_component|mux_prc:auto_generated|_~1337                              ; |ALU|lpm_mux1:inst31|lpm_mux:lpm_mux_component|mux_prc:auto_generated|_~1337                              ; out0             ;
; |ALU|lpm_mux1:inst31|lpm_mux:lpm_mux_component|mux_prc:auto_generated|_~1338                              ; |ALU|lpm_mux1:inst31|lpm_mux:lpm_mux_component|mux_prc:auto_generated|_~1338                              ; out0             ;
; |ALU|lpm_mux1:inst31|lpm_mux:lpm_mux_component|mux_prc:auto_generated|_~1339                              ; |ALU|lpm_mux1:inst31|lpm_mux:lpm_mux_component|mux_prc:auto_generated|_~1339                              ; out0             ;
; |ALU|lpm_mux1:inst31|lpm_mux:lpm_mux_component|mux_prc:auto_generated|_~1340                              ; |ALU|lpm_mux1:inst31|lpm_mux:lpm_mux_component|mux_prc:auto_generated|_~1340                              ; out0             ;
; |ALU|lpm_mux1:inst31|lpm_mux:lpm_mux_component|mux_prc:auto_generated|_~1342                              ; |ALU|lpm_mux1:inst31|lpm_mux:lpm_mux_component|mux_prc:auto_generated|_~1342                              ; out0             ;
; |ALU|lpm_mux1:inst31|lpm_mux:lpm_mux_component|mux_prc:auto_generated|_~1344                              ; |ALU|lpm_mux1:inst31|lpm_mux:lpm_mux_component|mux_prc:auto_generated|_~1344                              ; out0             ;
; |ALU|lpm_mux1:inst31|lpm_mux:lpm_mux_component|mux_prc:auto_generated|_~1346                              ; |ALU|lpm_mux1:inst31|lpm_mux:lpm_mux_component|mux_prc:auto_generated|_~1346                              ; out0             ;
; |ALU|lpm_mux1:inst31|lpm_mux:lpm_mux_component|mux_prc:auto_generated|_~1347                              ; |ALU|lpm_mux1:inst31|lpm_mux:lpm_mux_component|mux_prc:auto_generated|_~1347                              ; out0             ;
; |ALU|lpm_mux1:inst31|lpm_mux:lpm_mux_component|mux_prc:auto_generated|_~1348                              ; |ALU|lpm_mux1:inst31|lpm_mux:lpm_mux_component|mux_prc:auto_generated|_~1348                              ; out0             ;
; |ALU|lpm_mux1:inst31|lpm_mux:lpm_mux_component|mux_prc:auto_generated|_~1349                              ; |ALU|lpm_mux1:inst31|lpm_mux:lpm_mux_component|mux_prc:auto_generated|_~1349                              ; out0             ;
; |ALU|lpm_mux1:inst31|lpm_mux:lpm_mux_component|mux_prc:auto_generated|_~1352                              ; |ALU|lpm_mux1:inst31|lpm_mux:lpm_mux_component|mux_prc:auto_generated|_~1352                              ; out0             ;
; |ALU|lpm_mux1:inst31|lpm_mux:lpm_mux_component|mux_prc:auto_generated|_~1353                              ; |ALU|lpm_mux1:inst31|lpm_mux:lpm_mux_component|mux_prc:auto_generated|_~1353                              ; out0             ;
; |ALU|lpm_mux1:inst31|lpm_mux:lpm_mux_component|mux_prc:auto_generated|result_node[0]~62                   ; |ALU|lpm_mux1:inst31|lpm_mux:lpm_mux_component|mux_prc:auto_generated|result_node[0]~62                   ; out0             ;
; |ALU|lpm_mux1:inst31|lpm_mux:lpm_mux_component|mux_prc:auto_generated|_~1355                              ; |ALU|lpm_mux1:inst31|lpm_mux:lpm_mux_component|mux_prc:auto_generated|_~1355                              ; out0             ;
; |ALU|lpm_mux1:inst31|lpm_mux:lpm_mux_component|mux_prc:auto_generated|_~1357                              ; |ALU|lpm_mux1:inst31|lpm_mux:lpm_mux_component|mux_prc:auto_generated|_~1357                              ; out0             ;
; |ALU|lpm_mux1:inst31|lpm_mux:lpm_mux_component|mux_prc:auto_generated|_~1359                              ; |ALU|lpm_mux1:inst31|lpm_mux:lpm_mux_component|mux_prc:auto_generated|_~1359                              ; out0             ;
; |ALU|lpm_mux1:inst31|lpm_mux:lpm_mux_component|mux_prc:auto_generated|_~1360                              ; |ALU|lpm_mux1:inst31|lpm_mux:lpm_mux_component|mux_prc:auto_generated|_~1360                              ; out0             ;
; |ALU|lpm_mux1:inst31|lpm_mux:lpm_mux_component|mux_prc:auto_generated|_~1361                              ; |ALU|lpm_mux1:inst31|lpm_mux:lpm_mux_component|mux_prc:auto_generated|_~1361                              ; out0             ;
; |ALU|lpm_mux1:inst31|lpm_mux:lpm_mux_component|mux_prc:auto_generated|_~1362                              ; |ALU|lpm_mux1:inst31|lpm_mux:lpm_mux_component|mux_prc:auto_generated|_~1362                              ; out0             ;
; |ALU|lpm_mux1:inst31|lpm_mux:lpm_mux_component|mux_prc:auto_generated|_~1364                              ; |ALU|lpm_mux1:inst31|lpm_mux:lpm_mux_component|mux_prc:auto_generated|_~1364                              ; out0             ;
; |ALU|lpm_mux1:inst31|lpm_mux:lpm_mux_component|mux_prc:auto_generated|_~1366                              ; |ALU|lpm_mux1:inst31|lpm_mux:lpm_mux_component|mux_prc:auto_generated|_~1366                              ; out0             ;
; |ALU|lpm_mux1:inst31|lpm_mux:lpm_mux_component|mux_prc:auto_generated|_~1368                              ; |ALU|lpm_mux1:inst31|lpm_mux:lpm_mux_component|mux_prc:auto_generated|_~1368                              ; out0             ;
; |ALU|lpm_mux1:inst31|lpm_mux:lpm_mux_component|mux_prc:auto_generated|_~1369                              ; |ALU|lpm_mux1:inst31|lpm_mux:lpm_mux_component|mux_prc:auto_generated|_~1369                              ; out0             ;
; |ALU|lpm_mux1:inst31|lpm_mux:lpm_mux_component|mux_prc:auto_generated|_~1370                              ; |ALU|lpm_mux1:inst31|lpm_mux:lpm_mux_component|mux_prc:auto_generated|_~1370                              ; out0             ;
; |ALU|lpm_mux1:inst31|lpm_mux:lpm_mux_component|mux_prc:auto_generated|_~1371                              ; |ALU|lpm_mux1:inst31|lpm_mux:lpm_mux_component|mux_prc:auto_generated|_~1371                              ; out0             ;
; |ALU|lpm_mux1:inst31|lpm_mux:lpm_mux_component|mux_prc:auto_generated|_~1373                              ; |ALU|lpm_mux1:inst31|lpm_mux:lpm_mux_component|mux_prc:auto_generated|_~1373                              ; out0             ;
; |ALU|lpm_mux1:inst31|lpm_mux:lpm_mux_component|mux_prc:auto_generated|_~1374                              ; |ALU|lpm_mux1:inst31|lpm_mux:lpm_mux_component|mux_prc:auto_generated|_~1374                              ; out0             ;
; |ALU|lpm_mux1:inst31|lpm_mux:lpm_mux_component|mux_prc:auto_generated|_~1375                              ; |ALU|lpm_mux1:inst31|lpm_mux:lpm_mux_component|mux_prc:auto_generated|_~1375                              ; out0             ;
; |ALU|lpm_mux1:inst31|lpm_mux:lpm_mux_component|mux_prc:auto_generated|result_node[0]~63                   ; |ALU|lpm_mux1:inst31|lpm_mux:lpm_mux_component|mux_prc:auto_generated|result_node[0]~63                   ; out0             ;
; |ALU|lpm_mux1:inst31|lpm_mux:lpm_mux_component|mux_prc:auto_generated|result_node[0]                      ; |ALU|lpm_mux1:inst31|lpm_mux:lpm_mux_component|mux_prc:auto_generated|result_node[0]                      ; out0             ;
; |ALU|lpm_add_sub0:inst|lpm_add_sub:lpm_add_sub_component|add_sub_76i:auto_generated|op_1~0                ; |ALU|lpm_add_sub0:inst|lpm_add_sub:lpm_add_sub_component|add_sub_76i:auto_generated|op_1~0                ; out0             ;
; |ALU|lpm_add_sub0:inst|lpm_add_sub:lpm_add_sub_component|add_sub_76i:auto_generated|op_1~1                ; |ALU|lpm_add_sub0:inst|lpm_add_sub:lpm_add_sub_component|add_sub_76i:auto_generated|op_1~1                ; out0             ;
; |ALU|lpm_add_sub0:inst|lpm_add_sub:lpm_add_sub_component|add_sub_76i:auto_generated|op_1~2                ; |ALU|lpm_add_sub0:inst|lpm_add_sub:lpm_add_sub_component|add_sub_76i:auto_generated|op_1~2                ; out0             ;
; |ALU|lpm_add_sub0:inst|lpm_add_sub:lpm_add_sub_component|add_sub_76i:auto_generated|op_1~3                ; |ALU|lpm_add_sub0:inst|lpm_add_sub:lpm_add_sub_component|add_sub_76i:auto_generated|op_1~3                ; out0             ;
; |ALU|lpm_add_sub0:inst|lpm_add_sub:lpm_add_sub_component|add_sub_76i:auto_generated|op_1~4                ; |ALU|lpm_add_sub0:inst|lpm_add_sub:lpm_add_sub_component|add_sub_76i:auto_generated|op_1~4                ; out0             ;
; |ALU|lpm_add_sub0:inst|lpm_add_sub:lpm_add_sub_component|add_sub_76i:auto_generated|op_1~5                ; |ALU|lpm_add_sub0:inst|lpm_add_sub:lpm_add_sub_component|add_sub_76i:auto_generated|op_1~5                ; out0             ;
; |ALU|lpm_add_sub0:inst|lpm_add_sub:lpm_add_sub_component|add_sub_76i:auto_generated|op_1~6                ; |ALU|lpm_add_sub0:inst|lpm_add_sub:lpm_add_sub_component|add_sub_76i:auto_generated|op_1~6                ; out0             ;
; |ALU|lpm_add_sub0:inst|lpm_add_sub:lpm_add_sub_component|add_sub_76i:auto_generated|op_1~7                ; |ALU|lpm_add_sub0:inst|lpm_add_sub:lpm_add_sub_component|add_sub_76i:auto_generated|op_1~7                ; out0             ;
; |ALU|lpm_add_sub0:inst|lpm_add_sub:lpm_add_sub_component|add_sub_76i:auto_generated|op_1~8                ; |ALU|lpm_add_sub0:inst|lpm_add_sub:lpm_add_sub_component|add_sub_76i:auto_generated|op_1~8                ; out0             ;
; |ALU|lpm_add_sub0:inst|lpm_add_sub:lpm_add_sub_component|add_sub_76i:auto_generated|op_1~9                ; |ALU|lpm_add_sub0:inst|lpm_add_sub:lpm_add_sub_component|add_sub_76i:auto_generated|op_1~9                ; out0             ;
; |ALU|lpm_add_sub0:inst|lpm_add_sub:lpm_add_sub_component|add_sub_76i:auto_generated|op_1~10               ; |ALU|lpm_add_sub0:inst|lpm_add_sub:lpm_add_sub_component|add_sub_76i:auto_generated|op_1~10               ; out0             ;
; |ALU|lpm_add_sub0:inst|lpm_add_sub:lpm_add_sub_component|add_sub_76i:auto_generated|op_1~11               ; |ALU|lpm_add_sub0:inst|lpm_add_sub:lpm_add_sub_component|add_sub_76i:auto_generated|op_1~11               ; out0             ;
; |ALU|lpm_add_sub0:inst|lpm_add_sub:lpm_add_sub_component|add_sub_76i:auto_generated|op_1~12               ; |ALU|lpm_add_sub0:inst|lpm_add_sub:lpm_add_sub_component|add_sub_76i:auto_generated|op_1~12               ; out0             ;
; |ALU|lpm_add_sub0:inst|lpm_add_sub:lpm_add_sub_component|add_sub_76i:auto_generated|op_1~13               ; |ALU|lpm_add_sub0:inst|lpm_add_sub:lpm_add_sub_component|add_sub_76i:auto_generated|op_1~13               ; out0             ;
; |ALU|lpm_add_sub0:inst|lpm_add_sub:lpm_add_sub_component|add_sub_76i:auto_generated|op_1~14               ; |ALU|lpm_add_sub0:inst|lpm_add_sub:lpm_add_sub_component|add_sub_76i:auto_generated|op_1~14               ; out0             ;
; |ALU|lpm_add_sub0:inst|lpm_add_sub:lpm_add_sub_component|add_sub_76i:auto_generated|op_1~15               ; |ALU|lpm_add_sub0:inst|lpm_add_sub:lpm_add_sub_component|add_sub_76i:auto_generated|op_1~15               ; out0             ;
; |ALU|lpm_add_sub0:inst|lpm_add_sub:lpm_add_sub_component|add_sub_76i:auto_generated|op_1~16               ; |ALU|lpm_add_sub0:inst|lpm_add_sub:lpm_add_sub_component|add_sub_76i:auto_generated|op_1~16               ; out0             ;
; |ALU|lpm_add_sub0:inst|lpm_add_sub:lpm_add_sub_component|add_sub_76i:auto_generated|op_1~17               ; |ALU|lpm_add_sub0:inst|lpm_add_sub:lpm_add_sub_component|add_sub_76i:auto_generated|op_1~17               ; out0             ;
; |ALU|lpm_add_sub0:inst|lpm_add_sub:lpm_add_sub_component|add_sub_76i:auto_generated|op_1~18               ; |ALU|lpm_add_sub0:inst|lpm_add_sub:lpm_add_sub_component|add_sub_76i:auto_generated|op_1~18               ; out0             ;
; |ALU|lpm_add_sub0:inst|lpm_add_sub:lpm_add_sub_component|add_sub_76i:auto_generated|op_1~19               ; |ALU|lpm_add_sub0:inst|lpm_add_sub:lpm_add_sub_component|add_sub_76i:auto_generated|op_1~19               ; out0             ;
; |ALU|lpm_add_sub0:inst|lpm_add_sub:lpm_add_sub_component|add_sub_76i:auto_generated|op_1~20               ; |ALU|lpm_add_sub0:inst|lpm_add_sub:lpm_add_sub_component|add_sub_76i:auto_generated|op_1~20               ; out0             ;
; |ALU|lpm_add_sub0:inst|lpm_add_sub:lpm_add_sub_component|add_sub_76i:auto_generated|op_1~21               ; |ALU|lpm_add_sub0:inst|lpm_add_sub:lpm_add_sub_component|add_sub_76i:auto_generated|op_1~21               ; out0             ;
; |ALU|lpm_add_sub0:inst|lpm_add_sub:lpm_add_sub_component|add_sub_76i:auto_generated|op_1~22               ; |ALU|lpm_add_sub0:inst|lpm_add_sub:lpm_add_sub_component|add_sub_76i:auto_generated|op_1~22               ; out0             ;
; |ALU|lpm_add_sub0:inst|lpm_add_sub:lpm_add_sub_component|add_sub_76i:auto_generated|op_1~23               ; |ALU|lpm_add_sub0:inst|lpm_add_sub:lpm_add_sub_component|add_sub_76i:auto_generated|op_1~23               ; out0             ;
; |ALU|lpm_add_sub0:inst|lpm_add_sub:lpm_add_sub_component|add_sub_76i:auto_generated|op_1~24               ; |ALU|lpm_add_sub0:inst|lpm_add_sub:lpm_add_sub_component|add_sub_76i:auto_generated|op_1~24               ; out0             ;
; |ALU|lpm_add_sub0:inst|lpm_add_sub:lpm_add_sub_component|add_sub_76i:auto_generated|op_1~25               ; |ALU|lpm_add_sub0:inst|lpm_add_sub:lpm_add_sub_component|add_sub_76i:auto_generated|op_1~25               ; out0             ;
; |ALU|lpm_add_sub0:inst|lpm_add_sub:lpm_add_sub_component|add_sub_76i:auto_generated|op_1~26               ; |ALU|lpm_add_sub0:inst|lpm_add_sub:lpm_add_sub_component|add_sub_76i:auto_generated|op_1~26               ; out0             ;
; |ALU|lpm_add_sub0:inst|lpm_add_sub:lpm_add_sub_component|add_sub_76i:auto_generated|op_1~27               ; |ALU|lpm_add_sub0:inst|lpm_add_sub:lpm_add_sub_component|add_sub_76i:auto_generated|op_1~27               ; out0             ;
; |ALU|lpm_add_sub0:inst|lpm_add_sub:lpm_add_sub_component|add_sub_76i:auto_generated|op_1~28               ; |ALU|lpm_add_sub0:inst|lpm_add_sub:lpm_add_sub_component|add_sub_76i:auto_generated|op_1~28               ; out0             ;
; |ALU|lpm_add_sub0:inst|lpm_add_sub:lpm_add_sub_component|add_sub_76i:auto_generated|op_1~29               ; |ALU|lpm_add_sub0:inst|lpm_add_sub:lpm_add_sub_component|add_sub_76i:auto_generated|op_1~29               ; out0             ;
; |ALU|lpm_add_sub0:inst|lpm_add_sub:lpm_add_sub_component|add_sub_76i:auto_generated|op_1~30               ; |ALU|lpm_add_sub0:inst|lpm_add_sub:lpm_add_sub_component|add_sub_76i:auto_generated|op_1~30               ; out0             ;
; |ALU|lpm_add_sub0:inst|lpm_add_sub:lpm_add_sub_component|add_sub_76i:auto_generated|op_1~31               ; |ALU|lpm_add_sub0:inst|lpm_add_sub:lpm_add_sub_component|add_sub_76i:auto_generated|op_1~31               ; out0             ;
; |ALU|lpm_add_sub0:inst|lpm_add_sub:lpm_add_sub_component|add_sub_76i:auto_generated|op_1~32               ; |ALU|lpm_add_sub0:inst|lpm_add_sub:lpm_add_sub_component|add_sub_76i:auto_generated|op_1~32               ; out0             ;
; |ALU|lpm_add_sub0:inst|lpm_add_sub:lpm_add_sub_component|add_sub_76i:auto_generated|op_1~33               ; |ALU|lpm_add_sub0:inst|lpm_add_sub:lpm_add_sub_component|add_sub_76i:auto_generated|op_1~33               ; out0             ;
; |ALU|lpm_add_sub0:inst|lpm_add_sub:lpm_add_sub_component|add_sub_76i:auto_generated|op_1~34               ; |ALU|lpm_add_sub0:inst|lpm_add_sub:lpm_add_sub_component|add_sub_76i:auto_generated|op_1~34               ; out0             ;
; |ALU|lpm_add_sub0:inst|lpm_add_sub:lpm_add_sub_component|add_sub_76i:auto_generated|op_1~35               ; |ALU|lpm_add_sub0:inst|lpm_add_sub:lpm_add_sub_component|add_sub_76i:auto_generated|op_1~35               ; out0             ;
; |ALU|lpm_add_sub0:inst|lpm_add_sub:lpm_add_sub_component|add_sub_76i:auto_generated|op_1~36               ; |ALU|lpm_add_sub0:inst|lpm_add_sub:lpm_add_sub_component|add_sub_76i:auto_generated|op_1~36               ; out0             ;
; |ALU|lpm_add_sub0:inst|lpm_add_sub:lpm_add_sub_component|add_sub_76i:auto_generated|op_1~37               ; |ALU|lpm_add_sub0:inst|lpm_add_sub:lpm_add_sub_component|add_sub_76i:auto_generated|op_1~37               ; out0             ;
; |ALU|lpm_add_sub0:inst|lpm_add_sub:lpm_add_sub_component|add_sub_76i:auto_generated|op_1~38               ; |ALU|lpm_add_sub0:inst|lpm_add_sub:lpm_add_sub_component|add_sub_76i:auto_generated|op_1~38               ; out0             ;
; |ALU|lpm_add_sub0:inst|lpm_add_sub:lpm_add_sub_component|add_sub_76i:auto_generated|op_1~39               ; |ALU|lpm_add_sub0:inst|lpm_add_sub:lpm_add_sub_component|add_sub_76i:auto_generated|op_1~39               ; out0             ;
; |ALU|lpm_add_sub0:inst|lpm_add_sub:lpm_add_sub_component|add_sub_76i:auto_generated|op_1~40               ; |ALU|lpm_add_sub0:inst|lpm_add_sub:lpm_add_sub_component|add_sub_76i:auto_generated|op_1~40               ; out0             ;
; |ALU|lpm_add_sub0:inst|lpm_add_sub:lpm_add_sub_component|add_sub_76i:auto_generated|op_1~41               ; |ALU|lpm_add_sub0:inst|lpm_add_sub:lpm_add_sub_component|add_sub_76i:auto_generated|op_1~41               ; out0             ;
; |ALU|lpm_add_sub0:inst|lpm_add_sub:lpm_add_sub_component|add_sub_76i:auto_generated|op_1~42               ; |ALU|lpm_add_sub0:inst|lpm_add_sub:lpm_add_sub_component|add_sub_76i:auto_generated|op_1~42               ; out0             ;
; |ALU|lpm_add_sub0:inst|lpm_add_sub:lpm_add_sub_component|add_sub_76i:auto_generated|op_1~43               ; |ALU|lpm_add_sub0:inst|lpm_add_sub:lpm_add_sub_component|add_sub_76i:auto_generated|op_1~43               ; out0             ;
; |ALU|lpm_add_sub0:inst|lpm_add_sub:lpm_add_sub_component|add_sub_76i:auto_generated|op_1~44               ; |ALU|lpm_add_sub0:inst|lpm_add_sub:lpm_add_sub_component|add_sub_76i:auto_generated|op_1~44               ; out0             ;
; |ALU|lpm_add_sub0:inst|lpm_add_sub:lpm_add_sub_component|add_sub_76i:auto_generated|op_1~45               ; |ALU|lpm_add_sub0:inst|lpm_add_sub:lpm_add_sub_component|add_sub_76i:auto_generated|op_1~45               ; out0             ;
; |ALU|lpm_add_sub0:inst|lpm_add_sub:lpm_add_sub_component|add_sub_76i:auto_generated|op_1~46               ; |ALU|lpm_add_sub0:inst|lpm_add_sub:lpm_add_sub_component|add_sub_76i:auto_generated|op_1~46               ; out0             ;
; |ALU|lpm_add_sub0:inst|lpm_add_sub:lpm_add_sub_component|add_sub_76i:auto_generated|op_1~47               ; |ALU|lpm_add_sub0:inst|lpm_add_sub:lpm_add_sub_component|add_sub_76i:auto_generated|op_1~47               ; out0             ;
; |ALU|lpm_add_sub0:inst|lpm_add_sub:lpm_add_sub_component|add_sub_76i:auto_generated|op_1~48               ; |ALU|lpm_add_sub0:inst|lpm_add_sub:lpm_add_sub_component|add_sub_76i:auto_generated|op_1~48               ; out0             ;
; |ALU|lpm_add_sub0:inst|lpm_add_sub:lpm_add_sub_component|add_sub_76i:auto_generated|op_1~49               ; |ALU|lpm_add_sub0:inst|lpm_add_sub:lpm_add_sub_component|add_sub_76i:auto_generated|op_1~49               ; out0             ;
; |ALU|lpm_add_sub0:inst|lpm_add_sub:lpm_add_sub_component|add_sub_76i:auto_generated|op_1~50               ; |ALU|lpm_add_sub0:inst|lpm_add_sub:lpm_add_sub_component|add_sub_76i:auto_generated|op_1~50               ; out0             ;
; |ALU|lpm_add_sub0:inst|lpm_add_sub:lpm_add_sub_component|add_sub_76i:auto_generated|op_1~51               ; |ALU|lpm_add_sub0:inst|lpm_add_sub:lpm_add_sub_component|add_sub_76i:auto_generated|op_1~51               ; out0             ;
; |ALU|lpm_add_sub0:inst|lpm_add_sub:lpm_add_sub_component|add_sub_76i:auto_generated|op_1~52               ; |ALU|lpm_add_sub0:inst|lpm_add_sub:lpm_add_sub_component|add_sub_76i:auto_generated|op_1~52               ; out0             ;
; |ALU|lpm_add_sub0:inst|lpm_add_sub:lpm_add_sub_component|add_sub_76i:auto_generated|op_1~53               ; |ALU|lpm_add_sub0:inst|lpm_add_sub:lpm_add_sub_component|add_sub_76i:auto_generated|op_1~53               ; out0             ;
; |ALU|lpm_add_sub0:inst|lpm_add_sub:lpm_add_sub_component|add_sub_76i:auto_generated|op_1~54               ; |ALU|lpm_add_sub0:inst|lpm_add_sub:lpm_add_sub_component|add_sub_76i:auto_generated|op_1~54               ; out0             ;
; |ALU|lpm_add_sub0:inst|lpm_add_sub:lpm_add_sub_component|add_sub_76i:auto_generated|op_1~55               ; |ALU|lpm_add_sub0:inst|lpm_add_sub:lpm_add_sub_component|add_sub_76i:auto_generated|op_1~55               ; out0             ;
; |ALU|lpm_add_sub0:inst|lpm_add_sub:lpm_add_sub_component|add_sub_76i:auto_generated|op_1~56               ; |ALU|lpm_add_sub0:inst|lpm_add_sub:lpm_add_sub_component|add_sub_76i:auto_generated|op_1~56               ; out0             ;
; |ALU|lpm_add_sub0:inst|lpm_add_sub:lpm_add_sub_component|add_sub_76i:auto_generated|op_1~57               ; |ALU|lpm_add_sub0:inst|lpm_add_sub:lpm_add_sub_component|add_sub_76i:auto_generated|op_1~57               ; out0             ;
; |ALU|lpm_add_sub0:inst|lpm_add_sub:lpm_add_sub_component|add_sub_76i:auto_generated|op_1~58               ; |ALU|lpm_add_sub0:inst|lpm_add_sub:lpm_add_sub_component|add_sub_76i:auto_generated|op_1~58               ; out0             ;
; |ALU|lpm_add_sub0:inst|lpm_add_sub:lpm_add_sub_component|add_sub_76i:auto_generated|op_1~59               ; |ALU|lpm_add_sub0:inst|lpm_add_sub:lpm_add_sub_component|add_sub_76i:auto_generated|op_1~59               ; out0             ;
; |ALU|lpm_add_sub0:inst|lpm_add_sub:lpm_add_sub_component|add_sub_76i:auto_generated|op_1~60               ; |ALU|lpm_add_sub0:inst|lpm_add_sub:lpm_add_sub_component|add_sub_76i:auto_generated|op_1~60               ; out0             ;
; |ALU|lpm_add_sub0:inst|lpm_add_sub:lpm_add_sub_component|add_sub_76i:auto_generated|op_1~61               ; |ALU|lpm_add_sub0:inst|lpm_add_sub:lpm_add_sub_component|add_sub_76i:auto_generated|op_1~61               ; out0             ;
; |ALU|lpm_add_sub0:inst|lpm_add_sub:lpm_add_sub_component|add_sub_76i:auto_generated|op_1~62               ; |ALU|lpm_add_sub0:inst|lpm_add_sub:lpm_add_sub_component|add_sub_76i:auto_generated|op_1~62               ; out0             ;
; |ALU|lpm_add_sub0:inst|lpm_add_sub:lpm_add_sub_component|add_sub_76i:auto_generated|op_1~63               ; |ALU|lpm_add_sub0:inst|lpm_add_sub:lpm_add_sub_component|add_sub_76i:auto_generated|op_1~63               ; out0             ;
; |ALU|lpm_add_sub0:inst|lpm_add_sub:lpm_add_sub_component|add_sub_76i:auto_generated|op_1~64               ; |ALU|lpm_add_sub0:inst|lpm_add_sub:lpm_add_sub_component|add_sub_76i:auto_generated|op_1~64               ; out0             ;
; |ALU|lpm_add_sub0:inst|lpm_add_sub:lpm_add_sub_component|add_sub_76i:auto_generated|op_1~65               ; |ALU|lpm_add_sub0:inst|lpm_add_sub:lpm_add_sub_component|add_sub_76i:auto_generated|op_1~65               ; out0             ;
; |ALU|lpm_add_sub0:inst|lpm_add_sub:lpm_add_sub_component|add_sub_76i:auto_generated|op_1~66               ; |ALU|lpm_add_sub0:inst|lpm_add_sub:lpm_add_sub_component|add_sub_76i:auto_generated|op_1~66               ; out0             ;
; |ALU|lpm_add_sub0:inst|lpm_add_sub:lpm_add_sub_component|add_sub_76i:auto_generated|op_1~67               ; |ALU|lpm_add_sub0:inst|lpm_add_sub:lpm_add_sub_component|add_sub_76i:auto_generated|op_1~67               ; out0             ;
; |ALU|lpm_add_sub0:inst|lpm_add_sub:lpm_add_sub_component|add_sub_76i:auto_generated|op_1~68               ; |ALU|lpm_add_sub0:inst|lpm_add_sub:lpm_add_sub_component|add_sub_76i:auto_generated|op_1~68               ; out0             ;
; |ALU|lpm_add_sub0:inst|lpm_add_sub:lpm_add_sub_component|add_sub_76i:auto_generated|op_1~69               ; |ALU|lpm_add_sub0:inst|lpm_add_sub:lpm_add_sub_component|add_sub_76i:auto_generated|op_1~69               ; out0             ;
; |ALU|lpm_add_sub0:inst|lpm_add_sub:lpm_add_sub_component|add_sub_76i:auto_generated|op_1~70               ; |ALU|lpm_add_sub0:inst|lpm_add_sub:lpm_add_sub_component|add_sub_76i:auto_generated|op_1~70               ; out0             ;
; |ALU|lpm_add_sub0:inst|lpm_add_sub:lpm_add_sub_component|add_sub_76i:auto_generated|op_1~71               ; |ALU|lpm_add_sub0:inst|lpm_add_sub:lpm_add_sub_component|add_sub_76i:auto_generated|op_1~71               ; out0             ;
; |ALU|lpm_add_sub0:inst|lpm_add_sub:lpm_add_sub_component|add_sub_76i:auto_generated|op_1~72               ; |ALU|lpm_add_sub0:inst|lpm_add_sub:lpm_add_sub_component|add_sub_76i:auto_generated|op_1~72               ; out0             ;
; |ALU|lpm_add_sub0:inst|lpm_add_sub:lpm_add_sub_component|add_sub_76i:auto_generated|op_1~73               ; |ALU|lpm_add_sub0:inst|lpm_add_sub:lpm_add_sub_component|add_sub_76i:auto_generated|op_1~73               ; out0             ;
; |ALU|lpm_add_sub0:inst|lpm_add_sub:lpm_add_sub_component|add_sub_76i:auto_generated|op_1~74               ; |ALU|lpm_add_sub0:inst|lpm_add_sub:lpm_add_sub_component|add_sub_76i:auto_generated|op_1~74               ; out0             ;
; |ALU|lpm_add_sub0:inst|lpm_add_sub:lpm_add_sub_component|add_sub_76i:auto_generated|op_1~75               ; |ALU|lpm_add_sub0:inst|lpm_add_sub:lpm_add_sub_component|add_sub_76i:auto_generated|op_1~75               ; out0             ;
; |ALU|lpm_add_sub0:inst|lpm_add_sub:lpm_add_sub_component|add_sub_76i:auto_generated|op_1~76               ; |ALU|lpm_add_sub0:inst|lpm_add_sub:lpm_add_sub_component|add_sub_76i:auto_generated|op_1~76               ; out0             ;
; |ALU|lpm_add_sub0:inst|lpm_add_sub:lpm_add_sub_component|add_sub_76i:auto_generated|op_1~77               ; |ALU|lpm_add_sub0:inst|lpm_add_sub:lpm_add_sub_component|add_sub_76i:auto_generated|op_1~77               ; out0             ;
; |ALU|lpm_add_sub0:inst|lpm_add_sub:lpm_add_sub_component|add_sub_76i:auto_generated|op_1~78               ; |ALU|lpm_add_sub0:inst|lpm_add_sub:lpm_add_sub_component|add_sub_76i:auto_generated|op_1~78               ; out0             ;
; |ALU|lpm_add_sub0:inst|lpm_add_sub:lpm_add_sub_component|add_sub_76i:auto_generated|op_1~79               ; |ALU|lpm_add_sub0:inst|lpm_add_sub:lpm_add_sub_component|add_sub_76i:auto_generated|op_1~79               ; out0             ;
; |ALU|lpm_add_sub0:inst|lpm_add_sub:lpm_add_sub_component|add_sub_76i:auto_generated|op_1~80               ; |ALU|lpm_add_sub0:inst|lpm_add_sub:lpm_add_sub_component|add_sub_76i:auto_generated|op_1~80               ; out0             ;
; |ALU|lpm_add_sub0:inst|lpm_add_sub:lpm_add_sub_component|add_sub_76i:auto_generated|op_1~81               ; |ALU|lpm_add_sub0:inst|lpm_add_sub:lpm_add_sub_component|add_sub_76i:auto_generated|op_1~81               ; out0             ;
; |ALU|lpm_add_sub0:inst|lpm_add_sub:lpm_add_sub_component|add_sub_76i:auto_generated|op_1~82               ; |ALU|lpm_add_sub0:inst|lpm_add_sub:lpm_add_sub_component|add_sub_76i:auto_generated|op_1~82               ; out0             ;
; |ALU|lpm_add_sub0:inst|lpm_add_sub:lpm_add_sub_component|add_sub_76i:auto_generated|op_1~83               ; |ALU|lpm_add_sub0:inst|lpm_add_sub:lpm_add_sub_component|add_sub_76i:auto_generated|op_1~83               ; out0             ;
; |ALU|lpm_add_sub0:inst|lpm_add_sub:lpm_add_sub_component|add_sub_76i:auto_generated|op_1~84               ; |ALU|lpm_add_sub0:inst|lpm_add_sub:lpm_add_sub_component|add_sub_76i:auto_generated|op_1~84               ; out0             ;
; |ALU|lpm_add_sub0:inst|lpm_add_sub:lpm_add_sub_component|add_sub_76i:auto_generated|op_1~85               ; |ALU|lpm_add_sub0:inst|lpm_add_sub:lpm_add_sub_component|add_sub_76i:auto_generated|op_1~85               ; out0             ;
; |ALU|lpm_add_sub0:inst|lpm_add_sub:lpm_add_sub_component|add_sub_76i:auto_generated|op_1~86               ; |ALU|lpm_add_sub0:inst|lpm_add_sub:lpm_add_sub_component|add_sub_76i:auto_generated|op_1~86               ; out0             ;
; |ALU|lpm_add_sub0:inst|lpm_add_sub:lpm_add_sub_component|add_sub_76i:auto_generated|op_1~87               ; |ALU|lpm_add_sub0:inst|lpm_add_sub:lpm_add_sub_component|add_sub_76i:auto_generated|op_1~87               ; out0             ;
; |ALU|lpm_add_sub0:inst|lpm_add_sub:lpm_add_sub_component|add_sub_76i:auto_generated|op_1~88               ; |ALU|lpm_add_sub0:inst|lpm_add_sub:lpm_add_sub_component|add_sub_76i:auto_generated|op_1~88               ; out0             ;
; |ALU|lpm_add_sub0:inst|lpm_add_sub:lpm_add_sub_component|add_sub_76i:auto_generated|op_1~89               ; |ALU|lpm_add_sub0:inst|lpm_add_sub:lpm_add_sub_component|add_sub_76i:auto_generated|op_1~89               ; out0             ;
; |ALU|lpm_add_sub0:inst|lpm_add_sub:lpm_add_sub_component|add_sub_76i:auto_generated|op_1~90               ; |ALU|lpm_add_sub0:inst|lpm_add_sub:lpm_add_sub_component|add_sub_76i:auto_generated|op_1~90               ; out0             ;
; |ALU|lpm_add_sub0:inst|lpm_add_sub:lpm_add_sub_component|add_sub_76i:auto_generated|op_1~91               ; |ALU|lpm_add_sub0:inst|lpm_add_sub:lpm_add_sub_component|add_sub_76i:auto_generated|op_1~91               ; out0             ;
; |ALU|lpm_add_sub0:inst|lpm_add_sub:lpm_add_sub_component|add_sub_76i:auto_generated|op_1~92               ; |ALU|lpm_add_sub0:inst|lpm_add_sub:lpm_add_sub_component|add_sub_76i:auto_generated|op_1~92               ; out0             ;
; |ALU|lpm_add_sub0:inst|lpm_add_sub:lpm_add_sub_component|add_sub_76i:auto_generated|op_1~93               ; |ALU|lpm_add_sub0:inst|lpm_add_sub:lpm_add_sub_component|add_sub_76i:auto_generated|op_1~93               ; out0             ;
; |ALU|lpm_add_sub0:inst|lpm_add_sub:lpm_add_sub_component|add_sub_76i:auto_generated|op_1~94               ; |ALU|lpm_add_sub0:inst|lpm_add_sub:lpm_add_sub_component|add_sub_76i:auto_generated|op_1~94               ; out0             ;
; |ALU|lpm_add_sub0:inst|lpm_add_sub:lpm_add_sub_component|add_sub_76i:auto_generated|op_1~95               ; |ALU|lpm_add_sub0:inst|lpm_add_sub:lpm_add_sub_component|add_sub_76i:auto_generated|op_1~95               ; out0             ;
; |ALU|lpm_add_sub0:inst|lpm_add_sub:lpm_add_sub_component|add_sub_76i:auto_generated|op_1~96               ; |ALU|lpm_add_sub0:inst|lpm_add_sub:lpm_add_sub_component|add_sub_76i:auto_generated|op_1~96               ; out0             ;
; |ALU|lpm_add_sub0:inst|lpm_add_sub:lpm_add_sub_component|add_sub_76i:auto_generated|op_1~97               ; |ALU|lpm_add_sub0:inst|lpm_add_sub:lpm_add_sub_component|add_sub_76i:auto_generated|op_1~97               ; out0             ;
; |ALU|lpm_add_sub0:inst|lpm_add_sub:lpm_add_sub_component|add_sub_76i:auto_generated|op_1~98               ; |ALU|lpm_add_sub0:inst|lpm_add_sub:lpm_add_sub_component|add_sub_76i:auto_generated|op_1~98               ; out0             ;
; |ALU|lpm_add_sub0:inst|lpm_add_sub:lpm_add_sub_component|add_sub_76i:auto_generated|op_1~99               ; |ALU|lpm_add_sub0:inst|lpm_add_sub:lpm_add_sub_component|add_sub_76i:auto_generated|op_1~99               ; out0             ;
; |ALU|lpm_add_sub0:inst|lpm_add_sub:lpm_add_sub_component|add_sub_76i:auto_generated|op_1~100              ; |ALU|lpm_add_sub0:inst|lpm_add_sub:lpm_add_sub_component|add_sub_76i:auto_generated|op_1~100              ; out0             ;
; |ALU|lpm_add_sub0:inst|lpm_add_sub:lpm_add_sub_component|add_sub_76i:auto_generated|op_1~101              ; |ALU|lpm_add_sub0:inst|lpm_add_sub:lpm_add_sub_component|add_sub_76i:auto_generated|op_1~101              ; out0             ;
; |ALU|lpm_add_sub0:inst|lpm_add_sub:lpm_add_sub_component|add_sub_76i:auto_generated|op_1~102              ; |ALU|lpm_add_sub0:inst|lpm_add_sub:lpm_add_sub_component|add_sub_76i:auto_generated|op_1~102              ; out0             ;
; |ALU|lpm_add_sub0:inst|lpm_add_sub:lpm_add_sub_component|add_sub_76i:auto_generated|op_1~103              ; |ALU|lpm_add_sub0:inst|lpm_add_sub:lpm_add_sub_component|add_sub_76i:auto_generated|op_1~103              ; out0             ;
; |ALU|lpm_add_sub0:inst|lpm_add_sub:lpm_add_sub_component|add_sub_76i:auto_generated|op_1~104              ; |ALU|lpm_add_sub0:inst|lpm_add_sub:lpm_add_sub_component|add_sub_76i:auto_generated|op_1~104              ; out0             ;
; |ALU|lpm_add_sub0:inst|lpm_add_sub:lpm_add_sub_component|add_sub_76i:auto_generated|op_1~105              ; |ALU|lpm_add_sub0:inst|lpm_add_sub:lpm_add_sub_component|add_sub_76i:auto_generated|op_1~105              ; out0             ;
; |ALU|lpm_add_sub0:inst|lpm_add_sub:lpm_add_sub_component|add_sub_76i:auto_generated|op_1~106              ; |ALU|lpm_add_sub0:inst|lpm_add_sub:lpm_add_sub_component|add_sub_76i:auto_generated|op_1~106              ; out0             ;
; |ALU|lpm_add_sub0:inst|lpm_add_sub:lpm_add_sub_component|add_sub_76i:auto_generated|op_1~107              ; |ALU|lpm_add_sub0:inst|lpm_add_sub:lpm_add_sub_component|add_sub_76i:auto_generated|op_1~107              ; out0             ;
; |ALU|lpm_add_sub0:inst|lpm_add_sub:lpm_add_sub_component|add_sub_76i:auto_generated|op_1~108              ; |ALU|lpm_add_sub0:inst|lpm_add_sub:lpm_add_sub_component|add_sub_76i:auto_generated|op_1~108              ; out0             ;
; |ALU|lpm_add_sub0:inst|lpm_add_sub:lpm_add_sub_component|add_sub_76i:auto_generated|op_1~109              ; |ALU|lpm_add_sub0:inst|lpm_add_sub:lpm_add_sub_component|add_sub_76i:auto_generated|op_1~109              ; out0             ;
; |ALU|lpm_add_sub0:inst|lpm_add_sub:lpm_add_sub_component|add_sub_76i:auto_generated|op_1~110              ; |ALU|lpm_add_sub0:inst|lpm_add_sub:lpm_add_sub_component|add_sub_76i:auto_generated|op_1~110              ; out0             ;
; |ALU|lpm_add_sub0:inst|lpm_add_sub:lpm_add_sub_component|add_sub_76i:auto_generated|op_1~111              ; |ALU|lpm_add_sub0:inst|lpm_add_sub:lpm_add_sub_component|add_sub_76i:auto_generated|op_1~111              ; out0             ;
; |ALU|lpm_add_sub0:inst|lpm_add_sub:lpm_add_sub_component|add_sub_76i:auto_generated|op_1~112              ; |ALU|lpm_add_sub0:inst|lpm_add_sub:lpm_add_sub_component|add_sub_76i:auto_generated|op_1~112              ; out0             ;
; |ALU|lpm_add_sub0:inst|lpm_add_sub:lpm_add_sub_component|add_sub_76i:auto_generated|op_1~113              ; |ALU|lpm_add_sub0:inst|lpm_add_sub:lpm_add_sub_component|add_sub_76i:auto_generated|op_1~113              ; out0             ;
; |ALU|lpm_add_sub0:inst|lpm_add_sub:lpm_add_sub_component|add_sub_76i:auto_generated|op_1~114              ; |ALU|lpm_add_sub0:inst|lpm_add_sub:lpm_add_sub_component|add_sub_76i:auto_generated|op_1~114              ; out0             ;
; |ALU|lpm_add_sub0:inst|lpm_add_sub:lpm_add_sub_component|add_sub_76i:auto_generated|op_1~115              ; |ALU|lpm_add_sub0:inst|lpm_add_sub:lpm_add_sub_component|add_sub_76i:auto_generated|op_1~115              ; out0             ;
; |ALU|lpm_add_sub0:inst|lpm_add_sub:lpm_add_sub_component|add_sub_76i:auto_generated|op_1~116              ; |ALU|lpm_add_sub0:inst|lpm_add_sub:lpm_add_sub_component|add_sub_76i:auto_generated|op_1~116              ; out0             ;
; |ALU|lpm_add_sub0:inst|lpm_add_sub:lpm_add_sub_component|add_sub_76i:auto_generated|op_1~117              ; |ALU|lpm_add_sub0:inst|lpm_add_sub:lpm_add_sub_component|add_sub_76i:auto_generated|op_1~117              ; out0             ;
; |ALU|lpm_add_sub0:inst|lpm_add_sub:lpm_add_sub_component|add_sub_76i:auto_generated|op_1~118              ; |ALU|lpm_add_sub0:inst|lpm_add_sub:lpm_add_sub_component|add_sub_76i:auto_generated|op_1~118              ; out0             ;
; |ALU|lpm_add_sub0:inst|lpm_add_sub:lpm_add_sub_component|add_sub_76i:auto_generated|op_1~119              ; |ALU|lpm_add_sub0:inst|lpm_add_sub:lpm_add_sub_component|add_sub_76i:auto_generated|op_1~119              ; out0             ;
; |ALU|lpm_add_sub0:inst|lpm_add_sub:lpm_add_sub_component|add_sub_76i:auto_generated|op_1~120              ; |ALU|lpm_add_sub0:inst|lpm_add_sub:lpm_add_sub_component|add_sub_76i:auto_generated|op_1~120              ; out0             ;
; |ALU|lpm_add_sub0:inst|lpm_add_sub:lpm_add_sub_component|add_sub_76i:auto_generated|op_1~121              ; |ALU|lpm_add_sub0:inst|lpm_add_sub:lpm_add_sub_component|add_sub_76i:auto_generated|op_1~121              ; out0             ;
; |ALU|lpm_add_sub0:inst|lpm_add_sub:lpm_add_sub_component|add_sub_76i:auto_generated|op_1~122              ; |ALU|lpm_add_sub0:inst|lpm_add_sub:lpm_add_sub_component|add_sub_76i:auto_generated|op_1~122              ; out0             ;
; |ALU|lpm_add_sub0:inst|lpm_add_sub:lpm_add_sub_component|add_sub_76i:auto_generated|op_1~123              ; |ALU|lpm_add_sub0:inst|lpm_add_sub:lpm_add_sub_component|add_sub_76i:auto_generated|op_1~123              ; out0             ;
; |ALU|lpm_add_sub0:inst|lpm_add_sub:lpm_add_sub_component|add_sub_76i:auto_generated|op_1~124              ; |ALU|lpm_add_sub0:inst|lpm_add_sub:lpm_add_sub_component|add_sub_76i:auto_generated|op_1~124              ; out0             ;
; |ALU|lpm_add_sub0:inst|lpm_add_sub:lpm_add_sub_component|add_sub_76i:auto_generated|op_1~125              ; |ALU|lpm_add_sub0:inst|lpm_add_sub:lpm_add_sub_component|add_sub_76i:auto_generated|op_1~125              ; out0             ;
; |ALU|lpm_add_sub0:inst|lpm_add_sub:lpm_add_sub_component|add_sub_76i:auto_generated|op_1~126              ; |ALU|lpm_add_sub0:inst|lpm_add_sub:lpm_add_sub_component|add_sub_76i:auto_generated|op_1~126              ; out0             ;
; |ALU|lpm_add_sub0:inst|lpm_add_sub:lpm_add_sub_component|add_sub_76i:auto_generated|op_1~127              ; |ALU|lpm_add_sub0:inst|lpm_add_sub:lpm_add_sub_component|add_sub_76i:auto_generated|op_1~127              ; out0             ;
; |ALU|lpm_add_sub0:inst|lpm_add_sub:lpm_add_sub_component|add_sub_76i:auto_generated|op_1~128              ; |ALU|lpm_add_sub0:inst|lpm_add_sub:lpm_add_sub_component|add_sub_76i:auto_generated|op_1~128              ; out0             ;
; |ALU|lpm_add_sub0:inst|lpm_add_sub:lpm_add_sub_component|add_sub_76i:auto_generated|op_1~129              ; |ALU|lpm_add_sub0:inst|lpm_add_sub:lpm_add_sub_component|add_sub_76i:auto_generated|op_1~129              ; out0             ;
; |ALU|lpm_add_sub0:inst|lpm_add_sub:lpm_add_sub_component|add_sub_76i:auto_generated|op_1~130              ; |ALU|lpm_add_sub0:inst|lpm_add_sub:lpm_add_sub_component|add_sub_76i:auto_generated|op_1~130              ; out0             ;
; |ALU|lpm_add_sub0:inst|lpm_add_sub:lpm_add_sub_component|add_sub_76i:auto_generated|op_1~131              ; |ALU|lpm_add_sub0:inst|lpm_add_sub:lpm_add_sub_component|add_sub_76i:auto_generated|op_1~131              ; out0             ;
; |ALU|lpm_add_sub0:inst|lpm_add_sub:lpm_add_sub_component|add_sub_76i:auto_generated|op_1~132              ; |ALU|lpm_add_sub0:inst|lpm_add_sub:lpm_add_sub_component|add_sub_76i:auto_generated|op_1~132              ; out0             ;
; |ALU|lpm_add_sub0:inst|lpm_add_sub:lpm_add_sub_component|add_sub_76i:auto_generated|op_1~133              ; |ALU|lpm_add_sub0:inst|lpm_add_sub:lpm_add_sub_component|add_sub_76i:auto_generated|op_1~133              ; out0             ;
; |ALU|lpm_add_sub0:inst|lpm_add_sub:lpm_add_sub_component|add_sub_76i:auto_generated|op_1~134              ; |ALU|lpm_add_sub0:inst|lpm_add_sub:lpm_add_sub_component|add_sub_76i:auto_generated|op_1~134              ; out0             ;
; |ALU|lpm_add_sub0:inst|lpm_add_sub:lpm_add_sub_component|add_sub_76i:auto_generated|op_1~135              ; |ALU|lpm_add_sub0:inst|lpm_add_sub:lpm_add_sub_component|add_sub_76i:auto_generated|op_1~135              ; out0             ;
; |ALU|lpm_add_sub0:inst|lpm_add_sub:lpm_add_sub_component|add_sub_76i:auto_generated|op_1~136              ; |ALU|lpm_add_sub0:inst|lpm_add_sub:lpm_add_sub_component|add_sub_76i:auto_generated|op_1~136              ; out0             ;
; |ALU|lpm_add_sub0:inst|lpm_add_sub:lpm_add_sub_component|add_sub_76i:auto_generated|op_1~137              ; |ALU|lpm_add_sub0:inst|lpm_add_sub:lpm_add_sub_component|add_sub_76i:auto_generated|op_1~137              ; out0             ;
; |ALU|lpm_add_sub0:inst|lpm_add_sub:lpm_add_sub_component|add_sub_76i:auto_generated|op_1~138              ; |ALU|lpm_add_sub0:inst|lpm_add_sub:lpm_add_sub_component|add_sub_76i:auto_generated|op_1~138              ; out0             ;
; |ALU|lpm_add_sub0:inst|lpm_add_sub:lpm_add_sub_component|add_sub_76i:auto_generated|op_1~139              ; |ALU|lpm_add_sub0:inst|lpm_add_sub:lpm_add_sub_component|add_sub_76i:auto_generated|op_1~139              ; out0             ;
; |ALU|lpm_add_sub0:inst|lpm_add_sub:lpm_add_sub_component|add_sub_76i:auto_generated|op_1~140              ; |ALU|lpm_add_sub0:inst|lpm_add_sub:lpm_add_sub_component|add_sub_76i:auto_generated|op_1~140              ; out0             ;
; |ALU|lpm_add_sub0:inst|lpm_add_sub:lpm_add_sub_component|add_sub_76i:auto_generated|op_1~141              ; |ALU|lpm_add_sub0:inst|lpm_add_sub:lpm_add_sub_component|add_sub_76i:auto_generated|op_1~141              ; out0             ;
; |ALU|lpm_add_sub0:inst|lpm_add_sub:lpm_add_sub_component|add_sub_76i:auto_generated|op_1~142              ; |ALU|lpm_add_sub0:inst|lpm_add_sub:lpm_add_sub_component|add_sub_76i:auto_generated|op_1~142              ; out0             ;
; |ALU|lpm_add_sub0:inst|lpm_add_sub:lpm_add_sub_component|add_sub_76i:auto_generated|op_1~143              ; |ALU|lpm_add_sub0:inst|lpm_add_sub:lpm_add_sub_component|add_sub_76i:auto_generated|op_1~143              ; out0             ;
; |ALU|lpm_add_sub0:inst|lpm_add_sub:lpm_add_sub_component|add_sub_76i:auto_generated|op_1~144              ; |ALU|lpm_add_sub0:inst|lpm_add_sub:lpm_add_sub_component|add_sub_76i:auto_generated|op_1~144              ; out0             ;
; |ALU|lpm_add_sub0:inst|lpm_add_sub:lpm_add_sub_component|add_sub_76i:auto_generated|op_1~145              ; |ALU|lpm_add_sub0:inst|lpm_add_sub:lpm_add_sub_component|add_sub_76i:auto_generated|op_1~145              ; out0             ;
; |ALU|lpm_add_sub0:inst|lpm_add_sub:lpm_add_sub_component|add_sub_76i:auto_generated|op_1~146              ; |ALU|lpm_add_sub0:inst|lpm_add_sub:lpm_add_sub_component|add_sub_76i:auto_generated|op_1~146              ; out0             ;
; |ALU|lpm_add_sub0:inst|lpm_add_sub:lpm_add_sub_component|add_sub_76i:auto_generated|op_1~147              ; |ALU|lpm_add_sub0:inst|lpm_add_sub:lpm_add_sub_component|add_sub_76i:auto_generated|op_1~147              ; out0             ;
; |ALU|lpm_add_sub0:inst|lpm_add_sub:lpm_add_sub_component|add_sub_76i:auto_generated|op_1~148              ; |ALU|lpm_add_sub0:inst|lpm_add_sub:lpm_add_sub_component|add_sub_76i:auto_generated|op_1~148              ; out0             ;
; |ALU|lpm_add_sub0:inst|lpm_add_sub:lpm_add_sub_component|add_sub_76i:auto_generated|op_1~149              ; |ALU|lpm_add_sub0:inst|lpm_add_sub:lpm_add_sub_component|add_sub_76i:auto_generated|op_1~149              ; out0             ;
; |ALU|lpm_add_sub0:inst|lpm_add_sub:lpm_add_sub_component|add_sub_76i:auto_generated|op_1~150              ; |ALU|lpm_add_sub0:inst|lpm_add_sub:lpm_add_sub_component|add_sub_76i:auto_generated|op_1~150              ; out0             ;
; |ALU|lpm_add_sub0:inst|lpm_add_sub:lpm_add_sub_component|add_sub_76i:auto_generated|op_1~151              ; |ALU|lpm_add_sub0:inst|lpm_add_sub:lpm_add_sub_component|add_sub_76i:auto_generated|op_1~151              ; out0             ;
; |ALU|lpm_add_sub0:inst|lpm_add_sub:lpm_add_sub_component|add_sub_76i:auto_generated|op_1~152              ; |ALU|lpm_add_sub0:inst|lpm_add_sub:lpm_add_sub_component|add_sub_76i:auto_generated|op_1~152              ; out0             ;
; |ALU|lpm_add_sub0:inst|lpm_add_sub:lpm_add_sub_component|add_sub_76i:auto_generated|op_1~153              ; |ALU|lpm_add_sub0:inst|lpm_add_sub:lpm_add_sub_component|add_sub_76i:auto_generated|op_1~153              ; out0             ;
; |ALU|lpm_add_sub0:inst|lpm_add_sub:lpm_add_sub_component|add_sub_76i:auto_generated|op_1~154              ; |ALU|lpm_add_sub0:inst|lpm_add_sub:lpm_add_sub_component|add_sub_76i:auto_generated|op_1~154              ; out0             ;
; |ALU|lpm_add_sub0:inst|lpm_add_sub:lpm_add_sub_component|add_sub_76i:auto_generated|op_1~155              ; |ALU|lpm_add_sub0:inst|lpm_add_sub:lpm_add_sub_component|add_sub_76i:auto_generated|op_1~155              ; out0             ;
; |ALU|lpm_add_sub0:inst|lpm_add_sub:lpm_add_sub_component|add_sub_76i:auto_generated|op_1~156              ; |ALU|lpm_add_sub0:inst|lpm_add_sub:lpm_add_sub_component|add_sub_76i:auto_generated|op_1~156              ; out0             ;
; |ALU|lpm_add_sub0:inst|lpm_add_sub:lpm_add_sub_component|add_sub_76i:auto_generated|op_1~157              ; |ALU|lpm_add_sub0:inst|lpm_add_sub:lpm_add_sub_component|add_sub_76i:auto_generated|op_1~157              ; out0             ;
; |ALU|lpm_add_sub0:inst|lpm_add_sub:lpm_add_sub_component|add_sub_76i:auto_generated|op_1~158              ; |ALU|lpm_add_sub0:inst|lpm_add_sub:lpm_add_sub_component|add_sub_76i:auto_generated|op_1~158              ; out0             ;
; |ALU|lpm_add_sub0:inst|lpm_add_sub:lpm_add_sub_component|add_sub_76i:auto_generated|op_1~159              ; |ALU|lpm_add_sub0:inst|lpm_add_sub:lpm_add_sub_component|add_sub_76i:auto_generated|op_1~159              ; out0             ;
+-----------------------------------------------------------------------------------------------------------+-----------------------------------------------------------------------------------------------------------+------------------+


The following table displays output ports that do not toggle to 1 during simulation.
+--------------------------------------------------------------------------------------------------------------------------------------------------------------------------------------------------------------------+
; Missing 1-Value Coverage                                                                                                                                                                                           ;
+------------------------------------------------------------------------------------------------+------------------------------------------------------------------------------------------------+------------------+
; Node Name                                                                                      ; Output Port Name                                                                               ; Output Port Type ;
+------------------------------------------------------------------------------------------------+------------------------------------------------------------------------------------------------+------------------+
; |ALU|lpm_and0:inst22|lpm_and:lpm_and_component|and_node[31][1]                                 ; |ALU|lpm_and0:inst22|lpm_and:lpm_and_component|and_node[31][1]                                 ; out0             ;
; |ALU|lpm_and0:inst22|lpm_and:lpm_and_component|and_node[30][1]                                 ; |ALU|lpm_and0:inst22|lpm_and:lpm_and_component|and_node[30][1]                                 ; out0             ;
; |ALU|lpm_and0:inst22|lpm_and:lpm_and_component|and_node[29][1]                                 ; |ALU|lpm_and0:inst22|lpm_and:lpm_and_component|and_node[29][1]                                 ; out0             ;
; |ALU|lpm_and0:inst22|lpm_and:lpm_and_component|and_node[28][1]                                 ; |ALU|lpm_and0:inst22|lpm_and:lpm_and_component|and_node[28][1]                                 ; out0             ;
; |ALU|lpm_and0:inst22|lpm_and:lpm_and_component|and_node[27][1]                                 ; |ALU|lpm_and0:inst22|lpm_and:lpm_and_component|and_node[27][1]                                 ; out0             ;
; |ALU|lpm_and0:inst22|lpm_and:lpm_and_component|and_node[26][1]                                 ; |ALU|lpm_and0:inst22|lpm_and:lpm_and_component|and_node[26][1]                                 ; out0             ;
; |ALU|lpm_and0:inst22|lpm_and:lpm_and_component|and_node[25][1]                                 ; |ALU|lpm_and0:inst22|lpm_and:lpm_and_component|and_node[25][1]                                 ; out0             ;
; |ALU|lpm_and0:inst22|lpm_and:lpm_and_component|and_node[24][1]                                 ; |ALU|lpm_and0:inst22|lpm_and:lpm_and_component|and_node[24][1]                                 ; out0             ;
; |ALU|lpm_and0:inst22|lpm_and:lpm_and_component|and_node[23][1]                                 ; |ALU|lpm_and0:inst22|lpm_and:lpm_and_component|and_node[23][1]                                 ; out0             ;
; |ALU|lpm_and0:inst22|lpm_and:lpm_and_component|and_node[22][1]                                 ; |ALU|lpm_and0:inst22|lpm_and:lpm_and_component|and_node[22][1]                                 ; out0             ;
; |ALU|lpm_and0:inst22|lpm_and:lpm_and_component|and_node[21][1]                                 ; |ALU|lpm_and0:inst22|lpm_and:lpm_and_component|and_node[21][1]                                 ; out0             ;
; |ALU|lpm_and0:inst22|lpm_and:lpm_and_component|and_node[20][1]                                 ; |ALU|lpm_and0:inst22|lpm_and:lpm_and_component|and_node[20][1]                                 ; out0             ;
; |ALU|lpm_and0:inst22|lpm_and:lpm_and_component|and_node[19][1]                                 ; |ALU|lpm_and0:inst22|lpm_and:lpm_and_component|and_node[19][1]                                 ; out0             ;
; |ALU|lpm_and0:inst22|lpm_and:lpm_and_component|and_node[18][1]                                 ; |ALU|lpm_and0:inst22|lpm_and:lpm_and_component|and_node[18][1]                                 ; out0             ;
; |ALU|lpm_and0:inst22|lpm_and:lpm_and_component|and_node[17][1]                                 ; |ALU|lpm_and0:inst22|lpm_and:lpm_and_component|and_node[17][1]                                 ; out0             ;
; |ALU|lpm_and0:inst22|lpm_and:lpm_and_component|and_node[16][1]                                 ; |ALU|lpm_and0:inst22|lpm_and:lpm_and_component|and_node[16][1]                                 ; out0             ;
; |ALU|lpm_and0:inst22|lpm_and:lpm_and_component|and_node[15][1]                                 ; |ALU|lpm_and0:inst22|lpm_and:lpm_and_component|and_node[15][1]                                 ; out0             ;
; |ALU|lpm_and0:inst22|lpm_and:lpm_and_component|and_node[14][1]                                 ; |ALU|lpm_and0:inst22|lpm_and:lpm_and_component|and_node[14][1]                                 ; out0             ;
; |ALU|lpm_and0:inst22|lpm_and:lpm_and_component|and_node[13][1]                                 ; |ALU|lpm_and0:inst22|lpm_and:lpm_and_component|and_node[13][1]                                 ; out0             ;
; |ALU|lpm_and0:inst22|lpm_and:lpm_and_component|and_node[12][1]                                 ; |ALU|lpm_and0:inst22|lpm_and:lpm_and_component|and_node[12][1]                                 ; out0             ;
; |ALU|lpm_and0:inst22|lpm_and:lpm_and_component|and_node[11][1]                                 ; |ALU|lpm_and0:inst22|lpm_and:lpm_and_component|and_node[11][1]                                 ; out0             ;
; |ALU|lpm_and0:inst22|lpm_and:lpm_and_component|and_node[10][1]                                 ; |ALU|lpm_and0:inst22|lpm_and:lpm_and_component|and_node[10][1]                                 ; out0             ;
; |ALU|lpm_and0:inst22|lpm_and:lpm_and_component|and_node[9][1]                                  ; |ALU|lpm_and0:inst22|lpm_and:lpm_and_component|and_node[9][1]                                  ; out0             ;
; |ALU|lpm_and0:inst22|lpm_and:lpm_and_component|and_node[8][1]                                  ; |ALU|lpm_and0:inst22|lpm_and:lpm_and_component|and_node[8][1]                                  ; out0             ;
; |ALU|lpm_and0:inst22|lpm_and:lpm_and_component|and_node[7][1]                                  ; |ALU|lpm_and0:inst22|lpm_and:lpm_and_component|and_node[7][1]                                  ; out0             ;
; |ALU|lpm_clshift1:inst20|lpm_clshift:lpm_clshift_component|lpm_clshift_ukb:auto_generated|_~10 ; |ALU|lpm_clshift1:inst20|lpm_clshift:lpm_clshift_component|lpm_clshift_ukb:auto_generated|_~10 ; out0             ;
; |ALU|lpm_clshift1:inst20|lpm_clshift:lpm_clshift_component|lpm_clshift_ukb:auto_generated|_~11 ; |ALU|lpm_clshift1:inst20|lpm_clshift:lpm_clshift_component|lpm_clshift_ukb:auto_generated|_~11 ; out0             ;
; |ALU|lpm_clshift1:inst20|lpm_clshift:lpm_clshift_component|lpm_clshift_ukb:auto_generated|_~12 ; |ALU|lpm_clshift1:inst20|lpm_clshift:lpm_clshift_component|lpm_clshift_ukb:auto_generated|_~12 ; out0             ;
; |ALU|lpm_clshift1:inst20|lpm_clshift:lpm_clshift_component|lpm_clshift_ukb:auto_generated|_~13 ; |ALU|lpm_clshift1:inst20|lpm_clshift:lpm_clshift_component|lpm_clshift_ukb:auto_generated|_~13 ; out0             ;
; |ALU|lpm_clshift1:inst20|lpm_clshift:lpm_clshift_component|lpm_clshift_ukb:auto_generated|_~14 ; |ALU|lpm_clshift1:inst20|lpm_clshift:lpm_clshift_component|lpm_clshift_ukb:auto_generated|_~14 ; out0             ;
; |ALU|lpm_clshift1:inst20|lpm_clshift:lpm_clshift_component|lpm_clshift_ukb:auto_generated|_~15 ; |ALU|lpm_clshift1:inst20|lpm_clshift:lpm_clshift_component|lpm_clshift_ukb:auto_generated|_~15 ; out0             ;
; |ALU|lpm_clshift1:inst20|lpm_clshift:lpm_clshift_component|lpm_clshift_ukb:auto_generated|_~16 ; |ALU|lpm_clshift1:inst20|lpm_clshift:lpm_clshift_component|lpm_clshift_ukb:auto_generated|_~16 ; out0             ;
; |ALU|lpm_clshift1:inst20|lpm_clshift:lpm_clshift_component|lpm_clshift_ukb:auto_generated|_~17 ; |ALU|lpm_clshift1:inst20|lpm_clshift:lpm_clshift_component|lpm_clshift_ukb:auto_generated|_~17 ; out0             ;
; |ALU|lpm_clshift1:inst20|lpm_clshift:lpm_clshift_component|lpm_clshift_ukb:auto_generated|_~18 ; |ALU|lpm_clshift1:inst20|lpm_clshift:lpm_clshift_component|lpm_clshift_ukb:auto_generated|_~18 ; out0             ;
; |ALU|lpm_mux1:inst31|lpm_mux:lpm_mux_component|mux_prc:auto_generated|_~0                      ; |ALU|lpm_mux1:inst31|lpm_mux:lpm_mux_component|mux_prc:auto_generated|_~0                      ; out0             ;
; |ALU|lpm_mux1:inst31|lpm_mux:lpm_mux_component|mux_prc:auto_generated|_~9                      ; |ALU|lpm_mux1:inst31|lpm_mux:lpm_mux_component|mux_prc:auto_generated|_~9                      ; out0             ;
; |ALU|lpm_mux1:inst31|lpm_mux:lpm_mux_component|mux_prc:auto_generated|_~43                     ; |ALU|lpm_mux1:inst31|lpm_mux:lpm_mux_component|mux_prc:auto_generated|_~43                     ; out0             ;
; |ALU|lpm_mux1:inst31|lpm_mux:lpm_mux_component|mux_prc:auto_generated|_~52                     ; |ALU|lpm_mux1:inst31|lpm_mux:lpm_mux_component|mux_prc:auto_generated|_~52                     ; out0             ;
; |ALU|lpm_mux1:inst31|lpm_mux:lpm_mux_component|mux_prc:auto_generated|_~86                     ; |ALU|lpm_mux1:inst31|lpm_mux:lpm_mux_component|mux_prc:auto_generated|_~86                     ; out0             ;
; |ALU|lpm_mux1:inst31|lpm_mux:lpm_mux_component|mux_prc:auto_generated|_~95                     ; |ALU|lpm_mux1:inst31|lpm_mux:lpm_mux_component|mux_prc:auto_generated|_~95                     ; out0             ;
; |ALU|lpm_mux1:inst31|lpm_mux:lpm_mux_component|mux_prc:auto_generated|_~129                    ; |ALU|lpm_mux1:inst31|lpm_mux:lpm_mux_component|mux_prc:auto_generated|_~129                    ; out0             ;
; |ALU|lpm_mux1:inst31|lpm_mux:lpm_mux_component|mux_prc:auto_generated|_~138                    ; |ALU|lpm_mux1:inst31|lpm_mux:lpm_mux_component|mux_prc:auto_generated|_~138                    ; out0             ;
; |ALU|lpm_mux1:inst31|lpm_mux:lpm_mux_component|mux_prc:auto_generated|_~172                    ; |ALU|lpm_mux1:inst31|lpm_mux:lpm_mux_component|mux_prc:auto_generated|_~172                    ; out0             ;
; |ALU|lpm_mux1:inst31|lpm_mux:lpm_mux_component|mux_prc:auto_generated|_~181                    ; |ALU|lpm_mux1:inst31|lpm_mux:lpm_mux_component|mux_prc:auto_generated|_~181                    ; out0             ;
; |ALU|lpm_mux1:inst31|lpm_mux:lpm_mux_component|mux_prc:auto_generated|_~215                    ; |ALU|lpm_mux1:inst31|lpm_mux:lpm_mux_component|mux_prc:auto_generated|_~215                    ; out0             ;
; |ALU|lpm_mux1:inst31|lpm_mux:lpm_mux_component|mux_prc:auto_generated|_~224                    ; |ALU|lpm_mux1:inst31|lpm_mux:lpm_mux_component|mux_prc:auto_generated|_~224                    ; out0             ;
; |ALU|lpm_mux1:inst31|lpm_mux:lpm_mux_component|mux_prc:auto_generated|_~258                    ; |ALU|lpm_mux1:inst31|lpm_mux:lpm_mux_component|mux_prc:auto_generated|_~258                    ; out0             ;
; |ALU|lpm_mux1:inst31|lpm_mux:lpm_mux_component|mux_prc:auto_generated|_~267                    ; |ALU|lpm_mux1:inst31|lpm_mux:lpm_mux_component|mux_prc:auto_generated|_~267                    ; out0             ;
; |ALU|lpm_mux1:inst31|lpm_mux:lpm_mux_component|mux_prc:auto_generated|_~301                    ; |ALU|lpm_mux1:inst31|lpm_mux:lpm_mux_component|mux_prc:auto_generated|_~301                    ; out0             ;
; |ALU|lpm_mux1:inst31|lpm_mux:lpm_mux_component|mux_prc:auto_generated|_~310                    ; |ALU|lpm_mux1:inst31|lpm_mux:lpm_mux_component|mux_prc:auto_generated|_~310                    ; out0             ;
; |ALU|lpm_mux1:inst31|lpm_mux:lpm_mux_component|mux_prc:auto_generated|_~344                    ; |ALU|lpm_mux1:inst31|lpm_mux:lpm_mux_component|mux_prc:auto_generated|_~344                    ; out0             ;
; |ALU|lpm_mux1:inst31|lpm_mux:lpm_mux_component|mux_prc:auto_generated|_~353                    ; |ALU|lpm_mux1:inst31|lpm_mux:lpm_mux_component|mux_prc:auto_generated|_~353                    ; out0             ;
; |ALU|lpm_mux1:inst31|lpm_mux:lpm_mux_component|mux_prc:auto_generated|_~387                    ; |ALU|lpm_mux1:inst31|lpm_mux:lpm_mux_component|mux_prc:auto_generated|_~387                    ; out0             ;
; |ALU|lpm_mux1:inst31|lpm_mux:lpm_mux_component|mux_prc:auto_generated|_~396                    ; |ALU|lpm_mux1:inst31|lpm_mux:lpm_mux_component|mux_prc:auto_generated|_~396                    ; out0             ;
; |ALU|lpm_mux1:inst31|lpm_mux:lpm_mux_component|mux_prc:auto_generated|_~430                    ; |ALU|lpm_mux1:inst31|lpm_mux:lpm_mux_component|mux_prc:auto_generated|_~430                    ; out0             ;
; |ALU|lpm_mux1:inst31|lpm_mux:lpm_mux_component|mux_prc:auto_generated|_~439                    ; |ALU|lpm_mux1:inst31|lpm_mux:lpm_mux_component|mux_prc:auto_generated|_~439                    ; out0             ;
; |ALU|lpm_mux1:inst31|lpm_mux:lpm_mux_component|mux_prc:auto_generated|_~473                    ; |ALU|lpm_mux1:inst31|lpm_mux:lpm_mux_component|mux_prc:auto_generated|_~473                    ; out0             ;
; |ALU|lpm_mux1:inst31|lpm_mux:lpm_mux_component|mux_prc:auto_generated|_~482                    ; |ALU|lpm_mux1:inst31|lpm_mux:lpm_mux_component|mux_prc:auto_generated|_~482                    ; out0             ;
; |ALU|lpm_mux1:inst31|lpm_mux:lpm_mux_component|mux_prc:auto_generated|_~516                    ; |ALU|lpm_mux1:inst31|lpm_mux:lpm_mux_component|mux_prc:auto_generated|_~516                    ; out0             ;
; |ALU|lpm_mux1:inst31|lpm_mux:lpm_mux_component|mux_prc:auto_generated|_~525                    ; |ALU|lpm_mux1:inst31|lpm_mux:lpm_mux_component|mux_prc:auto_generated|_~525                    ; out0             ;
; |ALU|lpm_mux1:inst31|lpm_mux:lpm_mux_component|mux_prc:auto_generated|_~559                    ; |ALU|lpm_mux1:inst31|lpm_mux:lpm_mux_component|mux_prc:auto_generated|_~559                    ; out0             ;
; |ALU|lpm_mux1:inst31|lpm_mux:lpm_mux_component|mux_prc:auto_generated|_~568                    ; |ALU|lpm_mux1:inst31|lpm_mux:lpm_mux_component|mux_prc:auto_generated|_~568                    ; out0             ;
; |ALU|lpm_mux1:inst31|lpm_mux:lpm_mux_component|mux_prc:auto_generated|_~602                    ; |ALU|lpm_mux1:inst31|lpm_mux:lpm_mux_component|mux_prc:auto_generated|_~602                    ; out0             ;
; |ALU|lpm_mux1:inst31|lpm_mux:lpm_mux_component|mux_prc:auto_generated|_~611                    ; |ALU|lpm_mux1:inst31|lpm_mux:lpm_mux_component|mux_prc:auto_generated|_~611                    ; out0             ;
; |ALU|lpm_mux1:inst31|lpm_mux:lpm_mux_component|mux_prc:auto_generated|_~645                    ; |ALU|lpm_mux1:inst31|lpm_mux:lpm_mux_component|mux_prc:auto_generated|_~645                    ; out0             ;
; |ALU|lpm_mux1:inst31|lpm_mux:lpm_mux_component|mux_prc:auto_generated|_~654                    ; |ALU|lpm_mux1:inst31|lpm_mux:lpm_mux_component|mux_prc:auto_generated|_~654                    ; out0             ;
; |ALU|lpm_mux1:inst31|lpm_mux:lpm_mux_component|mux_prc:auto_generated|_~688                    ; |ALU|lpm_mux1:inst31|lpm_mux:lpm_mux_component|mux_prc:auto_generated|_~688                    ; out0             ;
; |ALU|lpm_mux1:inst31|lpm_mux:lpm_mux_component|mux_prc:auto_generated|_~697                    ; |ALU|lpm_mux1:inst31|lpm_mux:lpm_mux_component|mux_prc:auto_generated|_~697                    ; out0             ;
; |ALU|lpm_mux1:inst31|lpm_mux:lpm_mux_component|mux_prc:auto_generated|_~731                    ; |ALU|lpm_mux1:inst31|lpm_mux:lpm_mux_component|mux_prc:auto_generated|_~731                    ; out0             ;
; |ALU|lpm_mux1:inst31|lpm_mux:lpm_mux_component|mux_prc:auto_generated|_~740                    ; |ALU|lpm_mux1:inst31|lpm_mux:lpm_mux_component|mux_prc:auto_generated|_~740                    ; out0             ;
; |ALU|lpm_mux1:inst31|lpm_mux:lpm_mux_component|mux_prc:auto_generated|_~774                    ; |ALU|lpm_mux1:inst31|lpm_mux:lpm_mux_component|mux_prc:auto_generated|_~774                    ; out0             ;
; |ALU|lpm_mux1:inst31|lpm_mux:lpm_mux_component|mux_prc:auto_generated|_~783                    ; |ALU|lpm_mux1:inst31|lpm_mux:lpm_mux_component|mux_prc:auto_generated|_~783                    ; out0             ;
; |ALU|lpm_mux1:inst31|lpm_mux:lpm_mux_component|mux_prc:auto_generated|_~817                    ; |ALU|lpm_mux1:inst31|lpm_mux:lpm_mux_component|mux_prc:auto_generated|_~817                    ; out0             ;
; |ALU|lpm_mux1:inst31|lpm_mux:lpm_mux_component|mux_prc:auto_generated|_~826                    ; |ALU|lpm_mux1:inst31|lpm_mux:lpm_mux_component|mux_prc:auto_generated|_~826                    ; out0             ;
; |ALU|lpm_mux1:inst31|lpm_mux:lpm_mux_component|mux_prc:auto_generated|_~860                    ; |ALU|lpm_mux1:inst31|lpm_mux:lpm_mux_component|mux_prc:auto_generated|_~860                    ; out0             ;
; |ALU|lpm_mux1:inst31|lpm_mux:lpm_mux_component|mux_prc:auto_generated|_~869                    ; |ALU|lpm_mux1:inst31|lpm_mux:lpm_mux_component|mux_prc:auto_generated|_~869                    ; out0             ;
; |ALU|lpm_mux1:inst31|lpm_mux:lpm_mux_component|mux_prc:auto_generated|_~903                    ; |ALU|lpm_mux1:inst31|lpm_mux:lpm_mux_component|mux_prc:auto_generated|_~903                    ; out0             ;
; |ALU|lpm_mux1:inst31|lpm_mux:lpm_mux_component|mux_prc:auto_generated|_~912                    ; |ALU|lpm_mux1:inst31|lpm_mux:lpm_mux_component|mux_prc:auto_generated|_~912                    ; out0             ;
; |ALU|lpm_mux1:inst31|lpm_mux:lpm_mux_component|mux_prc:auto_generated|_~946                    ; |ALU|lpm_mux1:inst31|lpm_mux:lpm_mux_component|mux_prc:auto_generated|_~946                    ; out0             ;
; |ALU|lpm_mux1:inst31|lpm_mux:lpm_mux_component|mux_prc:auto_generated|_~955                    ; |ALU|lpm_mux1:inst31|lpm_mux:lpm_mux_component|mux_prc:auto_generated|_~955                    ; out0             ;
; |ALU|lpm_mux1:inst31|lpm_mux:lpm_mux_component|mux_prc:auto_generated|_~989                    ; |ALU|lpm_mux1:inst31|lpm_mux:lpm_mux_component|mux_prc:auto_generated|_~989                    ; out0             ;
; |ALU|lpm_mux1:inst31|lpm_mux:lpm_mux_component|mux_prc:auto_generated|_~998                    ; |ALU|lpm_mux1:inst31|lpm_mux:lpm_mux_component|mux_prc:auto_generated|_~998                    ; out0             ;
; |ALU|lpm_mux1:inst31|lpm_mux:lpm_mux_component|mux_prc:auto_generated|_~1032                   ; |ALU|lpm_mux1:inst31|lpm_mux:lpm_mux_component|mux_prc:auto_generated|_~1032                   ; out0             ;
; |ALU|lpm_mux1:inst31|lpm_mux:lpm_mux_component|mux_prc:auto_generated|_~1041                   ; |ALU|lpm_mux1:inst31|lpm_mux:lpm_mux_component|mux_prc:auto_generated|_~1041                   ; out0             ;
; |ALU|lpm_mux1:inst31|lpm_mux:lpm_mux_component|mux_prc:auto_generated|_~1075                   ; |ALU|lpm_mux1:inst31|lpm_mux:lpm_mux_component|mux_prc:auto_generated|_~1075                   ; out0             ;
; |ALU|lpm_mux1:inst31|lpm_mux:lpm_mux_component|mux_prc:auto_generated|_~1084                   ; |ALU|lpm_mux1:inst31|lpm_mux:lpm_mux_component|mux_prc:auto_generated|_~1084                   ; out0             ;
; |ALU|lpm_mux1:inst31|lpm_mux:lpm_mux_component|mux_prc:auto_generated|_~1161                   ; |ALU|lpm_mux1:inst31|lpm_mux:lpm_mux_component|mux_prc:auto_generated|_~1161                   ; out0             ;
; |ALU|lpm_mux1:inst31|lpm_mux:lpm_mux_component|mux_prc:auto_generated|_~1170                   ; |ALU|lpm_mux1:inst31|lpm_mux:lpm_mux_component|mux_prc:auto_generated|_~1170                   ; out0             ;
+------------------------------------------------------------------------------------------------+------------------------------------------------------------------------------------------------+------------------+


The following table displays output ports that do not toggle to 0 during simulation.
+--------------------------------------------------------------------------------------------------------------------------------------------------------------------------------------------------------------------+
; Missing 0-Value Coverage                                                                                                                                                                                           ;
+------------------------------------------------------------------------------------------------+------------------------------------------------------------------------------------------------+------------------+
; Node Name                                                                                      ; Output Port Name                                                                               ; Output Port Type ;
+------------------------------------------------------------------------------------------------+------------------------------------------------------------------------------------------------+------------------+
; |ALU|lpm_and0:inst22|lpm_and:lpm_and_component|and_node[31][1]                                 ; |ALU|lpm_and0:inst22|lpm_and:lpm_and_component|and_node[31][1]                                 ; out0             ;
; |ALU|lpm_and0:inst22|lpm_and:lpm_and_component|and_node[30][1]                                 ; |ALU|lpm_and0:inst22|lpm_and:lpm_and_component|and_node[30][1]                                 ; out0             ;
; |ALU|lpm_and0:inst22|lpm_and:lpm_and_component|and_node[29][1]                                 ; |ALU|lpm_and0:inst22|lpm_and:lpm_and_component|and_node[29][1]                                 ; out0             ;
; |ALU|lpm_and0:inst22|lpm_and:lpm_and_component|and_node[28][1]                                 ; |ALU|lpm_and0:inst22|lpm_and:lpm_and_component|and_node[28][1]                                 ; out0             ;
; |ALU|lpm_and0:inst22|lpm_and:lpm_and_component|and_node[27][1]                                 ; |ALU|lpm_and0:inst22|lpm_and:lpm_and_component|and_node[27][1]                                 ; out0             ;
; |ALU|lpm_and0:inst22|lpm_and:lpm_and_component|and_node[26][1]                                 ; |ALU|lpm_and0:inst22|lpm_and:lpm_and_component|and_node[26][1]                                 ; out0             ;
; |ALU|lpm_and0:inst22|lpm_and:lpm_and_component|and_node[25][1]                                 ; |ALU|lpm_and0:inst22|lpm_and:lpm_and_component|and_node[25][1]                                 ; out0             ;
; |ALU|lpm_and0:inst22|lpm_and:lpm_and_component|and_node[24][1]                                 ; |ALU|lpm_and0:inst22|lpm_and:lpm_and_component|and_node[24][1]                                 ; out0             ;
; |ALU|lpm_and0:inst22|lpm_and:lpm_and_component|and_node[23][1]                                 ; |ALU|lpm_and0:inst22|lpm_and:lpm_and_component|and_node[23][1]                                 ; out0             ;
; |ALU|lpm_and0:inst22|lpm_and:lpm_and_component|and_node[22][1]                                 ; |ALU|lpm_and0:inst22|lpm_and:lpm_and_component|and_node[22][1]                                 ; out0             ;
; |ALU|lpm_and0:inst22|lpm_and:lpm_and_component|and_node[21][1]                                 ; |ALU|lpm_and0:inst22|lpm_and:lpm_and_component|and_node[21][1]                                 ; out0             ;
; |ALU|lpm_and0:inst22|lpm_and:lpm_and_component|and_node[20][1]                                 ; |ALU|lpm_and0:inst22|lpm_and:lpm_and_component|and_node[20][1]                                 ; out0             ;
; |ALU|lpm_and0:inst22|lpm_and:lpm_and_component|and_node[19][1]                                 ; |ALU|lpm_and0:inst22|lpm_and:lpm_and_component|and_node[19][1]                                 ; out0             ;
; |ALU|lpm_and0:inst22|lpm_and:lpm_and_component|and_node[18][1]                                 ; |ALU|lpm_and0:inst22|lpm_and:lpm_and_component|and_node[18][1]                                 ; out0             ;
; |ALU|lpm_and0:inst22|lpm_and:lpm_and_component|and_node[17][1]                                 ; |ALU|lpm_and0:inst22|lpm_and:lpm_and_component|and_node[17][1]                                 ; out0             ;
; |ALU|lpm_and0:inst22|lpm_and:lpm_and_component|and_node[16][1]                                 ; |ALU|lpm_and0:inst22|lpm_and:lpm_and_component|and_node[16][1]                                 ; out0             ;
; |ALU|lpm_and0:inst22|lpm_and:lpm_and_component|and_node[15][1]                                 ; |ALU|lpm_and0:inst22|lpm_and:lpm_and_component|and_node[15][1]                                 ; out0             ;
; |ALU|lpm_and0:inst22|lpm_and:lpm_and_component|and_node[14][1]                                 ; |ALU|lpm_and0:inst22|lpm_and:lpm_and_component|and_node[14][1]                                 ; out0             ;
; |ALU|lpm_and0:inst22|lpm_and:lpm_and_component|and_node[13][1]                                 ; |ALU|lpm_and0:inst22|lpm_and:lpm_and_component|and_node[13][1]                                 ; out0             ;
; |ALU|lpm_and0:inst22|lpm_and:lpm_and_component|and_node[12][1]                                 ; |ALU|lpm_and0:inst22|lpm_and:lpm_and_component|and_node[12][1]                                 ; out0             ;
; |ALU|lpm_and0:inst22|lpm_and:lpm_and_component|and_node[11][1]                                 ; |ALU|lpm_and0:inst22|lpm_and:lpm_and_component|and_node[11][1]                                 ; out0             ;
; |ALU|lpm_and0:inst22|lpm_and:lpm_and_component|and_node[10][1]                                 ; |ALU|lpm_and0:inst22|lpm_and:lpm_and_component|and_node[10][1]                                 ; out0             ;
; |ALU|lpm_and0:inst22|lpm_and:lpm_and_component|and_node[9][1]                                  ; |ALU|lpm_and0:inst22|lpm_and:lpm_and_component|and_node[9][1]                                  ; out0             ;
; |ALU|lpm_and0:inst22|lpm_and:lpm_and_component|and_node[8][1]                                  ; |ALU|lpm_and0:inst22|lpm_and:lpm_and_component|and_node[8][1]                                  ; out0             ;
; |ALU|lpm_and0:inst22|lpm_and:lpm_and_component|and_node[7][1]                                  ; |ALU|lpm_and0:inst22|lpm_and:lpm_and_component|and_node[7][1]                                  ; out0             ;
; |ALU|lpm_clshift1:inst20|lpm_clshift:lpm_clshift_component|lpm_clshift_ukb:auto_generated|_~10 ; |ALU|lpm_clshift1:inst20|lpm_clshift:lpm_clshift_component|lpm_clshift_ukb:auto_generated|_~10 ; out0             ;
; |ALU|lpm_clshift1:inst20|lpm_clshift:lpm_clshift_component|lpm_clshift_ukb:auto_generated|_~11 ; |ALU|lpm_clshift1:inst20|lpm_clshift:lpm_clshift_component|lpm_clshift_ukb:auto_generated|_~11 ; out0             ;
; |ALU|lpm_clshift1:inst20|lpm_clshift:lpm_clshift_component|lpm_clshift_ukb:auto_generated|_~13 ; |ALU|lpm_clshift1:inst20|lpm_clshift:lpm_clshift_component|lpm_clshift_ukb:auto_generated|_~13 ; out0             ;
; |ALU|lpm_clshift1:inst20|lpm_clshift:lpm_clshift_component|lpm_clshift_ukb:auto_generated|_~14 ; |ALU|lpm_clshift1:inst20|lpm_clshift:lpm_clshift_component|lpm_clshift_ukb:auto_generated|_~14 ; out0             ;
; |ALU|lpm_clshift1:inst20|lpm_clshift:lpm_clshift_component|lpm_clshift_ukb:auto_generated|_~18 ; |ALU|lpm_clshift1:inst20|lpm_clshift:lpm_clshift_component|lpm_clshift_ukb:auto_generated|_~18 ; out0             ;
; |ALU|lpm_mux1:inst31|lpm_mux:lpm_mux_component|mux_prc:auto_generated|_~0                      ; |ALU|lpm_mux1:inst31|lpm_mux:lpm_mux_component|mux_prc:auto_generated|_~0                      ; out0             ;
; |ALU|lpm_mux1:inst31|lpm_mux:lpm_mux_component|mux_prc:auto_generated|_~9                      ; |ALU|lpm_mux1:inst31|lpm_mux:lpm_mux_component|mux_prc:auto_generated|_~9                      ; out0             ;
; |ALU|lpm_mux1:inst31|lpm_mux:lpm_mux_component|mux_prc:auto_generated|_~43                     ; |ALU|lpm_mux1:inst31|lpm_mux:lpm_mux_component|mux_prc:auto_generated|_~43                     ; out0             ;
; |ALU|lpm_mux1:inst31|lpm_mux:lpm_mux_component|mux_prc:auto_generated|_~52                     ; |ALU|lpm_mux1:inst31|lpm_mux:lpm_mux_component|mux_prc:auto_generated|_~52                     ; out0             ;
; |ALU|lpm_mux1:inst31|lpm_mux:lpm_mux_component|mux_prc:auto_generated|_~86                     ; |ALU|lpm_mux1:inst31|lpm_mux:lpm_mux_component|mux_prc:auto_generated|_~86                     ; out0             ;
; |ALU|lpm_mux1:inst31|lpm_mux:lpm_mux_component|mux_prc:auto_generated|_~95                     ; |ALU|lpm_mux1:inst31|lpm_mux:lpm_mux_component|mux_prc:auto_generated|_~95                     ; out0             ;
; |ALU|lpm_mux1:inst31|lpm_mux:lpm_mux_component|mux_prc:auto_generated|_~129                    ; |ALU|lpm_mux1:inst31|lpm_mux:lpm_mux_component|mux_prc:auto_generated|_~129                    ; out0             ;
; |ALU|lpm_mux1:inst31|lpm_mux:lpm_mux_component|mux_prc:auto_generated|_~138                    ; |ALU|lpm_mux1:inst31|lpm_mux:lpm_mux_component|mux_prc:auto_generated|_~138                    ; out0             ;
; |ALU|lpm_mux1:inst31|lpm_mux:lpm_mux_component|mux_prc:auto_generated|_~172                    ; |ALU|lpm_mux1:inst31|lpm_mux:lpm_mux_component|mux_prc:auto_generated|_~172                    ; out0             ;
; |ALU|lpm_mux1:inst31|lpm_mux:lpm_mux_component|mux_prc:auto_generated|_~181                    ; |ALU|lpm_mux1:inst31|lpm_mux:lpm_mux_component|mux_prc:auto_generated|_~181                    ; out0             ;
; |ALU|lpm_mux1:inst31|lpm_mux:lpm_mux_component|mux_prc:auto_generated|_~215                    ; |ALU|lpm_mux1:inst31|lpm_mux:lpm_mux_component|mux_prc:auto_generated|_~215                    ; out0             ;
; |ALU|lpm_mux1:inst31|lpm_mux:lpm_mux_component|mux_prc:auto_generated|_~224                    ; |ALU|lpm_mux1:inst31|lpm_mux:lpm_mux_component|mux_prc:auto_generated|_~224                    ; out0             ;
; |ALU|lpm_mux1:inst31|lpm_mux:lpm_mux_component|mux_prc:auto_generated|_~258                    ; |ALU|lpm_mux1:inst31|lpm_mux:lpm_mux_component|mux_prc:auto_generated|_~258                    ; out0             ;
; |ALU|lpm_mux1:inst31|lpm_mux:lpm_mux_component|mux_prc:auto_generated|_~267                    ; |ALU|lpm_mux1:inst31|lpm_mux:lpm_mux_component|mux_prc:auto_generated|_~267                    ; out0             ;
; |ALU|lpm_mux1:inst31|lpm_mux:lpm_mux_component|mux_prc:auto_generated|_~301                    ; |ALU|lpm_mux1:inst31|lpm_mux:lpm_mux_component|mux_prc:auto_generated|_~301                    ; out0             ;
; |ALU|lpm_mux1:inst31|lpm_mux:lpm_mux_component|mux_prc:auto_generated|_~310                    ; |ALU|lpm_mux1:inst31|lpm_mux:lpm_mux_component|mux_prc:auto_generated|_~310                    ; out0             ;
; |ALU|lpm_mux1:inst31|lpm_mux:lpm_mux_component|mux_prc:auto_generated|_~344                    ; |ALU|lpm_mux1:inst31|lpm_mux:lpm_mux_component|mux_prc:auto_generated|_~344                    ; out0             ;
; |ALU|lpm_mux1:inst31|lpm_mux:lpm_mux_component|mux_prc:auto_generated|_~353                    ; |ALU|lpm_mux1:inst31|lpm_mux:lpm_mux_component|mux_prc:auto_generated|_~353                    ; out0             ;
; |ALU|lpm_mux1:inst31|lpm_mux:lpm_mux_component|mux_prc:auto_generated|_~387                    ; |ALU|lpm_mux1:inst31|lpm_mux:lpm_mux_component|mux_prc:auto_generated|_~387                    ; out0             ;
; |ALU|lpm_mux1:inst31|lpm_mux:lpm_mux_component|mux_prc:auto_generated|_~396                    ; |ALU|lpm_mux1:inst31|lpm_mux:lpm_mux_component|mux_prc:auto_generated|_~396                    ; out0             ;
; |ALU|lpm_mux1:inst31|lpm_mux:lpm_mux_component|mux_prc:auto_generated|_~430                    ; |ALU|lpm_mux1:inst31|lpm_mux:lpm_mux_component|mux_prc:auto_generated|_~430                    ; out0             ;
; |ALU|lpm_mux1:inst31|lpm_mux:lpm_mux_component|mux_prc:auto_generated|_~439                    ; |ALU|lpm_mux1:inst31|lpm_mux:lpm_mux_component|mux_prc:auto_generated|_~439                    ; out0             ;
; |ALU|lpm_mux1:inst31|lpm_mux:lpm_mux_component|mux_prc:auto_generated|_~473                    ; |ALU|lpm_mux1:inst31|lpm_mux:lpm_mux_component|mux_prc:auto_generated|_~473                    ; out0             ;
; |ALU|lpm_mux1:inst31|lpm_mux:lpm_mux_component|mux_prc:auto_generated|_~482                    ; |ALU|lpm_mux1:inst31|lpm_mux:lpm_mux_component|mux_prc:auto_generated|_~482                    ; out0             ;
; |ALU|lpm_mux1:inst31|lpm_mux:lpm_mux_component|mux_prc:auto_generated|_~516                    ; |ALU|lpm_mux1:inst31|lpm_mux:lpm_mux_component|mux_prc:auto_generated|_~516                    ; out0             ;
; |ALU|lpm_mux1:inst31|lpm_mux:lpm_mux_component|mux_prc:auto_generated|_~525                    ; |ALU|lpm_mux1:inst31|lpm_mux:lpm_mux_component|mux_prc:auto_generated|_~525                    ; out0             ;
; |ALU|lpm_mux1:inst31|lpm_mux:lpm_mux_component|mux_prc:auto_generated|_~559                    ; |ALU|lpm_mux1:inst31|lpm_mux:lpm_mux_component|mux_prc:auto_generated|_~559                    ; out0             ;
; |ALU|lpm_mux1:inst31|lpm_mux:lpm_mux_component|mux_prc:auto_generated|_~568                    ; |ALU|lpm_mux1:inst31|lpm_mux:lpm_mux_component|mux_prc:auto_generated|_~568                    ; out0             ;
; |ALU|lpm_mux1:inst31|lpm_mux:lpm_mux_component|mux_prc:auto_generated|_~602                    ; |ALU|lpm_mux1:inst31|lpm_mux:lpm_mux_component|mux_prc:auto_generated|_~602                    ; out0             ;
; |ALU|lpm_mux1:inst31|lpm_mux:lpm_mux_component|mux_prc:auto_generated|_~611                    ; |ALU|lpm_mux1:inst31|lpm_mux:lpm_mux_component|mux_prc:auto_generated|_~611                    ; out0             ;
; |ALU|lpm_mux1:inst31|lpm_mux:lpm_mux_component|mux_prc:auto_generated|_~645                    ; |ALU|lpm_mux1:inst31|lpm_mux:lpm_mux_component|mux_prc:auto_generated|_~645                    ; out0             ;
; |ALU|lpm_mux1:inst31|lpm_mux:lpm_mux_component|mux_prc:auto_generated|_~654                    ; |ALU|lpm_mux1:inst31|lpm_mux:lpm_mux_component|mux_prc:auto_generated|_~654                    ; out0             ;
; |ALU|lpm_mux1:inst31|lpm_mux:lpm_mux_component|mux_prc:auto_generated|_~688                    ; |ALU|lpm_mux1:inst31|lpm_mux:lpm_mux_component|mux_prc:auto_generated|_~688                    ; out0             ;
; |ALU|lpm_mux1:inst31|lpm_mux:lpm_mux_component|mux_prc:auto_generated|_~697                    ; |ALU|lpm_mux1:inst31|lpm_mux:lpm_mux_component|mux_prc:auto_generated|_~697                    ; out0             ;
; |ALU|lpm_mux1:inst31|lpm_mux:lpm_mux_component|mux_prc:auto_generated|_~731                    ; |ALU|lpm_mux1:inst31|lpm_mux:lpm_mux_component|mux_prc:auto_generated|_~731                    ; out0             ;
; |ALU|lpm_mux1:inst31|lpm_mux:lpm_mux_component|mux_prc:auto_generated|_~740                    ; |ALU|lpm_mux1:inst31|lpm_mux:lpm_mux_component|mux_prc:auto_generated|_~740                    ; out0             ;
; |ALU|lpm_mux1:inst31|lpm_mux:lpm_mux_component|mux_prc:auto_generated|_~774                    ; |ALU|lpm_mux1:inst31|lpm_mux:lpm_mux_component|mux_prc:auto_generated|_~774                    ; out0             ;
; |ALU|lpm_mux1:inst31|lpm_mux:lpm_mux_component|mux_prc:auto_generated|_~783                    ; |ALU|lpm_mux1:inst31|lpm_mux:lpm_mux_component|mux_prc:auto_generated|_~783                    ; out0             ;
; |ALU|lpm_mux1:inst31|lpm_mux:lpm_mux_component|mux_prc:auto_generated|_~817                    ; |ALU|lpm_mux1:inst31|lpm_mux:lpm_mux_component|mux_prc:auto_generated|_~817                    ; out0             ;
; |ALU|lpm_mux1:inst31|lpm_mux:lpm_mux_component|mux_prc:auto_generated|_~826                    ; |ALU|lpm_mux1:inst31|lpm_mux:lpm_mux_component|mux_prc:auto_generated|_~826                    ; out0             ;
; |ALU|lpm_mux1:inst31|lpm_mux:lpm_mux_component|mux_prc:auto_generated|_~860                    ; |ALU|lpm_mux1:inst31|lpm_mux:lpm_mux_component|mux_prc:auto_generated|_~860                    ; out0             ;
; |ALU|lpm_mux1:inst31|lpm_mux:lpm_mux_component|mux_prc:auto_generated|_~869                    ; |ALU|lpm_mux1:inst31|lpm_mux:lpm_mux_component|mux_prc:auto_generated|_~869                    ; out0             ;
; |ALU|lpm_mux1:inst31|lpm_mux:lpm_mux_component|mux_prc:auto_generated|_~903                    ; |ALU|lpm_mux1:inst31|lpm_mux:lpm_mux_component|mux_prc:auto_generated|_~903                    ; out0             ;
; |ALU|lpm_mux1:inst31|lpm_mux:lpm_mux_component|mux_prc:auto_generated|_~912                    ; |ALU|lpm_mux1:inst31|lpm_mux:lpm_mux_component|mux_prc:auto_generated|_~912                    ; out0             ;
; |ALU|lpm_mux1:inst31|lpm_mux:lpm_mux_component|mux_prc:auto_generated|_~946                    ; |ALU|lpm_mux1:inst31|lpm_mux:lpm_mux_component|mux_prc:auto_generated|_~946                    ; out0             ;
; |ALU|lpm_mux1:inst31|lpm_mux:lpm_mux_component|mux_prc:auto_generated|_~955                    ; |ALU|lpm_mux1:inst31|lpm_mux:lpm_mux_component|mux_prc:auto_generated|_~955                    ; out0             ;
; |ALU|lpm_mux1:inst31|lpm_mux:lpm_mux_component|mux_prc:auto_generated|_~989                    ; |ALU|lpm_mux1:inst31|lpm_mux:lpm_mux_component|mux_prc:auto_generated|_~989                    ; out0             ;
; |ALU|lpm_mux1:inst31|lpm_mux:lpm_mux_component|mux_prc:auto_generated|_~998                    ; |ALU|lpm_mux1:inst31|lpm_mux:lpm_mux_component|mux_prc:auto_generated|_~998                    ; out0             ;
; |ALU|lpm_mux1:inst31|lpm_mux:lpm_mux_component|mux_prc:auto_generated|_~1032                   ; |ALU|lpm_mux1:inst31|lpm_mux:lpm_mux_component|mux_prc:auto_generated|_~1032                   ; out0             ;
; |ALU|lpm_mux1:inst31|lpm_mux:lpm_mux_component|mux_prc:auto_generated|_~1041                   ; |ALU|lpm_mux1:inst31|lpm_mux:lpm_mux_component|mux_prc:auto_generated|_~1041                   ; out0             ;
; |ALU|lpm_mux1:inst31|lpm_mux:lpm_mux_component|mux_prc:auto_generated|_~1075                   ; |ALU|lpm_mux1:inst31|lpm_mux:lpm_mux_component|mux_prc:auto_generated|_~1075                   ; out0             ;
; |ALU|lpm_mux1:inst31|lpm_mux:lpm_mux_component|mux_prc:auto_generated|_~1084                   ; |ALU|lpm_mux1:inst31|lpm_mux:lpm_mux_component|mux_prc:auto_generated|_~1084                   ; out0             ;
; |ALU|lpm_mux1:inst31|lpm_mux:lpm_mux_component|mux_prc:auto_generated|_~1161                   ; |ALU|lpm_mux1:inst31|lpm_mux:lpm_mux_component|mux_prc:auto_generated|_~1161                   ; out0             ;
; |ALU|lpm_mux1:inst31|lpm_mux:lpm_mux_component|mux_prc:auto_generated|_~1170                   ; |ALU|lpm_mux1:inst31|lpm_mux:lpm_mux_component|mux_prc:auto_generated|_~1170                   ; out0             ;
+------------------------------------------------------------------------------------------------+------------------------------------------------------------------------------------------------+------------------+


+---------------------+
; Simulator INI Usage ;
+--------+------------+
; Option ; Usage      ;
+--------+------------+


+--------------------+
; Simulator Messages ;
+--------------------+
Info: *******************************************************************
Info: Running Quartus II Simulator
    Info: Version 9.1 Build 350 03/24/2010 Service Pack 2 SJ Web Edition
    Info: Processing started: Wed Mar 18 17:57:25 2026
Info: Command: quartus_sim --read_settings_files=on --write_settings_files=off COPE -c COPE
Info: Using vector source file "D:/杂项/学校/大学/课内/作业/计组实践/本体/ALU.vwf"
Info: Option to preserve fewer signal transitions to reduce memory requirements is enabled
    Info: Simulation has been partitioned into sub-simulations according to the maximum transition count determined by the engine. Transitions from memory will be flushed out to disk at the end of each sub-simulation to reduce memory requirements.
Info: Simulation partitioned into 1 sub-simulations
Info: Simulation coverage is      96.18 %
Info: Number of transitions in simulation is 25301
Info: Quartus II Simulator was successful. 0 errors, 0 warnings
    Info: Peak virtual memory: 162 megabytes
    Info: Processing ended: Wed Mar 18 17:57:26 2026
    Info: Elapsed time: 00:00:01
    Info: Total CPU time (on all processors): 00:00:00


